15/01/2014 18:00:00,0.0
15/01/2014 18:15:00,0.0
15/01/2014 18:30:00,0.0
15/01/2014 18:45:00,0.0
15/01/2014 19:00:00,0.0
15/01/2014 19:15:00,0.0
15/01/2014 19:30:00,0.0
15/01/2014 19:45:00,0.0
15/01/2014 20:00:00,0.0
15/01/2014 20:15:00,0.0
15/01/2014 20:30:00,0.0
15/01/2014 20:45:00,0.0
15/01/2014 21:00:00,0.0
15/01/2014 21:15:00,0.0
15/01/2014 21:30:00,0.0
15/01/2014 21:45:00,0.0
15/01/2014 22:00:00,0.0
15/01/2014 22:15:00,0.0
15/01/2014 22:30:00,0.0
15/01/2014 22:45:00,0.0
15/01/2014 23:00:00,0.0
15/01/2014 23:15:00,0.0
15/01/2014 23:30:00,0.0
15/01/2014 23:45:00,0.0
16/01/2014 00:00:00,0.0
16/01/2014 00:15:00,0.0
16/01/2014 00:30:00,0.0
16/01/2014 00:45:00,0.0
16/01/2014 01:00:00,0.0
16/01/2014 01:15:00,0.0
16/01/2014 01:30:00,0.0
16/01/2014 01:45:00,0.0
16/01/2014 02:00:00,0.0
16/01/2014 02:15:00,0.0
16/01/2014 02:30:00,0.0
16/01/2014 02:45:00,0.0
16/01/2014 03:00:00,0.0
16/01/2014 03:15:00,0.0
16/01/2014 03:30:00,0.0
16/01/2014 03:45:00,0.0
16/01/2014 04:00:00,0.0
16/01/2014 04:15:00,0.0
16/01/2014 04:30:00,0.0
16/01/2014 04:45:00,0.0
16/01/2014 05:00:00,0.0
16/01/2014 05:15:00,0.0
16/01/2014 05:30:00,0.0
16/01/2014 05:45:00,0.0
16/01/2014 06:00:00,0.0
16/01/2014 06:15:00,0.0
16/01/2014 06:30:00,0.0
16/01/2014 06:45:00,0.0
16/01/2014 07:00:00,0.0
16/01/2014 07:15:00,0.0
16/01/2014 07:30:00,0.0
16/01/2014 07:45:00,0.0
16/01/2014 08:00:00,0.0
16/01/2014 08:15:00,0.0
16/01/2014 08:30:00,0.0
16/01/2014 08:45:00,0.0
16/01/2014 09:00:00,0.0
16/01/2014 09:15:00,0.0
16/01/2014 09:30:00,0.0
16/01/2014 09:45:00,0.0
16/01/2014 10:00:00,0.0
16/01/2014 10:15:00,0.0
16/01/2014 10:30:00,0.0
16/01/2014 10:45:00,0.0
16/01/2014 11:00:00,0.0
16/01/2014 11:15:00,0.0
16/01/2014 11:30:00,0.0
16/01/2014 11:45:00,0.0
16/01/2014 12:00:00,0.0
16/01/2014 12:15:00,0.0
16/01/2014 12:30:00,0.0
16/01/2014 12:45:00,0.0
16/01/2014 13:00:00,0.0
16/01/2014 13:15:00,0.0
16/01/2014 13:30:00,0.0
16/01/2014 13:45:00,0.0
16/01/2014 14:00:00,0.0
16/01/2014 14:15:00,0.0
16/01/2014 14:30:00,0.0
16/01/2014 14:45:00,0.0
16/01/2014 15:00:00,0.0
16/01/2014 15:15:00,0.0
16/01/2014 15:30:00,0.0
16/01/2014 15:45:00,0.0
16/01/2014 16:00:00,0.0
16/01/2014 16:15:00,0.0
16/01/2014 16:30:00,0.0
16/01/2014 16:45:00,0.0
16/01/2014 17:00:00,0.0
16/01/2014 17:15:00,0.0
16/01/2014 17:30:00,0.0
16/01/2014 17:45:00,0.0
16/01/2014 18:00:00,0.0
16/01/2014 18:15:00,0.0
16/01/2014 18:30:00,0.0
16/01/2014 18:45:00,0.0
16/01/2014 19:00:00,0.0
16/01/2014 19:15:00,0.0
16/01/2014 19:30:00,0.0
16/01/2014 19:45:00,0.0
16/01/2014 20:00:00,0.0
16/01/2014 20:15:00,0.0
16/01/2014 20:30:00,0.0
16/01/2014 20:45:00,0.0
16/01/2014 21:00:00,0.0
16/01/2014 21:15:00,0.0
16/01/2014 21:30:00,0.0
16/01/2014 21:45:00,0.0
16/01/2014 22:00:00,0.0
16/01/2014 22:15:00,0.4976
16/01/2014 22:30:00,0.508066666667
16/01/2014 22:45:00,0.0832666666667
16/01/2014 23:00:00,0.0
16/01/2014 23:15:00,0.0
16/01/2014 23:30:00,0.0
16/01/2014 23:45:00,0.0
17/01/2014 00:00:00,0.0
17/01/2014 00:15:00,0.0
17/01/2014 00:30:00,0.0
17/01/2014 00:45:00,0.0
17/01/2014 01:00:00,0.0
17/01/2014 01:15:00,0.0
17/01/2014 01:30:00,0.0
17/01/2014 01:45:00,0.0
17/01/2014 02:00:00,0.0
17/01/2014 02:15:00,0.0
17/01/2014 02:30:00,0.0
17/01/2014 02:45:00,0.0
17/01/2014 03:00:00,0.0
17/01/2014 03:15:00,0.0
17/01/2014 03:30:00,0.0
17/01/2014 03:45:00,0.0
17/01/2014 04:00:00,0.0
17/01/2014 04:15:00,0.0
17/01/2014 04:30:00,0.0
17/01/2014 04:45:00,0.0
17/01/2014 05:00:00,0.0
17/01/2014 05:15:00,0.0
17/01/2014 05:30:00,0.0
17/01/2014 05:45:00,0.0
17/01/2014 06:00:00,0.0
17/01/2014 06:15:00,0.0
17/01/2014 06:30:00,0.0
17/01/2014 06:45:00,0.0
17/01/2014 07:00:00,0.0
17/01/2014 07:15:00,0.0
17/01/2014 07:30:00,0.0
17/01/2014 07:45:00,0.0
17/01/2014 08:00:00,0.0
17/01/2014 08:15:00,0.0
17/01/2014 08:30:00,0.0
17/01/2014 08:45:00,0.0
17/01/2014 09:00:00,0.0
17/01/2014 09:15:00,0.0
17/01/2014 09:30:00,0.0
17/01/2014 09:45:00,0.0
17/01/2014 10:00:00,0.0
17/01/2014 10:15:00,0.0
17/01/2014 10:30:00,0.0
17/01/2014 10:45:00,0.0
17/01/2014 11:00:00,0.0
17/01/2014 11:15:00,0.0
17/01/2014 11:30:00,0.0
17/01/2014 11:45:00,0.0
17/01/2014 12:00:00,0.0
17/01/2014 12:15:00,0.0
17/01/2014 12:30:00,0.0
17/01/2014 12:45:00,0.0
17/01/2014 13:00:00,0.0
17/01/2014 13:15:00,0.0
17/01/2014 13:30:00,0.0
17/01/2014 13:45:00,0.0
17/01/2014 14:00:00,0.0
17/01/2014 14:15:00,0.0
17/01/2014 14:30:00,0.0
17/01/2014 14:45:00,0.0
17/01/2014 15:00:00,0.0
17/01/2014 15:15:00,0.0
17/01/2014 15:30:00,0.0
17/01/2014 15:45:00,0.0
17/01/2014 16:00:00,0.0
17/01/2014 16:15:00,0.0
17/01/2014 16:30:00,0.0
17/01/2014 16:45:00,0.0
17/01/2014 17:00:00,0.0
17/01/2014 17:15:00,0.0
17/01/2014 17:30:00,0.0
17/01/2014 17:45:00,0.0
17/01/2014 18:00:00,0.0
17/01/2014 18:15:00,0.0
17/01/2014 18:30:00,0.0
17/01/2014 18:45:00,0.0
17/01/2014 19:00:00,0.0
17/01/2014 19:15:00,0.0
17/01/2014 19:30:00,0.0
17/01/2014 19:45:00,0.0
17/01/2014 20:00:00,0.0
17/01/2014 20:15:00,0.0
17/01/2014 20:30:00,0.0
17/01/2014 20:45:00,0.0
17/01/2014 21:00:00,0.0
17/01/2014 21:15:00,0.0
17/01/2014 21:30:00,0.0
17/01/2014 21:45:00,0.0
17/01/2014 22:00:00,0.0
17/01/2014 22:15:00,0.0
17/01/2014 22:30:00,0.0
17/01/2014 22:45:00,0.0
17/01/2014 23:00:00,0.0
17/01/2014 23:15:00,0.0
17/01/2014 23:30:00,0.0
17/01/2014 23:45:00,0.0
18/01/2014 00:00:00,0.0
18/01/2014 00:15:00,0.0
18/01/2014 00:30:00,0.0
18/01/2014 00:45:00,0.0
18/01/2014 01:00:00,0.0
18/01/2014 01:15:00,0.0
18/01/2014 01:30:00,0.0
18/01/2014 01:45:00,0.0
18/01/2014 02:00:00,0.0
18/01/2014 02:15:00,0.0
18/01/2014 02:30:00,0.0
18/01/2014 02:45:00,0.0
18/01/2014 03:00:00,0.0
18/01/2014 03:15:00,0.0
18/01/2014 03:30:00,0.0
18/01/2014 03:45:00,0.0
18/01/2014 04:00:00,0.0
18/01/2014 04:15:00,0.0
18/01/2014 04:30:00,0.0
18/01/2014 04:45:00,0.0
18/01/2014 05:00:00,0.0
18/01/2014 05:15:00,0.0
18/01/2014 05:30:00,0.0
18/01/2014 05:45:00,0.0
18/01/2014 06:00:00,0.0
18/01/2014 06:15:00,0.0
18/01/2014 06:30:00,0.0
18/01/2014 06:45:00,0.0
18/01/2014 07:00:00,0.0
18/01/2014 07:15:00,0.0
18/01/2014 07:30:00,0.0
18/01/2014 07:45:00,0.0
18/01/2014 08:00:00,0.0
18/01/2014 08:15:00,0.0
18/01/2014 08:30:00,0.0
18/01/2014 08:45:00,0.0
18/01/2014 09:00:00,0.0
18/01/2014 09:15:00,0.0
18/01/2014 09:30:00,0.0
18/01/2014 09:45:00,0.0
18/01/2014 10:00:00,0.0
18/01/2014 10:15:00,0.0
18/01/2014 10:30:00,0.0
18/01/2014 10:45:00,0.0
18/01/2014 11:00:00,0.0
18/01/2014 11:15:00,0.0
18/01/2014 11:30:00,0.0
18/01/2014 11:45:00,0.0
18/01/2014 12:00:00,0.0
18/01/2014 12:15:00,0.0
18/01/2014 12:30:00,0.0
18/01/2014 12:45:00,0.0
18/01/2014 13:00:00,0.0
18/01/2014 13:15:00,0.0
18/01/2014 13:30:00,0.0
18/01/2014 13:45:00,0.0
18/01/2014 14:00:00,0.0
18/01/2014 14:15:00,0.0
18/01/2014 14:30:00,0.0
18/01/2014 14:45:00,0.0
18/01/2014 15:00:00,0.0
18/01/2014 15:15:00,0.0
18/01/2014 15:30:00,0.0
18/01/2014 15:45:00,0.0
18/01/2014 16:00:00,0.0
18/01/2014 16:15:00,0.0
18/01/2014 16:30:00,0.0
18/01/2014 16:45:00,0.0
18/01/2014 17:00:00,0.0
18/01/2014 17:15:00,0.0
18/01/2014 17:30:00,0.0
18/01/2014 17:45:00,0.0
18/01/2014 18:00:00,0.0
18/01/2014 18:15:00,0.0
18/01/2014 18:30:00,0.0
18/01/2014 18:45:00,0.0
18/01/2014 19:00:00,0.0
18/01/2014 19:15:00,0.0
18/01/2014 19:30:00,0.0
18/01/2014 19:45:00,0.0
18/01/2014 20:00:00,0.0
18/01/2014 20:15:00,0.0
18/01/2014 20:30:00,0.0
18/01/2014 20:45:00,0.0
18/01/2014 21:00:00,0.0
18/01/2014 21:15:00,0.0
18/01/2014 21:30:00,0.0
18/01/2014 21:45:00,0.0
18/01/2014 22:00:00,0.0
18/01/2014 22:15:00,0.0
18/01/2014 22:30:00,0.0
18/01/2014 22:45:00,0.0
18/01/2014 23:00:00,0.0
18/01/2014 23:15:00,0.0
18/01/2014 23:30:00,0.0
18/01/2014 23:45:00,0.0
19/01/2014 00:00:00,0.0
19/01/2014 00:15:00,0.0
19/01/2014 00:30:00,0.0
19/01/2014 00:45:00,0.0
19/01/2014 01:00:00,0.0
19/01/2014 01:15:00,0.0
19/01/2014 01:30:00,0.0
19/01/2014 01:45:00,0.0
19/01/2014 02:00:00,0.0
19/01/2014 02:15:00,0.0
19/01/2014 02:30:00,0.0
19/01/2014 02:45:00,0.0
19/01/2014 03:00:00,0.0
19/01/2014 03:15:00,0.0
19/01/2014 03:30:00,0.0
19/01/2014 03:45:00,0.0
19/01/2014 04:00:00,0.0
19/01/2014 04:15:00,0.0
19/01/2014 04:30:00,0.0
19/01/2014 04:45:00,0.0
19/01/2014 05:00:00,0.0
19/01/2014 05:15:00,0.0
19/01/2014 05:30:00,0.0
19/01/2014 05:45:00,0.0
19/01/2014 06:00:00,0.0
19/01/2014 06:15:00,0.0
19/01/2014 06:30:00,0.0
19/01/2014 06:45:00,0.0
19/01/2014 07:00:00,0.0
19/01/2014 07:15:00,0.0
19/01/2014 07:30:00,0.0
19/01/2014 07:45:00,0.0
19/01/2014 08:00:00,0.0
19/01/2014 08:15:00,0.0
19/01/2014 08:30:00,0.0
19/01/2014 08:45:00,0.0
19/01/2014 09:00:00,0.0
19/01/2014 09:15:00,0.0
19/01/2014 09:30:00,0.0
19/01/2014 09:45:00,0.0
19/01/2014 10:00:00,0.0
19/01/2014 10:15:00,0.0
19/01/2014 10:30:00,0.0
19/01/2014 10:45:00,0.306933333333
19/01/2014 11:00:00,0.5152
19/01/2014 11:15:00,0.4702
19/01/2014 11:30:00,0.596733333333
19/01/2014 11:45:00,0.156866666667
19/01/2014 12:00:00,0.3952
19/01/2014 12:15:00,0.601266666667
19/01/2014 12:30:00,0.1904
19/01/2014 12:45:00,0.0
19/01/2014 13:00:00,0.0
19/01/2014 13:15:00,0.0
19/01/2014 13:30:00,0.0
19/01/2014 13:45:00,0.0
19/01/2014 14:00:00,0.0
19/01/2014 14:15:00,0.0
19/01/2014 14:30:00,0.0
19/01/2014 14:45:00,0.0
19/01/2014 15:00:00,0.0
19/01/2014 15:15:00,0.0
19/01/2014 15:30:00,0.0
19/01/2014 15:45:00,0.0
19/01/2014 16:00:00,0.0
19/01/2014 16:15:00,0.0
19/01/2014 16:30:00,0.0
19/01/2014 16:45:00,0.0
19/01/2014 17:00:00,0.0
19/01/2014 17:15:00,0.0
19/01/2014 17:30:00,0.0
19/01/2014 17:45:00,0.0
19/01/2014 18:00:00,0.000266666666667
19/01/2014 18:15:00,0.424266666667
19/01/2014 18:30:00,0.443666666667
19/01/2014 18:45:00,0.224733333333
19/01/2014 19:00:00,0.5436
19/01/2014 19:15:00,0.524866666667
19/01/2014 19:30:00,0.0
19/01/2014 19:45:00,0.0
19/01/2014 20:00:00,0.0
19/01/2014 20:15:00,0.0
19/01/2014 20:30:00,0.0
19/01/2014 20:45:00,0.0
19/01/2014 21:00:00,0.0
19/01/2014 21:15:00,0.0
19/01/2014 21:30:00,0.0
19/01/2014 21:45:00,0.381533333333
19/01/2014 22:00:00,0.595733333333
19/01/2014 22:15:00,0.0852666666667
19/01/2014 22:30:00,0.0
19/01/2014 22:45:00,0.0
19/01/2014 23:00:00,0.0
19/01/2014 23:15:00,0.0
19/01/2014 23:30:00,0.0
19/01/2014 23:45:00,0.0
20/01/2014 00:00:00,0.0
20/01/2014 00:15:00,0.0
20/01/2014 00:30:00,0.0
20/01/2014 00:45:00,0.0
20/01/2014 01:00:00,0.0
20/01/2014 01:15:00,0.0
20/01/2014 01:30:00,0.0
20/01/2014 01:45:00,0.0
20/01/2014 02:00:00,0.0
20/01/2014 02:15:00,0.0
20/01/2014 02:30:00,0.0
20/01/2014 02:45:00,0.0
20/01/2014 03:00:00,0.0
20/01/2014 03:15:00,0.0
20/01/2014 03:30:00,0.0
20/01/2014 03:45:00,0.0
20/01/2014 04:00:00,0.0
20/01/2014 04:15:00,0.0
20/01/2014 04:30:00,0.0
20/01/2014 04:45:00,0.0
20/01/2014 05:00:00,0.0
20/01/2014 05:15:00,0.0
20/01/2014 05:30:00,0.0
20/01/2014 05:45:00,0.0
20/01/2014 06:00:00,0.0
20/01/2014 06:15:00,0.0
20/01/2014 06:30:00,0.0
20/01/2014 06:45:00,0.0
20/01/2014 07:00:00,0.0
20/01/2014 07:15:00,0.0
20/01/2014 07:30:00,0.0
20/01/2014 07:45:00,0.0
20/01/2014 08:00:00,0.0
20/01/2014 08:15:00,0.0
20/01/2014 08:30:00,0.0
20/01/2014 08:45:00,0.0
20/01/2014 09:00:00,0.0
20/01/2014 09:15:00,0.0
20/01/2014 09:30:00,0.0
20/01/2014 09:45:00,0.0
20/01/2014 10:00:00,0.0
20/01/2014 10:15:00,0.0
20/01/2014 10:30:00,0.0
20/01/2014 10:45:00,0.0
20/01/2014 11:00:00,0.0
20/01/2014 11:15:00,0.0
20/01/2014 11:30:00,0.0
20/01/2014 11:45:00,0.0
20/01/2014 12:00:00,0.0
20/01/2014 12:15:00,0.161933333333
20/01/2014 12:30:00,0.466
20/01/2014 12:45:00,0.522666666667
20/01/2014 13:00:00,0.0
20/01/2014 13:15:00,0.0
20/01/2014 13:30:00,0.0
20/01/2014 13:45:00,0.0
20/01/2014 14:00:00,0.0
20/01/2014 14:15:00,0.0
20/01/2014 14:30:00,0.0
20/01/2014 14:45:00,0.0
20/01/2014 15:00:00,0.0
20/01/2014 15:15:00,0.0
20/01/2014 15:30:00,0.0
20/01/2014 15:45:00,0.0
20/01/2014 16:00:00,0.0
20/01/2014 16:15:00,0.0
20/01/2014 16:30:00,0.0
20/01/2014 16:45:00,0.0
20/01/2014 17:00:00,0.0
20/01/2014 17:15:00,0.0
20/01/2014 17:30:00,0.0
20/01/2014 17:45:00,0.0
20/01/2014 18:00:00,0.0
20/01/2014 18:15:00,0.0
20/01/2014 18:30:00,0.0
20/01/2014 18:45:00,0.0
20/01/2014 19:00:00,0.0
20/01/2014 19:15:00,0.0
20/01/2014 19:30:00,0.0
20/01/2014 19:45:00,0.0
20/01/2014 20:00:00,0.0
20/01/2014 20:15:00,0.0
20/01/2014 20:30:00,0.0
20/01/2014 20:45:00,0.0
20/01/2014 21:00:00,0.0
20/01/2014 21:15:00,0.0
20/01/2014 21:30:00,0.0
20/01/2014 21:45:00,0.0
20/01/2014 22:00:00,0.0
20/01/2014 22:15:00,0.0
20/01/2014 22:30:00,0.0
20/01/2014 22:45:00,0.0
20/01/2014 23:00:00,0.0
20/01/2014 23:15:00,0.0
20/01/2014 23:30:00,0.0
20/01/2014 23:45:00,0.0
21/01/2014 00:00:00,0.0
21/01/2014 00:15:00,0.0
21/01/2014 00:30:00,0.0
21/01/2014 00:45:00,0.0
21/01/2014 01:00:00,0.0
21/01/2014 01:15:00,0.0
21/01/2014 01:30:00,0.0
21/01/2014 01:45:00,0.0
21/01/2014 02:00:00,0.0
21/01/2014 02:15:00,0.0
21/01/2014 02:30:00,0.0
21/01/2014 02:45:00,0.0
21/01/2014 03:00:00,0.0
21/01/2014 03:15:00,0.0
21/01/2014 03:30:00,0.0
21/01/2014 03:45:00,0.0
21/01/2014 04:00:00,0.0
21/01/2014 04:15:00,0.0
21/01/2014 04:30:00,0.0
21/01/2014 04:45:00,0.0
21/01/2014 05:00:00,0.0
21/01/2014 05:15:00,0.0
21/01/2014 05:30:00,0.0
21/01/2014 05:45:00,0.0
21/01/2014 06:00:00,0.0
21/01/2014 06:15:00,0.0
21/01/2014 06:30:00,0.0
21/01/2014 06:45:00,0.0
21/01/2014 07:00:00,0.0
21/01/2014 07:15:00,0.0
21/01/2014 07:30:00,0.0
21/01/2014 07:45:00,0.0
21/01/2014 08:00:00,0.0
21/01/2014 08:15:00,0.0
21/01/2014 08:30:00,0.0
21/01/2014 08:45:00,0.0
21/01/2014 09:00:00,0.0
21/01/2014 09:15:00,0.0
21/01/2014 09:30:00,0.0
21/01/2014 09:45:00,0.0
21/01/2014 10:00:00,0.0
21/01/2014 10:15:00,0.0
21/01/2014 10:30:00,0.0
21/01/2014 10:45:00,0.0
21/01/2014 11:00:00,0.0
21/01/2014 11:15:00,0.0
21/01/2014 11:30:00,0.0
21/01/2014 11:45:00,0.0
21/01/2014 12:00:00,0.0
21/01/2014 12:15:00,0.0
21/01/2014 12:30:00,0.0
21/01/2014 12:45:00,0.0
21/01/2014 13:00:00,0.0
21/01/2014 13:15:00,0.0
21/01/2014 13:30:00,0.0
21/01/2014 13:45:00,0.0
21/01/2014 14:00:00,0.0
21/01/2014 14:15:00,0.0
21/01/2014 14:30:00,0.0
21/01/2014 14:45:00,0.0
21/01/2014 15:00:00,0.0
21/01/2014 15:15:00,0.0
21/01/2014 15:30:00,0.0
21/01/2014 15:45:00,0.0
21/01/2014 16:00:00,0.0
21/01/2014 16:15:00,0.0
21/01/2014 16:30:00,0.0
21/01/2014 16:45:00,0.0
21/01/2014 17:00:00,0.0
21/01/2014 17:15:00,0.0
21/01/2014 17:30:00,0.0
21/01/2014 17:45:00,0.0
21/01/2014 18:00:00,0.0
21/01/2014 18:15:00,0.0
21/01/2014 18:30:00,0.0
21/01/2014 18:45:00,0.0
21/01/2014 19:00:00,0.0
21/01/2014 19:15:00,0.0
21/01/2014 19:30:00,0.0
21/01/2014 19:45:00,0.0
21/01/2014 20:00:00,0.0
21/01/2014 20:15:00,0.0
21/01/2014 20:30:00,0.0
21/01/2014 20:45:00,0.0
21/01/2014 21:00:00,0.0
21/01/2014 21:15:00,0.0
21/01/2014 21:30:00,0.0
21/01/2014 21:45:00,0.0
21/01/2014 22:00:00,0.0
21/01/2014 22:15:00,0.0
21/01/2014 22:30:00,0.0
21/01/2014 22:45:00,0.0
21/01/2014 23:00:00,0.0
21/01/2014 23:15:00,0.0
21/01/2014 23:30:00,0.0
21/01/2014 23:45:00,0.0
22/01/2014 00:00:00,0.0
22/01/2014 00:15:00,0.0
22/01/2014 00:30:00,0.0
22/01/2014 00:45:00,0.0
22/01/2014 01:00:00,0.0
22/01/2014 01:15:00,0.0
22/01/2014 01:30:00,0.0
22/01/2014 01:45:00,0.0
22/01/2014 02:00:00,0.0
22/01/2014 02:15:00,0.0
22/01/2014 02:30:00,0.0
22/01/2014 02:45:00,0.0
22/01/2014 03:00:00,0.0
22/01/2014 03:15:00,0.0
22/01/2014 03:30:00,0.0
22/01/2014 03:45:00,0.0
22/01/2014 04:00:00,0.0
22/01/2014 04:15:00,0.0
22/01/2014 04:30:00,0.0
22/01/2014 04:45:00,0.0
22/01/2014 05:00:00,0.0
22/01/2014 05:15:00,0.0
22/01/2014 05:30:00,0.0
22/01/2014 05:45:00,0.0
22/01/2014 06:00:00,0.0
22/01/2014 06:15:00,0.0
22/01/2014 06:30:00,0.0
22/01/2014 06:45:00,0.0
22/01/2014 07:00:00,0.0
22/01/2014 07:15:00,0.0
22/01/2014 07:30:00,0.0
22/01/2014 07:45:00,0.0
22/01/2014 08:00:00,0.0
22/01/2014 08:15:00,0.0
22/01/2014 08:30:00,0.0
22/01/2014 08:45:00,0.0
22/01/2014 09:00:00,0.0
22/01/2014 09:15:00,0.0
22/01/2014 09:30:00,0.0
22/01/2014 09:45:00,0.0
22/01/2014 10:00:00,0.0
22/01/2014 10:15:00,0.0
22/01/2014 10:30:00,0.0
22/01/2014 10:45:00,0.0
22/01/2014 11:00:00,0.0
22/01/2014 11:15:00,0.0
22/01/2014 11:30:00,0.0
22/01/2014 11:45:00,0.0
22/01/2014 12:00:00,0.0
22/01/2014 12:15:00,0.0
22/01/2014 12:30:00,0.0
22/01/2014 12:45:00,0.0
22/01/2014 13:00:00,0.0
22/01/2014 13:15:00,0.0
22/01/2014 13:30:00,0.0
22/01/2014 13:45:00,0.0
22/01/2014 14:00:00,0.0
22/01/2014 14:15:00,0.0
22/01/2014 14:30:00,0.0
22/01/2014 14:45:00,0.0
22/01/2014 15:00:00,0.0
22/01/2014 15:15:00,0.0
22/01/2014 15:30:00,0.0
22/01/2014 15:45:00,0.0
22/01/2014 16:00:00,0.0
22/01/2014 16:15:00,0.0
22/01/2014 16:30:00,0.0
22/01/2014 16:45:00,0.0
22/01/2014 17:00:00,0.0
22/01/2014 17:15:00,0.0
22/01/2014 17:30:00,0.2628
22/01/2014 17:45:00,0.4568
22/01/2014 18:00:00,0.276666666667
22/01/2014 18:15:00,0.0
22/01/2014 18:30:00,0.0
22/01/2014 18:45:00,0.0
22/01/2014 19:00:00,0.0
22/01/2014 19:15:00,0.0
22/01/2014 19:30:00,0.0
22/01/2014 19:45:00,0.0
22/01/2014 20:00:00,0.0
22/01/2014 20:15:00,0.0
22/01/2014 20:30:00,0.0
22/01/2014 20:45:00,0.0
22/01/2014 21:00:00,0.0
22/01/2014 21:15:00,0.0
22/01/2014 21:30:00,0.0
22/01/2014 21:45:00,0.0
22/01/2014 22:00:00,0.0
22/01/2014 22:15:00,0.0
22/01/2014 22:30:00,0.0
22/01/2014 22:45:00,0.0
22/01/2014 23:00:00,0.0
22/01/2014 23:15:00,0.0
22/01/2014 23:30:00,0.0
22/01/2014 23:45:00,0.0
23/01/2014 00:00:00,0.0
23/01/2014 00:15:00,0.0
23/01/2014 00:30:00,0.0
23/01/2014 00:45:00,0.0
23/01/2014 01:00:00,0.0
23/01/2014 01:15:00,0.0
23/01/2014 01:30:00,0.0
23/01/2014 01:45:00,0.0
23/01/2014 02:00:00,0.0
23/01/2014 02:15:00,0.0
23/01/2014 02:30:00,0.0
23/01/2014 02:45:00,0.0
23/01/2014 03:00:00,0.0
23/01/2014 03:15:00,0.0
23/01/2014 03:30:00,0.0
23/01/2014 03:45:00,0.0
23/01/2014 04:00:00,0.0
23/01/2014 04:15:00,0.0
23/01/2014 04:30:00,0.0
23/01/2014 04:45:00,0.0
23/01/2014 05:00:00,0.0
23/01/2014 05:15:00,0.0
23/01/2014 05:30:00,0.0
23/01/2014 05:45:00,0.0
23/01/2014 06:00:00,0.0
23/01/2014 06:15:00,0.0
23/01/2014 06:30:00,0.0
23/01/2014 06:45:00,0.0
23/01/2014 07:00:00,0.0
23/01/2014 07:15:00,0.0
23/01/2014 07:30:00,0.0
23/01/2014 07:45:00,0.0
23/01/2014 08:00:00,0.0
23/01/2014 08:15:00,0.0
23/01/2014 08:30:00,0.0
23/01/2014 08:45:00,0.0
23/01/2014 09:00:00,0.0
23/01/2014 09:15:00,0.0
23/01/2014 09:30:00,0.0
23/01/2014 09:45:00,0.0
23/01/2014 10:00:00,0.0
23/01/2014 10:15:00,0.0
23/01/2014 10:30:00,0.0
23/01/2014 10:45:00,0.0
23/01/2014 11:00:00,0.0
23/01/2014 11:15:00,0.0
23/01/2014 11:30:00,0.0
23/01/2014 11:45:00,0.0
23/01/2014 12:00:00,0.0
23/01/2014 12:15:00,0.0
23/01/2014 12:30:00,0.0
23/01/2014 12:45:00,0.0
23/01/2014 13:00:00,0.0
23/01/2014 13:15:00,0.0
23/01/2014 13:30:00,0.0
23/01/2014 13:45:00,0.0
23/01/2014 14:00:00,0.0
23/01/2014 14:15:00,0.0
23/01/2014 14:30:00,0.0
23/01/2014 14:45:00,0.0
23/01/2014 15:00:00,0.0
23/01/2014 15:15:00,0.0
23/01/2014 15:30:00,0.0
23/01/2014 15:45:00,0.0
23/01/2014 16:00:00,0.0
23/01/2014 16:15:00,0.0
23/01/2014 16:30:00,0.0
23/01/2014 16:45:00,0.0
23/01/2014 17:00:00,0.0
23/01/2014 17:15:00,0.0
23/01/2014 17:30:00,0.0
23/01/2014 17:45:00,0.0
23/01/2014 18:00:00,0.0
23/01/2014 18:15:00,0.0
23/01/2014 18:30:00,0.0
23/01/2014 18:45:00,0.0
23/01/2014 19:00:00,0.0
23/01/2014 19:15:00,0.0
23/01/2014 19:30:00,0.0
23/01/2014 19:45:00,0.0
23/01/2014 20:00:00,0.0
23/01/2014 20:15:00,0.0
23/01/2014 20:30:00,0.0
23/01/2014 20:45:00,0.0
23/01/2014 21:00:00,0.0
23/01/2014 21:15:00,0.0
23/01/2014 21:30:00,0.0
23/01/2014 21:45:00,0.0
23/01/2014 22:00:00,0.0
23/01/2014 22:15:00,0.0
23/01/2014 22:30:00,0.0
23/01/2014 22:45:00,0.0
23/01/2014 23:00:00,0.0
23/01/2014 23:15:00,0.0
23/01/2014 23:30:00,0.0
23/01/2014 23:45:00,0.0
24/01/2014 00:00:00,0.0
24/01/2014 00:15:00,0.0
24/01/2014 00:30:00,0.0
24/01/2014 00:45:00,0.0
24/01/2014 01:00:00,0.0
24/01/2014 01:15:00,0.0
24/01/2014 01:30:00,0.0
24/01/2014 01:45:00,0.0
24/01/2014 02:00:00,0.0
24/01/2014 02:15:00,0.0
24/01/2014 02:30:00,0.0
24/01/2014 02:45:00,0.0
24/01/2014 03:00:00,0.0
24/01/2014 03:15:00,0.0
24/01/2014 03:30:00,0.0
24/01/2014 03:45:00,0.0
24/01/2014 04:00:00,0.0
24/01/2014 04:15:00,0.0
24/01/2014 04:30:00,0.0
24/01/2014 04:45:00,0.0
24/01/2014 05:00:00,0.0
24/01/2014 05:15:00,0.0
24/01/2014 05:30:00,0.0
24/01/2014 05:45:00,0.0
24/01/2014 06:00:00,0.0
24/01/2014 06:15:00,0.0
24/01/2014 06:30:00,0.0
24/01/2014 06:45:00,0.0
24/01/2014 07:00:00,0.0
24/01/2014 07:15:00,0.0
24/01/2014 07:30:00,0.0
24/01/2014 07:45:00,0.0
24/01/2014 08:00:00,0.0
24/01/2014 08:15:00,0.0
24/01/2014 08:30:00,0.0
24/01/2014 08:45:00,0.0
24/01/2014 09:00:00,0.0
24/01/2014 09:15:00,0.0
24/01/2014 09:30:00,0.0
24/01/2014 09:45:00,0.0
24/01/2014 10:00:00,0.0
24/01/2014 10:15:00,0.0
24/01/2014 10:30:00,0.0
24/01/2014 10:45:00,0.0
24/01/2014 11:00:00,0.0
24/01/2014 11:15:00,0.0
24/01/2014 11:30:00,0.0
24/01/2014 11:45:00,0.0
24/01/2014 12:00:00,0.0
24/01/2014 12:15:00,0.0
24/01/2014 12:30:00,0.0
24/01/2014 12:45:00,0.0
24/01/2014 13:00:00,0.0
24/01/2014 13:15:00,0.0
24/01/2014 13:30:00,0.0
24/01/2014 13:45:00,0.0
24/01/2014 14:00:00,0.0
24/01/2014 14:15:00,0.0
24/01/2014 14:30:00,0.0
24/01/2014 14:45:00,0.0
24/01/2014 15:00:00,0.0
24/01/2014 15:15:00,0.0
24/01/2014 15:30:00,0.0
24/01/2014 15:45:00,0.0
24/01/2014 16:00:00,0.0
24/01/2014 16:15:00,0.0
24/01/2014 16:30:00,0.0
24/01/2014 16:45:00,0.0
24/01/2014 17:00:00,0.0
24/01/2014 17:15:00,0.0
24/01/2014 17:30:00,0.0
24/01/2014 17:45:00,0.0
24/01/2014 18:00:00,0.0
24/01/2014 18:15:00,0.0
24/01/2014 18:30:00,0.0
24/01/2014 18:45:00,0.0
24/01/2014 19:00:00,0.0
24/01/2014 19:15:00,0.0
24/01/2014 19:30:00,0.0
24/01/2014 19:45:00,0.0
24/01/2014 20:00:00,0.0
24/01/2014 20:15:00,0.0
24/01/2014 20:30:00,0.0
24/01/2014 20:45:00,0.0
24/01/2014 21:00:00,0.0
24/01/2014 21:15:00,0.0
24/01/2014 21:30:00,0.0
24/01/2014 21:45:00,0.0
24/01/2014 22:00:00,0.0
24/01/2014 22:15:00,0.0
24/01/2014 22:30:00,0.0
24/01/2014 22:45:00,0.0
24/01/2014 23:00:00,0.0
24/01/2014 23:15:00,0.0
24/01/2014 23:30:00,0.0
24/01/2014 23:45:00,0.0
25/01/2014 00:00:00,0.0
25/01/2014 00:15:00,0.0
25/01/2014 00:30:00,0.0
25/01/2014 00:45:00,0.0
25/01/2014 01:00:00,0.0
25/01/2014 01:15:00,0.0
25/01/2014 01:30:00,0.0
25/01/2014 01:45:00,0.0
25/01/2014 02:00:00,0.0
25/01/2014 02:15:00,0.0
25/01/2014 02:30:00,0.0
25/01/2014 02:45:00,0.0
25/01/2014 03:00:00,0.0
25/01/2014 03:15:00,0.0
25/01/2014 03:30:00,0.0
25/01/2014 03:45:00,0.0
25/01/2014 04:00:00,0.0
25/01/2014 04:15:00,0.0
25/01/2014 04:30:00,0.0
25/01/2014 04:45:00,0.0
25/01/2014 05:00:00,0.0
25/01/2014 05:15:00,0.0
25/01/2014 05:30:00,0.0
25/01/2014 05:45:00,0.0
25/01/2014 06:00:00,0.0
25/01/2014 06:15:00,0.0
25/01/2014 06:30:00,0.0
25/01/2014 06:45:00,0.0
25/01/2014 07:00:00,0.0
25/01/2014 07:15:00,0.0
25/01/2014 07:30:00,0.0
25/01/2014 07:45:00,0.0
25/01/2014 08:00:00,0.0
25/01/2014 08:15:00,0.0
25/01/2014 08:30:00,0.0
25/01/2014 08:45:00,0.0
25/01/2014 09:00:00,0.0
25/01/2014 09:15:00,0.0
25/01/2014 09:30:00,0.0
25/01/2014 09:45:00,0.0
25/01/2014 10:00:00,0.0
25/01/2014 10:15:00,0.0
25/01/2014 10:30:00,0.0
25/01/2014 10:45:00,0.0
25/01/2014 11:00:00,0.0
25/01/2014 11:15:00,0.0
25/01/2014 11:30:00,0.0
25/01/2014 11:45:00,0.0
25/01/2014 12:00:00,0.0
25/01/2014 12:15:00,0.0
25/01/2014 12:30:00,0.0
25/01/2014 12:45:00,0.0
25/01/2014 13:00:00,0.0
25/01/2014 13:15:00,0.0
25/01/2014 13:30:00,0.0
25/01/2014 13:45:00,0.0
25/01/2014 14:00:00,0.0
25/01/2014 14:15:00,0.0
25/01/2014 14:30:00,0.0
25/01/2014 14:45:00,0.0
25/01/2014 15:00:00,0.0
25/01/2014 15:15:00,0.0
25/01/2014 15:30:00,0.0
25/01/2014 15:45:00,0.0
25/01/2014 16:00:00,0.0
25/01/2014 16:15:00,0.0
25/01/2014 16:30:00,0.0
25/01/2014 16:45:00,0.0
25/01/2014 17:00:00,0.0
25/01/2014 17:15:00,0.0
25/01/2014 17:30:00,0.0
25/01/2014 17:45:00,0.0
25/01/2014 18:00:00,0.0
25/01/2014 18:15:00,0.0
25/01/2014 18:30:00,0.0
25/01/2014 18:45:00,0.0
25/01/2014 19:00:00,0.0
25/01/2014 19:15:00,0.0
25/01/2014 19:30:00,0.0
25/01/2014 19:45:00,0.0
25/01/2014 20:00:00,0.0
25/01/2014 20:15:00,0.0
25/01/2014 20:30:00,0.0
25/01/2014 20:45:00,0.0
25/01/2014 21:00:00,0.0
25/01/2014 21:15:00,0.0
25/01/2014 21:30:00,0.0
25/01/2014 21:45:00,0.0
25/01/2014 22:00:00,0.0
25/01/2014 22:15:00,0.0
25/01/2014 22:30:00,0.0
25/01/2014 22:45:00,0.0
25/01/2014 23:00:00,0.0
25/01/2014 23:15:00,0.0
25/01/2014 23:30:00,0.0
25/01/2014 23:45:00,0.0
26/01/2014 00:00:00,0.0
26/01/2014 00:15:00,0.0
26/01/2014 00:30:00,0.0
26/01/2014 00:45:00,0.0
26/01/2014 01:00:00,0.0
26/01/2014 01:15:00,0.0
26/01/2014 01:30:00,0.0
26/01/2014 01:45:00,0.0
26/01/2014 02:00:00,0.0
26/01/2014 02:15:00,0.0
26/01/2014 02:30:00,0.0
26/01/2014 02:45:00,0.0
26/01/2014 03:00:00,0.0
26/01/2014 03:15:00,0.0
26/01/2014 03:30:00,0.0
26/01/2014 03:45:00,0.0
26/01/2014 04:00:00,0.0
26/01/2014 04:15:00,0.0
26/01/2014 04:30:00,0.0
26/01/2014 04:45:00,0.0
26/01/2014 05:00:00,0.0
26/01/2014 05:15:00,0.0
26/01/2014 05:30:00,0.0
26/01/2014 05:45:00,0.0
26/01/2014 06:00:00,0.0
26/01/2014 06:15:00,0.0
26/01/2014 06:30:00,0.0
26/01/2014 06:45:00,0.0
26/01/2014 07:00:00,0.0
26/01/2014 07:15:00,0.0
26/01/2014 07:30:00,0.0
26/01/2014 07:45:00,0.0
26/01/2014 08:00:00,0.0
26/01/2014 08:15:00,0.0
26/01/2014 08:30:00,0.0
26/01/2014 08:45:00,0.0
26/01/2014 09:00:00,0.0
26/01/2014 09:15:00,0.0
26/01/2014 09:30:00,0.0
26/01/2014 09:45:00,0.0
26/01/2014 10:00:00,0.0
26/01/2014 10:15:00,0.0
26/01/2014 10:30:00,0.0
26/01/2014 10:45:00,0.0
26/01/2014 11:00:00,0.0
26/01/2014 11:15:00,0.0
26/01/2014 11:30:00,0.0
26/01/2014 11:45:00,0.0
26/01/2014 12:00:00,0.0
26/01/2014 12:15:00,0.0
26/01/2014 12:30:00,0.0
26/01/2014 12:45:00,0.0
26/01/2014 13:00:00,0.0
26/01/2014 13:15:00,0.0
26/01/2014 13:30:00,0.0
26/01/2014 13:45:00,0.0
26/01/2014 14:00:00,0.0
26/01/2014 14:15:00,0.0
26/01/2014 14:30:00,0.0
26/01/2014 14:45:00,0.0
26/01/2014 15:00:00,0.0
26/01/2014 15:15:00,0.0
26/01/2014 15:30:00,0.0
26/01/2014 15:45:00,0.0
26/01/2014 16:00:00,0.0
26/01/2014 16:15:00,0.0
26/01/2014 16:30:00,0.0
26/01/2014 16:45:00,0.0
26/01/2014 17:00:00,0.0
26/01/2014 17:15:00,0.0
26/01/2014 17:30:00,0.0
26/01/2014 17:45:00,0.0
26/01/2014 18:00:00,0.0
26/01/2014 18:15:00,0.0
26/01/2014 18:30:00,0.0
26/01/2014 18:45:00,0.0
26/01/2014 19:00:00,0.0
26/01/2014 19:15:00,0.0
26/01/2014 19:30:00,0.0
26/01/2014 19:45:00,0.0
26/01/2014 20:00:00,0.0
26/01/2014 20:15:00,0.0
26/01/2014 20:30:00,0.0
26/01/2014 20:45:00,0.0
26/01/2014 21:00:00,0.0
26/01/2014 21:15:00,0.0
26/01/2014 21:30:00,0.0
26/01/2014 21:45:00,0.0
26/01/2014 22:00:00,0.0
26/01/2014 22:15:00,0.0
26/01/2014 22:30:00,0.0
26/01/2014 22:45:00,0.0
26/01/2014 23:00:00,0.0
26/01/2014 23:15:00,0.0
26/01/2014 23:30:00,0.0
26/01/2014 23:45:00,0.0
27/01/2014 00:00:00,0.0
27/01/2014 00:15:00,0.0
27/01/2014 00:30:00,0.0
27/01/2014 00:45:00,0.0
27/01/2014 01:00:00,0.0
27/01/2014 01:15:00,0.0
27/01/2014 01:30:00,0.0
27/01/2014 01:45:00,0.0
27/01/2014 02:00:00,0.0
27/01/2014 02:15:00,0.0
27/01/2014 02:30:00,0.0
27/01/2014 02:45:00,0.0
27/01/2014 03:00:00,0.0
27/01/2014 03:15:00,0.0
27/01/2014 03:30:00,0.0
27/01/2014 03:45:00,0.0
27/01/2014 04:00:00,0.0
27/01/2014 04:15:00,0.0
27/01/2014 04:30:00,0.0
27/01/2014 04:45:00,0.0
27/01/2014 05:00:00,0.0
27/01/2014 05:15:00,0.0
27/01/2014 05:30:00,0.0
27/01/2014 05:45:00,0.0
27/01/2014 06:00:00,0.0
27/01/2014 06:15:00,0.0
27/01/2014 06:30:00,0.0
27/01/2014 06:45:00,0.0
27/01/2014 07:00:00,0.0
27/01/2014 07:15:00,0.0
27/01/2014 07:30:00,0.0
27/01/2014 07:45:00,0.0
27/01/2014 08:00:00,0.0
27/01/2014 08:15:00,0.0
27/01/2014 08:30:00,0.0
27/01/2014 08:45:00,0.0
27/01/2014 09:00:00,0.0
27/01/2014 09:15:00,0.0
27/01/2014 09:30:00,0.0
27/01/2014 09:45:00,0.0
27/01/2014 10:00:00,0.0
27/01/2014 10:15:00,0.0
27/01/2014 10:30:00,0.0
27/01/2014 10:45:00,0.0
27/01/2014 11:00:00,0.0
27/01/2014 11:15:00,0.0
27/01/2014 11:30:00,0.0
27/01/2014 11:45:00,0.0
27/01/2014 12:00:00,0.0
27/01/2014 12:15:00,0.0
27/01/2014 12:30:00,0.0
27/01/2014 12:45:00,0.0
27/01/2014 13:00:00,0.0
27/01/2014 13:15:00,0.0
27/01/2014 13:30:00,0.0
27/01/2014 13:45:00,0.0
27/01/2014 14:00:00,0.0
27/01/2014 14:15:00,0.0
27/01/2014 14:30:00,0.0
27/01/2014 14:45:00,0.0
27/01/2014 15:00:00,0.0
27/01/2014 15:15:00,0.0
27/01/2014 15:30:00,0.0
27/01/2014 15:45:00,0.0
27/01/2014 16:00:00,0.0
27/01/2014 16:15:00,0.0
27/01/2014 16:30:00,0.0
27/01/2014 16:45:00,0.0
27/01/2014 17:00:00,0.0
27/01/2014 17:15:00,0.0
27/01/2014 17:30:00,0.0
27/01/2014 17:45:00,0.0
27/01/2014 18:00:00,0.0
27/01/2014 18:15:00,0.0
27/01/2014 18:30:00,0.0
27/01/2014 18:45:00,0.0
27/01/2014 19:00:00,0.0
27/01/2014 19:15:00,0.0
27/01/2014 19:30:00,0.0
27/01/2014 19:45:00,0.0
27/01/2014 20:00:00,0.0
27/01/2014 20:15:00,0.0
27/01/2014 20:30:00,0.0
27/01/2014 20:45:00,0.0
27/01/2014 21:00:00,0.0
27/01/2014 21:15:00,0.0
27/01/2014 21:30:00,0.0
27/01/2014 21:45:00,0.0
27/01/2014 22:00:00,0.0
27/01/2014 22:15:00,0.0
27/01/2014 22:30:00,0.0
27/01/2014 22:45:00,0.0
27/01/2014 23:00:00,0.0
27/01/2014 23:15:00,0.0
27/01/2014 23:30:00,0.0
27/01/2014 23:45:00,0.0
28/01/2014 00:00:00,0.0
28/01/2014 00:15:00,0.0
28/01/2014 00:30:00,0.0
28/01/2014 00:45:00,0.0
28/01/2014 01:00:00,0.0
28/01/2014 01:15:00,0.0
28/01/2014 01:30:00,0.0
28/01/2014 01:45:00,0.0
28/01/2014 02:00:00,0.0
28/01/2014 02:15:00,0.0
28/01/2014 02:30:00,0.0
28/01/2014 02:45:00,0.0
28/01/2014 03:00:00,0.0
28/01/2014 03:15:00,0.0
28/01/2014 03:30:00,0.0
28/01/2014 03:45:00,0.0
28/01/2014 04:00:00,0.0
28/01/2014 04:15:00,0.0
28/01/2014 04:30:00,0.0
28/01/2014 04:45:00,0.0
28/01/2014 05:00:00,0.0
28/01/2014 05:15:00,0.0
28/01/2014 05:30:00,0.0
28/01/2014 05:45:00,0.0
28/01/2014 06:00:00,0.0
28/01/2014 06:15:00,0.0
28/01/2014 06:30:00,0.0
28/01/2014 06:45:00,0.0
28/01/2014 07:00:00,0.0
28/01/2014 07:15:00,0.0
28/01/2014 07:30:00,0.0
28/01/2014 07:45:00,0.0
28/01/2014 08:00:00,0.0
28/01/2014 08:15:00,0.0
28/01/2014 08:30:00,0.0
28/01/2014 08:45:00,0.0
28/01/2014 09:00:00,0.0
28/01/2014 09:15:00,0.0
28/01/2014 09:30:00,0.0
28/01/2014 09:45:00,0.0
28/01/2014 10:00:00,0.0
28/01/2014 10:15:00,0.0
28/01/2014 10:30:00,0.0
28/01/2014 10:45:00,0.0
28/01/2014 11:00:00,0.0
28/01/2014 11:15:00,0.0
28/01/2014 11:30:00,0.0
28/01/2014 11:45:00,0.0
28/01/2014 12:00:00,0.0
28/01/2014 12:15:00,0.0
28/01/2014 12:30:00,0.0
28/01/2014 12:45:00,0.0
28/01/2014 13:00:00,0.0
28/01/2014 13:15:00,0.0
28/01/2014 13:30:00,0.0
28/01/2014 13:45:00,0.0
28/01/2014 14:00:00,0.0
28/01/2014 14:15:00,0.0
28/01/2014 14:30:00,0.0
28/01/2014 14:45:00,0.0
28/01/2014 15:00:00,0.0
28/01/2014 15:15:00,0.0
28/01/2014 15:30:00,0.0
28/01/2014 15:45:00,0.0
28/01/2014 16:00:00,0.0
28/01/2014 16:15:00,0.0
28/01/2014 16:30:00,0.0
28/01/2014 16:45:00,0.0
28/01/2014 17:00:00,0.0
28/01/2014 17:15:00,0.0
28/01/2014 17:30:00,0.0
28/01/2014 17:45:00,0.0
28/01/2014 18:00:00,0.0
28/01/2014 18:15:00,0.0
28/01/2014 18:30:00,0.0
28/01/2014 18:45:00,0.0
28/01/2014 19:00:00,0.0
28/01/2014 19:15:00,0.0
28/01/2014 19:30:00,0.0
28/01/2014 19:45:00,0.0
28/01/2014 20:00:00,0.0
28/01/2014 20:15:00,0.0
28/01/2014 20:30:00,0.0
28/01/2014 20:45:00,0.0
28/01/2014 21:00:00,0.0
28/01/2014 21:15:00,0.0
28/01/2014 21:30:00,0.0
28/01/2014 21:45:00,0.0
28/01/2014 22:00:00,0.0
28/01/2014 22:15:00,0.0
28/01/2014 22:30:00,0.0
28/01/2014 22:45:00,0.0
28/01/2014 23:00:00,0.0
28/01/2014 23:15:00,0.0
28/01/2014 23:30:00,0.0
28/01/2014 23:45:00,0.0
29/01/2014 00:00:00,0.0
29/01/2014 00:15:00,0.0
29/01/2014 00:30:00,0.0
29/01/2014 00:45:00,0.0
29/01/2014 01:00:00,0.0
29/01/2014 01:15:00,0.0
29/01/2014 01:30:00,0.0
29/01/2014 01:45:00,0.0
29/01/2014 02:00:00,0.0
29/01/2014 02:15:00,0.0
29/01/2014 02:30:00,0.0
29/01/2014 02:45:00,0.0
29/01/2014 03:00:00,0.0
29/01/2014 03:15:00,0.0
29/01/2014 03:30:00,0.0
29/01/2014 03:45:00,0.0
29/01/2014 04:00:00,0.0
29/01/2014 04:15:00,0.0
29/01/2014 04:30:00,0.0
29/01/2014 04:45:00,0.0
29/01/2014 05:00:00,0.0
29/01/2014 05:15:00,0.0
29/01/2014 05:30:00,0.0
29/01/2014 05:45:00,0.0
29/01/2014 06:00:00,0.0
29/01/2014 06:15:00,0.0
29/01/2014 06:30:00,0.0
29/01/2014 06:45:00,0.0
29/01/2014 07:00:00,0.0
29/01/2014 07:15:00,0.0
29/01/2014 07:30:00,0.0
29/01/2014 07:45:00,0.0
29/01/2014 08:00:00,0.0
29/01/2014 08:15:00,0.0
29/01/2014 08:30:00,0.0
29/01/2014 08:45:00,0.0
29/01/2014 09:00:00,0.0
29/01/2014 09:15:00,0.0
29/01/2014 09:30:00,0.0
29/01/2014 09:45:00,0.0
29/01/2014 10:00:00,0.0
29/01/2014 10:15:00,0.0
29/01/2014 10:30:00,0.0
29/01/2014 10:45:00,0.0
29/01/2014 11:00:00,0.0
29/01/2014 11:15:00,0.0
29/01/2014 11:30:00,0.0
29/01/2014 11:45:00,0.0
29/01/2014 12:00:00,0.0
29/01/2014 12:15:00,0.0
29/01/2014 12:30:00,0.0
29/01/2014 12:45:00,0.0
29/01/2014 13:00:00,0.0
29/01/2014 13:15:00,0.0
29/01/2014 13:30:00,0.0
29/01/2014 13:45:00,0.0
29/01/2014 14:00:00,0.0
29/01/2014 14:15:00,0.0
29/01/2014 14:30:00,0.0
29/01/2014 14:45:00,0.0
29/01/2014 15:00:00,0.0
29/01/2014 15:15:00,0.0
29/01/2014 15:30:00,0.0
29/01/2014 15:45:00,0.0
29/01/2014 16:00:00,0.0
29/01/2014 16:15:00,0.0
29/01/2014 16:30:00,0.0
29/01/2014 16:45:00,0.0
29/01/2014 17:00:00,0.0
29/01/2014 17:15:00,0.0
29/01/2014 17:30:00,0.0
29/01/2014 17:45:00,0.0
29/01/2014 18:00:00,0.0
29/01/2014 18:15:00,0.0
29/01/2014 18:30:00,0.0
29/01/2014 18:45:00,0.0
29/01/2014 19:00:00,0.0
29/01/2014 19:15:00,0.0
29/01/2014 19:30:00,0.0
29/01/2014 19:45:00,0.0
29/01/2014 20:00:00,0.0
29/01/2014 20:15:00,0.0
29/01/2014 20:30:00,0.0
29/01/2014 20:45:00,0.0
29/01/2014 21:00:00,0.0
29/01/2014 21:15:00,0.0
29/01/2014 21:30:00,0.0
29/01/2014 21:45:00,0.0
29/01/2014 22:00:00,0.0
29/01/2014 22:15:00,0.0
29/01/2014 22:30:00,0.0
29/01/2014 22:45:00,0.0
29/01/2014 23:00:00,0.0
29/01/2014 23:15:00,0.0
29/01/2014 23:30:00,0.0
29/01/2014 23:45:00,0.0
30/01/2014 00:00:00,0.0
30/01/2014 00:15:00,0.0
30/01/2014 00:30:00,0.0
30/01/2014 00:45:00,0.0
30/01/2014 01:00:00,0.0
30/01/2014 01:15:00,0.0
30/01/2014 01:30:00,0.0
30/01/2014 01:45:00,0.0
30/01/2014 02:00:00,0.0
30/01/2014 02:15:00,0.0
30/01/2014 02:30:00,0.0
30/01/2014 02:45:00,0.0
30/01/2014 03:00:00,0.0
30/01/2014 03:15:00,0.0
30/01/2014 03:30:00,0.0
30/01/2014 03:45:00,0.0
30/01/2014 04:00:00,0.0
30/01/2014 04:15:00,0.0
30/01/2014 04:30:00,0.0
30/01/2014 04:45:00,0.0
30/01/2014 05:00:00,0.0
30/01/2014 05:15:00,0.0
30/01/2014 05:30:00,0.0
30/01/2014 05:45:00,0.0
30/01/2014 06:00:00,0.0
30/01/2014 06:15:00,0.0
30/01/2014 06:30:00,0.0
30/01/2014 06:45:00,0.0
30/01/2014 07:00:00,0.0
30/01/2014 07:15:00,0.0
30/01/2014 07:30:00,0.0
30/01/2014 07:45:00,0.0
30/01/2014 08:00:00,0.0
30/01/2014 08:15:00,0.0
30/01/2014 08:30:00,0.0
30/01/2014 08:45:00,0.0
30/01/2014 09:00:00,0.0
30/01/2014 09:15:00,0.0
30/01/2014 09:30:00,0.0
30/01/2014 09:45:00,0.0
30/01/2014 10:00:00,0.0
30/01/2014 10:15:00,0.0
30/01/2014 10:30:00,0.0
30/01/2014 10:45:00,0.0
30/01/2014 11:00:00,0.0
30/01/2014 11:15:00,0.0
30/01/2014 11:30:00,0.0
30/01/2014 11:45:00,0.0
30/01/2014 12:00:00,0.0
30/01/2014 12:15:00,0.0
30/01/2014 12:30:00,0.0
30/01/2014 12:45:00,0.0
30/01/2014 13:00:00,0.0
30/01/2014 13:15:00,0.0
30/01/2014 13:30:00,0.0
30/01/2014 13:45:00,0.0
30/01/2014 14:00:00,0.0
30/01/2014 14:15:00,0.0
30/01/2014 14:30:00,0.0
30/01/2014 14:45:00,0.0
30/01/2014 15:00:00,0.0
30/01/2014 15:15:00,0.0
30/01/2014 15:30:00,0.0
30/01/2014 15:45:00,0.0
30/01/2014 16:00:00,0.0
30/01/2014 16:15:00,0.0
30/01/2014 16:30:00,0.0
30/01/2014 16:45:00,0.0
30/01/2014 17:00:00,0.0
30/01/2014 17:15:00,0.0
30/01/2014 17:30:00,0.0
30/01/2014 17:45:00,0.0
30/01/2014 18:00:00,0.0
30/01/2014 18:15:00,0.0
30/01/2014 18:30:00,0.0
30/01/2014 18:45:00,0.0
30/01/2014 19:00:00,0.0
30/01/2014 19:15:00,0.0
30/01/2014 19:30:00,0.0
30/01/2014 19:45:00,0.0
30/01/2014 20:00:00,0.0
30/01/2014 20:15:00,0.0
30/01/2014 20:30:00,0.0
30/01/2014 20:45:00,0.0
30/01/2014 21:00:00,0.0
30/01/2014 21:15:00,0.0
30/01/2014 21:30:00,0.0
30/01/2014 21:45:00,0.0
30/01/2014 22:00:00,0.0
30/01/2014 22:15:00,0.143266666667
30/01/2014 22:30:00,0.477933333333
30/01/2014 22:45:00,0.453066666667
30/01/2014 23:00:00,0.0
30/01/2014 23:15:00,0.0
30/01/2014 23:30:00,0.0
30/01/2014 23:45:00,0.0
31/01/2014 00:00:00,0.0
31/01/2014 00:15:00,0.0
31/01/2014 00:30:00,0.0
31/01/2014 00:45:00,0.0
31/01/2014 01:00:00,0.0
31/01/2014 01:15:00,0.0
31/01/2014 01:30:00,0.0
31/01/2014 01:45:00,0.0
31/01/2014 02:00:00,0.0
31/01/2014 02:15:00,0.0
31/01/2014 02:30:00,0.0
31/01/2014 02:45:00,0.0
31/01/2014 03:00:00,0.0
31/01/2014 03:15:00,0.0
31/01/2014 03:30:00,0.0
31/01/2014 03:45:00,0.0
31/01/2014 04:00:00,0.0
31/01/2014 04:15:00,0.0
31/01/2014 04:30:00,0.0
31/01/2014 04:45:00,0.0
31/01/2014 05:00:00,0.0
31/01/2014 05:15:00,0.0
31/01/2014 05:30:00,0.0
31/01/2014 05:45:00,0.0
31/01/2014 06:00:00,0.0
31/01/2014 06:15:00,0.0
31/01/2014 06:30:00,0.0
31/01/2014 06:45:00,0.0
31/01/2014 07:00:00,0.0
31/01/2014 07:15:00,0.0
31/01/2014 07:30:00,0.0
31/01/2014 07:45:00,0.0
31/01/2014 08:00:00,0.0
31/01/2014 08:15:00,0.0
31/01/2014 08:30:00,0.0
31/01/2014 08:45:00,0.0
31/01/2014 09:00:00,0.0
31/01/2014 09:15:00,0.0
31/01/2014 09:30:00,0.0
31/01/2014 09:45:00,0.0
31/01/2014 10:00:00,0.0
31/01/2014 10:15:00,0.0
31/01/2014 10:30:00,0.0
31/01/2014 10:45:00,0.0
31/01/2014 11:00:00,0.0
31/01/2014 11:15:00,0.0
31/01/2014 11:30:00,0.0
31/01/2014 11:45:00,0.0
31/01/2014 12:00:00,0.0
31/01/2014 12:15:00,0.0
31/01/2014 12:30:00,0.0
31/01/2014 12:45:00,0.0
31/01/2014 13:00:00,0.0
31/01/2014 13:15:00,0.0
31/01/2014 13:30:00,0.0
31/01/2014 13:45:00,0.0
31/01/2014 14:00:00,0.0
31/01/2014 14:15:00,0.0
31/01/2014 14:30:00,0.0
31/01/2014 14:45:00,0.0
31/01/2014 15:00:00,0.0
31/01/2014 15:15:00,0.0
31/01/2014 15:30:00,0.0
31/01/2014 15:45:00,0.0
31/01/2014 16:00:00,0.0
31/01/2014 16:15:00,0.0
31/01/2014 16:30:00,0.0
31/01/2014 16:45:00,0.0
31/01/2014 17:00:00,0.0
31/01/2014 17:15:00,0.0
31/01/2014 17:30:00,0.0
31/01/2014 17:45:00,0.0
31/01/2014 18:00:00,0.0
31/01/2014 18:15:00,0.0
31/01/2014 18:30:00,0.0
31/01/2014 18:45:00,0.0
31/01/2014 19:00:00,0.259133333333
31/01/2014 19:15:00,0.465133333333
31/01/2014 19:30:00,0.4008
31/01/2014 19:45:00,0.0
31/01/2014 20:00:00,0.0
31/01/2014 20:15:00,0.0
31/01/2014 20:30:00,0.0
31/01/2014 20:45:00,0.0
31/01/2014 21:00:00,0.0
31/01/2014 21:15:00,0.0
31/01/2014 21:30:00,0.0
31/01/2014 21:45:00,0.0
31/01/2014 22:00:00,0.0
31/01/2014 22:15:00,0.0
31/01/2014 22:30:00,0.0
31/01/2014 22:45:00,0.0
31/01/2014 23:00:00,0.0
31/01/2014 23:15:00,0.0
31/01/2014 23:30:00,0.0
31/01/2014 23:45:00,0.0
01/02/2014 00:00:00,0.0
01/02/2014 00:15:00,0.0
01/02/2014 00:30:00,0.0
01/02/2014 00:45:00,0.0
01/02/2014 01:00:00,0.0
01/02/2014 01:15:00,0.0
01/02/2014 01:30:00,0.0
01/02/2014 01:45:00,0.0
01/02/2014 02:00:00,0.0
01/02/2014 02:15:00,0.0
01/02/2014 02:30:00,0.0
01/02/2014 02:45:00,0.0
01/02/2014 03:00:00,0.0
01/02/2014 03:15:00,0.0
01/02/2014 03:30:00,0.0
01/02/2014 03:45:00,0.0
01/02/2014 04:00:00,0.0
01/02/2014 04:15:00,0.0
01/02/2014 04:30:00,0.0
01/02/2014 04:45:00,0.0
01/02/2014 05:00:00,0.0
01/02/2014 05:15:00,0.0
01/02/2014 05:30:00,0.0
01/02/2014 05:45:00,0.0
01/02/2014 06:00:00,0.0
01/02/2014 06:15:00,0.0
01/02/2014 06:30:00,0.0
01/02/2014 06:45:00,0.0
01/02/2014 07:00:00,0.0
01/02/2014 07:15:00,0.0
01/02/2014 07:30:00,0.0
01/02/2014 07:45:00,0.0
01/02/2014 08:00:00,0.0
01/02/2014 08:15:00,0.0
01/02/2014 08:30:00,0.0
01/02/2014 08:45:00,0.0
01/02/2014 09:00:00,0.0
01/02/2014 09:15:00,0.0
01/02/2014 09:30:00,0.0
01/02/2014 09:45:00,0.0
01/02/2014 10:00:00,0.0
01/02/2014 10:15:00,0.0
01/02/2014 10:30:00,0.0
01/02/2014 10:45:00,0.0
01/02/2014 11:00:00,0.0
01/02/2014 11:15:00,0.0
01/02/2014 11:30:00,0.0
01/02/2014 11:45:00,0.0
01/02/2014 12:00:00,0.0
01/02/2014 12:15:00,0.0
01/02/2014 12:30:00,0.0
01/02/2014 12:45:00,0.0
01/02/2014 13:00:00,0.0
01/02/2014 13:15:00,0.0
01/02/2014 13:30:00,0.0
01/02/2014 13:45:00,0.0
01/02/2014 14:00:00,0.0
01/02/2014 14:15:00,0.0
01/02/2014 14:30:00,0.0
01/02/2014 14:45:00,0.0
01/02/2014 15:00:00,0.0
01/02/2014 15:15:00,0.0
01/02/2014 15:30:00,0.0
01/02/2014 15:45:00,0.0
01/02/2014 16:00:00,0.0
01/02/2014 16:15:00,0.0
01/02/2014 16:30:00,0.0
01/02/2014 16:45:00,0.0
01/02/2014 17:00:00,0.0
01/02/2014 17:15:00,0.0
01/02/2014 17:30:00,0.0
01/02/2014 17:45:00,0.0
01/02/2014 18:00:00,0.0
01/02/2014 18:15:00,0.0
01/02/2014 18:30:00,0.0
01/02/2014 18:45:00,0.0
01/02/2014 19:00:00,0.0
01/02/2014 19:15:00,0.0
01/02/2014 19:30:00,0.0
01/02/2014 19:45:00,0.0
01/02/2014 20:00:00,0.0
01/02/2014 20:15:00,0.0
01/02/2014 20:30:00,0.0
01/02/2014 20:45:00,0.0
01/02/2014 21:00:00,0.0
01/02/2014 21:15:00,0.0
01/02/2014 21:30:00,0.0
01/02/2014 21:45:00,0.0
01/02/2014 22:00:00,0.0
01/02/2014 22:15:00,0.0
01/02/2014 22:30:00,0.0
01/02/2014 22:45:00,0.0
01/02/2014 23:00:00,0.0
01/02/2014 23:15:00,0.0
01/02/2014 23:30:00,0.0
01/02/2014 23:45:00,0.0
02/02/2014 00:00:00,0.0
02/02/2014 00:15:00,0.0
02/02/2014 00:30:00,0.0
02/02/2014 00:45:00,0.0
02/02/2014 01:00:00,0.0
02/02/2014 01:15:00,0.0
02/02/2014 01:30:00,0.0
02/02/2014 01:45:00,0.0
02/02/2014 02:00:00,0.0
02/02/2014 02:15:00,0.0
02/02/2014 02:30:00,0.0
02/02/2014 02:45:00,0.0
02/02/2014 03:00:00,0.0
02/02/2014 03:15:00,0.0
02/02/2014 03:30:00,0.0
02/02/2014 03:45:00,0.0
02/02/2014 04:00:00,0.0
02/02/2014 04:15:00,0.0
02/02/2014 04:30:00,0.0
02/02/2014 04:45:00,0.0
02/02/2014 05:00:00,0.0
02/02/2014 05:15:00,0.0
02/02/2014 05:30:00,0.0
02/02/2014 05:45:00,0.0
02/02/2014 06:00:00,0.0
02/02/2014 06:15:00,0.0
02/02/2014 06:30:00,0.0
02/02/2014 06:45:00,0.0
02/02/2014 07:00:00,0.0
02/02/2014 07:15:00,0.0
02/02/2014 07:30:00,0.0
02/02/2014 07:45:00,0.0
02/02/2014 08:00:00,0.0
02/02/2014 08:15:00,0.0
02/02/2014 08:30:00,0.0
02/02/2014 08:45:00,0.0
02/02/2014 09:00:00,0.0
02/02/2014 09:15:00,0.0
02/02/2014 09:30:00,0.0
02/02/2014 09:45:00,0.0
02/02/2014 10:00:00,0.0
02/02/2014 10:15:00,0.0
02/02/2014 10:30:00,0.0
02/02/2014 10:45:00,0.0
02/02/2014 11:00:00,0.0
02/02/2014 11:15:00,0.0
02/02/2014 11:30:00,0.0
02/02/2014 11:45:00,0.0
02/02/2014 12:00:00,0.0
02/02/2014 12:15:00,0.0
02/02/2014 12:30:00,0.0
02/02/2014 12:45:00,0.0
02/02/2014 13:00:00,0.0
02/02/2014 13:15:00,0.0
02/02/2014 13:30:00,0.0
02/02/2014 13:45:00,0.0
02/02/2014 14:00:00,0.0
02/02/2014 14:15:00,0.0
02/02/2014 14:30:00,0.0
02/02/2014 14:45:00,0.0
02/02/2014 15:00:00,0.0
02/02/2014 15:15:00,0.0
02/02/2014 15:30:00,0.0
02/02/2014 15:45:00,0.0
02/02/2014 16:00:00,0.0
02/02/2014 16:15:00,0.0
02/02/2014 16:30:00,0.0
02/02/2014 16:45:00,0.0
02/02/2014 17:00:00,0.0
02/02/2014 17:15:00,0.0
02/02/2014 17:30:00,0.0
02/02/2014 17:45:00,0.0
02/02/2014 18:00:00,0.0
02/02/2014 18:15:00,0.0
02/02/2014 18:30:00,0.0
02/02/2014 18:45:00,0.0
02/02/2014 19:00:00,0.0
02/02/2014 19:15:00,0.0
02/02/2014 19:30:00,0.0
02/02/2014 19:45:00,0.0
02/02/2014 20:00:00,0.0
02/02/2014 20:15:00,0.0
02/02/2014 20:30:00,0.0
02/02/2014 20:45:00,0.0
02/02/2014 21:00:00,0.0
02/02/2014 21:15:00,0.0
02/02/2014 21:30:00,0.0
02/02/2014 21:45:00,0.0
02/02/2014 22:00:00,0.0
02/02/2014 22:15:00,0.0
02/02/2014 22:30:00,0.0
02/02/2014 22:45:00,0.0
02/02/2014 23:00:00,0.0
02/02/2014 23:15:00,0.0
02/02/2014 23:30:00,0.0
02/02/2014 23:45:00,0.0
03/02/2014 00:00:00,0.0
03/02/2014 00:15:00,0.0
03/02/2014 00:30:00,0.0
03/02/2014 00:45:00,0.0
03/02/2014 01:00:00,0.0
03/02/2014 01:15:00,0.0
03/02/2014 01:30:00,0.0
03/02/2014 01:45:00,0.0
03/02/2014 02:00:00,0.0
03/02/2014 02:15:00,0.0
03/02/2014 02:30:00,0.0
03/02/2014 02:45:00,0.0
03/02/2014 03:00:00,0.0
03/02/2014 03:15:00,0.0
03/02/2014 03:30:00,0.0
03/02/2014 03:45:00,0.0
03/02/2014 04:00:00,0.0
03/02/2014 04:15:00,0.0
03/02/2014 04:30:00,0.0
03/02/2014 04:45:00,0.0
03/02/2014 05:00:00,0.0
03/02/2014 05:15:00,0.0
03/02/2014 05:30:00,0.0
03/02/2014 05:45:00,0.0
03/02/2014 06:00:00,0.0
03/02/2014 06:15:00,0.0
03/02/2014 06:30:00,0.0
03/02/2014 06:45:00,0.0
03/02/2014 07:00:00,0.0
03/02/2014 07:15:00,0.0
03/02/2014 07:30:00,0.0
03/02/2014 07:45:00,0.0
03/02/2014 08:00:00,0.0
03/02/2014 08:15:00,0.0
03/02/2014 08:30:00,0.0
03/02/2014 08:45:00,0.0
03/02/2014 09:00:00,0.0
03/02/2014 09:15:00,0.0
03/02/2014 09:30:00,0.0
03/02/2014 09:45:00,0.0
03/02/2014 10:00:00,0.0
03/02/2014 10:15:00,0.0
03/02/2014 10:30:00,0.0
03/02/2014 10:45:00,0.0
03/02/2014 11:00:00,0.0
03/02/2014 11:15:00,0.0
03/02/2014 11:30:00,0.0
03/02/2014 11:45:00,0.0
03/02/2014 12:00:00,0.0
03/02/2014 12:15:00,0.0
03/02/2014 12:30:00,0.0
03/02/2014 12:45:00,0.0
03/02/2014 13:00:00,0.0
03/02/2014 13:15:00,0.0
03/02/2014 13:30:00,0.0
03/02/2014 13:45:00,0.0
03/02/2014 14:00:00,0.0
03/02/2014 14:15:00,0.0
03/02/2014 14:30:00,0.0
03/02/2014 14:45:00,0.0
03/02/2014 15:00:00,0.0
03/02/2014 15:15:00,0.0
03/02/2014 15:30:00,0.0
03/02/2014 15:45:00,0.0
03/02/2014 16:00:00,0.0
03/02/2014 16:15:00,0.0
03/02/2014 16:30:00,0.0
03/02/2014 16:45:00,0.0
03/02/2014 17:00:00,0.0
03/02/2014 17:15:00,0.0
03/02/2014 17:30:00,0.0
03/02/2014 17:45:00,0.0
03/02/2014 18:00:00,0.0
03/02/2014 18:15:00,0.0
03/02/2014 18:30:00,0.0
03/02/2014 18:45:00,0.0
03/02/2014 19:00:00,0.0
03/02/2014 19:15:00,0.0
03/02/2014 19:30:00,0.0
03/02/2014 19:45:00,0.0
03/02/2014 20:00:00,0.0
03/02/2014 20:15:00,0.0
03/02/2014 20:30:00,0.0
03/02/2014 20:45:00,0.0
03/02/2014 21:00:00,0.0
03/02/2014 21:15:00,0.0
03/02/2014 21:30:00,0.0
03/02/2014 21:45:00,0.0
03/02/2014 22:00:00,0.0
03/02/2014 22:15:00,0.0
03/02/2014 22:30:00,0.0
03/02/2014 22:45:00,0.0
03/02/2014 23:00:00,0.0
03/02/2014 23:15:00,0.0
03/02/2014 23:30:00,0.0
03/02/2014 23:45:00,0.0
04/02/2014 00:00:00,0.0
04/02/2014 00:15:00,0.0
04/02/2014 00:30:00,0.0
04/02/2014 00:45:00,0.0
04/02/2014 01:00:00,0.0
04/02/2014 01:15:00,0.0
04/02/2014 01:30:00,0.0
04/02/2014 01:45:00,0.0
04/02/2014 02:00:00,0.0
04/02/2014 02:15:00,0.0
04/02/2014 02:30:00,0.0
04/02/2014 02:45:00,0.0
04/02/2014 03:00:00,0.0
04/02/2014 03:15:00,0.0
04/02/2014 03:30:00,0.0
04/02/2014 03:45:00,0.0
04/02/2014 04:00:00,0.0
04/02/2014 04:15:00,0.0
04/02/2014 04:30:00,0.0
04/02/2014 04:45:00,0.0
04/02/2014 05:00:00,0.0
04/02/2014 05:15:00,0.0
04/02/2014 05:30:00,0.0
04/02/2014 05:45:00,0.0
04/02/2014 06:00:00,0.0
04/02/2014 06:15:00,0.0
04/02/2014 06:30:00,0.0
04/02/2014 06:45:00,0.0
04/02/2014 07:00:00,0.0
04/02/2014 07:15:00,0.0
04/02/2014 07:30:00,0.0
04/02/2014 07:45:00,0.0
04/02/2014 08:00:00,0.0
04/02/2014 08:15:00,0.0
04/02/2014 08:30:00,0.0
04/02/2014 08:45:00,0.0
04/02/2014 09:00:00,0.0
04/02/2014 09:15:00,0.0
04/02/2014 09:30:00,0.0
04/02/2014 09:45:00,0.0
04/02/2014 10:00:00,0.0
04/02/2014 10:15:00,0.0
04/02/2014 10:30:00,0.0
04/02/2014 10:45:00,0.0
04/02/2014 11:00:00,0.0
04/02/2014 11:15:00,0.0
04/02/2014 11:30:00,0.0
04/02/2014 11:45:00,0.0
04/02/2014 12:00:00,0.0
04/02/2014 12:15:00,0.0
04/02/2014 12:30:00,0.0
04/02/2014 12:45:00,0.0
04/02/2014 13:00:00,0.0
04/02/2014 13:15:00,0.0
04/02/2014 13:30:00,0.0
04/02/2014 13:45:00,0.0
04/02/2014 14:00:00,0.0
04/02/2014 14:15:00,0.0
04/02/2014 14:30:00,0.0
04/02/2014 14:45:00,0.0
04/02/2014 15:00:00,0.0
04/02/2014 15:15:00,0.0
04/02/2014 15:30:00,0.0
04/02/2014 15:45:00,0.0
04/02/2014 16:00:00,0.0
04/02/2014 16:15:00,0.0
04/02/2014 16:30:00,0.0
04/02/2014 16:45:00,0.0
04/02/2014 17:00:00,0.0
04/02/2014 17:15:00,0.0
04/02/2014 17:30:00,0.0
04/02/2014 17:45:00,0.0
04/02/2014 18:00:00,0.0
04/02/2014 18:15:00,0.0
04/02/2014 18:30:00,0.0
04/02/2014 18:45:00,0.0
04/02/2014 19:00:00,0.0
04/02/2014 19:15:00,0.0
04/02/2014 19:30:00,0.0
04/02/2014 19:45:00,0.0
04/02/2014 20:00:00,0.0
04/02/2014 20:15:00,0.0
04/02/2014 20:30:00,0.0
04/02/2014 20:45:00,0.0
04/02/2014 21:00:00,0.0
04/02/2014 21:15:00,0.0
04/02/2014 21:30:00,0.0
04/02/2014 21:45:00,0.0
04/02/2014 22:00:00,0.0
04/02/2014 22:15:00,0.0
04/02/2014 22:30:00,0.0
04/02/2014 22:45:00,0.0
04/02/2014 23:00:00,0.0
04/02/2014 23:15:00,0.0
04/02/2014 23:30:00,0.0
04/02/2014 23:45:00,0.0
05/02/2014 00:00:00,0.0
05/02/2014 00:15:00,0.0
05/02/2014 00:30:00,0.0
05/02/2014 00:45:00,0.0
05/02/2014 01:00:00,0.0
05/02/2014 01:15:00,0.0
05/02/2014 01:30:00,0.0
05/02/2014 01:45:00,0.0
05/02/2014 02:00:00,0.0
05/02/2014 02:15:00,0.0
05/02/2014 02:30:00,0.0
05/02/2014 02:45:00,0.0
05/02/2014 03:00:00,0.0
05/02/2014 03:15:00,0.0
05/02/2014 03:30:00,0.0
05/02/2014 03:45:00,0.0
05/02/2014 04:00:00,0.0
05/02/2014 04:15:00,0.0
05/02/2014 04:30:00,0.0
05/02/2014 04:45:00,0.0
05/02/2014 05:00:00,0.0
05/02/2014 05:15:00,0.0
05/02/2014 05:30:00,0.0
05/02/2014 05:45:00,0.0
05/02/2014 06:00:00,0.0
05/02/2014 06:15:00,0.0
05/02/2014 06:30:00,0.0
05/02/2014 06:45:00,0.0
05/02/2014 07:00:00,0.0
05/02/2014 07:15:00,0.0
05/02/2014 07:30:00,0.0
05/02/2014 07:45:00,0.0
05/02/2014 08:00:00,0.0
05/02/2014 08:15:00,0.0
05/02/2014 08:30:00,0.0
05/02/2014 08:45:00,0.0
05/02/2014 09:00:00,0.0
05/02/2014 09:15:00,0.0
05/02/2014 09:30:00,0.0
05/02/2014 09:45:00,0.0
05/02/2014 10:00:00,0.0
05/02/2014 10:15:00,0.0
05/02/2014 10:30:00,0.0
05/02/2014 10:45:00,0.0
05/02/2014 11:00:00,0.0
05/02/2014 11:15:00,0.0
05/02/2014 11:30:00,0.0
05/02/2014 11:45:00,0.0
05/02/2014 12:00:00,0.0
05/02/2014 12:15:00,0.0
05/02/2014 12:30:00,0.0
05/02/2014 12:45:00,0.0
05/02/2014 13:00:00,0.0
05/02/2014 13:15:00,0.0
05/02/2014 13:30:00,0.0
05/02/2014 13:45:00,0.0
05/02/2014 14:00:00,0.0
05/02/2014 14:15:00,0.0
05/02/2014 14:30:00,0.0
05/02/2014 14:45:00,0.0
05/02/2014 15:00:00,0.0
05/02/2014 15:15:00,0.0
05/02/2014 15:30:00,0.0
05/02/2014 15:45:00,0.0
05/02/2014 16:00:00,0.0
05/02/2014 16:15:00,0.0
05/02/2014 16:30:00,0.0
05/02/2014 16:45:00,0.0
05/02/2014 17:00:00,0.0
05/02/2014 17:15:00,0.0
05/02/2014 17:30:00,0.0
05/02/2014 17:45:00,0.0
05/02/2014 18:00:00,0.000866666666667
05/02/2014 18:15:00,0.437266666667
05/02/2014 18:30:00,0.3944
05/02/2014 18:45:00,0.0481333333333
05/02/2014 19:00:00,0.0
05/02/2014 19:15:00,0.0
05/02/2014 19:30:00,0.0
05/02/2014 19:45:00,0.0
05/02/2014 20:00:00,0.0
05/02/2014 20:15:00,0.158466666667
05/02/2014 20:30:00,0.3446
05/02/2014 20:45:00,0.3512
05/02/2014 21:00:00,0.0
05/02/2014 21:15:00,0.0
05/02/2014 21:30:00,0.0
05/02/2014 21:45:00,0.0
05/02/2014 22:00:00,0.0
05/02/2014 22:15:00,0.0
05/02/2014 22:30:00,0.0
05/02/2014 22:45:00,0.0
05/02/2014 23:00:00,0.0
05/02/2014 23:15:00,0.0
05/02/2014 23:30:00,0.0
05/02/2014 23:45:00,0.0
06/02/2014 00:00:00,0.0
06/02/2014 00:15:00,0.0
06/02/2014 00:30:00,0.0
06/02/2014 00:45:00,0.0
06/02/2014 01:00:00,0.0
06/02/2014 01:15:00,0.0
06/02/2014 01:30:00,0.0
06/02/2014 01:45:00,0.0
06/02/2014 02:00:00,0.0
06/02/2014 02:15:00,0.0
06/02/2014 02:30:00,0.0
06/02/2014 02:45:00,0.0
06/02/2014 03:00:00,0.0
06/02/2014 03:15:00,0.0
06/02/2014 03:30:00,0.0
06/02/2014 03:45:00,0.0
06/02/2014 04:00:00,0.0
06/02/2014 04:15:00,0.0
06/02/2014 04:30:00,0.0
06/02/2014 04:45:00,0.0
06/02/2014 05:00:00,0.0
06/02/2014 05:15:00,0.0
06/02/2014 05:30:00,0.0
06/02/2014 05:45:00,0.0
06/02/2014 06:00:00,0.0
06/02/2014 06:15:00,0.0
06/02/2014 06:30:00,0.0
06/02/2014 06:45:00,0.0
06/02/2014 07:00:00,0.0
06/02/2014 07:15:00,0.0
06/02/2014 07:30:00,0.0
06/02/2014 07:45:00,0.0
06/02/2014 08:00:00,0.0
06/02/2014 08:15:00,0.0
06/02/2014 08:30:00,0.0
06/02/2014 08:45:00,0.0
06/02/2014 09:00:00,0.0
06/02/2014 09:15:00,0.0
06/02/2014 09:30:00,0.0
06/02/2014 09:45:00,0.0
06/02/2014 10:00:00,0.0
06/02/2014 10:15:00,0.0
06/02/2014 10:30:00,0.0
06/02/2014 10:45:00,0.0
06/02/2014 11:00:00,0.0
06/02/2014 11:15:00,0.0
06/02/2014 11:30:00,0.0
06/02/2014 11:45:00,0.0
06/02/2014 12:00:00,0.0
06/02/2014 12:15:00,0.0
06/02/2014 12:30:00,0.0
06/02/2014 12:45:00,0.0
06/02/2014 13:00:00,0.0
06/02/2014 13:15:00,0.0
06/02/2014 13:30:00,0.0
06/02/2014 13:45:00,0.0
06/02/2014 14:00:00,0.0
06/02/2014 14:15:00,0.0
06/02/2014 14:30:00,0.0
06/02/2014 14:45:00,0.0
06/02/2014 15:00:00,0.0
06/02/2014 15:15:00,0.0
06/02/2014 15:30:00,0.0
06/02/2014 15:45:00,0.0
06/02/2014 16:00:00,0.0
06/02/2014 16:15:00,0.0
06/02/2014 16:30:00,0.0
06/02/2014 16:45:00,0.0
06/02/2014 17:00:00,0.0
06/02/2014 17:15:00,0.0
06/02/2014 17:30:00,0.0
06/02/2014 17:45:00,0.0
06/02/2014 18:00:00,0.0
06/02/2014 18:15:00,0.0
06/02/2014 18:30:00,0.0
06/02/2014 18:45:00,0.0
06/02/2014 19:00:00,0.0
06/02/2014 19:15:00,0.0
06/02/2014 19:30:00,0.0
06/02/2014 19:45:00,0.0
06/02/2014 20:00:00,0.0
06/02/2014 20:15:00,0.0
06/02/2014 20:30:00,0.0
06/02/2014 20:45:00,0.0
06/02/2014 21:00:00,0.0
06/02/2014 21:15:00,0.0
06/02/2014 21:30:00,0.0
06/02/2014 21:45:00,0.0
06/02/2014 22:00:00,0.0
06/02/2014 22:15:00,0.0
06/02/2014 22:30:00,0.0
06/02/2014 22:45:00,0.0
06/02/2014 23:00:00,0.0
06/02/2014 23:15:00,0.0
06/02/2014 23:30:00,0.0
06/02/2014 23:45:00,0.0
07/02/2014 00:00:00,0.0
07/02/2014 00:15:00,0.0
07/02/2014 00:30:00,0.0
07/02/2014 00:45:00,0.0
07/02/2014 01:00:00,0.0
07/02/2014 01:15:00,0.0
07/02/2014 01:30:00,0.0
07/02/2014 01:45:00,0.0
07/02/2014 02:00:00,0.0
07/02/2014 02:15:00,0.0
07/02/2014 02:30:00,0.0
07/02/2014 02:45:00,0.0
07/02/2014 03:00:00,0.0
07/02/2014 03:15:00,0.0
07/02/2014 03:30:00,0.0
07/02/2014 03:45:00,0.0
07/02/2014 04:00:00,0.0
07/02/2014 04:15:00,0.0
07/02/2014 04:30:00,0.0
07/02/2014 04:45:00,0.0
07/02/2014 05:00:00,0.0
07/02/2014 05:15:00,0.0
07/02/2014 05:30:00,0.0
07/02/2014 05:45:00,0.0
07/02/2014 06:00:00,0.0
07/02/2014 06:15:00,0.0
07/02/2014 06:30:00,0.0
07/02/2014 06:45:00,0.0
07/02/2014 07:00:00,0.0
07/02/2014 07:15:00,0.0
07/02/2014 07:30:00,0.0
07/02/2014 07:45:00,0.0
07/02/2014 08:00:00,0.0
07/02/2014 08:15:00,0.0
07/02/2014 08:30:00,0.0
07/02/2014 08:45:00,0.0
07/02/2014 09:00:00,0.0
07/02/2014 09:15:00,0.0
07/02/2014 09:30:00,0.0
07/02/2014 09:45:00,0.0
07/02/2014 10:00:00,0.0
07/02/2014 10:15:00,0.0
07/02/2014 10:30:00,0.0
07/02/2014 10:45:00,0.0
07/02/2014 11:00:00,0.0
07/02/2014 11:15:00,0.0
07/02/2014 11:30:00,0.0
07/02/2014 11:45:00,0.0
07/02/2014 12:00:00,0.0
07/02/2014 12:15:00,0.0
07/02/2014 12:30:00,0.0
07/02/2014 12:45:00,0.0
07/02/2014 13:00:00,0.0
07/02/2014 13:15:00,0.0
07/02/2014 13:30:00,0.0
07/02/2014 13:45:00,0.0
07/02/2014 14:00:00,0.0
07/02/2014 14:15:00,0.0
07/02/2014 14:30:00,0.0
07/02/2014 14:45:00,0.0
07/02/2014 15:00:00,0.0
07/02/2014 15:15:00,0.0
07/02/2014 15:30:00,0.0
07/02/2014 15:45:00,0.0
07/02/2014 16:00:00,0.0
07/02/2014 16:15:00,0.0
07/02/2014 16:30:00,0.0
07/02/2014 16:45:00,0.0
07/02/2014 17:00:00,0.0
07/02/2014 17:15:00,0.0
07/02/2014 17:30:00,0.0
07/02/2014 17:45:00,0.0
07/02/2014 18:00:00,0.0
07/02/2014 18:15:00,0.0
07/02/2014 18:30:00,0.0
07/02/2014 18:45:00,0.0
07/02/2014 19:00:00,0.0
07/02/2014 19:15:00,0.0
07/02/2014 19:30:00,0.0
07/02/2014 19:45:00,0.0
07/02/2014 20:00:00,0.0
07/02/2014 20:15:00,0.0
07/02/2014 20:30:00,0.0
07/02/2014 20:45:00,0.0
07/02/2014 21:00:00,0.0
07/02/2014 21:15:00,0.0
07/02/2014 21:30:00,0.0
07/02/2014 21:45:00,0.0
07/02/2014 22:00:00,0.0
07/02/2014 22:15:00,0.0
07/02/2014 22:30:00,0.0
07/02/2014 22:45:00,0.0
07/02/2014 23:00:00,0.0
07/02/2014 23:15:00,0.0
07/02/2014 23:30:00,0.0
07/02/2014 23:45:00,0.0
08/02/2014 00:00:00,0.0
08/02/2014 00:15:00,0.0
08/02/2014 00:30:00,0.0
08/02/2014 00:45:00,0.0
08/02/2014 01:00:00,0.0
08/02/2014 01:15:00,0.0
08/02/2014 01:30:00,0.0
08/02/2014 01:45:00,0.0
08/02/2014 02:00:00,0.0
08/02/2014 02:15:00,0.0
08/02/2014 02:30:00,0.0
08/02/2014 02:45:00,0.0
08/02/2014 03:00:00,0.0
08/02/2014 03:15:00,0.0
08/02/2014 03:30:00,0.0
08/02/2014 03:45:00,0.0
08/02/2014 04:00:00,0.0
08/02/2014 04:15:00,0.0
08/02/2014 04:30:00,0.0
08/02/2014 04:45:00,0.0
08/02/2014 05:00:00,0.0
08/02/2014 05:15:00,0.0
08/02/2014 05:30:00,0.0
08/02/2014 05:45:00,0.0
08/02/2014 06:00:00,0.0
08/02/2014 06:15:00,0.0
08/02/2014 06:30:00,0.0
08/02/2014 06:45:00,0.0
08/02/2014 07:00:00,0.0
08/02/2014 07:15:00,0.0
08/02/2014 07:30:00,0.0
08/02/2014 07:45:00,0.0
08/02/2014 08:00:00,0.0
08/02/2014 08:15:00,0.0
08/02/2014 08:30:00,0.0
08/02/2014 08:45:00,0.0
08/02/2014 09:00:00,0.0
08/02/2014 09:15:00,0.0
08/02/2014 09:30:00,0.0
08/02/2014 09:45:00,0.0
08/02/2014 10:00:00,0.0
08/02/2014 10:15:00,0.0
08/02/2014 10:30:00,0.0
08/02/2014 10:45:00,0.158066666667
08/02/2014 11:00:00,0.427333333333
08/02/2014 11:15:00,0.217933333333
08/02/2014 11:30:00,0.0
08/02/2014 11:45:00,0.0
08/02/2014 12:00:00,0.0
08/02/2014 12:15:00,0.0
08/02/2014 12:30:00,0.0
08/02/2014 12:45:00,0.0
08/02/2014 13:00:00,0.0624666666667
08/02/2014 13:15:00,0.399133333333
08/02/2014 13:30:00,0.4318
08/02/2014 13:45:00,0.0
08/02/2014 14:00:00,0.0
08/02/2014 14:15:00,0.0
08/02/2014 14:30:00,0.0
08/02/2014 14:45:00,0.0
08/02/2014 15:00:00,0.125
08/02/2014 15:15:00,0.3702
08/02/2014 15:30:00,0.401733333333
08/02/2014 15:45:00,0.0
08/02/2014 16:00:00,0.0
08/02/2014 16:15:00,0.0
08/02/2014 16:30:00,0.0
08/02/2014 16:45:00,0.0
08/02/2014 17:00:00,0.0
08/02/2014 17:15:00,0.0
08/02/2014 17:30:00,0.0
08/02/2014 17:45:00,0.0
08/02/2014 18:00:00,0.0
08/02/2014 18:15:00,0.0
08/02/2014 18:30:00,0.0
08/02/2014 18:45:00,0.0
08/02/2014 19:00:00,0.0
08/02/2014 19:15:00,0.0
08/02/2014 19:30:00,0.0
08/02/2014 19:45:00,0.0
08/02/2014 20:00:00,0.0
08/02/2014 20:15:00,0.0
08/02/2014 20:30:00,0.0
08/02/2014 20:45:00,0.0
08/02/2014 21:00:00,0.0
08/02/2014 21:15:00,0.0
08/02/2014 21:30:00,0.0
08/02/2014 21:45:00,0.0
08/02/2014 22:00:00,0.0
08/02/2014 22:15:00,0.0
08/02/2014 22:30:00,0.0
08/02/2014 22:45:00,0.0
08/02/2014 23:00:00,0.0
08/02/2014 23:15:00,0.0
08/02/2014 23:30:00,0.0
08/02/2014 23:45:00,0.0
09/02/2014 00:00:00,0.0
09/02/2014 00:15:00,0.0
09/02/2014 00:30:00,0.0
09/02/2014 00:45:00,0.0
09/02/2014 01:00:00,0.0
09/02/2014 01:15:00,0.0
09/02/2014 01:30:00,0.0
09/02/2014 01:45:00,0.0
09/02/2014 02:00:00,0.0
09/02/2014 02:15:00,0.0
09/02/2014 02:30:00,0.0
09/02/2014 02:45:00,0.0
09/02/2014 03:00:00,0.0
09/02/2014 03:15:00,0.0
09/02/2014 03:30:00,0.0
09/02/2014 03:45:00,0.0
09/02/2014 04:00:00,0.0
09/02/2014 04:15:00,0.0
09/02/2014 04:30:00,0.0
09/02/2014 04:45:00,0.0
09/02/2014 05:00:00,0.0
09/02/2014 05:15:00,0.0
09/02/2014 05:30:00,0.0
09/02/2014 05:45:00,0.0
09/02/2014 06:00:00,0.0
09/02/2014 06:15:00,0.0
09/02/2014 06:30:00,0.0
09/02/2014 06:45:00,0.0
09/02/2014 07:00:00,0.0
09/02/2014 07:15:00,0.0
09/02/2014 07:30:00,0.0
09/02/2014 07:45:00,0.0
09/02/2014 08:00:00,0.0
09/02/2014 08:15:00,0.0
09/02/2014 08:30:00,0.0
09/02/2014 08:45:00,0.0
09/02/2014 09:00:00,0.0
09/02/2014 09:15:00,0.0
09/02/2014 09:30:00,0.0
09/02/2014 09:45:00,0.0
09/02/2014 10:00:00,0.0
09/02/2014 10:15:00,0.0
09/02/2014 10:30:00,0.0
09/02/2014 10:45:00,0.0
09/02/2014 11:00:00,0.0
09/02/2014 11:15:00,0.0
09/02/2014 11:30:00,0.0
09/02/2014 11:45:00,0.0
09/02/2014 12:00:00,0.0
09/02/2014 12:15:00,0.0
09/02/2014 12:30:00,0.0
09/02/2014 12:45:00,0.0
09/02/2014 13:00:00,0.0
09/02/2014 13:15:00,0.0
09/02/2014 13:30:00,0.0
09/02/2014 13:45:00,0.0
09/02/2014 14:00:00,0.0
09/02/2014 14:15:00,0.0
09/02/2014 14:30:00,0.0
09/02/2014 14:45:00,0.0
09/02/2014 15:00:00,0.0
09/02/2014 15:15:00,0.0
09/02/2014 15:30:00,0.0
09/02/2014 15:45:00,0.0
09/02/2014 16:00:00,0.0
09/02/2014 16:15:00,0.0
09/02/2014 16:30:00,0.0
09/02/2014 16:45:00,0.0008
09/02/2014 17:00:00,0.4598
09/02/2014 17:15:00,0.403533333333
09/02/2014 17:30:00,0.0189333333333
09/02/2014 17:45:00,0.0
09/02/2014 18:00:00,0.0
09/02/2014 18:15:00,0.0
09/02/2014 18:30:00,0.0
09/02/2014 18:45:00,0.0
09/02/2014 19:00:00,0.169133333333
09/02/2014 19:15:00,0.3538
09/02/2014 19:30:00,0.374266666667
09/02/2014 19:45:00,0.0
09/02/2014 20:00:00,0.0
09/02/2014 20:15:00,0.0
09/02/2014 20:30:00,0.0
09/02/2014 20:45:00,0.0
09/02/2014 21:00:00,0.0
09/02/2014 21:15:00,0.0
09/02/2014 21:30:00,0.0
09/02/2014 21:45:00,0.0
09/02/2014 22:00:00,0.0
09/02/2014 22:15:00,0.0
09/02/2014 22:30:00,0.0
09/02/2014 22:45:00,0.0
09/02/2014 23:00:00,0.0
09/02/2014 23:15:00,0.0
09/02/2014 23:30:00,0.0
09/02/2014 23:45:00,0.0
10/02/2014 00:00:00,0.0
10/02/2014 00:15:00,0.0
10/02/2014 00:30:00,0.0
10/02/2014 00:45:00,0.0
10/02/2014 01:00:00,0.0
10/02/2014 01:15:00,0.0
10/02/2014 01:30:00,0.0
10/02/2014 01:45:00,0.0
10/02/2014 02:00:00,0.0
10/02/2014 02:15:00,0.0
10/02/2014 02:30:00,0.0
10/02/2014 02:45:00,0.0
10/02/2014 03:00:00,0.0
10/02/2014 03:15:00,0.0
10/02/2014 03:30:00,0.0
10/02/2014 03:45:00,0.0
10/02/2014 04:00:00,0.0
10/02/2014 04:15:00,0.0
10/02/2014 04:30:00,0.0
10/02/2014 04:45:00,0.0
10/02/2014 05:00:00,0.0
10/02/2014 05:15:00,0.0
10/02/2014 05:30:00,0.0
10/02/2014 05:45:00,0.0
10/02/2014 06:00:00,0.0
10/02/2014 06:15:00,0.0
10/02/2014 06:30:00,0.0
10/02/2014 06:45:00,0.0
10/02/2014 07:00:00,0.0
10/02/2014 07:15:00,0.0
10/02/2014 07:30:00,0.0
10/02/2014 07:45:00,0.0
10/02/2014 08:00:00,0.0
10/02/2014 08:15:00,0.0
10/02/2014 08:30:00,0.0
10/02/2014 08:45:00,0.0
10/02/2014 09:00:00,0.0
10/02/2014 09:15:00,0.0
10/02/2014 09:30:00,0.0
10/02/2014 09:45:00,0.0
10/02/2014 10:00:00,0.0
10/02/2014 10:15:00,0.0
10/02/2014 10:30:00,0.0
10/02/2014 10:45:00,0.0
10/02/2014 11:00:00,0.0
10/02/2014 11:15:00,0.0
10/02/2014 11:30:00,0.0
10/02/2014 11:45:00,0.0
10/02/2014 12:00:00,0.0
10/02/2014 12:15:00,0.0
10/02/2014 12:30:00,0.0
10/02/2014 12:45:00,0.0
10/02/2014 13:00:00,0.0
10/02/2014 13:15:00,0.0
10/02/2014 13:30:00,0.0
10/02/2014 13:45:00,0.0
10/02/2014 14:00:00,0.0
10/02/2014 14:15:00,0.0
10/02/2014 14:30:00,0.0
10/02/2014 14:45:00,0.0
10/02/2014 15:00:00,0.0
10/02/2014 15:15:00,0.0
10/02/2014 15:30:00,0.0
10/02/2014 15:45:00,0.0
10/02/2014 16:00:00,0.0
10/02/2014 16:15:00,0.0
10/02/2014 16:30:00,0.0
10/02/2014 16:45:00,0.0
10/02/2014 17:00:00,0.0
10/02/2014 17:15:00,0.0
10/02/2014 17:30:00,0.0
10/02/2014 17:45:00,0.0
10/02/2014 18:00:00,0.0
10/02/2014 18:15:00,0.0
10/02/2014 18:30:00,0.0
10/02/2014 18:45:00,0.0
10/02/2014 19:00:00,0.0
10/02/2014 19:15:00,0.0
10/02/2014 19:30:00,0.0
10/02/2014 19:45:00,0.0
10/02/2014 20:00:00,0.0
10/02/2014 20:15:00,0.0
10/02/2014 20:30:00,0.0
10/02/2014 20:45:00,0.0
10/02/2014 21:00:00,0.0
10/02/2014 21:15:00,0.0
10/02/2014 21:30:00,0.0
10/02/2014 21:45:00,0.0
10/02/2014 22:00:00,0.0
10/02/2014 22:15:00,0.0
10/02/2014 22:30:00,0.0
10/02/2014 22:45:00,0.0
10/02/2014 23:00:00,0.0
10/02/2014 23:15:00,0.0
10/02/2014 23:30:00,0.0
10/02/2014 23:45:00,0.0
11/02/2014 00:00:00,0.0
11/02/2014 00:15:00,0.0
11/02/2014 00:30:00,0.0
11/02/2014 00:45:00,0.0
11/02/2014 01:00:00,0.0
11/02/2014 01:15:00,0.0
11/02/2014 01:30:00,0.0
11/02/2014 01:45:00,0.0
11/02/2014 02:00:00,0.0
11/02/2014 02:15:00,0.0
11/02/2014 02:30:00,0.0
11/02/2014 02:45:00,0.0
11/02/2014 03:00:00,0.0
11/02/2014 03:15:00,0.0
11/02/2014 03:30:00,0.0
11/02/2014 03:45:00,0.0
11/02/2014 04:00:00,0.0
11/02/2014 04:15:00,0.0
11/02/2014 04:30:00,0.0
11/02/2014 04:45:00,0.0
11/02/2014 05:00:00,0.0
11/02/2014 05:15:00,0.0
11/02/2014 05:30:00,0.0
11/02/2014 05:45:00,0.0
11/02/2014 06:00:00,0.0
11/02/2014 06:15:00,0.0
11/02/2014 06:30:00,0.0
11/02/2014 06:45:00,0.0
11/02/2014 07:00:00,0.0
11/02/2014 07:15:00,0.0
11/02/2014 07:30:00,0.0
11/02/2014 07:45:00,0.0
11/02/2014 08:00:00,0.0
11/02/2014 08:15:00,0.0
11/02/2014 08:30:00,0.0
11/02/2014 08:45:00,0.0
11/02/2014 09:00:00,0.0
11/02/2014 09:15:00,0.0
11/02/2014 09:30:00,0.0
11/02/2014 09:45:00,0.0
11/02/2014 10:00:00,0.0
11/02/2014 10:15:00,0.0
11/02/2014 10:30:00,0.0
11/02/2014 10:45:00,0.0
11/02/2014 11:00:00,0.0
11/02/2014 11:15:00,0.0
11/02/2014 11:30:00,0.0
11/02/2014 11:45:00,0.0
11/02/2014 12:00:00,0.0
11/02/2014 12:15:00,0.0
11/02/2014 12:30:00,0.0
11/02/2014 12:45:00,0.0
11/02/2014 13:00:00,0.0
11/02/2014 13:15:00,0.0
11/02/2014 13:30:00,0.0
11/02/2014 13:45:00,0.0
11/02/2014 14:00:00,0.0
11/02/2014 14:15:00,0.0
11/02/2014 14:30:00,0.0
11/02/2014 14:45:00,0.0
11/02/2014 15:00:00,0.0
11/02/2014 15:15:00,0.0
11/02/2014 15:30:00,0.0
11/02/2014 15:45:00,0.0
11/02/2014 16:00:00,0.0
11/02/2014 16:15:00,0.0
11/02/2014 16:30:00,0.0
11/02/2014 16:45:00,0.0
11/02/2014 17:00:00,0.0
11/02/2014 17:15:00,0.0
11/02/2014 17:30:00,0.0
11/02/2014 17:45:00,0.0
11/02/2014 18:00:00,0.0
11/02/2014 18:15:00,0.0
11/02/2014 18:30:00,0.0
11/02/2014 18:45:00,0.0
11/02/2014 19:00:00,0.0
11/02/2014 19:15:00,0.0
11/02/2014 19:30:00,0.0
11/02/2014 19:45:00,0.0
11/02/2014 20:00:00,0.0
11/02/2014 20:15:00,0.0
11/02/2014 20:30:00,0.0
11/02/2014 20:45:00,0.0
11/02/2014 21:00:00,0.171466666667
11/02/2014 21:15:00,0.338533333333
11/02/2014 21:30:00,0.356133333333
11/02/2014 21:45:00,0.0
11/02/2014 22:00:00,0.0
11/02/2014 22:15:00,0.0
11/02/2014 22:30:00,0.0
11/02/2014 22:45:00,0.0
11/02/2014 23:00:00,0.0
11/02/2014 23:15:00,0.0
11/02/2014 23:30:00,0.0
11/02/2014 23:45:00,0.0
12/02/2014 00:00:00,0.0
12/02/2014 00:15:00,0.0
12/02/2014 00:30:00,0.0
12/02/2014 00:45:00,0.0
12/02/2014 01:00:00,0.0
12/02/2014 01:15:00,0.0
12/02/2014 01:30:00,0.0
12/02/2014 01:45:00,0.0
12/02/2014 02:00:00,0.0
12/02/2014 02:15:00,0.0
12/02/2014 02:30:00,0.0
12/02/2014 02:45:00,0.0
12/02/2014 03:00:00,0.0
12/02/2014 03:15:00,0.0
12/02/2014 03:30:00,0.0
12/02/2014 03:45:00,0.0
12/02/2014 04:00:00,0.0
12/02/2014 04:15:00,0.0
12/02/2014 04:30:00,0.0
12/02/2014 04:45:00,0.0
12/02/2014 05:00:00,0.0
12/02/2014 05:15:00,0.0
12/02/2014 05:30:00,0.0
12/02/2014 05:45:00,0.0
12/02/2014 06:00:00,0.0
12/02/2014 06:15:00,0.0
12/02/2014 06:30:00,0.0
12/02/2014 06:45:00,0.0
12/02/2014 07:00:00,0.0
12/02/2014 07:15:00,0.0
12/02/2014 07:30:00,0.0
12/02/2014 07:45:00,0.0
12/02/2014 08:00:00,0.0
12/02/2014 08:15:00,0.0
12/02/2014 08:30:00,0.0
12/02/2014 08:45:00,0.0
12/02/2014 09:00:00,0.0
12/02/2014 09:15:00,0.0
12/02/2014 09:30:00,0.0211333333333
12/02/2014 09:45:00,0.437333333333
12/02/2014 10:00:00,0.431866666667
12/02/2014 10:15:00,0.0201333333333
12/02/2014 10:30:00,0.0
12/02/2014 10:45:00,0.0
12/02/2014 11:00:00,0.0
12/02/2014 11:15:00,0.0
12/02/2014 11:30:00,0.0
12/02/2014 11:45:00,0.0
12/02/2014 12:00:00,0.0
12/02/2014 12:15:00,0.0
12/02/2014 12:30:00,0.0
12/02/2014 12:45:00,0.0
12/02/2014 13:00:00,0.0
12/02/2014 13:15:00,0.0
12/02/2014 13:30:00,0.0
12/02/2014 13:45:00,0.0
12/02/2014 14:00:00,0.0
12/02/2014 14:15:00,0.0
12/02/2014 14:30:00,0.0
12/02/2014 14:45:00,0.0
12/02/2014 15:00:00,0.0
12/02/2014 15:15:00,0.0
12/02/2014 15:30:00,0.0
12/02/2014 15:45:00,0.0
12/02/2014 16:00:00,0.0
12/02/2014 16:15:00,0.0
12/02/2014 16:30:00,0.0
12/02/2014 16:45:00,0.0
12/02/2014 17:00:00,0.0
12/02/2014 17:15:00,0.0
12/02/2014 17:30:00,0.0
12/02/2014 17:45:00,0.0
12/02/2014 18:00:00,0.0
12/02/2014 18:15:00,0.0
12/02/2014 18:30:00,0.0
12/02/2014 18:45:00,0.0
12/02/2014 19:00:00,0.0
12/02/2014 19:15:00,0.0
12/02/2014 19:30:00,0.0
12/02/2014 19:45:00,0.0
12/02/2014 20:00:00,0.0
12/02/2014 20:15:00,0.0
12/02/2014 20:30:00,0.0
12/02/2014 20:45:00,0.0
12/02/2014 21:00:00,0.0
12/02/2014 21:15:00,0.0
12/02/2014 21:30:00,0.0
12/02/2014 21:45:00,0.0
12/02/2014 22:00:00,0.0
12/02/2014 22:15:00,0.0
12/02/2014 22:30:00,0.0
12/02/2014 22:45:00,0.0
12/02/2014 23:00:00,0.0
12/02/2014 23:15:00,0.0
12/02/2014 23:30:00,0.0
12/02/2014 23:45:00,0.0
13/02/2014 00:00:00,0.0
13/02/2014 00:15:00,0.0
13/02/2014 00:30:00,0.0
13/02/2014 00:45:00,0.0
13/02/2014 01:00:00,0.0
13/02/2014 01:15:00,0.0
13/02/2014 01:30:00,0.0
13/02/2014 01:45:00,0.0
13/02/2014 02:00:00,0.0
13/02/2014 02:15:00,0.0
13/02/2014 02:30:00,0.0
13/02/2014 02:45:00,0.0
13/02/2014 03:00:00,0.0
13/02/2014 03:15:00,0.0
13/02/2014 03:30:00,0.0
13/02/2014 03:45:00,0.0
13/02/2014 04:00:00,0.0
13/02/2014 04:15:00,0.0
13/02/2014 04:30:00,0.0
13/02/2014 04:45:00,0.0
13/02/2014 05:00:00,0.0
13/02/2014 05:15:00,0.0
13/02/2014 05:30:00,0.0
13/02/2014 05:45:00,0.0
13/02/2014 06:00:00,0.0
13/02/2014 06:15:00,0.0
13/02/2014 06:30:00,0.0
13/02/2014 06:45:00,0.0
13/02/2014 07:00:00,0.0
13/02/2014 07:15:00,0.0
13/02/2014 07:30:00,0.0
13/02/2014 07:45:00,0.0
13/02/2014 08:00:00,0.0
13/02/2014 08:15:00,0.0
13/02/2014 08:30:00,0.0
13/02/2014 08:45:00,0.0
13/02/2014 09:00:00,0.0
13/02/2014 09:15:00,0.0
13/02/2014 09:30:00,0.0
13/02/2014 09:45:00,0.0
13/02/2014 10:00:00,0.0
13/02/2014 10:15:00,0.0
13/02/2014 10:30:00,0.0
13/02/2014 10:45:00,0.0
13/02/2014 11:00:00,0.0
13/02/2014 11:15:00,0.0
13/02/2014 11:30:00,0.0
13/02/2014 11:45:00,0.0
13/02/2014 12:00:00,0.0
13/02/2014 12:15:00,0.0
13/02/2014 12:30:00,0.0
13/02/2014 12:45:00,0.0
13/02/2014 13:00:00,0.0
13/02/2014 13:15:00,0.0
13/02/2014 13:30:00,0.0
13/02/2014 13:45:00,0.0
13/02/2014 14:00:00,0.0
13/02/2014 14:15:00,0.0
13/02/2014 14:30:00,0.0
13/02/2014 14:45:00,0.0
13/02/2014 15:00:00,0.0
13/02/2014 15:15:00,0.0
13/02/2014 15:30:00,0.0
13/02/2014 15:45:00,0.0
13/02/2014 16:00:00,0.0
13/02/2014 16:15:00,0.0
13/02/2014 16:30:00,0.0
13/02/2014 16:45:00,0.0
13/02/2014 17:00:00,0.0
13/02/2014 17:15:00,0.0
13/02/2014 17:30:00,0.0
13/02/2014 17:45:00,0.0
13/02/2014 18:00:00,0.0
13/02/2014 18:15:00,0.0
13/02/2014 18:30:00,0.0
13/02/2014 18:45:00,0.0
13/02/2014 19:00:00,0.0
13/02/2014 19:15:00,0.0
13/02/2014 19:30:00,0.0
13/02/2014 19:45:00,0.0
13/02/2014 20:00:00,0.0
13/02/2014 20:15:00,0.0
13/02/2014 20:30:00,0.0
13/02/2014 20:45:00,0.0
13/02/2014 21:00:00,0.0
13/02/2014 21:15:00,0.0
13/02/2014 21:30:00,0.0
13/02/2014 21:45:00,0.0
13/02/2014 22:00:00,0.0
13/02/2014 22:15:00,0.0
13/02/2014 22:30:00,0.0
13/02/2014 22:45:00,0.0
13/02/2014 23:00:00,0.0
13/02/2014 23:15:00,0.0
13/02/2014 23:30:00,0.0
13/02/2014 23:45:00,0.0
14/02/2014 00:00:00,0.0
14/02/2014 00:15:00,0.0
14/02/2014 00:30:00,0.0
14/02/2014 00:45:00,0.0
14/02/2014 01:00:00,0.0
14/02/2014 01:15:00,0.0
14/02/2014 01:30:00,0.0
14/02/2014 01:45:00,0.0
14/02/2014 02:00:00,0.0
14/02/2014 02:15:00,0.0
14/02/2014 02:30:00,0.0
14/02/2014 02:45:00,0.0
14/02/2014 03:00:00,0.0
14/02/2014 03:15:00,0.0
14/02/2014 03:30:00,0.0
14/02/2014 03:45:00,0.0
14/02/2014 04:00:00,0.0
14/02/2014 04:15:00,0.0
14/02/2014 04:30:00,0.0
14/02/2014 04:45:00,0.0
14/02/2014 05:00:00,0.0
14/02/2014 05:15:00,0.0
14/02/2014 05:30:00,0.0
14/02/2014 05:45:00,0.0
14/02/2014 06:00:00,0.0
14/02/2014 06:15:00,0.0
14/02/2014 06:30:00,0.0
14/02/2014 06:45:00,0.0
14/02/2014 07:00:00,0.0
14/02/2014 07:15:00,0.0
14/02/2014 07:30:00,0.0
14/02/2014 07:45:00,0.0
14/02/2014 08:00:00,0.0
14/02/2014 08:15:00,0.0
14/02/2014 08:30:00,0.0
14/02/2014 08:45:00,0.0
14/02/2014 09:00:00,0.0
14/02/2014 09:15:00,0.0
14/02/2014 09:30:00,0.0
14/02/2014 09:45:00,0.0
14/02/2014 10:00:00,0.0
14/02/2014 10:15:00,0.0
14/02/2014 10:30:00,0.0
14/02/2014 10:45:00,0.0
14/02/2014 11:00:00,0.0
14/02/2014 11:15:00,0.0
14/02/2014 11:30:00,0.0
14/02/2014 11:45:00,0.0
14/02/2014 12:00:00,0.0
14/02/2014 12:15:00,0.0
14/02/2014 12:30:00,0.0
14/02/2014 12:45:00,0.0
14/02/2014 13:00:00,0.0
14/02/2014 13:15:00,0.0
14/02/2014 13:30:00,0.0
14/02/2014 13:45:00,0.0
14/02/2014 14:00:00,0.0
14/02/2014 14:15:00,0.0
14/02/2014 14:30:00,0.0
14/02/2014 14:45:00,0.0
14/02/2014 15:00:00,0.0
14/02/2014 15:15:00,0.0
14/02/2014 15:30:00,0.0
14/02/2014 15:45:00,0.0
14/02/2014 16:00:00,0.0
14/02/2014 16:15:00,0.0
14/02/2014 16:30:00,0.0
14/02/2014 16:45:00,0.0
14/02/2014 17:00:00,0.0
14/02/2014 17:15:00,0.0
14/02/2014 17:30:00,0.0
14/02/2014 17:45:00,0.0
14/02/2014 18:00:00,0.0
14/02/2014 18:15:00,0.0
14/02/2014 18:30:00,0.0
14/02/2014 18:45:00,0.0
14/02/2014 19:00:00,0.0
14/02/2014 19:15:00,0.0
14/02/2014 19:30:00,0.0
14/02/2014 19:45:00,0.0
14/02/2014 20:00:00,0.0
14/02/2014 20:15:00,0.0
14/02/2014 20:30:00,0.0
14/02/2014 20:45:00,0.0
14/02/2014 21:00:00,0.0
14/02/2014 21:15:00,0.0
14/02/2014 21:30:00,0.0
14/02/2014 21:45:00,0.0
14/02/2014 22:00:00,0.0
14/02/2014 22:15:00,0.0
14/02/2014 22:30:00,0.0
14/02/2014 22:45:00,0.0
14/02/2014 23:00:00,0.0
14/02/2014 23:15:00,0.0
14/02/2014 23:30:00,0.0
14/02/2014 23:45:00,0.0
15/02/2014 00:00:00,0.0
15/02/2014 00:15:00,0.0
15/02/2014 00:30:00,0.0
15/02/2014 00:45:00,0.0
15/02/2014 01:00:00,0.0
15/02/2014 01:15:00,0.0
15/02/2014 01:30:00,0.0
15/02/2014 01:45:00,0.0
15/02/2014 02:00:00,0.0
15/02/2014 02:15:00,0.0
15/02/2014 02:30:00,0.0
15/02/2014 02:45:00,0.0
15/02/2014 03:00:00,0.0
15/02/2014 03:15:00,0.0
15/02/2014 03:30:00,0.0
15/02/2014 03:45:00,0.0
15/02/2014 04:00:00,0.0
15/02/2014 04:15:00,0.0
15/02/2014 04:30:00,0.0
15/02/2014 04:45:00,0.0
15/02/2014 05:00:00,0.0
15/02/2014 05:15:00,0.0
15/02/2014 05:30:00,0.0
15/02/2014 05:45:00,0.0
15/02/2014 06:00:00,0.0
15/02/2014 06:15:00,0.0
15/02/2014 06:30:00,0.0
15/02/2014 06:45:00,0.0
15/02/2014 07:00:00,0.0
15/02/2014 07:15:00,0.0
15/02/2014 07:30:00,0.0
15/02/2014 07:45:00,0.0
15/02/2014 08:00:00,0.0
15/02/2014 08:15:00,0.0
15/02/2014 08:30:00,0.0
15/02/2014 08:45:00,0.0
15/02/2014 09:00:00,0.0
15/02/2014 09:15:00,0.0
15/02/2014 09:30:00,0.0
15/02/2014 09:45:00,0.0
15/02/2014 10:00:00,0.0
15/02/2014 10:15:00,0.0
15/02/2014 10:30:00,0.0
15/02/2014 10:45:00,0.0
15/02/2014 11:00:00,0.0
15/02/2014 11:15:00,0.0
15/02/2014 11:30:00,0.0
15/02/2014 11:45:00,0.0
15/02/2014 12:00:00,0.0
15/02/2014 12:15:00,0.0
15/02/2014 12:30:00,0.0
15/02/2014 12:45:00,0.0
15/02/2014 13:00:00,0.0
15/02/2014 13:15:00,0.0
15/02/2014 13:30:00,0.0
15/02/2014 13:45:00,0.0
15/02/2014 14:00:00,0.0
15/02/2014 14:15:00,0.0
15/02/2014 14:30:00,0.0
15/02/2014 14:45:00,0.0
15/02/2014 15:00:00,0.0
15/02/2014 15:15:00,0.0
15/02/2014 15:30:00,0.0
15/02/2014 15:45:00,0.0
15/02/2014 16:00:00,0.0
15/02/2014 16:15:00,0.0
15/02/2014 16:30:00,0.0
15/02/2014 16:45:00,0.0
15/02/2014 17:00:00,0.0
15/02/2014 17:15:00,0.0
15/02/2014 17:30:00,0.0
15/02/2014 17:45:00,0.0
15/02/2014 18:00:00,0.0
15/02/2014 18:15:00,0.0
15/02/2014 18:30:00,0.0
15/02/2014 18:45:00,0.0
15/02/2014 19:00:00,0.0
15/02/2014 19:15:00,0.0
15/02/2014 19:30:00,0.0
15/02/2014 19:45:00,0.0
15/02/2014 20:00:00,0.0
15/02/2014 20:15:00,0.0
15/02/2014 20:30:00,0.0
15/02/2014 20:45:00,0.0
15/02/2014 21:00:00,0.0
15/02/2014 21:15:00,0.0
15/02/2014 21:30:00,0.0
15/02/2014 21:45:00,0.0
15/02/2014 22:00:00,0.0
15/02/2014 22:15:00,0.0
15/02/2014 22:30:00,0.0
15/02/2014 22:45:00,0.0
15/02/2014 23:00:00,0.0
15/02/2014 23:15:00,0.0
15/02/2014 23:30:00,0.0
15/02/2014 23:45:00,0.0
16/02/2014 00:00:00,0.0
16/02/2014 00:15:00,0.0
16/02/2014 00:30:00,0.0
16/02/2014 00:45:00,0.0
16/02/2014 01:00:00,0.0
16/02/2014 01:15:00,0.0
16/02/2014 01:30:00,0.0
16/02/2014 01:45:00,0.0
16/02/2014 02:00:00,0.0
16/02/2014 02:15:00,0.0
16/02/2014 02:30:00,0.0
16/02/2014 02:45:00,0.0
16/02/2014 03:00:00,0.0
16/02/2014 03:15:00,0.0
16/02/2014 03:30:00,0.0
16/02/2014 03:45:00,0.0
16/02/2014 04:00:00,0.0
16/02/2014 04:15:00,0.0
16/02/2014 04:30:00,0.0
16/02/2014 04:45:00,0.0
16/02/2014 05:00:00,0.0
16/02/2014 05:15:00,0.0
16/02/2014 05:30:00,0.0
16/02/2014 05:45:00,0.0
16/02/2014 06:00:00,0.0
16/02/2014 06:15:00,0.0
16/02/2014 06:30:00,0.0
16/02/2014 06:45:00,0.0
16/02/2014 07:00:00,0.0
16/02/2014 07:15:00,0.0
16/02/2014 07:30:00,0.0
16/02/2014 07:45:00,0.0
16/02/2014 08:00:00,0.0
16/02/2014 08:15:00,0.0
16/02/2014 08:30:00,0.0
16/02/2014 08:45:00,0.0
16/02/2014 09:00:00,0.0
16/02/2014 09:15:00,0.0
16/02/2014 09:30:00,0.0
16/02/2014 09:45:00,0.0
16/02/2014 10:00:00,0.0
16/02/2014 10:15:00,0.0
16/02/2014 10:30:00,0.0
16/02/2014 10:45:00,0.0
16/02/2014 11:00:00,0.0
16/02/2014 11:15:00,0.0
16/02/2014 11:30:00,0.0
16/02/2014 11:45:00,0.0
16/02/2014 12:00:00,0.0
16/02/2014 12:15:00,0.0
16/02/2014 12:30:00,0.0
16/02/2014 12:45:00,0.0
16/02/2014 13:00:00,0.253
16/02/2014 13:15:00,0.4826
16/02/2014 13:30:00,0.129733333333
16/02/2014 13:45:00,0.0
16/02/2014 14:00:00,0.0
16/02/2014 14:15:00,0.0
16/02/2014 14:30:00,0.0
16/02/2014 14:45:00,0.0
16/02/2014 15:00:00,0.0
16/02/2014 15:15:00,0.0
16/02/2014 15:30:00,0.0
16/02/2014 15:45:00,0.0
16/02/2014 16:00:00,0.0
16/02/2014 16:15:00,0.0
16/02/2014 16:30:00,0.0
16/02/2014 16:45:00,0.0
16/02/2014 17:00:00,0.0
16/02/2014 17:15:00,0.0
16/02/2014 17:30:00,0.0
16/02/2014 17:45:00,0.0
16/02/2014 18:00:00,0.0
16/02/2014 18:15:00,0.0
16/02/2014 18:30:00,0.0
16/02/2014 18:45:00,0.0
16/02/2014 19:00:00,0.0
16/02/2014 19:15:00,0.0
16/02/2014 19:30:00,0.0
16/02/2014 19:45:00,0.0
16/02/2014 20:00:00,0.0
16/02/2014 20:15:00,0.0
16/02/2014 20:30:00,0.0
16/02/2014 20:45:00,0.0
16/02/2014 21:00:00,0.0
16/02/2014 21:15:00,0.0
16/02/2014 21:30:00,0.0
16/02/2014 21:45:00,0.0
16/02/2014 22:00:00,0.0
16/02/2014 22:15:00,0.0
16/02/2014 22:30:00,0.0
16/02/2014 22:45:00,0.0
16/02/2014 23:00:00,0.0
16/02/2014 23:15:00,0.0
16/02/2014 23:30:00,0.0
16/02/2014 23:45:00,0.0
17/02/2014 00:00:00,0.0
17/02/2014 00:15:00,0.0
17/02/2014 00:30:00,0.0
17/02/2014 00:45:00,0.0
17/02/2014 01:00:00,0.0
17/02/2014 01:15:00,0.0
17/02/2014 01:30:00,0.0
17/02/2014 01:45:00,0.0
17/02/2014 02:00:00,0.0
17/02/2014 02:15:00,0.0
17/02/2014 02:30:00,0.0
17/02/2014 02:45:00,0.0
17/02/2014 03:00:00,0.0
17/02/2014 03:15:00,0.0
17/02/2014 03:30:00,0.0
17/02/2014 03:45:00,0.0
17/02/2014 04:00:00,0.0
17/02/2014 04:15:00,0.0
17/02/2014 04:30:00,0.0
17/02/2014 04:45:00,0.0
17/02/2014 05:00:00,0.0
17/02/2014 05:15:00,0.0
17/02/2014 05:30:00,0.0
17/02/2014 05:45:00,0.0
17/02/2014 06:00:00,0.0
17/02/2014 06:15:00,0.0
17/02/2014 06:30:00,0.0
17/02/2014 06:45:00,0.0
17/02/2014 07:00:00,0.0
17/02/2014 07:15:00,0.0
17/02/2014 07:30:00,0.0
17/02/2014 07:45:00,0.0
17/02/2014 08:00:00,0.0
17/02/2014 08:15:00,0.0
17/02/2014 08:30:00,0.0
17/02/2014 08:45:00,0.0
17/02/2014 09:00:00,0.0
17/02/2014 09:15:00,0.0
17/02/2014 09:30:00,0.0
17/02/2014 09:45:00,0.0
17/02/2014 10:00:00,0.0
17/02/2014 10:15:00,0.0
17/02/2014 10:30:00,0.0
17/02/2014 10:45:00,0.0
17/02/2014 11:00:00,0.0
17/02/2014 11:15:00,0.0
17/02/2014 11:30:00,0.0
17/02/2014 11:45:00,0.0
17/02/2014 12:00:00,0.0
17/02/2014 12:15:00,0.0
17/02/2014 12:30:00,0.0
17/02/2014 12:45:00,0.0
17/02/2014 13:00:00,0.0
17/02/2014 13:15:00,0.0
17/02/2014 13:30:00,0.0
17/02/2014 13:45:00,0.0
17/02/2014 14:00:00,0.0
17/02/2014 14:15:00,0.0
17/02/2014 14:30:00,0.0
17/02/2014 14:45:00,0.0
17/02/2014 15:00:00,0.0
17/02/2014 15:15:00,0.0
17/02/2014 15:30:00,0.0
17/02/2014 15:45:00,0.0
17/02/2014 16:00:00,0.0
17/02/2014 16:15:00,0.0
17/02/2014 16:30:00,0.0
17/02/2014 16:45:00,0.0
17/02/2014 17:00:00,0.0
17/02/2014 17:15:00,0.0
17/02/2014 17:30:00,0.0
17/02/2014 17:45:00,0.0
17/02/2014 18:00:00,0.0
17/02/2014 18:15:00,0.0
17/02/2014 18:30:00,0.0
17/02/2014 18:45:00,0.0
17/02/2014 19:00:00,0.0
17/02/2014 19:15:00,0.0
17/02/2014 19:30:00,0.0
17/02/2014 19:45:00,0.0
17/02/2014 20:00:00,0.0
17/02/2014 20:15:00,0.0
17/02/2014 20:30:00,0.0
17/02/2014 20:45:00,0.0
17/02/2014 21:00:00,0.0
17/02/2014 21:15:00,0.0
17/02/2014 21:30:00,0.0
17/02/2014 21:45:00,0.0
17/02/2014 22:00:00,0.0
17/02/2014 22:15:00,0.0
17/02/2014 22:30:00,0.0
17/02/2014 22:45:00,0.0
17/02/2014 23:00:00,0.0
17/02/2014 23:15:00,0.0
17/02/2014 23:30:00,0.0
17/02/2014 23:45:00,0.0
18/02/2014 00:00:00,0.0
18/02/2014 00:15:00,0.0
18/02/2014 00:30:00,0.0
18/02/2014 00:45:00,0.0
18/02/2014 01:00:00,0.0
18/02/2014 01:15:00,0.0
18/02/2014 01:30:00,0.0
18/02/2014 01:45:00,0.0
18/02/2014 02:00:00,0.0
18/02/2014 02:15:00,0.0
18/02/2014 02:30:00,0.0
18/02/2014 02:45:00,0.0
18/02/2014 03:00:00,0.0
18/02/2014 03:15:00,0.0
18/02/2014 03:30:00,0.0
18/02/2014 03:45:00,0.0
18/02/2014 04:00:00,0.0
18/02/2014 04:15:00,0.0
18/02/2014 04:30:00,0.0
18/02/2014 04:45:00,0.0
18/02/2014 05:00:00,0.0
18/02/2014 05:15:00,0.0
18/02/2014 05:30:00,0.0
18/02/2014 05:45:00,0.0
18/02/2014 06:00:00,0.0
18/02/2014 06:15:00,0.0
18/02/2014 06:30:00,0.0
18/02/2014 06:45:00,0.0
18/02/2014 07:00:00,0.0
18/02/2014 07:15:00,0.0
18/02/2014 07:30:00,0.0
18/02/2014 07:45:00,0.0
18/02/2014 08:00:00,0.0
18/02/2014 08:15:00,0.0
18/02/2014 08:30:00,0.0
18/02/2014 08:45:00,0.0
18/02/2014 09:00:00,0.0
18/02/2014 09:15:00,0.0
18/02/2014 09:30:00,0.0
18/02/2014 09:45:00,0.0
18/02/2014 10:00:00,0.0
18/02/2014 10:15:00,0.0
18/02/2014 10:30:00,0.0
18/02/2014 10:45:00,0.0
18/02/2014 11:00:00,0.0
18/02/2014 11:15:00,0.0
18/02/2014 11:30:00,0.0
18/02/2014 11:45:00,0.0
18/02/2014 12:00:00,0.0
18/02/2014 12:15:00,0.0
18/02/2014 12:30:00,0.0
18/02/2014 12:45:00,0.0
18/02/2014 13:00:00,0.0
18/02/2014 13:15:00,0.0
18/02/2014 13:30:00,0.0
18/02/2014 13:45:00,0.0
18/02/2014 14:00:00,0.0
18/02/2014 14:15:00,0.0
18/02/2014 14:30:00,0.0
18/02/2014 14:45:00,0.0
18/02/2014 15:00:00,0.0
18/02/2014 15:15:00,0.0
18/02/2014 15:30:00,0.0
18/02/2014 15:45:00,0.0
18/02/2014 16:00:00,0.0
18/02/2014 16:15:00,0.0
18/02/2014 16:30:00,0.0
18/02/2014 16:45:00,0.0
18/02/2014 17:00:00,0.0
18/02/2014 17:15:00,0.0
18/02/2014 17:30:00,0.0
18/02/2014 17:45:00,0.0
18/02/2014 18:00:00,0.0
18/02/2014 18:15:00,0.0
18/02/2014 18:30:00,0.0
18/02/2014 18:45:00,0.0
18/02/2014 19:00:00,0.0
18/02/2014 19:15:00,0.0
18/02/2014 19:30:00,0.0
18/02/2014 19:45:00,0.0
18/02/2014 20:00:00,0.0
18/02/2014 20:15:00,0.0
18/02/2014 20:30:00,0.0
18/02/2014 20:45:00,0.0
18/02/2014 21:00:00,0.0
18/02/2014 21:15:00,0.0
18/02/2014 21:30:00,0.0
18/02/2014 21:45:00,0.0
18/02/2014 22:00:00,0.0
18/02/2014 22:15:00,0.0
18/02/2014 22:30:00,0.0
18/02/2014 22:45:00,0.0
18/02/2014 23:00:00,0.0
18/02/2014 23:15:00,0.0
18/02/2014 23:30:00,0.0
18/02/2014 23:45:00,0.0
19/02/2014 00:00:00,0.0
19/02/2014 00:15:00,0.0
19/02/2014 00:30:00,0.0
19/02/2014 00:45:00,0.0
19/02/2014 01:00:00,0.0
19/02/2014 01:15:00,0.0
19/02/2014 01:30:00,0.0
19/02/2014 01:45:00,0.0
19/02/2014 02:00:00,0.0
19/02/2014 02:15:00,0.0
19/02/2014 02:30:00,0.0
19/02/2014 02:45:00,0.0
19/02/2014 03:00:00,0.0
19/02/2014 03:15:00,0.0
19/02/2014 03:30:00,0.0
19/02/2014 03:45:00,0.0
19/02/2014 04:00:00,0.0
19/02/2014 04:15:00,0.0
19/02/2014 04:30:00,0.0
19/02/2014 04:45:00,0.0
19/02/2014 05:00:00,0.0
19/02/2014 05:15:00,0.0
19/02/2014 05:30:00,0.0
19/02/2014 05:45:00,0.0
19/02/2014 06:00:00,0.0
19/02/2014 06:15:00,0.0
19/02/2014 06:30:00,0.0
19/02/2014 06:45:00,0.0
19/02/2014 07:00:00,0.0
19/02/2014 07:15:00,0.0
19/02/2014 07:30:00,0.0
19/02/2014 07:45:00,0.0
19/02/2014 08:00:00,0.0
19/02/2014 08:15:00,0.0
19/02/2014 08:30:00,0.0
19/02/2014 08:45:00,0.0
19/02/2014 09:00:00,0.0
19/02/2014 09:15:00,0.0
19/02/2014 09:30:00,0.0
19/02/2014 09:45:00,0.0
19/02/2014 10:00:00,0.0
19/02/2014 10:15:00,0.0
19/02/2014 10:30:00,0.0
19/02/2014 10:45:00,0.0
19/02/2014 11:00:00,0.0
19/02/2014 11:15:00,0.0
19/02/2014 11:30:00,0.0
19/02/2014 11:45:00,0.0
19/02/2014 12:00:00,0.0
19/02/2014 12:15:00,0.0
19/02/2014 12:30:00,0.0
19/02/2014 12:45:00,0.0
19/02/2014 13:00:00,0.0
19/02/2014 13:15:00,0.0
19/02/2014 13:30:00,0.0
19/02/2014 13:45:00,0.0
19/02/2014 14:00:00,0.0
19/02/2014 14:15:00,0.0
19/02/2014 14:30:00,0.0
19/02/2014 14:45:00,0.0
19/02/2014 15:00:00,0.0
19/02/2014 15:15:00,0.0
19/02/2014 15:30:00,0.0
19/02/2014 15:45:00,0.0
19/02/2014 16:00:00,0.0
19/02/2014 16:15:00,0.0
19/02/2014 16:30:00,0.0
19/02/2014 16:45:00,0.0
19/02/2014 17:00:00,0.0
19/02/2014 17:15:00,0.0
19/02/2014 17:30:00,0.0
19/02/2014 17:45:00,0.0
19/02/2014 18:00:00,0.0
19/02/2014 18:15:00,0.0
19/02/2014 18:30:00,0.0
19/02/2014 18:45:00,0.0
19/02/2014 19:00:00,0.0
19/02/2014 19:15:00,0.0
19/02/2014 19:30:00,0.0
19/02/2014 19:45:00,0.0
19/02/2014 20:00:00,0.0
19/02/2014 20:15:00,0.0
19/02/2014 20:30:00,0.0
19/02/2014 20:45:00,0.0
19/02/2014 21:00:00,0.0
19/02/2014 21:15:00,0.0
19/02/2014 21:30:00,0.0
19/02/2014 21:45:00,0.0
19/02/2014 22:00:00,0.0
19/02/2014 22:15:00,0.0
19/02/2014 22:30:00,0.0
19/02/2014 22:45:00,0.0
19/02/2014 23:00:00,0.0
19/02/2014 23:15:00,0.0
19/02/2014 23:30:00,0.0
19/02/2014 23:45:00,0.0
20/02/2014 00:00:00,0.0
20/02/2014 00:15:00,0.0
20/02/2014 00:30:00,0.0
20/02/2014 00:45:00,0.0
20/02/2014 01:00:00,0.0
20/02/2014 01:15:00,0.0
20/02/2014 01:30:00,0.0
20/02/2014 01:45:00,0.0
20/02/2014 02:00:00,0.0
20/02/2014 02:15:00,0.0
20/02/2014 02:30:00,0.0
20/02/2014 02:45:00,0.0
20/02/2014 03:00:00,0.0
20/02/2014 03:15:00,0.0
20/02/2014 03:30:00,0.0
20/02/2014 03:45:00,0.0
20/02/2014 04:00:00,0.0
20/02/2014 04:15:00,0.0
20/02/2014 04:30:00,0.0
20/02/2014 04:45:00,0.0
20/02/2014 05:00:00,0.0
20/02/2014 05:15:00,0.0
20/02/2014 05:30:00,0.0
20/02/2014 05:45:00,0.0
20/02/2014 06:00:00,0.0
20/02/2014 06:15:00,0.0
20/02/2014 06:30:00,0.0
20/02/2014 06:45:00,0.0
20/02/2014 07:00:00,0.0
20/02/2014 07:15:00,0.0
20/02/2014 07:30:00,0.0
20/02/2014 07:45:00,0.0
20/02/2014 08:00:00,0.0
20/02/2014 08:15:00,0.0
20/02/2014 08:30:00,0.0
20/02/2014 08:45:00,0.0
20/02/2014 09:00:00,0.0
20/02/2014 09:15:00,0.0
20/02/2014 09:30:00,0.0
20/02/2014 09:45:00,0.0
20/02/2014 10:00:00,0.0
20/02/2014 10:15:00,0.0
20/02/2014 10:30:00,0.0
20/02/2014 10:45:00,0.0
20/02/2014 11:00:00,0.0
20/02/2014 11:15:00,0.0
20/02/2014 11:30:00,0.0
20/02/2014 11:45:00,0.0
20/02/2014 12:00:00,0.0
20/02/2014 12:15:00,0.0
20/02/2014 12:30:00,0.0
20/02/2014 12:45:00,0.0
20/02/2014 13:00:00,0.0
20/02/2014 13:15:00,0.0
20/02/2014 13:30:00,0.0
20/02/2014 13:45:00,0.0
20/02/2014 14:00:00,0.0
20/02/2014 14:15:00,0.0
20/02/2014 14:30:00,0.0
20/02/2014 14:45:00,0.0
20/02/2014 15:00:00,0.0
20/02/2014 15:15:00,0.0
20/02/2014 15:30:00,0.0
20/02/2014 15:45:00,0.0
20/02/2014 16:00:00,0.0
20/02/2014 16:15:00,0.0
20/02/2014 16:30:00,0.0
20/02/2014 16:45:00,0.0
20/02/2014 17:00:00,0.0
20/02/2014 17:15:00,0.0
20/02/2014 17:30:00,0.0
20/02/2014 17:45:00,0.0
20/02/2014 18:00:00,0.0
20/02/2014 18:15:00,0.0
20/02/2014 18:30:00,0.0
20/02/2014 18:45:00,0.0
20/02/2014 19:00:00,0.0
20/02/2014 19:15:00,0.0
20/02/2014 19:30:00,0.0
20/02/2014 19:45:00,0.0
20/02/2014 20:00:00,0.0
20/02/2014 20:15:00,0.0
20/02/2014 20:30:00,0.0
20/02/2014 20:45:00,0.0
20/02/2014 21:00:00,0.0
20/02/2014 21:15:00,0.0
20/02/2014 21:30:00,0.0
20/02/2014 21:45:00,0.0
20/02/2014 22:00:00,0.0
20/02/2014 22:15:00,0.0
20/02/2014 22:30:00,0.0
20/02/2014 22:45:00,0.0
20/02/2014 23:00:00,0.0
20/02/2014 23:15:00,0.0
20/02/2014 23:30:00,0.0
20/02/2014 23:45:00,0.0
21/02/2014 00:00:00,0.0
21/02/2014 00:15:00,0.0
21/02/2014 00:30:00,0.0
21/02/2014 00:45:00,0.0
21/02/2014 01:00:00,0.0
21/02/2014 01:15:00,0.0
21/02/2014 01:30:00,0.0
21/02/2014 01:45:00,0.0
21/02/2014 02:00:00,0.0
21/02/2014 02:15:00,0.0
21/02/2014 02:30:00,0.0
21/02/2014 02:45:00,0.0
21/02/2014 03:00:00,0.0
21/02/2014 03:15:00,0.0
21/02/2014 03:30:00,0.0
21/02/2014 03:45:00,0.0
21/02/2014 04:00:00,0.0
21/02/2014 04:15:00,0.0
21/02/2014 04:30:00,0.0
21/02/2014 04:45:00,0.0
21/02/2014 05:00:00,0.0
21/02/2014 05:15:00,0.0
21/02/2014 05:30:00,0.0
21/02/2014 05:45:00,0.0
21/02/2014 06:00:00,0.0
21/02/2014 06:15:00,0.0
21/02/2014 06:30:00,0.0
21/02/2014 06:45:00,0.0
21/02/2014 07:00:00,0.0
21/02/2014 07:15:00,0.0
21/02/2014 07:30:00,0.0
21/02/2014 07:45:00,0.0
21/02/2014 08:00:00,0.0
21/02/2014 08:15:00,0.0
21/02/2014 08:30:00,0.0
21/02/2014 08:45:00,0.0
21/02/2014 09:00:00,0.0
21/02/2014 09:15:00,0.0
21/02/2014 09:30:00,0.0
21/02/2014 09:45:00,0.0
21/02/2014 10:00:00,0.0
21/02/2014 10:15:00,0.0
21/02/2014 10:30:00,0.0
21/02/2014 10:45:00,0.0
21/02/2014 11:00:00,0.0
21/02/2014 11:15:00,0.0
21/02/2014 11:30:00,0.0
21/02/2014 11:45:00,0.0
21/02/2014 12:00:00,0.0
21/02/2014 12:15:00,0.0
21/02/2014 12:30:00,0.0
21/02/2014 12:45:00,0.0
21/02/2014 13:00:00,0.0
21/02/2014 13:15:00,0.0
21/02/2014 13:30:00,0.0
21/02/2014 13:45:00,0.0
21/02/2014 14:00:00,0.0
21/02/2014 14:15:00,0.0
21/02/2014 14:30:00,0.0
21/02/2014 14:45:00,0.0
21/02/2014 15:00:00,0.0
21/02/2014 15:15:00,0.0
21/02/2014 15:30:00,0.0
21/02/2014 15:45:00,0.0
21/02/2014 16:00:00,0.0
21/02/2014 16:15:00,0.0
21/02/2014 16:30:00,0.0
21/02/2014 16:45:00,0.0
21/02/2014 17:00:00,0.0
21/02/2014 17:15:00,0.0
21/02/2014 17:30:00,0.0
21/02/2014 17:45:00,0.0
21/02/2014 18:00:00,0.0
21/02/2014 18:15:00,0.0
21/02/2014 18:30:00,0.0
21/02/2014 18:45:00,0.0
21/02/2014 19:00:00,0.0
21/02/2014 19:15:00,0.0
21/02/2014 19:30:00,0.0
21/02/2014 19:45:00,0.0
21/02/2014 20:00:00,0.0
21/02/2014 20:15:00,0.0
21/02/2014 20:30:00,0.0
21/02/2014 20:45:00,0.0
21/02/2014 21:00:00,0.0
21/02/2014 21:15:00,0.0
21/02/2014 21:30:00,0.0
21/02/2014 21:45:00,0.0
21/02/2014 22:00:00,0.0
21/02/2014 22:15:00,0.0
21/02/2014 22:30:00,0.0
21/02/2014 22:45:00,0.0
21/02/2014 23:00:00,0.0
21/02/2014 23:15:00,0.0
21/02/2014 23:30:00,0.0
21/02/2014 23:45:00,0.0
22/02/2014 00:00:00,0.0
22/02/2014 00:15:00,0.0
22/02/2014 00:30:00,0.0
22/02/2014 00:45:00,0.0
22/02/2014 01:00:00,0.0
22/02/2014 01:15:00,0.0
22/02/2014 01:30:00,0.0
22/02/2014 01:45:00,0.0
22/02/2014 02:00:00,0.0
22/02/2014 02:15:00,0.0
22/02/2014 02:30:00,0.0
22/02/2014 02:45:00,0.0
22/02/2014 03:00:00,0.0
22/02/2014 03:15:00,0.0
22/02/2014 03:30:00,0.0
22/02/2014 03:45:00,0.0
22/02/2014 04:00:00,0.0
22/02/2014 04:15:00,0.0
22/02/2014 04:30:00,0.0
22/02/2014 04:45:00,0.0
22/02/2014 05:00:00,0.0
22/02/2014 05:15:00,0.0
22/02/2014 05:30:00,0.0
22/02/2014 05:45:00,0.0
22/02/2014 06:00:00,0.0
22/02/2014 06:15:00,0.0
22/02/2014 06:30:00,0.0
22/02/2014 06:45:00,0.0
22/02/2014 07:00:00,0.0
22/02/2014 07:15:00,0.0
22/02/2014 07:30:00,0.0
22/02/2014 07:45:00,0.0
22/02/2014 08:00:00,0.0
22/02/2014 08:15:00,0.0
22/02/2014 08:30:00,0.0
22/02/2014 08:45:00,0.0
22/02/2014 09:00:00,0.0
22/02/2014 09:15:00,0.0
22/02/2014 09:30:00,0.0
22/02/2014 09:45:00,0.0
22/02/2014 10:00:00,0.0
22/02/2014 10:15:00,0.0
22/02/2014 10:30:00,0.0
22/02/2014 10:45:00,0.0
22/02/2014 11:00:00,0.0
22/02/2014 11:15:00,0.0
22/02/2014 11:30:00,0.0
22/02/2014 11:45:00,0.0
22/02/2014 12:00:00,0.0
22/02/2014 12:15:00,0.0
22/02/2014 12:30:00,0.0
22/02/2014 12:45:00,0.0
22/02/2014 13:00:00,0.0
22/02/2014 13:15:00,0.0
22/02/2014 13:30:00,0.0
22/02/2014 13:45:00,0.0
22/02/2014 14:00:00,0.0
22/02/2014 14:15:00,0.0
22/02/2014 14:30:00,0.0
22/02/2014 14:45:00,0.0
22/02/2014 15:00:00,0.0
22/02/2014 15:15:00,0.0
22/02/2014 15:30:00,0.0
22/02/2014 15:45:00,0.0
22/02/2014 16:00:00,0.0
22/02/2014 16:15:00,0.0
22/02/2014 16:30:00,0.0
22/02/2014 16:45:00,0.0
22/02/2014 17:00:00,0.0
22/02/2014 17:15:00,0.0
22/02/2014 17:30:00,0.0
22/02/2014 17:45:00,0.0
22/02/2014 18:00:00,0.0
22/02/2014 18:15:00,0.0
22/02/2014 18:30:00,0.0
22/02/2014 18:45:00,0.0
22/02/2014 19:00:00,0.0
22/02/2014 19:15:00,0.0
22/02/2014 19:30:00,0.0
22/02/2014 19:45:00,0.0
22/02/2014 20:00:00,0.0
22/02/2014 20:15:00,0.0
22/02/2014 20:30:00,0.0
22/02/2014 20:45:00,0.0
22/02/2014 21:00:00,0.0
22/02/2014 21:15:00,0.0
22/02/2014 21:30:00,0.0
22/02/2014 21:45:00,0.0
22/02/2014 22:00:00,0.0
22/02/2014 22:15:00,0.0
22/02/2014 22:30:00,0.0
22/02/2014 22:45:00,0.0
22/02/2014 23:00:00,0.0
22/02/2014 23:15:00,0.0
22/02/2014 23:30:00,0.0
22/02/2014 23:45:00,0.0
23/02/2014 00:00:00,0.0
23/02/2014 00:15:00,0.0
23/02/2014 00:30:00,0.0
23/02/2014 00:45:00,0.0
23/02/2014 01:00:00,0.0
23/02/2014 01:15:00,0.0
23/02/2014 01:30:00,0.0
23/02/2014 01:45:00,0.0
23/02/2014 02:00:00,0.0
23/02/2014 02:15:00,0.0
23/02/2014 02:30:00,0.0
23/02/2014 02:45:00,0.0
23/02/2014 03:00:00,0.0
23/02/2014 03:15:00,0.0
23/02/2014 03:30:00,0.0
23/02/2014 03:45:00,0.0
23/02/2014 04:00:00,0.0
23/02/2014 04:15:00,0.0
23/02/2014 04:30:00,0.0
23/02/2014 04:45:00,0.0
23/02/2014 05:00:00,0.0
23/02/2014 05:15:00,0.0
23/02/2014 05:30:00,0.0
23/02/2014 05:45:00,0.0
23/02/2014 06:00:00,0.0
23/02/2014 06:15:00,0.0
23/02/2014 06:30:00,0.0
23/02/2014 06:45:00,0.0
23/02/2014 07:00:00,0.0
23/02/2014 07:15:00,0.0
23/02/2014 07:30:00,0.0
23/02/2014 07:45:00,0.0
23/02/2014 08:00:00,0.0
23/02/2014 08:15:00,0.0
23/02/2014 08:30:00,0.0
23/02/2014 08:45:00,0.0
23/02/2014 09:00:00,0.0
23/02/2014 09:15:00,0.0
23/02/2014 09:30:00,0.223133333333
23/02/2014 09:45:00,0.352733333333
23/02/2014 10:00:00,0.277533333333
23/02/2014 10:15:00,0.185866666667
23/02/2014 10:30:00,0.335666666667
23/02/2014 10:45:00,0.379533333333
23/02/2014 11:00:00,0.0
23/02/2014 11:15:00,0.0
23/02/2014 11:30:00,0.001
23/02/2014 11:45:00,0.399133333333
23/02/2014 12:00:00,0.388066666667
23/02/2014 12:15:00,0.115666666667
23/02/2014 12:30:00,0.0
23/02/2014 12:45:00,0.0
23/02/2014 13:00:00,0.0
23/02/2014 13:15:00,0.0
23/02/2014 13:30:00,0.0
23/02/2014 13:45:00,0.0
23/02/2014 14:00:00,0.0
23/02/2014 14:15:00,0.0
23/02/2014 14:30:00,0.0
23/02/2014 14:45:00,0.0
23/02/2014 15:00:00,0.0
23/02/2014 15:15:00,0.000733333333333
23/02/2014 15:30:00,0.416933333333
23/02/2014 15:45:00,0.363733333333
23/02/2014 16:00:00,0.0884666666667
23/02/2014 16:15:00,0.0
23/02/2014 16:30:00,0.0
23/02/2014 16:45:00,0.0
23/02/2014 17:00:00,0.0
23/02/2014 17:15:00,0.0
23/02/2014 17:30:00,0.0
23/02/2014 17:45:00,0.0
23/02/2014 18:00:00,0.0
23/02/2014 18:15:00,0.0
23/02/2014 18:30:00,0.0
23/02/2014 18:45:00,0.0
23/02/2014 19:00:00,0.0
23/02/2014 19:15:00,0.0
23/02/2014 19:30:00,0.0
23/02/2014 19:45:00,0.000533333333333
23/02/2014 20:00:00,0.3612
23/02/2014 20:15:00,0.348266666667
23/02/2014 20:30:00,0.237533333333
23/02/2014 20:45:00,0.0
23/02/2014 21:00:00,0.0006
23/02/2014 21:15:00,0.317866666667
23/02/2014 21:30:00,0.391266666667
23/02/2014 21:45:00,0.1626
23/02/2014 22:00:00,0.331733333333
23/02/2014 22:15:00,0.322533333333
23/02/2014 22:30:00,0.2256
23/02/2014 22:45:00,0.3362
23/02/2014 23:00:00,0.263933333333
23/02/2014 23:15:00,0.0
23/02/2014 23:30:00,0.0
23/02/2014 23:45:00,0.0
24/02/2014 00:00:00,0.0
24/02/2014 00:15:00,0.0
24/02/2014 00:30:00,0.0
24/02/2014 00:45:00,0.0
24/02/2014 01:00:00,0.0
24/02/2014 01:15:00,0.0
24/02/2014 01:30:00,0.0
24/02/2014 01:45:00,0.0
24/02/2014 02:00:00,0.0
24/02/2014 02:15:00,0.0
24/02/2014 02:30:00,0.0
24/02/2014 02:45:00,0.0
24/02/2014 03:00:00,0.0
24/02/2014 03:15:00,0.0
24/02/2014 03:30:00,0.0
24/02/2014 03:45:00,0.0
24/02/2014 04:00:00,0.0
24/02/2014 04:15:00,0.0
24/02/2014 04:30:00,0.0
24/02/2014 04:45:00,0.0
24/02/2014 05:00:00,0.0
24/02/2014 05:15:00,0.0
24/02/2014 05:30:00,0.0
24/02/2014 05:45:00,0.0
24/02/2014 06:00:00,0.0
24/02/2014 06:15:00,0.0
24/02/2014 06:30:00,0.0
24/02/2014 06:45:00,0.0
24/02/2014 07:00:00,0.0
24/02/2014 07:15:00,0.0
24/02/2014 07:30:00,0.0
24/02/2014 07:45:00,0.0
24/02/2014 08:00:00,0.0
24/02/2014 08:15:00,0.0
24/02/2014 08:30:00,0.0
24/02/2014 08:45:00,0.0
24/02/2014 09:00:00,0.0
24/02/2014 09:15:00,0.0
24/02/2014 09:30:00,0.0
24/02/2014 09:45:00,0.0
24/02/2014 10:00:00,0.0
24/02/2014 10:15:00,0.0
24/02/2014 10:30:00,0.0
24/02/2014 10:45:00,0.0
24/02/2014 11:00:00,0.0
24/02/2014 11:15:00,0.0
24/02/2014 11:30:00,0.0
24/02/2014 11:45:00,0.0
24/02/2014 12:00:00,0.0
24/02/2014 12:15:00,0.0
24/02/2014 12:30:00,0.0
24/02/2014 12:45:00,0.0
24/02/2014 13:00:00,0.0
24/02/2014 13:15:00,0.0
24/02/2014 13:30:00,0.0
24/02/2014 13:45:00,0.0
24/02/2014 14:00:00,0.0
24/02/2014 14:15:00,0.0
24/02/2014 14:30:00,0.0
24/02/2014 14:45:00,0.0
24/02/2014 15:00:00,0.0
24/02/2014 15:15:00,0.0
24/02/2014 15:30:00,0.0
24/02/2014 15:45:00,0.0
24/02/2014 16:00:00,0.0
24/02/2014 16:15:00,0.0
24/02/2014 16:30:00,0.0
24/02/2014 16:45:00,0.0
24/02/2014 17:00:00,0.0
24/02/2014 17:15:00,0.0
24/02/2014 17:30:00,0.0
24/02/2014 17:45:00,0.0
24/02/2014 18:00:00,0.0
24/02/2014 18:15:00,0.0
24/02/2014 18:30:00,0.0
24/02/2014 18:45:00,0.0
24/02/2014 19:00:00,0.0
24/02/2014 19:15:00,0.0
24/02/2014 19:30:00,0.0
24/02/2014 19:45:00,0.0
24/02/2014 20:00:00,0.0
24/02/2014 20:15:00,0.0
24/02/2014 20:30:00,0.0
24/02/2014 20:45:00,0.0
24/02/2014 21:00:00,0.0
24/02/2014 21:15:00,0.0
24/02/2014 21:30:00,0.0
24/02/2014 21:45:00,0.0
24/02/2014 22:00:00,0.0
24/02/2014 22:15:00,0.0
24/02/2014 22:30:00,0.0
24/02/2014 22:45:00,0.0
24/02/2014 23:00:00,0.0
24/02/2014 23:15:00,0.0
24/02/2014 23:30:00,0.0
24/02/2014 23:45:00,0.0
25/02/2014 00:00:00,0.0
25/02/2014 00:15:00,0.0
25/02/2014 00:30:00,0.0
25/02/2014 00:45:00,0.0
25/02/2014 01:00:00,0.0
25/02/2014 01:15:00,0.0
25/02/2014 01:30:00,0.0
25/02/2014 01:45:00,0.0
25/02/2014 02:00:00,0.0
25/02/2014 02:15:00,0.0
25/02/2014 02:30:00,0.0
25/02/2014 02:45:00,0.0
25/02/2014 03:00:00,0.0
25/02/2014 03:15:00,0.0
25/02/2014 03:30:00,0.0
25/02/2014 03:45:00,0.0
25/02/2014 04:00:00,0.0
25/02/2014 04:15:00,0.0
25/02/2014 04:30:00,0.0
25/02/2014 04:45:00,0.0
25/02/2014 05:00:00,0.0
25/02/2014 05:15:00,0.0
25/02/2014 05:30:00,0.0
25/02/2014 05:45:00,0.0
25/02/2014 06:00:00,0.0
25/02/2014 06:15:00,0.0
25/02/2014 06:30:00,0.0
25/02/2014 06:45:00,0.0
25/02/2014 07:00:00,0.0
25/02/2014 07:15:00,0.0
25/02/2014 07:30:00,0.0
25/02/2014 07:45:00,0.0
25/02/2014 08:00:00,0.0
25/02/2014 08:15:00,0.0
25/02/2014 08:30:00,0.0
25/02/2014 08:45:00,0.0
25/02/2014 09:00:00,0.0
25/02/2014 09:15:00,0.0
25/02/2014 09:30:00,0.0
25/02/2014 09:45:00,0.0
25/02/2014 10:00:00,0.0
25/02/2014 10:15:00,0.0
25/02/2014 10:30:00,0.0
25/02/2014 10:45:00,0.0
25/02/2014 11:00:00,0.0
25/02/2014 11:15:00,0.0
25/02/2014 11:30:00,0.0
25/02/2014 11:45:00,0.0
25/02/2014 12:00:00,0.0
25/02/2014 12:15:00,0.0
25/02/2014 12:30:00,0.0
25/02/2014 12:45:00,0.0
25/02/2014 13:00:00,0.0
25/02/2014 13:15:00,0.0
25/02/2014 13:30:00,0.0
25/02/2014 13:45:00,0.0
25/02/2014 14:00:00,0.0
25/02/2014 14:15:00,0.0
25/02/2014 14:30:00,0.0
25/02/2014 14:45:00,0.0
25/02/2014 15:00:00,0.0
25/02/2014 15:15:00,0.0
25/02/2014 15:30:00,0.0
25/02/2014 15:45:00,0.0
25/02/2014 16:00:00,0.0
25/02/2014 16:15:00,0.0
25/02/2014 16:30:00,0.0
25/02/2014 16:45:00,0.0
25/02/2014 17:00:00,0.0
25/02/2014 17:15:00,0.0
25/02/2014 17:30:00,0.0
25/02/2014 17:45:00,0.0
25/02/2014 18:00:00,0.0
25/02/2014 18:15:00,0.0
25/02/2014 18:30:00,0.0
25/02/2014 18:45:00,0.0
25/02/2014 19:00:00,0.0
25/02/2014 19:15:00,0.0
25/02/2014 19:30:00,0.0
25/02/2014 19:45:00,0.0
25/02/2014 20:00:00,0.0
25/02/2014 20:15:00,0.0
25/02/2014 20:30:00,0.0
25/02/2014 20:45:00,0.0
25/02/2014 21:00:00,0.0
25/02/2014 21:15:00,0.0
25/02/2014 21:30:00,0.0
25/02/2014 21:45:00,0.0
25/02/2014 22:00:00,0.0
25/02/2014 22:15:00,0.0
25/02/2014 22:30:00,0.0
25/02/2014 22:45:00,0.0
25/02/2014 23:00:00,0.0
25/02/2014 23:15:00,0.0
25/02/2014 23:30:00,0.0
25/02/2014 23:45:00,0.0
26/02/2014 00:00:00,0.0
26/02/2014 00:15:00,0.0
26/02/2014 00:30:00,0.0
26/02/2014 00:45:00,0.0
26/02/2014 01:00:00,0.0
26/02/2014 01:15:00,0.0
26/02/2014 01:30:00,0.0
26/02/2014 01:45:00,0.0
26/02/2014 02:00:00,0.0
26/02/2014 02:15:00,0.0
26/02/2014 02:30:00,0.0
26/02/2014 02:45:00,0.0
26/02/2014 03:00:00,0.0
26/02/2014 03:15:00,0.0
26/02/2014 03:30:00,0.0
26/02/2014 03:45:00,0.0
26/02/2014 04:00:00,0.0
26/02/2014 04:15:00,0.0
26/02/2014 04:30:00,0.0
26/02/2014 04:45:00,0.0
26/02/2014 05:00:00,0.0
26/02/2014 05:15:00,0.0
26/02/2014 05:30:00,0.0
26/02/2014 05:45:00,0.0
26/02/2014 06:00:00,0.0
26/02/2014 06:15:00,0.0
26/02/2014 06:30:00,0.0
26/02/2014 06:45:00,0.0
26/02/2014 07:00:00,0.0
26/02/2014 07:15:00,0.0
26/02/2014 07:30:00,0.0
26/02/2014 07:45:00,0.0
26/02/2014 08:00:00,0.0
26/02/2014 08:15:00,0.0
26/02/2014 08:30:00,0.0
26/02/2014 08:45:00,0.0
26/02/2014 09:00:00,0.0
26/02/2014 09:15:00,0.0
26/02/2014 09:30:00,0.0
26/02/2014 09:45:00,0.0
26/02/2014 10:00:00,0.0
26/02/2014 10:15:00,0.0
26/02/2014 10:30:00,0.0
26/02/2014 10:45:00,0.0
26/02/2014 11:00:00,0.0
26/02/2014 11:15:00,0.0
26/02/2014 11:30:00,0.0
26/02/2014 11:45:00,0.0
26/02/2014 12:00:00,0.0
26/02/2014 12:15:00,0.0
26/02/2014 12:30:00,0.0
26/02/2014 12:45:00,0.0
26/02/2014 13:00:00,0.0
26/02/2014 13:15:00,0.0
26/02/2014 13:30:00,0.0
26/02/2014 13:45:00,0.0
26/02/2014 14:00:00,0.0
26/02/2014 14:15:00,0.0
26/02/2014 14:30:00,0.0
26/02/2014 14:45:00,0.0
26/02/2014 15:00:00,0.0
26/02/2014 15:15:00,0.0
26/02/2014 15:30:00,0.0
26/02/2014 15:45:00,0.0
26/02/2014 16:00:00,0.0
26/02/2014 16:15:00,0.0
26/02/2014 16:30:00,0.0
26/02/2014 16:45:00,0.0
26/02/2014 17:00:00,0.0
26/02/2014 17:15:00,0.0
26/02/2014 17:30:00,0.0
26/02/2014 17:45:00,0.0
26/02/2014 18:00:00,0.0
26/02/2014 18:15:00,0.0
26/02/2014 18:30:00,0.0
26/02/2014 18:45:00,0.0
26/02/2014 19:00:00,0.0
26/02/2014 19:15:00,0.0
26/02/2014 19:30:00,0.0
26/02/2014 19:45:00,0.0
26/02/2014 20:00:00,0.0
26/02/2014 20:15:00,0.0
26/02/2014 20:30:00,0.0
26/02/2014 20:45:00,0.0
26/02/2014 21:00:00,0.0
26/02/2014 21:15:00,0.0
26/02/2014 21:30:00,0.0
26/02/2014 21:45:00,0.0
26/02/2014 22:00:00,0.0
26/02/2014 22:15:00,0.0
26/02/2014 22:30:00,0.0
26/02/2014 22:45:00,0.0
26/02/2014 23:00:00,0.0
26/02/2014 23:15:00,0.0
26/02/2014 23:30:00,0.0
26/02/2014 23:45:00,0.0
27/02/2014 00:00:00,0.0
27/02/2014 00:15:00,0.0
27/02/2014 00:30:00,0.0
27/02/2014 00:45:00,0.0
27/02/2014 01:00:00,0.0
27/02/2014 01:15:00,0.0
27/02/2014 01:30:00,0.0
27/02/2014 01:45:00,0.0
27/02/2014 02:00:00,0.0
27/02/2014 02:15:00,0.0
27/02/2014 02:30:00,0.0
27/02/2014 02:45:00,0.0
27/02/2014 03:00:00,0.0
27/02/2014 03:15:00,0.0
27/02/2014 03:30:00,0.0
27/02/2014 03:45:00,0.0
27/02/2014 04:00:00,0.0
27/02/2014 04:15:00,0.0
27/02/2014 04:30:00,0.0
27/02/2014 04:45:00,0.0
27/02/2014 05:00:00,0.0
27/02/2014 05:15:00,0.0
27/02/2014 05:30:00,0.0
27/02/2014 05:45:00,0.0
27/02/2014 06:00:00,0.0
27/02/2014 06:15:00,0.0
27/02/2014 06:30:00,0.0
27/02/2014 06:45:00,0.0
27/02/2014 07:00:00,0.0
27/02/2014 07:15:00,0.0
27/02/2014 07:30:00,0.0
27/02/2014 07:45:00,0.0
27/02/2014 08:00:00,0.0
27/02/2014 08:15:00,0.0
27/02/2014 08:30:00,0.0
27/02/2014 08:45:00,0.0
27/02/2014 09:00:00,0.0
27/02/2014 09:15:00,0.0
27/02/2014 09:30:00,0.0
27/02/2014 09:45:00,0.0
27/02/2014 10:00:00,0.0
27/02/2014 10:15:00,0.0
27/02/2014 10:30:00,0.0
27/02/2014 10:45:00,0.0
27/02/2014 11:00:00,0.0
27/02/2014 11:15:00,0.0
27/02/2014 11:30:00,0.0
27/02/2014 11:45:00,0.0
27/02/2014 12:00:00,0.0
27/02/2014 12:15:00,0.0
27/02/2014 12:30:00,0.0
27/02/2014 12:45:00,0.0
27/02/2014 13:00:00,0.0
27/02/2014 13:15:00,0.0
27/02/2014 13:30:00,0.0
27/02/2014 13:45:00,0.0
27/02/2014 14:00:00,0.0
27/02/2014 14:15:00,0.0
27/02/2014 14:30:00,0.0
27/02/2014 14:45:00,0.0
27/02/2014 15:00:00,0.0
27/02/2014 15:15:00,0.0
27/02/2014 15:30:00,0.0
27/02/2014 15:45:00,0.0
27/02/2014 16:00:00,0.0
27/02/2014 16:15:00,0.0
27/02/2014 16:30:00,0.0
27/02/2014 16:45:00,0.0
27/02/2014 17:00:00,0.0
27/02/2014 17:15:00,0.0
27/02/2014 17:30:00,0.0
27/02/2014 17:45:00,0.0
27/02/2014 18:00:00,0.0
27/02/2014 18:15:00,0.0
27/02/2014 18:30:00,0.0
27/02/2014 18:45:00,0.0
27/02/2014 19:00:00,0.0
27/02/2014 19:15:00,0.0
27/02/2014 19:30:00,0.0
27/02/2014 19:45:00,0.0
27/02/2014 20:00:00,0.0
27/02/2014 20:15:00,0.0
27/02/2014 20:30:00,0.0
27/02/2014 20:45:00,0.0
27/02/2014 21:00:00,0.0
27/02/2014 21:15:00,0.0
27/02/2014 21:30:00,0.0
27/02/2014 21:45:00,0.0
27/02/2014 22:00:00,0.0
27/02/2014 22:15:00,0.0
27/02/2014 22:30:00,0.0
27/02/2014 22:45:00,0.0
27/02/2014 23:00:00,0.0
27/02/2014 23:15:00,0.0
27/02/2014 23:30:00,0.0
27/02/2014 23:45:00,0.0
28/02/2014 00:00:00,0.0
28/02/2014 00:15:00,0.0
28/02/2014 00:30:00,0.0
28/02/2014 00:45:00,0.0
28/02/2014 01:00:00,0.0
28/02/2014 01:15:00,0.0
28/02/2014 01:30:00,0.0
28/02/2014 01:45:00,0.0
28/02/2014 02:00:00,0.0
28/02/2014 02:15:00,0.0
28/02/2014 02:30:00,0.0
28/02/2014 02:45:00,0.0
28/02/2014 03:00:00,0.0
28/02/2014 03:15:00,0.0
28/02/2014 03:30:00,0.0
28/02/2014 03:45:00,0.0
28/02/2014 04:00:00,0.0
28/02/2014 04:15:00,0.0
28/02/2014 04:30:00,0.0
28/02/2014 04:45:00,0.0
28/02/2014 05:00:00,0.0
28/02/2014 05:15:00,0.0
28/02/2014 05:30:00,0.0
28/02/2014 05:45:00,0.0
28/02/2014 06:00:00,0.0
28/02/2014 06:15:00,0.0
28/02/2014 06:30:00,0.0
28/02/2014 06:45:00,0.0
28/02/2014 07:00:00,0.0
28/02/2014 07:15:00,0.0
28/02/2014 07:30:00,0.0
28/02/2014 07:45:00,0.0
28/02/2014 08:00:00,0.0
28/02/2014 08:15:00,0.0
28/02/2014 08:30:00,0.0
28/02/2014 08:45:00,0.0
28/02/2014 09:00:00,0.0
28/02/2014 09:15:00,0.0
28/02/2014 09:30:00,0.0
28/02/2014 09:45:00,0.0
28/02/2014 10:00:00,0.0
28/02/2014 10:15:00,0.0
28/02/2014 10:30:00,0.0
28/02/2014 10:45:00,0.0
28/02/2014 11:00:00,0.0
28/02/2014 11:15:00,0.0
28/02/2014 11:30:00,0.0
28/02/2014 11:45:00,0.0
28/02/2014 12:00:00,0.0
28/02/2014 12:15:00,0.0
28/02/2014 12:30:00,0.0
28/02/2014 12:45:00,0.0
28/02/2014 13:00:00,0.0
28/02/2014 13:15:00,0.0
28/02/2014 13:30:00,0.0
28/02/2014 13:45:00,0.0
28/02/2014 14:00:00,0.0
28/02/2014 14:15:00,0.0
28/02/2014 14:30:00,0.0
28/02/2014 14:45:00,0.0
28/02/2014 15:00:00,0.0
28/02/2014 15:15:00,0.0
28/02/2014 15:30:00,0.0
28/02/2014 15:45:00,0.0
28/02/2014 16:00:00,0.0
28/02/2014 16:15:00,0.0
28/02/2014 16:30:00,0.0
28/02/2014 16:45:00,0.0
28/02/2014 17:00:00,0.0
28/02/2014 17:15:00,0.0
28/02/2014 17:30:00,0.0
28/02/2014 17:45:00,0.0
28/02/2014 18:00:00,0.0
28/02/2014 18:15:00,0.0
28/02/2014 18:30:00,0.0
28/02/2014 18:45:00,0.0
28/02/2014 19:00:00,0.0
28/02/2014 19:15:00,0.0
28/02/2014 19:30:00,0.0
28/02/2014 19:45:00,0.0
28/02/2014 20:00:00,0.0
28/02/2014 20:15:00,0.0
28/02/2014 20:30:00,0.0
28/02/2014 20:45:00,0.0
28/02/2014 21:00:00,0.0
28/02/2014 21:15:00,0.0
28/02/2014 21:30:00,0.0
28/02/2014 21:45:00,0.0
28/02/2014 22:00:00,0.0
28/02/2014 22:15:00,0.0
28/02/2014 22:30:00,0.0
28/02/2014 22:45:00,0.0
28/02/2014 23:00:00,0.0
28/02/2014 23:15:00,0.0
28/02/2014 23:30:00,0.0
28/02/2014 23:45:00,0.0
01/03/2014 00:00:00,0.0
01/03/2014 00:15:00,0.0
01/03/2014 00:30:00,0.0
01/03/2014 00:45:00,0.0
01/03/2014 01:00:00,0.0
01/03/2014 01:15:00,0.0
01/03/2014 01:30:00,0.0
01/03/2014 01:45:00,0.0
01/03/2014 02:00:00,0.0
01/03/2014 02:15:00,0.0
01/03/2014 02:30:00,0.0
01/03/2014 02:45:00,0.0
01/03/2014 03:00:00,0.0
01/03/2014 03:15:00,0.0
01/03/2014 03:30:00,0.0
01/03/2014 03:45:00,0.0
01/03/2014 04:00:00,0.0
01/03/2014 04:15:00,0.0
01/03/2014 04:30:00,0.0
01/03/2014 04:45:00,0.0
01/03/2014 05:00:00,0.0
01/03/2014 05:15:00,0.0
01/03/2014 05:30:00,0.0
01/03/2014 05:45:00,0.0
01/03/2014 06:00:00,0.0
01/03/2014 06:15:00,0.0
01/03/2014 06:30:00,0.0
01/03/2014 06:45:00,0.0
01/03/2014 07:00:00,0.0
01/03/2014 07:15:00,0.0
01/03/2014 07:30:00,0.0
01/03/2014 07:45:00,0.0
01/03/2014 08:00:00,0.0
01/03/2014 08:15:00,0.0
01/03/2014 08:30:00,0.0
01/03/2014 08:45:00,0.0
01/03/2014 09:00:00,0.0
01/03/2014 09:15:00,0.0
01/03/2014 09:30:00,0.0
01/03/2014 09:45:00,0.0
01/03/2014 10:00:00,0.0
01/03/2014 10:15:00,0.0
01/03/2014 10:30:00,0.0
01/03/2014 10:45:00,0.0
01/03/2014 11:00:00,0.0
01/03/2014 11:15:00,0.0
01/03/2014 11:30:00,0.0
01/03/2014 11:45:00,0.0
01/03/2014 12:00:00,0.0
01/03/2014 12:15:00,0.0
01/03/2014 12:30:00,0.0
01/03/2014 12:45:00,0.0
01/03/2014 13:00:00,0.0
01/03/2014 13:15:00,0.0
01/03/2014 13:30:00,0.0
01/03/2014 13:45:00,0.0
01/03/2014 14:00:00,0.0
01/03/2014 14:15:00,0.0
01/03/2014 14:30:00,0.0
01/03/2014 14:45:00,0.0
01/03/2014 15:00:00,0.0
01/03/2014 15:15:00,0.0
01/03/2014 15:30:00,0.0
01/03/2014 15:45:00,0.0
01/03/2014 16:00:00,0.0
01/03/2014 16:15:00,0.0
01/03/2014 16:30:00,0.0
01/03/2014 16:45:00,0.0
01/03/2014 17:00:00,0.0
01/03/2014 17:15:00,0.0
01/03/2014 17:30:00,0.0
01/03/2014 17:45:00,0.0
01/03/2014 18:00:00,0.0
01/03/2014 18:15:00,0.0
01/03/2014 18:30:00,0.0
01/03/2014 18:45:00,0.0
01/03/2014 19:00:00,0.0
01/03/2014 19:15:00,0.0
01/03/2014 19:30:00,0.0
01/03/2014 19:45:00,0.0
01/03/2014 20:00:00,0.0
01/03/2014 20:15:00,0.0
01/03/2014 20:30:00,0.0
01/03/2014 20:45:00,0.0
01/03/2014 21:00:00,0.0
01/03/2014 21:15:00,0.0
01/03/2014 21:30:00,0.0
01/03/2014 21:45:00,0.0
01/03/2014 22:00:00,0.0
01/03/2014 22:15:00,0.0
01/03/2014 22:30:00,0.0
01/03/2014 22:45:00,0.0
01/03/2014 23:00:00,0.0
01/03/2014 23:15:00,0.0
01/03/2014 23:30:00,0.0
01/03/2014 23:45:00,0.0
02/03/2014 00:00:00,0.0
02/03/2014 00:15:00,0.0
02/03/2014 00:30:00,0.0
02/03/2014 00:45:00,0.0
02/03/2014 01:00:00,0.0
02/03/2014 01:15:00,0.0
02/03/2014 01:30:00,0.0
02/03/2014 01:45:00,0.0
02/03/2014 02:00:00,0.0
02/03/2014 02:15:00,0.0
02/03/2014 02:30:00,0.0
02/03/2014 02:45:00,0.0
02/03/2014 03:00:00,0.0
02/03/2014 03:15:00,0.0
02/03/2014 03:30:00,0.0
02/03/2014 03:45:00,0.0
02/03/2014 04:00:00,0.0
02/03/2014 04:15:00,0.0
02/03/2014 04:30:00,0.0
02/03/2014 04:45:00,0.0
02/03/2014 05:00:00,0.0
02/03/2014 05:15:00,0.0
02/03/2014 05:30:00,0.0
02/03/2014 05:45:00,0.0
02/03/2014 06:00:00,0.0
02/03/2014 06:15:00,0.0
02/03/2014 06:30:00,0.0
02/03/2014 06:45:00,0.0
02/03/2014 07:00:00,0.0
02/03/2014 07:15:00,0.0
02/03/2014 07:30:00,0.0
02/03/2014 07:45:00,0.0
02/03/2014 08:00:00,0.0
02/03/2014 08:15:00,0.0
02/03/2014 08:30:00,0.0
02/03/2014 08:45:00,0.0
02/03/2014 09:00:00,0.0
02/03/2014 09:15:00,0.0
02/03/2014 09:30:00,0.0
02/03/2014 09:45:00,0.0
02/03/2014 10:00:00,0.0
02/03/2014 10:15:00,0.0
02/03/2014 10:30:00,0.0
02/03/2014 10:45:00,0.0
02/03/2014 11:00:00,0.0
02/03/2014 11:15:00,0.0
02/03/2014 11:30:00,0.0
02/03/2014 11:45:00,0.0
02/03/2014 12:00:00,0.0
02/03/2014 12:15:00,0.0
02/03/2014 12:30:00,0.0
02/03/2014 12:45:00,0.0
02/03/2014 13:00:00,0.0
02/03/2014 13:15:00,0.0
02/03/2014 13:30:00,0.0
02/03/2014 13:45:00,0.0
02/03/2014 14:00:00,0.0
02/03/2014 14:15:00,0.0
02/03/2014 14:30:00,0.0
02/03/2014 14:45:00,0.0
02/03/2014 15:00:00,0.0
02/03/2014 15:15:00,0.0
02/03/2014 15:30:00,0.0
02/03/2014 15:45:00,0.0
02/03/2014 16:00:00,0.0
02/03/2014 16:15:00,0.0
02/03/2014 16:30:00,0.0
02/03/2014 16:45:00,0.0
02/03/2014 17:00:00,0.0
02/03/2014 17:15:00,0.0
02/03/2014 17:30:00,0.0
02/03/2014 17:45:00,0.0
02/03/2014 18:00:00,0.0
02/03/2014 18:15:00,0.0
02/03/2014 18:30:00,0.0
02/03/2014 18:45:00,0.0
02/03/2014 19:00:00,0.0
02/03/2014 19:15:00,0.0
02/03/2014 19:30:00,0.0
02/03/2014 19:45:00,0.0
02/03/2014 20:00:00,0.0
02/03/2014 20:15:00,0.0
02/03/2014 20:30:00,0.0
02/03/2014 20:45:00,0.0
02/03/2014 21:00:00,0.0
02/03/2014 21:15:00,0.0
02/03/2014 21:30:00,0.0
02/03/2014 21:45:00,0.0
02/03/2014 22:00:00,0.0
02/03/2014 22:15:00,0.0
02/03/2014 22:30:00,0.0
02/03/2014 22:45:00,0.0
02/03/2014 23:00:00,0.0
02/03/2014 23:15:00,0.0
02/03/2014 23:30:00,0.0
02/03/2014 23:45:00,0.0
03/03/2014 00:00:00,0.0
03/03/2014 00:15:00,0.0
03/03/2014 00:30:00,0.0
03/03/2014 00:45:00,0.0
03/03/2014 01:00:00,0.0
03/03/2014 01:15:00,0.0
03/03/2014 01:30:00,0.0
03/03/2014 01:45:00,0.0
03/03/2014 02:00:00,0.0
03/03/2014 02:15:00,0.0
03/03/2014 02:30:00,0.0
03/03/2014 02:45:00,0.0
03/03/2014 03:00:00,0.0
03/03/2014 03:15:00,0.0
03/03/2014 03:30:00,0.0
03/03/2014 03:45:00,0.0
03/03/2014 04:00:00,0.0
03/03/2014 04:15:00,0.0
03/03/2014 04:30:00,0.0
03/03/2014 04:45:00,0.0
03/03/2014 05:00:00,0.0
03/03/2014 05:15:00,0.0
03/03/2014 05:30:00,0.0
03/03/2014 05:45:00,0.0
03/03/2014 06:00:00,0.0
03/03/2014 06:15:00,0.0
03/03/2014 06:30:00,0.0
03/03/2014 06:45:00,0.0
03/03/2014 07:00:00,0.0
03/03/2014 07:15:00,0.0
03/03/2014 07:30:00,0.0
03/03/2014 07:45:00,0.0
03/03/2014 08:00:00,0.0
03/03/2014 08:15:00,0.0
03/03/2014 08:30:00,0.0
03/03/2014 08:45:00,0.0
03/03/2014 09:00:00,0.0
03/03/2014 09:15:00,0.0
03/03/2014 09:30:00,0.0
03/03/2014 09:45:00,0.0
03/03/2014 10:00:00,0.0
03/03/2014 10:15:00,0.0
03/03/2014 10:30:00,0.0
03/03/2014 10:45:00,0.0
03/03/2014 11:00:00,0.0
03/03/2014 11:15:00,0.0
03/03/2014 11:30:00,0.0
03/03/2014 11:45:00,0.0
03/03/2014 12:00:00,0.0
03/03/2014 12:15:00,0.0
03/03/2014 12:30:00,0.0
03/03/2014 12:45:00,0.0
03/03/2014 13:00:00,0.0
03/03/2014 13:15:00,0.0
03/03/2014 13:30:00,0.0
03/03/2014 13:45:00,0.0
03/03/2014 14:00:00,0.0
03/03/2014 14:15:00,0.0
03/03/2014 14:30:00,0.0
03/03/2014 14:45:00,0.0
03/03/2014 15:00:00,0.0
03/03/2014 15:15:00,0.0
03/03/2014 15:30:00,0.0
03/03/2014 15:45:00,0.0
03/03/2014 16:00:00,0.0
03/03/2014 16:15:00,0.0
03/03/2014 16:30:00,0.0
03/03/2014 16:45:00,0.0
03/03/2014 17:00:00,0.0
03/03/2014 17:15:00,0.0
03/03/2014 17:30:00,0.0
03/03/2014 17:45:00,0.0
03/03/2014 18:00:00,0.0
03/03/2014 18:15:00,0.0
03/03/2014 18:30:00,0.0
03/03/2014 18:45:00,0.0
03/03/2014 19:00:00,0.0
03/03/2014 19:15:00,0.0
03/03/2014 19:30:00,0.0
03/03/2014 19:45:00,0.0
03/03/2014 20:00:00,0.0
03/03/2014 20:15:00,0.0
03/03/2014 20:30:00,0.0
03/03/2014 20:45:00,0.0
03/03/2014 21:00:00,0.0
03/03/2014 21:15:00,0.0
03/03/2014 21:30:00,0.0
03/03/2014 21:45:00,0.0
03/03/2014 22:00:00,0.0
03/03/2014 22:15:00,0.0
03/03/2014 22:30:00,0.0
03/03/2014 22:45:00,0.0
03/03/2014 23:00:00,0.0
03/03/2014 23:15:00,0.0
03/03/2014 23:30:00,0.0
03/03/2014 23:45:00,0.0
04/03/2014 00:00:00,0.0
04/03/2014 00:15:00,0.0
04/03/2014 00:30:00,0.0
04/03/2014 00:45:00,0.0
04/03/2014 01:00:00,0.0
04/03/2014 01:15:00,0.0
04/03/2014 01:30:00,0.0
04/03/2014 01:45:00,0.0
04/03/2014 02:00:00,0.0
04/03/2014 02:15:00,0.0
04/03/2014 02:30:00,0.0
04/03/2014 02:45:00,0.0
04/03/2014 03:00:00,0.0
04/03/2014 03:15:00,0.0
04/03/2014 03:30:00,0.0
04/03/2014 03:45:00,0.0
04/03/2014 04:00:00,0.0
04/03/2014 04:15:00,0.0
04/03/2014 04:30:00,0.0
04/03/2014 04:45:00,0.0
04/03/2014 05:00:00,0.0
04/03/2014 05:15:00,0.0
04/03/2014 05:30:00,0.0
04/03/2014 05:45:00,0.0
04/03/2014 06:00:00,0.0
04/03/2014 06:15:00,0.0
04/03/2014 06:30:00,0.0
04/03/2014 06:45:00,0.0
04/03/2014 07:00:00,0.0
04/03/2014 07:15:00,0.0
04/03/2014 07:30:00,0.0
04/03/2014 07:45:00,0.0
04/03/2014 08:00:00,0.0
04/03/2014 08:15:00,0.0
04/03/2014 08:30:00,0.0
04/03/2014 08:45:00,0.0
04/03/2014 09:00:00,0.0
04/03/2014 09:15:00,0.0
04/03/2014 09:30:00,0.0
04/03/2014 09:45:00,0.0
04/03/2014 10:00:00,0.0
04/03/2014 10:15:00,0.0
04/03/2014 10:30:00,0.0
04/03/2014 10:45:00,0.0
04/03/2014 11:00:00,0.0
04/03/2014 11:15:00,0.0
04/03/2014 11:30:00,0.0
04/03/2014 11:45:00,0.0
04/03/2014 12:00:00,0.0
04/03/2014 12:15:00,0.0
04/03/2014 12:30:00,0.0
04/03/2014 12:45:00,0.0
04/03/2014 13:00:00,0.0
04/03/2014 13:15:00,0.0
04/03/2014 13:30:00,0.0
04/03/2014 13:45:00,0.0
04/03/2014 14:00:00,0.0
04/03/2014 14:15:00,0.0
04/03/2014 14:30:00,0.0
04/03/2014 14:45:00,0.0
04/03/2014 15:00:00,0.0
04/03/2014 15:15:00,0.0
04/03/2014 15:30:00,0.0
04/03/2014 15:45:00,0.0
04/03/2014 16:00:00,0.0
04/03/2014 16:15:00,0.0
04/03/2014 16:30:00,0.0
04/03/2014 16:45:00,0.0
04/03/2014 17:00:00,0.0
04/03/2014 17:15:00,0.0
04/03/2014 17:30:00,0.0
04/03/2014 17:45:00,0.0
04/03/2014 18:00:00,0.0
04/03/2014 18:15:00,0.0
04/03/2014 18:30:00,0.0
04/03/2014 18:45:00,0.0
04/03/2014 19:00:00,0.0
04/03/2014 19:15:00,0.0
04/03/2014 19:30:00,0.0
04/03/2014 19:45:00,0.0
04/03/2014 20:00:00,0.0
04/03/2014 20:15:00,0.0
04/03/2014 20:30:00,0.0
04/03/2014 20:45:00,0.0
04/03/2014 21:00:00,0.0
04/03/2014 21:15:00,0.0
04/03/2014 21:30:00,0.0
04/03/2014 21:45:00,0.0
04/03/2014 22:00:00,0.0
04/03/2014 22:15:00,0.0
04/03/2014 22:30:00,0.0
04/03/2014 22:45:00,0.0
04/03/2014 23:00:00,0.0
04/03/2014 23:15:00,0.0
04/03/2014 23:30:00,0.0
04/03/2014 23:45:00,0.0
05/03/2014 00:00:00,0.0
05/03/2014 00:15:00,0.0
05/03/2014 00:30:00,0.0
05/03/2014 00:45:00,0.0
05/03/2014 01:00:00,0.0
05/03/2014 01:15:00,0.0
05/03/2014 01:30:00,0.0
05/03/2014 01:45:00,0.0
05/03/2014 02:00:00,0.0
05/03/2014 02:15:00,0.0
05/03/2014 02:30:00,0.0
05/03/2014 02:45:00,0.0
05/03/2014 03:00:00,0.0
05/03/2014 03:15:00,0.0
05/03/2014 03:30:00,0.0
05/03/2014 03:45:00,0.0
05/03/2014 04:00:00,0.0
05/03/2014 04:15:00,0.0
05/03/2014 04:30:00,0.0
05/03/2014 04:45:00,0.0
05/03/2014 05:00:00,0.0
05/03/2014 05:15:00,0.0
05/03/2014 05:30:00,0.0
05/03/2014 05:45:00,0.0
05/03/2014 06:00:00,0.0
05/03/2014 06:15:00,0.0
05/03/2014 06:30:00,0.0
05/03/2014 06:45:00,0.0
05/03/2014 07:00:00,0.0
05/03/2014 07:15:00,0.0
05/03/2014 07:30:00,0.0
05/03/2014 07:45:00,0.0
05/03/2014 08:00:00,0.0
05/03/2014 08:15:00,0.0
05/03/2014 08:30:00,0.0
05/03/2014 08:45:00,0.0
05/03/2014 09:00:00,0.0
05/03/2014 09:15:00,0.0
05/03/2014 09:30:00,0.0
05/03/2014 09:45:00,0.0
05/03/2014 10:00:00,0.0
05/03/2014 10:15:00,0.0
05/03/2014 10:30:00,0.0
05/03/2014 10:45:00,0.0
05/03/2014 11:00:00,0.0
05/03/2014 11:15:00,0.0
05/03/2014 11:30:00,0.0
05/03/2014 11:45:00,0.0
05/03/2014 12:00:00,0.0
05/03/2014 12:15:00,0.0
05/03/2014 12:30:00,0.0
05/03/2014 12:45:00,0.0
05/03/2014 13:00:00,0.0
05/03/2014 13:15:00,0.0
05/03/2014 13:30:00,0.0
05/03/2014 13:45:00,0.0
05/03/2014 14:00:00,0.0
05/03/2014 14:15:00,0.0
05/03/2014 14:30:00,0.0
05/03/2014 14:45:00,0.0
05/03/2014 15:00:00,0.0
05/03/2014 15:15:00,0.0
05/03/2014 15:30:00,0.0
05/03/2014 15:45:00,0.0
05/03/2014 16:00:00,0.0
05/03/2014 16:15:00,0.0
05/03/2014 16:30:00,0.0
05/03/2014 16:45:00,0.0
05/03/2014 17:00:00,0.0
05/03/2014 17:15:00,0.0
05/03/2014 17:30:00,0.0
05/03/2014 17:45:00,0.0
05/03/2014 18:00:00,0.0
05/03/2014 18:15:00,0.0
05/03/2014 18:30:00,0.0
05/03/2014 18:45:00,0.0
05/03/2014 19:00:00,0.0
05/03/2014 19:15:00,0.0
05/03/2014 19:30:00,0.0
05/03/2014 19:45:00,0.0
05/03/2014 20:00:00,0.0
05/03/2014 20:15:00,0.0
05/03/2014 20:30:00,0.0
05/03/2014 20:45:00,0.0
05/03/2014 21:00:00,0.0
05/03/2014 21:15:00,0.0
05/03/2014 21:30:00,0.0
05/03/2014 21:45:00,0.0
05/03/2014 22:00:00,0.0
05/03/2014 22:15:00,0.0
05/03/2014 22:30:00,0.0
05/03/2014 22:45:00,0.0
05/03/2014 23:00:00,0.0
05/03/2014 23:15:00,0.0
05/03/2014 23:30:00,0.0
05/03/2014 23:45:00,0.0
06/03/2014 00:00:00,0.0
06/03/2014 00:15:00,0.0
06/03/2014 00:30:00,0.0
06/03/2014 00:45:00,0.0
06/03/2014 01:00:00,0.0
06/03/2014 01:15:00,0.0
06/03/2014 01:30:00,0.0
06/03/2014 01:45:00,0.0
06/03/2014 02:00:00,0.0
06/03/2014 02:15:00,0.0
06/03/2014 02:30:00,0.0
06/03/2014 02:45:00,0.0
06/03/2014 03:00:00,0.0
06/03/2014 03:15:00,0.0
06/03/2014 03:30:00,0.0
06/03/2014 03:45:00,0.0
06/03/2014 04:00:00,0.0
06/03/2014 04:15:00,0.0
06/03/2014 04:30:00,0.0
06/03/2014 04:45:00,0.0
06/03/2014 05:00:00,0.0
06/03/2014 05:15:00,0.0
06/03/2014 05:30:00,0.0
06/03/2014 05:45:00,0.0
06/03/2014 06:00:00,0.0
06/03/2014 06:15:00,0.0
06/03/2014 06:30:00,0.0
06/03/2014 06:45:00,0.0
06/03/2014 07:00:00,0.0
06/03/2014 07:15:00,0.0
06/03/2014 07:30:00,0.0
06/03/2014 07:45:00,0.0
06/03/2014 08:00:00,0.2394
06/03/2014 08:15:00,0.392533333333
06/03/2014 08:30:00,0.2962
06/03/2014 08:45:00,0.0
06/03/2014 09:00:00,0.0
06/03/2014 09:15:00,0.0
06/03/2014 09:30:00,0.0
06/03/2014 09:45:00,0.0
06/03/2014 10:00:00,0.0
06/03/2014 10:15:00,0.0
06/03/2014 10:30:00,0.0
06/03/2014 10:45:00,0.0
06/03/2014 11:00:00,0.0
06/03/2014 11:15:00,0.0
06/03/2014 11:30:00,0.0
06/03/2014 11:45:00,0.0
06/03/2014 12:00:00,0.0
06/03/2014 12:15:00,0.0
06/03/2014 12:30:00,0.0
06/03/2014 12:45:00,0.0
06/03/2014 13:00:00,0.0
06/03/2014 13:15:00,0.0
06/03/2014 13:30:00,0.0
06/03/2014 13:45:00,0.0
06/03/2014 14:00:00,0.0
06/03/2014 14:15:00,0.0
06/03/2014 14:30:00,0.0
06/03/2014 14:45:00,0.0
06/03/2014 15:00:00,0.0
06/03/2014 15:15:00,0.0
06/03/2014 15:30:00,0.0
06/03/2014 15:45:00,0.0
06/03/2014 16:00:00,0.0
06/03/2014 16:15:00,0.0
06/03/2014 16:30:00,0.0
06/03/2014 16:45:00,0.0
06/03/2014 17:00:00,0.0
06/03/2014 17:15:00,0.0
06/03/2014 17:30:00,0.0
06/03/2014 17:45:00,0.0
06/03/2014 18:00:00,0.0
06/03/2014 18:15:00,0.0
06/03/2014 18:30:00,0.0
06/03/2014 18:45:00,0.0
06/03/2014 19:00:00,0.0
06/03/2014 19:15:00,0.0
06/03/2014 19:30:00,0.0
06/03/2014 19:45:00,0.0
06/03/2014 20:00:00,0.0
06/03/2014 20:15:00,0.0
06/03/2014 20:30:00,0.0
06/03/2014 20:45:00,0.0
06/03/2014 21:00:00,0.0
06/03/2014 21:15:00,0.0
06/03/2014 21:30:00,0.0
06/03/2014 21:45:00,0.0
06/03/2014 22:00:00,0.0
06/03/2014 22:15:00,0.0
06/03/2014 22:30:00,0.0
06/03/2014 22:45:00,0.0
06/03/2014 23:00:00,0.0
06/03/2014 23:15:00,0.0
06/03/2014 23:30:00,0.0
06/03/2014 23:45:00,0.0
07/03/2014 00:00:00,0.0
07/03/2014 00:15:00,0.0
07/03/2014 00:30:00,0.0
07/03/2014 00:45:00,0.0
07/03/2014 01:00:00,0.0
07/03/2014 01:15:00,0.0
07/03/2014 01:30:00,0.0
07/03/2014 01:45:00,0.0
07/03/2014 02:00:00,0.0
07/03/2014 02:15:00,0.0
07/03/2014 02:30:00,0.0
07/03/2014 02:45:00,0.0
07/03/2014 03:00:00,0.0
07/03/2014 03:15:00,0.0
07/03/2014 03:30:00,0.0
07/03/2014 03:45:00,0.0
07/03/2014 04:00:00,0.0
07/03/2014 04:15:00,0.0
07/03/2014 04:30:00,0.0
07/03/2014 04:45:00,0.0
07/03/2014 05:00:00,0.0
07/03/2014 05:15:00,0.0
07/03/2014 05:30:00,0.0
07/03/2014 05:45:00,0.0
07/03/2014 06:00:00,0.0
07/03/2014 06:15:00,0.0
07/03/2014 06:30:00,0.0
07/03/2014 06:45:00,0.0
07/03/2014 07:00:00,0.0
07/03/2014 07:15:00,0.0
07/03/2014 07:30:00,0.0
07/03/2014 07:45:00,0.0
07/03/2014 08:00:00,0.0
07/03/2014 08:15:00,0.0
07/03/2014 08:30:00,0.0
07/03/2014 08:45:00,0.0
07/03/2014 09:00:00,0.0
07/03/2014 09:15:00,0.0
07/03/2014 09:30:00,0.0
07/03/2014 09:45:00,0.0
07/03/2014 10:00:00,0.0
07/03/2014 10:15:00,0.0
07/03/2014 10:30:00,0.0
07/03/2014 10:45:00,0.0
07/03/2014 11:00:00,0.0
07/03/2014 11:15:00,0.0
07/03/2014 11:30:00,0.0
07/03/2014 11:45:00,0.0
07/03/2014 12:00:00,0.0
07/03/2014 12:15:00,0.0
07/03/2014 12:30:00,0.0
07/03/2014 12:45:00,0.0
07/03/2014 13:00:00,0.0
07/03/2014 13:15:00,0.0
07/03/2014 13:30:00,0.0
07/03/2014 13:45:00,0.0
07/03/2014 14:00:00,0.0
07/03/2014 14:15:00,0.0
07/03/2014 14:30:00,0.0
07/03/2014 14:45:00,0.0
07/03/2014 15:00:00,0.0
07/03/2014 15:15:00,0.0
07/03/2014 15:30:00,0.0
07/03/2014 15:45:00,0.0
07/03/2014 16:00:00,0.0
07/03/2014 16:15:00,0.0
07/03/2014 16:30:00,0.0
07/03/2014 16:45:00,0.0
07/03/2014 17:00:00,0.0
07/03/2014 17:15:00,0.0
07/03/2014 17:30:00,0.0
07/03/2014 17:45:00,0.0
07/03/2014 18:00:00,0.0
07/03/2014 18:15:00,0.0
07/03/2014 18:30:00,0.0
07/03/2014 18:45:00,0.0
07/03/2014 19:00:00,0.0
07/03/2014 19:15:00,0.0
07/03/2014 19:30:00,0.0
07/03/2014 19:45:00,0.0
07/03/2014 20:00:00,0.0
07/03/2014 20:15:00,0.0
07/03/2014 20:30:00,0.0
07/03/2014 20:45:00,0.0
07/03/2014 21:00:00,0.0
07/03/2014 21:15:00,0.0
07/03/2014 21:30:00,0.0
07/03/2014 21:45:00,0.0
07/03/2014 22:00:00,0.0
07/03/2014 22:15:00,0.0
07/03/2014 22:30:00,0.0
07/03/2014 22:45:00,0.0
07/03/2014 23:00:00,0.0
07/03/2014 23:15:00,0.0
07/03/2014 23:30:00,0.0
07/03/2014 23:45:00,0.0
08/03/2014 00:00:00,0.0
08/03/2014 00:15:00,0.0
08/03/2014 00:30:00,0.0
08/03/2014 00:45:00,0.0
08/03/2014 01:00:00,0.0
08/03/2014 01:15:00,0.0
08/03/2014 01:30:00,0.0
08/03/2014 01:45:00,0.0
08/03/2014 02:00:00,0.0
08/03/2014 02:15:00,0.0
08/03/2014 02:30:00,0.0
08/03/2014 02:45:00,0.0
08/03/2014 03:00:00,0.0
08/03/2014 03:15:00,0.0
08/03/2014 03:30:00,0.0
08/03/2014 03:45:00,0.0
08/03/2014 04:00:00,0.0
08/03/2014 04:15:00,0.0
08/03/2014 04:30:00,0.0
08/03/2014 04:45:00,0.0
08/03/2014 05:00:00,0.0
08/03/2014 05:15:00,0.0
08/03/2014 05:30:00,0.0
08/03/2014 05:45:00,0.0
08/03/2014 06:00:00,0.0
08/03/2014 06:15:00,0.0
08/03/2014 06:30:00,0.0
08/03/2014 06:45:00,0.0
08/03/2014 07:00:00,0.0
08/03/2014 07:15:00,0.0
08/03/2014 07:30:00,0.0
08/03/2014 07:45:00,0.0
08/03/2014 08:00:00,0.0
08/03/2014 08:15:00,0.0
08/03/2014 08:30:00,0.0
08/03/2014 08:45:00,0.0
08/03/2014 09:00:00,0.0
08/03/2014 09:15:00,0.0
08/03/2014 09:30:00,0.0
08/03/2014 09:45:00,0.0
08/03/2014 10:00:00,0.0
08/03/2014 10:15:00,0.0
08/03/2014 10:30:00,0.0
08/03/2014 10:45:00,0.0
08/03/2014 11:00:00,0.0
08/03/2014 11:15:00,0.0716666666667
08/03/2014 11:30:00,0.387466666667
08/03/2014 11:45:00,0.3868
08/03/2014 12:00:00,0.0
08/03/2014 12:15:00,0.0
08/03/2014 12:30:00,0.0
08/03/2014 12:45:00,0.0
08/03/2014 13:00:00,0.0
08/03/2014 13:15:00,0.0
08/03/2014 13:30:00,0.0
08/03/2014 13:45:00,0.0
08/03/2014 14:00:00,0.0
08/03/2014 14:15:00,0.0
08/03/2014 14:30:00,0.0
08/03/2014 14:45:00,0.000266666666667
08/03/2014 15:00:00,0.270266666667
08/03/2014 15:15:00,0.381333333333
08/03/2014 15:30:00,0.207733333333
08/03/2014 15:45:00,0.0
08/03/2014 16:00:00,0.0
08/03/2014 16:15:00,0.0982666666667
08/03/2014 16:30:00,0.350266666667
08/03/2014 16:45:00,0.418266666667
08/03/2014 17:00:00,0.0
08/03/2014 17:15:00,0.0
08/03/2014 17:30:00,0.0
08/03/2014 17:45:00,0.0
08/03/2014 18:00:00,0.0
08/03/2014 18:15:00,0.0
08/03/2014 18:30:00,0.0
08/03/2014 18:45:00,0.0
08/03/2014 19:00:00,0.0
08/03/2014 19:15:00,0.0
08/03/2014 19:30:00,0.0
08/03/2014 19:45:00,0.0
08/03/2014 20:00:00,0.0
08/03/2014 20:15:00,0.0
08/03/2014 20:30:00,0.0
08/03/2014 20:45:00,0.0
08/03/2014 21:00:00,0.344666666667
08/03/2014 21:15:00,0.508133333333
08/03/2014 21:30:00,0.0716
08/03/2014 21:45:00,0.0476666666667
08/03/2014 22:00:00,0.355866666667
08/03/2014 22:15:00,0.273066666667
08/03/2014 22:30:00,0.0
08/03/2014 22:45:00,0.0
08/03/2014 23:00:00,0.0
08/03/2014 23:15:00,0.0
08/03/2014 23:30:00,0.0
08/03/2014 23:45:00,0.0
09/03/2014 00:00:00,0.0
09/03/2014 00:15:00,0.0
09/03/2014 00:30:00,0.0
09/03/2014 00:45:00,0.0
09/03/2014 01:00:00,0.0
09/03/2014 01:15:00,0.0
09/03/2014 01:30:00,0.0
09/03/2014 01:45:00,0.0
09/03/2014 03:00:00,0.0
09/03/2014 03:15:00,0.0
09/03/2014 03:30:00,0.0
09/03/2014 03:45:00,0.0
09/03/2014 04:00:00,0.0
09/03/2014 04:15:00,0.0
09/03/2014 04:30:00,0.0
09/03/2014 04:45:00,0.0
09/03/2014 05:00:00,0.0
09/03/2014 05:15:00,0.0
09/03/2014 05:30:00,0.0
09/03/2014 05:45:00,0.0
09/03/2014 06:00:00,0.0
09/03/2014 06:15:00,0.0
09/03/2014 06:30:00,0.0
09/03/2014 06:45:00,0.0
09/03/2014 07:00:00,0.0
09/03/2014 07:15:00,0.0
09/03/2014 07:30:00,0.0
09/03/2014 07:45:00,0.0
09/03/2014 08:00:00,0.0
09/03/2014 08:15:00,0.0
09/03/2014 08:30:00,0.0
09/03/2014 08:45:00,0.0
09/03/2014 09:00:00,0.0
09/03/2014 09:15:00,0.0
09/03/2014 09:30:00,0.0
09/03/2014 09:45:00,0.0
09/03/2014 10:00:00,0.0
09/03/2014 10:15:00,0.0
09/03/2014 10:30:00,0.0
09/03/2014 10:45:00,0.0
09/03/2014 11:00:00,0.0
09/03/2014 11:15:00,0.0
09/03/2014 11:30:00,0.0
09/03/2014 11:45:00,0.0
09/03/2014 12:00:00,0.0
09/03/2014 12:15:00,0.0
09/03/2014 12:30:00,0.0
09/03/2014 12:45:00,0.0
09/03/2014 13:00:00,0.0
09/03/2014 13:15:00,0.0
09/03/2014 13:30:00,0.0
09/03/2014 13:45:00,0.0
09/03/2014 14:00:00,0.0
09/03/2014 14:15:00,0.0
09/03/2014 14:30:00,0.0
09/03/2014 14:45:00,0.0
09/03/2014 15:00:00,0.0
09/03/2014 15:15:00,0.0
09/03/2014 15:30:00,0.0
09/03/2014 15:45:00,0.0
09/03/2014 16:00:00,0.0
09/03/2014 16:15:00,0.0
09/03/2014 16:30:00,0.0
09/03/2014 16:45:00,0.0
09/03/2014 17:00:00,0.0
09/03/2014 17:15:00,0.0
09/03/2014 17:30:00,0.0
09/03/2014 17:45:00,0.0
09/03/2014 18:00:00,0.0
09/03/2014 18:15:00,0.0
09/03/2014 18:30:00,0.0
09/03/2014 18:45:00,0.0
09/03/2014 19:00:00,0.0
09/03/2014 19:15:00,0.0
09/03/2014 19:30:00,0.0
09/03/2014 19:45:00,0.0
09/03/2014 20:00:00,0.0
09/03/2014 20:15:00,0.0
09/03/2014 20:30:00,0.0
09/03/2014 20:45:00,0.0
09/03/2014 21:00:00,0.0
09/03/2014 21:15:00,0.0
09/03/2014 21:30:00,0.0
09/03/2014 21:45:00,0.0
09/03/2014 22:00:00,0.0
09/03/2014 22:15:00,0.0
09/03/2014 22:30:00,0.0
09/03/2014 22:45:00,0.0
09/03/2014 23:00:00,0.0
09/03/2014 23:15:00,0.0
09/03/2014 23:30:00,0.0
09/03/2014 23:45:00,0.0
10/03/2014 00:00:00,0.0
10/03/2014 00:15:00,0.0
10/03/2014 00:30:00,0.0
10/03/2014 00:45:00,0.0
10/03/2014 01:00:00,0.0
10/03/2014 01:15:00,0.0
10/03/2014 01:30:00,0.0
10/03/2014 01:45:00,0.0
10/03/2014 02:00:00,0.0
10/03/2014 02:15:00,0.0
10/03/2014 02:30:00,0.0
10/03/2014 02:45:00,0.0
10/03/2014 03:00:00,0.0
10/03/2014 03:15:00,0.0
10/03/2014 03:30:00,0.0
10/03/2014 03:45:00,0.0
10/03/2014 04:00:00,0.0
10/03/2014 04:15:00,0.0
10/03/2014 04:30:00,0.0
10/03/2014 04:45:00,0.0
10/03/2014 05:00:00,0.0
10/03/2014 05:15:00,0.0
10/03/2014 05:30:00,0.0
10/03/2014 05:45:00,0.0
10/03/2014 06:00:00,0.0
10/03/2014 06:15:00,0.0
10/03/2014 06:30:00,0.0
10/03/2014 06:45:00,0.0
10/03/2014 07:00:00,0.0
10/03/2014 07:15:00,0.0
10/03/2014 07:30:00,0.0
10/03/2014 07:45:00,0.0
10/03/2014 08:00:00,0.0
10/03/2014 08:15:00,0.0
10/03/2014 08:30:00,0.0
10/03/2014 08:45:00,0.0
10/03/2014 09:00:00,0.0
10/03/2014 09:15:00,0.0
10/03/2014 09:30:00,0.0
10/03/2014 09:45:00,0.0
10/03/2014 10:00:00,0.0
10/03/2014 10:15:00,0.0
10/03/2014 10:30:00,0.0
10/03/2014 10:45:00,0.0
10/03/2014 11:00:00,0.0
10/03/2014 11:15:00,0.0
10/03/2014 11:30:00,0.0
10/03/2014 11:45:00,0.0
10/03/2014 12:00:00,0.0
10/03/2014 12:15:00,0.0
10/03/2014 12:30:00,0.0
10/03/2014 12:45:00,0.0
10/03/2014 13:00:00,0.0
10/03/2014 13:15:00,0.0
10/03/2014 13:30:00,0.0
10/03/2014 13:45:00,0.0
10/03/2014 14:00:00,0.0
10/03/2014 14:15:00,0.0
10/03/2014 14:30:00,0.0
10/03/2014 14:45:00,0.0
10/03/2014 15:00:00,0.0
10/03/2014 15:15:00,0.0
10/03/2014 15:30:00,0.0
10/03/2014 15:45:00,0.0
10/03/2014 16:00:00,0.0
10/03/2014 16:15:00,0.0
10/03/2014 16:30:00,0.0
10/03/2014 16:45:00,0.0
10/03/2014 17:00:00,0.0
10/03/2014 17:15:00,0.0
10/03/2014 17:30:00,0.0
10/03/2014 17:45:00,0.0
10/03/2014 18:00:00,0.0
10/03/2014 18:15:00,0.0
10/03/2014 18:30:00,0.0
10/03/2014 18:45:00,0.0
10/03/2014 19:00:00,0.0
10/03/2014 19:15:00,0.0
10/03/2014 19:30:00,0.0
10/03/2014 19:45:00,0.0
10/03/2014 20:00:00,0.0
10/03/2014 20:15:00,0.0
10/03/2014 20:30:00,0.0
10/03/2014 20:45:00,0.0
10/03/2014 21:00:00,0.0
10/03/2014 21:15:00,0.0
10/03/2014 21:30:00,0.0
10/03/2014 21:45:00,0.0
10/03/2014 22:00:00,0.0
10/03/2014 22:15:00,0.0
10/03/2014 22:30:00,0.0
10/03/2014 22:45:00,0.0
10/03/2014 23:00:00,0.0
10/03/2014 23:15:00,0.0
10/03/2014 23:30:00,0.0
10/03/2014 23:45:00,0.0
11/03/2014 00:00:00,0.0
11/03/2014 00:15:00,0.0
11/03/2014 00:30:00,0.0
11/03/2014 00:45:00,0.0
11/03/2014 01:00:00,0.0
11/03/2014 01:15:00,0.0
11/03/2014 01:30:00,0.0
11/03/2014 01:45:00,0.0
11/03/2014 02:00:00,0.0
11/03/2014 02:15:00,0.0
11/03/2014 02:30:00,0.0
11/03/2014 02:45:00,0.0
11/03/2014 03:00:00,0.0
11/03/2014 03:15:00,0.0
11/03/2014 03:30:00,0.0
11/03/2014 03:45:00,0.0
11/03/2014 04:00:00,0.0
11/03/2014 04:15:00,0.0
11/03/2014 04:30:00,0.0
11/03/2014 04:45:00,0.0
11/03/2014 05:00:00,0.0
11/03/2014 05:15:00,0.0
11/03/2014 05:30:00,0.0
11/03/2014 05:45:00,0.0
11/03/2014 06:00:00,0.0
11/03/2014 06:15:00,0.0
11/03/2014 06:30:00,0.0
11/03/2014 06:45:00,0.0
11/03/2014 07:00:00,0.0
11/03/2014 07:15:00,0.0
11/03/2014 07:30:00,0.0
11/03/2014 07:45:00,0.0
11/03/2014 08:00:00,0.0
11/03/2014 08:15:00,0.0
11/03/2014 08:30:00,0.0
11/03/2014 08:45:00,0.0
11/03/2014 09:00:00,0.0
11/03/2014 09:15:00,0.0
11/03/2014 09:30:00,0.0
11/03/2014 09:45:00,0.0
11/03/2014 10:00:00,0.0
11/03/2014 10:15:00,0.0
11/03/2014 10:30:00,0.0
11/03/2014 10:45:00,0.0
11/03/2014 11:00:00,0.0
11/03/2014 11:15:00,0.0
11/03/2014 11:30:00,0.0
11/03/2014 11:45:00,0.0
11/03/2014 12:00:00,0.0
11/03/2014 12:15:00,0.0
11/03/2014 12:30:00,0.0
11/03/2014 12:45:00,0.0
11/03/2014 13:00:00,0.0
11/03/2014 13:15:00,0.0
11/03/2014 13:30:00,0.0
11/03/2014 13:45:00,0.0
11/03/2014 14:00:00,0.0
11/03/2014 14:15:00,0.0
11/03/2014 14:30:00,0.0
11/03/2014 14:45:00,0.0
11/03/2014 15:00:00,0.0
11/03/2014 15:15:00,0.0
11/03/2014 15:30:00,0.0
11/03/2014 15:45:00,0.0
11/03/2014 16:00:00,0.385933333333
11/03/2014 16:15:00,0.3998
11/03/2014 16:30:00,0.0617333333333
11/03/2014 16:45:00,0.0
11/03/2014 17:00:00,0.0
11/03/2014 17:15:00,0.0
11/03/2014 17:30:00,0.0
11/03/2014 17:45:00,0.0
11/03/2014 18:00:00,0.0
11/03/2014 18:15:00,0.0
11/03/2014 18:30:00,0.0
11/03/2014 18:45:00,0.0
11/03/2014 19:00:00,0.0
11/03/2014 19:15:00,0.0
11/03/2014 19:30:00,0.0
11/03/2014 19:45:00,0.0
11/03/2014 20:00:00,0.0
11/03/2014 20:15:00,0.0
11/03/2014 20:30:00,0.0
11/03/2014 20:45:00,0.0
11/03/2014 21:00:00,0.0
11/03/2014 21:15:00,0.0
11/03/2014 21:30:00,0.0
11/03/2014 21:45:00,0.0
11/03/2014 22:00:00,0.0
11/03/2014 22:15:00,0.0
11/03/2014 22:30:00,0.0
11/03/2014 22:45:00,0.0
11/03/2014 23:00:00,0.0
11/03/2014 23:15:00,0.0
11/03/2014 23:30:00,0.0
11/03/2014 23:45:00,0.0
12/03/2014 00:00:00,0.0
12/03/2014 00:15:00,0.0
12/03/2014 00:30:00,0.0
12/03/2014 00:45:00,0.0
12/03/2014 01:00:00,0.0
12/03/2014 01:15:00,0.0
12/03/2014 01:30:00,0.0
12/03/2014 01:45:00,0.0
12/03/2014 02:00:00,0.0
12/03/2014 02:15:00,0.0
12/03/2014 02:30:00,0.0
12/03/2014 02:45:00,0.0
12/03/2014 03:00:00,0.0
12/03/2014 03:15:00,0.0
12/03/2014 03:30:00,0.0
12/03/2014 03:45:00,0.0
12/03/2014 04:00:00,0.0
12/03/2014 04:15:00,0.0
12/03/2014 04:30:00,0.0
12/03/2014 04:45:00,0.0
12/03/2014 05:00:00,0.0
12/03/2014 05:15:00,0.0
12/03/2014 05:30:00,0.0
12/03/2014 05:45:00,0.0
12/03/2014 06:00:00,0.0
12/03/2014 06:15:00,0.0
12/03/2014 06:30:00,0.0
12/03/2014 06:45:00,0.0
12/03/2014 07:00:00,0.0
12/03/2014 07:15:00,0.0
12/03/2014 07:30:00,0.0
12/03/2014 07:45:00,0.0
12/03/2014 08:00:00,0.0
12/03/2014 08:15:00,0.0
12/03/2014 08:30:00,0.0
12/03/2014 08:45:00,0.0
12/03/2014 09:00:00,0.0
12/03/2014 09:15:00,0.0
12/03/2014 09:30:00,0.0
12/03/2014 09:45:00,0.0
12/03/2014 10:00:00,0.0
12/03/2014 10:15:00,0.0
12/03/2014 10:30:00,0.0
12/03/2014 10:45:00,0.0
12/03/2014 11:00:00,0.0
12/03/2014 11:15:00,0.0
12/03/2014 11:30:00,0.0
12/03/2014 11:45:00,0.0
12/03/2014 12:00:00,0.0
12/03/2014 12:15:00,0.0
12/03/2014 12:30:00,0.0
12/03/2014 12:45:00,0.0
12/03/2014 13:00:00,0.0
12/03/2014 13:15:00,0.0
12/03/2014 13:30:00,0.0
12/03/2014 13:45:00,0.0
12/03/2014 14:00:00,0.0
12/03/2014 14:15:00,0.0
12/03/2014 14:30:00,0.0
12/03/2014 14:45:00,0.0
12/03/2014 15:00:00,0.0
12/03/2014 15:15:00,0.0
12/03/2014 15:30:00,0.0
12/03/2014 15:45:00,0.0
12/03/2014 16:00:00,0.0
12/03/2014 16:15:00,0.0
12/03/2014 16:30:00,0.0
12/03/2014 16:45:00,0.0
12/03/2014 17:00:00,0.0
12/03/2014 17:15:00,0.0
12/03/2014 17:30:00,0.0
12/03/2014 17:45:00,0.0
12/03/2014 18:00:00,0.212466666667
12/03/2014 18:15:00,0.410133333333
12/03/2014 18:30:00,0.2228
12/03/2014 18:45:00,0.0
12/03/2014 19:00:00,0.0
12/03/2014 19:15:00,0.0
12/03/2014 19:30:00,0.0
12/03/2014 19:45:00,0.0
12/03/2014 20:00:00,0.0
12/03/2014 20:15:00,0.0
12/03/2014 20:30:00,0.0
12/03/2014 20:45:00,0.0
12/03/2014 21:00:00,0.0
12/03/2014 21:15:00,0.0
12/03/2014 21:30:00,0.0
12/03/2014 21:45:00,0.0
12/03/2014 22:00:00,0.0
12/03/2014 22:15:00,0.0
12/03/2014 22:30:00,0.0
12/03/2014 22:45:00,0.0
12/03/2014 23:00:00,0.0
12/03/2014 23:15:00,0.0
12/03/2014 23:30:00,0.0
12/03/2014 23:45:00,0.0
13/03/2014 00:00:00,0.0
13/03/2014 00:15:00,0.0
13/03/2014 00:30:00,0.0
13/03/2014 00:45:00,0.0
13/03/2014 01:00:00,0.0
13/03/2014 01:15:00,0.0
13/03/2014 01:30:00,0.0
13/03/2014 01:45:00,0.0
13/03/2014 02:00:00,0.0
13/03/2014 02:15:00,0.0
13/03/2014 02:30:00,0.0
13/03/2014 02:45:00,0.0
13/03/2014 03:00:00,0.0
13/03/2014 03:15:00,0.0
13/03/2014 03:30:00,0.0
13/03/2014 03:45:00,0.0
13/03/2014 04:00:00,0.0
13/03/2014 04:15:00,0.0
13/03/2014 04:30:00,0.0
13/03/2014 04:45:00,0.0
13/03/2014 05:00:00,0.0
13/03/2014 05:15:00,0.0
13/03/2014 05:30:00,0.0
13/03/2014 05:45:00,0.0
13/03/2014 06:00:00,0.0
13/03/2014 06:15:00,0.0
13/03/2014 06:30:00,0.0
13/03/2014 06:45:00,0.0
13/03/2014 07:00:00,0.0
13/03/2014 07:15:00,0.0
13/03/2014 07:30:00,0.0
13/03/2014 07:45:00,0.0
13/03/2014 08:00:00,0.0
13/03/2014 08:15:00,0.0
13/03/2014 08:30:00,0.0
13/03/2014 08:45:00,0.0
13/03/2014 09:00:00,0.0
13/03/2014 09:15:00,0.0
13/03/2014 09:30:00,0.0
13/03/2014 09:45:00,0.0
13/03/2014 10:00:00,0.0
13/03/2014 10:15:00,0.0
13/03/2014 10:30:00,0.0
13/03/2014 10:45:00,0.0
13/03/2014 11:00:00,0.0168666666667
13/03/2014 11:15:00,0.5462
13/03/2014 11:30:00,0.351866666667
13/03/2014 11:45:00,0.3304
13/03/2014 12:00:00,0.295333333333
13/03/2014 12:15:00,0.0
13/03/2014 12:30:00,0.0
13/03/2014 12:45:00,0.0
13/03/2014 13:00:00,0.0
13/03/2014 13:15:00,0.0
13/03/2014 13:30:00,0.0
13/03/2014 13:45:00,0.0
13/03/2014 14:00:00,0.0
13/03/2014 14:15:00,0.0
13/03/2014 14:30:00,0.0
13/03/2014 14:45:00,0.0
13/03/2014 15:00:00,0.0
13/03/2014 15:15:00,0.0
13/03/2014 15:30:00,0.0
13/03/2014 15:45:00,0.0
13/03/2014 16:00:00,0.0
13/03/2014 16:15:00,0.0
13/03/2014 16:30:00,0.0
13/03/2014 16:45:00,0.0
13/03/2014 17:00:00,0.0
13/03/2014 17:15:00,0.0
13/03/2014 17:30:00,0.0
13/03/2014 17:45:00,0.0
13/03/2014 18:00:00,0.0
13/03/2014 18:15:00,0.0
13/03/2014 18:30:00,0.0
13/03/2014 18:45:00,0.0
13/03/2014 19:00:00,0.0
13/03/2014 19:15:00,0.0
13/03/2014 19:30:00,0.0
13/03/2014 19:45:00,0.0
13/03/2014 20:00:00,0.0
13/03/2014 20:15:00,0.0
13/03/2014 20:30:00,0.0
13/03/2014 20:45:00,0.0
13/03/2014 21:00:00,0.0
13/03/2014 21:15:00,0.0
13/03/2014 21:30:00,0.0
13/03/2014 21:45:00,0.0
13/03/2014 22:00:00,0.0
13/03/2014 22:15:00,0.0
13/03/2014 22:30:00,0.0
13/03/2014 22:45:00,0.0
13/03/2014 23:00:00,0.0
13/03/2014 23:15:00,0.0
13/03/2014 23:30:00,0.0
13/03/2014 23:45:00,0.0
14/03/2014 00:00:00,0.0
14/03/2014 00:15:00,0.0
14/03/2014 00:30:00,0.0
14/03/2014 00:45:00,0.0
14/03/2014 01:00:00,0.0
14/03/2014 01:15:00,0.0
14/03/2014 01:30:00,0.0
14/03/2014 01:45:00,0.0
14/03/2014 02:00:00,0.0
14/03/2014 02:15:00,0.0
14/03/2014 02:30:00,0.0
14/03/2014 02:45:00,0.0
14/03/2014 03:00:00,0.0
14/03/2014 03:15:00,0.0
14/03/2014 03:30:00,0.0
14/03/2014 03:45:00,0.0
14/03/2014 04:00:00,0.0
14/03/2014 04:15:00,0.0
14/03/2014 04:30:00,0.0
14/03/2014 04:45:00,0.0
14/03/2014 05:00:00,0.0
14/03/2014 05:15:00,0.0
14/03/2014 05:30:00,0.0
14/03/2014 05:45:00,0.0
14/03/2014 06:00:00,0.0
14/03/2014 06:15:00,0.0
14/03/2014 06:30:00,0.0
14/03/2014 06:45:00,0.0
14/03/2014 07:00:00,0.0
14/03/2014 07:15:00,0.0
14/03/2014 07:30:00,0.0
14/03/2014 07:45:00,0.0
14/03/2014 08:00:00,0.0
14/03/2014 08:15:00,0.0
14/03/2014 08:30:00,0.0
14/03/2014 08:45:00,0.0
14/03/2014 09:00:00,0.0
14/03/2014 09:15:00,0.0
14/03/2014 09:30:00,0.0
14/03/2014 09:45:00,0.0
14/03/2014 10:00:00,0.0
14/03/2014 10:15:00,0.0
14/03/2014 10:30:00,0.0
14/03/2014 10:45:00,0.0
14/03/2014 11:00:00,0.0
14/03/2014 11:15:00,0.0
14/03/2014 11:30:00,0.0
14/03/2014 11:45:00,0.0
14/03/2014 12:00:00,0.0
14/03/2014 12:15:00,0.0
14/03/2014 12:30:00,0.0
14/03/2014 12:45:00,0.0
14/03/2014 13:00:00,0.0
14/03/2014 13:15:00,0.0
14/03/2014 13:30:00,0.0
14/03/2014 13:45:00,0.0
14/03/2014 14:00:00,0.0
14/03/2014 14:15:00,0.0
14/03/2014 14:30:00,0.0
14/03/2014 14:45:00,0.0
14/03/2014 15:00:00,0.0
14/03/2014 15:15:00,0.0
14/03/2014 15:30:00,0.0
14/03/2014 15:45:00,0.0
14/03/2014 16:00:00,0.0
14/03/2014 16:15:00,0.0
14/03/2014 16:30:00,0.0
14/03/2014 16:45:00,0.0
14/03/2014 17:00:00,0.0
14/03/2014 17:15:00,0.0
14/03/2014 17:30:00,0.0
14/03/2014 17:45:00,0.0
14/03/2014 18:00:00,0.0
14/03/2014 18:15:00,0.0
14/03/2014 18:30:00,0.0
14/03/2014 18:45:00,0.0
14/03/2014 19:00:00,0.0
14/03/2014 19:15:00,0.0
14/03/2014 19:30:00,0.0
14/03/2014 19:45:00,0.0
14/03/2014 20:00:00,0.0
14/03/2014 20:15:00,0.0
14/03/2014 20:30:00,0.0
14/03/2014 20:45:00,0.0
14/03/2014 21:00:00,0.0
14/03/2014 21:15:00,0.0
14/03/2014 21:30:00,0.0
14/03/2014 21:45:00,0.0
14/03/2014 22:00:00,0.0
14/03/2014 22:15:00,0.0
14/03/2014 22:30:00,0.0
14/03/2014 22:45:00,0.0
14/03/2014 23:00:00,0.0
14/03/2014 23:15:00,0.0
14/03/2014 23:30:00,0.0
14/03/2014 23:45:00,0.0
15/03/2014 00:00:00,0.0
15/03/2014 00:15:00,0.0
15/03/2014 00:30:00,0.0
15/03/2014 00:45:00,0.0
15/03/2014 01:00:00,0.0
15/03/2014 01:15:00,0.0
15/03/2014 01:30:00,0.0
15/03/2014 01:45:00,0.0
15/03/2014 02:00:00,0.0
15/03/2014 02:15:00,0.0
15/03/2014 02:30:00,0.0
15/03/2014 02:45:00,0.0
15/03/2014 03:00:00,0.0
15/03/2014 03:15:00,0.0
15/03/2014 03:30:00,0.0
15/03/2014 03:45:00,0.0
15/03/2014 04:00:00,0.0
15/03/2014 04:15:00,0.0
15/03/2014 04:30:00,0.0
15/03/2014 04:45:00,0.0
15/03/2014 05:00:00,0.0
15/03/2014 05:15:00,0.0
15/03/2014 05:30:00,0.0
15/03/2014 05:45:00,0.0
15/03/2014 06:00:00,0.0
15/03/2014 06:15:00,0.0
15/03/2014 06:30:00,0.0
15/03/2014 06:45:00,0.0
15/03/2014 07:00:00,0.0
15/03/2014 07:15:00,0.0
15/03/2014 07:30:00,0.0
15/03/2014 07:45:00,0.0
15/03/2014 08:00:00,0.0
15/03/2014 08:15:00,0.0
15/03/2014 08:30:00,0.0
15/03/2014 08:45:00,0.0
15/03/2014 09:00:00,0.0
15/03/2014 09:15:00,0.0
15/03/2014 09:30:00,0.0
15/03/2014 09:45:00,0.0008
15/03/2014 10:00:00,0.474533333333
15/03/2014 10:15:00,0.4418
15/03/2014 10:30:00,0.1656
15/03/2014 10:45:00,0.0
15/03/2014 11:00:00,0.0
15/03/2014 11:15:00,0.0
15/03/2014 11:30:00,0.0
15/03/2014 11:45:00,0.0
15/03/2014 12:00:00,0.0
15/03/2014 12:15:00,0.0
15/03/2014 12:30:00,0.0
15/03/2014 12:45:00,0.0
15/03/2014 13:00:00,0.0
15/03/2014 13:15:00,0.0
15/03/2014 13:30:00,0.0
15/03/2014 13:45:00,0.0
15/03/2014 14:00:00,0.0
15/03/2014 14:15:00,0.0
15/03/2014 14:30:00,0.0
15/03/2014 14:45:00,0.0
15/03/2014 15:00:00,0.0
15/03/2014 15:15:00,0.0887333333333
15/03/2014 15:30:00,0.418133333333
15/03/2014 15:45:00,0.0
15/03/2014 16:00:00,0.0
15/03/2014 16:15:00,0.0
15/03/2014 16:30:00,0.0
15/03/2014 16:45:00,0.0
15/03/2014 17:00:00,0.0
15/03/2014 17:15:00,0.3638
15/03/2014 17:30:00,0.376
15/03/2014 17:45:00,0.0
15/03/2014 18:00:00,0.000533333333333
15/03/2014 18:15:00,0.4266
15/03/2014 18:30:00,0.402933333333
15/03/2014 18:45:00,0.0
15/03/2014 19:00:00,0.0
15/03/2014 19:15:00,0.0
15/03/2014 19:30:00,0.0
15/03/2014 19:45:00,0.0
15/03/2014 20:00:00,0.0
15/03/2014 20:15:00,0.0
15/03/2014 20:30:00,0.0
15/03/2014 20:45:00,0.0
15/03/2014 21:00:00,0.0
15/03/2014 21:15:00,0.0
15/03/2014 21:30:00,0.0
15/03/2014 21:45:00,0.0
15/03/2014 22:00:00,0.124666666667
15/03/2014 22:15:00,0.485533333333
15/03/2014 22:30:00,0.475133333333
15/03/2014 22:45:00,0.0
15/03/2014 23:00:00,0.0
15/03/2014 23:15:00,0.0
15/03/2014 23:30:00,0.0
15/03/2014 23:45:00,0.0
16/03/2014 00:00:00,0.0
16/03/2014 00:15:00,0.0
16/03/2014 00:30:00,0.0
16/03/2014 00:45:00,0.0
16/03/2014 01:00:00,0.0
16/03/2014 01:15:00,0.0
16/03/2014 01:30:00,0.0
16/03/2014 01:45:00,0.0
16/03/2014 02:00:00,0.0
16/03/2014 02:15:00,0.0
16/03/2014 02:30:00,0.0
16/03/2014 02:45:00,0.0
16/03/2014 03:00:00,0.0
16/03/2014 03:15:00,0.0
16/03/2014 03:30:00,0.0
16/03/2014 03:45:00,0.0
16/03/2014 04:00:00,0.0
16/03/2014 04:15:00,0.0
16/03/2014 04:30:00,0.0
16/03/2014 04:45:00,0.0
16/03/2014 05:00:00,0.0
16/03/2014 05:15:00,0.0
16/03/2014 05:30:00,0.0
16/03/2014 05:45:00,0.0
16/03/2014 06:00:00,0.0
16/03/2014 06:15:00,0.0
16/03/2014 06:30:00,0.0
16/03/2014 06:45:00,0.0
16/03/2014 07:00:00,0.0
16/03/2014 07:15:00,0.0
16/03/2014 07:30:00,0.0
16/03/2014 07:45:00,0.0
16/03/2014 08:00:00,0.0
16/03/2014 08:15:00,0.0
16/03/2014 08:30:00,0.0
16/03/2014 08:45:00,0.0
16/03/2014 09:00:00,0.0
16/03/2014 09:15:00,0.0
16/03/2014 09:30:00,0.0
16/03/2014 09:45:00,0.0
16/03/2014 10:00:00,0.0
16/03/2014 10:15:00,0.0
16/03/2014 10:30:00,0.0
16/03/2014 10:45:00,0.0
16/03/2014 11:00:00,0.0
16/03/2014 11:15:00,0.0
16/03/2014 11:30:00,0.0
16/03/2014 11:45:00,0.0
16/03/2014 12:00:00,0.0
16/03/2014 12:15:00,0.0
16/03/2014 12:30:00,0.0
16/03/2014 12:45:00,0.0
16/03/2014 13:00:00,0.0
16/03/2014 13:15:00,0.0
16/03/2014 13:30:00,0.0
16/03/2014 13:45:00,0.0
16/03/2014 14:00:00,0.0
16/03/2014 14:15:00,0.0
16/03/2014 14:30:00,0.0
16/03/2014 14:45:00,0.0
16/03/2014 15:00:00,0.0
16/03/2014 15:15:00,0.0
16/03/2014 15:30:00,0.0
16/03/2014 15:45:00,0.0
16/03/2014 16:00:00,0.0
16/03/2014 16:15:00,0.0
16/03/2014 16:30:00,0.0
16/03/2014 16:45:00,0.0
16/03/2014 17:00:00,0.0
16/03/2014 17:15:00,0.0
16/03/2014 17:30:00,0.0
16/03/2014 17:45:00,0.0
16/03/2014 18:00:00,0.0
16/03/2014 18:15:00,0.0
16/03/2014 18:30:00,0.0
16/03/2014 18:45:00,0.0
16/03/2014 19:00:00,0.0
16/03/2014 19:15:00,0.0
16/03/2014 19:30:00,0.0008
16/03/2014 19:45:00,0.622533333333
16/03/2014 20:00:00,0.479066666667
16/03/2014 20:15:00,0.00713333333333
16/03/2014 20:30:00,0.0
16/03/2014 20:45:00,0.0
16/03/2014 21:00:00,0.0
16/03/2014 21:15:00,0.0
16/03/2014 21:30:00,0.0
16/03/2014 21:45:00,0.0
16/03/2014 22:00:00,0.0
16/03/2014 22:15:00,0.0
16/03/2014 22:30:00,0.0
16/03/2014 22:45:00,0.0
16/03/2014 23:00:00,0.0
16/03/2014 23:15:00,0.0
16/03/2014 23:30:00,0.0
16/03/2014 23:45:00,0.0
17/03/2014 00:00:00,0.0
17/03/2014 00:15:00,0.0
17/03/2014 00:30:00,0.0
17/03/2014 00:45:00,0.0
17/03/2014 01:00:00,0.0
17/03/2014 01:15:00,0.0
17/03/2014 01:30:00,0.0
17/03/2014 01:45:00,0.0
17/03/2014 02:00:00,0.0
17/03/2014 02:15:00,0.0
17/03/2014 02:30:00,0.0
17/03/2014 02:45:00,0.0
17/03/2014 03:00:00,0.0
17/03/2014 03:15:00,0.0
17/03/2014 03:30:00,0.0
17/03/2014 03:45:00,0.0
17/03/2014 04:00:00,0.0
17/03/2014 04:15:00,0.0
17/03/2014 04:30:00,0.0
17/03/2014 04:45:00,0.0
17/03/2014 05:00:00,0.0
17/03/2014 05:15:00,0.0
17/03/2014 05:30:00,0.0
17/03/2014 05:45:00,0.0
17/03/2014 06:00:00,0.0
17/03/2014 06:15:00,0.0
17/03/2014 06:30:00,0.0
17/03/2014 06:45:00,0.0
17/03/2014 07:00:00,0.0
17/03/2014 07:15:00,0.0
17/03/2014 07:30:00,0.0
17/03/2014 07:45:00,0.0
17/03/2014 08:00:00,0.0
17/03/2014 08:15:00,0.0
17/03/2014 08:30:00,0.0
17/03/2014 08:45:00,0.0
17/03/2014 09:00:00,0.0
17/03/2014 09:15:00,0.0
17/03/2014 09:30:00,0.0
17/03/2014 09:45:00,0.0
17/03/2014 10:00:00,0.0
17/03/2014 10:15:00,0.0
17/03/2014 10:30:00,0.0
17/03/2014 10:45:00,0.0
17/03/2014 11:00:00,0.0
17/03/2014 11:15:00,0.0
17/03/2014 11:30:00,0.0
17/03/2014 11:45:00,0.0
17/03/2014 12:00:00,0.0
17/03/2014 12:15:00,0.0
17/03/2014 12:30:00,0.0
17/03/2014 12:45:00,0.0
17/03/2014 13:00:00,0.0
17/03/2014 13:15:00,0.0
17/03/2014 13:30:00,0.0
17/03/2014 13:45:00,0.0
17/03/2014 14:00:00,0.0
17/03/2014 14:15:00,0.0
17/03/2014 14:30:00,0.0
17/03/2014 14:45:00,0.0
17/03/2014 15:00:00,0.0
17/03/2014 15:15:00,0.0
17/03/2014 15:30:00,0.0
17/03/2014 15:45:00,0.0
17/03/2014 16:00:00,0.0
17/03/2014 16:15:00,0.0
17/03/2014 16:30:00,0.0
17/03/2014 16:45:00,0.0
17/03/2014 17:00:00,0.0
17/03/2014 17:15:00,0.0
17/03/2014 17:30:00,0.0
17/03/2014 17:45:00,0.0
17/03/2014 18:00:00,0.0
17/03/2014 18:15:00,0.0
17/03/2014 18:30:00,0.0
17/03/2014 18:45:00,0.0
17/03/2014 19:00:00,0.0
17/03/2014 19:15:00,0.000733333333333
17/03/2014 19:30:00,0.459866666667
17/03/2014 19:45:00,0.429533333333
17/03/2014 20:00:00,0.0840666666667
17/03/2014 20:15:00,0.0
17/03/2014 20:30:00,0.0
17/03/2014 20:45:00,0.0
17/03/2014 21:00:00,0.0
17/03/2014 21:15:00,0.0
17/03/2014 21:30:00,0.0
17/03/2014 21:45:00,0.0
17/03/2014 22:00:00,0.0
17/03/2014 22:15:00,0.0
17/03/2014 22:30:00,0.0
17/03/2014 22:45:00,0.0
17/03/2014 23:00:00,0.0
17/03/2014 23:15:00,0.0
17/03/2014 23:30:00,0.0
17/03/2014 23:45:00,0.0
18/03/2014 00:00:00,0.0
18/03/2014 00:15:00,0.0
18/03/2014 00:30:00,0.0
18/03/2014 00:45:00,0.0
18/03/2014 01:00:00,0.0
18/03/2014 01:15:00,0.0
18/03/2014 01:30:00,0.0
18/03/2014 01:45:00,0.0
18/03/2014 02:00:00,0.0
18/03/2014 02:15:00,0.0
18/03/2014 02:30:00,0.0
18/03/2014 02:45:00,0.0
18/03/2014 03:00:00,0.0
18/03/2014 03:15:00,0.0
18/03/2014 03:30:00,0.0
18/03/2014 03:45:00,0.0
18/03/2014 04:00:00,0.0
18/03/2014 04:15:00,0.0
18/03/2014 04:30:00,0.0
18/03/2014 04:45:00,0.0
18/03/2014 05:00:00,0.0
18/03/2014 05:15:00,0.0
18/03/2014 05:30:00,0.0
18/03/2014 05:45:00,0.0
18/03/2014 06:00:00,0.0
18/03/2014 06:15:00,0.0
18/03/2014 06:30:00,0.0
18/03/2014 06:45:00,0.0
18/03/2014 07:00:00,0.0
18/03/2014 07:15:00,0.0
18/03/2014 07:30:00,0.0
18/03/2014 07:45:00,0.0
18/03/2014 08:00:00,0.0
18/03/2014 08:15:00,0.0
18/03/2014 08:30:00,0.0
18/03/2014 08:45:00,0.0
18/03/2014 09:00:00,0.0
18/03/2014 09:15:00,0.0
18/03/2014 09:30:00,0.0
18/03/2014 09:45:00,0.0
18/03/2014 10:00:00,0.0
18/03/2014 10:15:00,0.0
18/03/2014 10:30:00,0.0
18/03/2014 10:45:00,0.0
18/03/2014 11:00:00,0.0
18/03/2014 11:15:00,0.0
18/03/2014 11:30:00,0.0
18/03/2014 11:45:00,0.0
18/03/2014 12:00:00,0.0
18/03/2014 12:15:00,0.0
18/03/2014 12:30:00,0.0
18/03/2014 12:45:00,0.0
18/03/2014 13:00:00,0.0
18/03/2014 13:15:00,0.0
18/03/2014 13:30:00,0.0
18/03/2014 13:45:00,0.0
18/03/2014 14:00:00,0.0
18/03/2014 14:15:00,0.0
18/03/2014 14:30:00,0.0
18/03/2014 14:45:00,0.0
18/03/2014 15:00:00,0.0
18/03/2014 15:15:00,0.0
18/03/2014 15:30:00,0.0
18/03/2014 15:45:00,0.0
18/03/2014 16:00:00,0.0
18/03/2014 16:15:00,0.0
18/03/2014 16:30:00,0.0
18/03/2014 16:45:00,0.0
18/03/2014 17:00:00,0.0
18/03/2014 17:15:00,0.0
18/03/2014 17:30:00,0.0
18/03/2014 17:45:00,0.0
18/03/2014 18:00:00,0.0
18/03/2014 18:15:00,0.0
18/03/2014 18:30:00,0.0
18/03/2014 18:45:00,0.0
18/03/2014 19:00:00,0.0
18/03/2014 19:15:00,0.0
18/03/2014 19:30:00,0.0
18/03/2014 19:45:00,0.0
18/03/2014 20:00:00,0.0
18/03/2014 20:15:00,0.0
18/03/2014 20:30:00,0.0
18/03/2014 20:45:00,0.0
18/03/2014 21:00:00,0.0
18/03/2014 21:15:00,0.0
18/03/2014 21:30:00,0.0
18/03/2014 21:45:00,0.0
18/03/2014 22:00:00,0.0
18/03/2014 22:15:00,0.0
18/03/2014 22:30:00,0.0
18/03/2014 22:45:00,0.0
18/03/2014 23:00:00,0.0
18/03/2014 23:15:00,0.0
18/03/2014 23:30:00,0.0
18/03/2014 23:45:00,0.0
19/03/2014 00:00:00,0.0
19/03/2014 00:15:00,0.0
19/03/2014 00:30:00,0.0
19/03/2014 00:45:00,0.0
19/03/2014 01:00:00,0.0
19/03/2014 01:15:00,0.0
19/03/2014 01:30:00,0.0
19/03/2014 01:45:00,0.0
19/03/2014 02:00:00,0.0
19/03/2014 02:15:00,0.0
19/03/2014 02:30:00,0.0
19/03/2014 02:45:00,0.0
19/03/2014 03:00:00,0.0
19/03/2014 03:15:00,0.0
19/03/2014 03:30:00,0.0
19/03/2014 03:45:00,0.0
19/03/2014 04:00:00,0.0
19/03/2014 04:15:00,0.0
19/03/2014 04:30:00,0.0
19/03/2014 04:45:00,0.0
19/03/2014 05:00:00,0.0
19/03/2014 05:15:00,0.0
19/03/2014 05:30:00,0.0
19/03/2014 05:45:00,0.0
19/03/2014 06:00:00,0.0
19/03/2014 06:15:00,0.0
19/03/2014 06:30:00,0.0
19/03/2014 06:45:00,0.0
19/03/2014 07:00:00,0.0
19/03/2014 07:15:00,0.0
19/03/2014 07:30:00,0.0
19/03/2014 07:45:00,0.0
19/03/2014 08:00:00,0.0
19/03/2014 08:15:00,0.0
19/03/2014 08:30:00,0.0
19/03/2014 08:45:00,0.0
19/03/2014 09:00:00,0.0
19/03/2014 09:15:00,0.0
19/03/2014 09:30:00,0.0
19/03/2014 09:45:00,0.0
19/03/2014 10:00:00,0.0
19/03/2014 10:15:00,0.0
19/03/2014 10:30:00,0.0
19/03/2014 10:45:00,0.0
19/03/2014 11:00:00,0.0
19/03/2014 11:15:00,0.0
19/03/2014 11:30:00,0.0
19/03/2014 11:45:00,0.0
19/03/2014 12:00:00,0.0
19/03/2014 12:15:00,0.0
19/03/2014 12:30:00,0.0
19/03/2014 12:45:00,0.0
19/03/2014 13:00:00,0.0
19/03/2014 13:15:00,0.0
19/03/2014 13:30:00,0.0
19/03/2014 13:45:00,0.0
19/03/2014 14:00:00,0.0
19/03/2014 14:15:00,0.0
19/03/2014 14:30:00,0.0
19/03/2014 14:45:00,0.0
19/03/2014 15:00:00,0.0
19/03/2014 15:15:00,0.0
19/03/2014 15:30:00,0.0
19/03/2014 15:45:00,0.0
19/03/2014 16:00:00,0.0
19/03/2014 16:15:00,0.0
19/03/2014 16:30:00,0.0
19/03/2014 16:45:00,0.0
19/03/2014 17:00:00,0.0
19/03/2014 17:15:00,0.0
19/03/2014 17:30:00,0.0
19/03/2014 17:45:00,0.0
19/03/2014 18:00:00,0.0
19/03/2014 18:15:00,0.0
19/03/2014 18:30:00,0.0
19/03/2014 18:45:00,0.0
19/03/2014 19:00:00,0.0
19/03/2014 19:15:00,0.0
19/03/2014 19:30:00,0.0
19/03/2014 19:45:00,0.0
19/03/2014 20:00:00,0.0
19/03/2014 20:15:00,0.0
19/03/2014 20:30:00,0.0
19/03/2014 20:45:00,0.0
19/03/2014 21:00:00,0.0
19/03/2014 21:15:00,0.0
19/03/2014 21:30:00,0.0
19/03/2014 21:45:00,0.0
19/03/2014 22:00:00,0.0
19/03/2014 22:15:00,0.0
19/03/2014 22:30:00,0.0
19/03/2014 22:45:00,0.0
19/03/2014 23:00:00,0.0
19/03/2014 23:15:00,0.0
19/03/2014 23:30:00,0.0
19/03/2014 23:45:00,0.0
20/03/2014 00:00:00,0.0
20/03/2014 00:15:00,0.0
20/03/2014 00:30:00,0.0
20/03/2014 00:45:00,0.0
20/03/2014 01:00:00,0.0
20/03/2014 01:15:00,0.0
20/03/2014 01:30:00,0.0
20/03/2014 01:45:00,0.0
20/03/2014 02:00:00,0.0
20/03/2014 02:15:00,0.0
20/03/2014 02:30:00,0.0
20/03/2014 02:45:00,0.0
20/03/2014 03:00:00,0.0
20/03/2014 03:15:00,0.0
20/03/2014 03:30:00,0.0
20/03/2014 03:45:00,0.0
20/03/2014 04:00:00,0.0
20/03/2014 04:15:00,0.0
20/03/2014 04:30:00,0.0
20/03/2014 04:45:00,0.0
20/03/2014 05:00:00,0.0
20/03/2014 05:15:00,0.0
20/03/2014 05:30:00,0.0
20/03/2014 05:45:00,0.0
20/03/2014 06:00:00,0.0
20/03/2014 06:15:00,0.0
20/03/2014 06:30:00,0.0
20/03/2014 06:45:00,0.0
20/03/2014 07:00:00,0.0
20/03/2014 07:15:00,0.0
20/03/2014 07:30:00,0.0
20/03/2014 07:45:00,0.0
20/03/2014 08:00:00,0.0
20/03/2014 08:15:00,0.0
20/03/2014 08:30:00,0.0
20/03/2014 08:45:00,0.0
20/03/2014 09:00:00,0.0
20/03/2014 09:15:00,0.0
20/03/2014 09:30:00,0.0
20/03/2014 09:45:00,0.0
20/03/2014 10:00:00,0.0
20/03/2014 10:15:00,0.0
20/03/2014 10:30:00,0.0
20/03/2014 10:45:00,0.0
20/03/2014 11:00:00,0.0
20/03/2014 11:15:00,0.0
20/03/2014 11:30:00,0.0
20/03/2014 11:45:00,0.0
20/03/2014 12:00:00,0.0
20/03/2014 12:15:00,0.0
20/03/2014 12:30:00,0.0
20/03/2014 12:45:00,0.0
20/03/2014 13:00:00,0.0
20/03/2014 13:15:00,0.0
20/03/2014 13:30:00,0.0
20/03/2014 13:45:00,0.0
20/03/2014 14:00:00,0.0
20/03/2014 14:15:00,0.0
20/03/2014 14:30:00,0.0
20/03/2014 14:45:00,0.0
20/03/2014 15:00:00,0.0
20/03/2014 15:15:00,0.0
20/03/2014 15:30:00,0.0
20/03/2014 15:45:00,0.0
20/03/2014 16:00:00,0.0
20/03/2014 16:15:00,0.0
20/03/2014 16:30:00,0.0
20/03/2014 16:45:00,0.0
20/03/2014 17:00:00,0.0696
20/03/2014 17:15:00,0.4358
20/03/2014 17:30:00,0.385466666667
20/03/2014 17:45:00,0.0
20/03/2014 18:00:00,0.0
20/03/2014 18:15:00,0.0
20/03/2014 18:30:00,0.0
20/03/2014 18:45:00,0.0
20/03/2014 19:00:00,0.0
20/03/2014 19:15:00,0.0
20/03/2014 19:30:00,0.0
20/03/2014 19:45:00,0.0
20/03/2014 20:00:00,0.0
20/03/2014 20:15:00,0.0
20/03/2014 20:30:00,0.0
20/03/2014 20:45:00,0.0
20/03/2014 21:00:00,0.0
20/03/2014 21:15:00,0.0
20/03/2014 21:30:00,0.0
20/03/2014 21:45:00,0.0
20/03/2014 22:00:00,0.0
20/03/2014 22:15:00,0.0
20/03/2014 22:30:00,0.0
20/03/2014 22:45:00,0.0
20/03/2014 23:00:00,0.0
20/03/2014 23:15:00,0.0
20/03/2014 23:30:00,0.0
20/03/2014 23:45:00,0.0
21/03/2014 00:00:00,0.0
21/03/2014 00:15:00,0.0
21/03/2014 00:30:00,0.0
21/03/2014 00:45:00,0.0
21/03/2014 01:00:00,0.0
21/03/2014 01:15:00,0.0
21/03/2014 01:30:00,0.0
21/03/2014 01:45:00,0.0
21/03/2014 02:00:00,0.0
21/03/2014 02:15:00,0.0
21/03/2014 02:30:00,0.0
21/03/2014 02:45:00,0.0
21/03/2014 03:00:00,0.0
21/03/2014 03:15:00,0.0
21/03/2014 03:30:00,0.0
21/03/2014 03:45:00,0.0
21/03/2014 04:00:00,0.0
21/03/2014 04:15:00,0.0
21/03/2014 04:30:00,0.0
21/03/2014 04:45:00,0.0
21/03/2014 05:00:00,0.0
21/03/2014 05:15:00,0.0
21/03/2014 05:30:00,0.0
21/03/2014 05:45:00,0.0
21/03/2014 06:00:00,0.0
21/03/2014 06:15:00,0.0
21/03/2014 06:30:00,0.0
21/03/2014 06:45:00,0.0
21/03/2014 07:00:00,0.0
21/03/2014 07:15:00,0.0
21/03/2014 07:30:00,0.0
21/03/2014 07:45:00,0.0
21/03/2014 08:00:00,0.0
21/03/2014 08:15:00,0.0
21/03/2014 08:30:00,0.0
21/03/2014 08:45:00,0.0
21/03/2014 09:00:00,0.0
21/03/2014 09:15:00,0.0
21/03/2014 09:30:00,0.0
21/03/2014 09:45:00,0.0
21/03/2014 10:00:00,0.0
21/03/2014 10:15:00,0.0
21/03/2014 10:30:00,0.0
21/03/2014 10:45:00,0.0
21/03/2014 11:00:00,0.0
21/03/2014 11:15:00,0.0
21/03/2014 11:30:00,0.0
21/03/2014 11:45:00,0.0
21/03/2014 12:00:00,0.0
21/03/2014 12:15:00,0.0
21/03/2014 12:30:00,0.0
21/03/2014 12:45:00,0.0
21/03/2014 13:00:00,0.0
21/03/2014 13:15:00,0.0
21/03/2014 13:30:00,0.0
21/03/2014 13:45:00,0.0
21/03/2014 14:00:00,0.0
21/03/2014 14:15:00,0.0
21/03/2014 14:30:00,0.0
21/03/2014 14:45:00,0.0
21/03/2014 15:00:00,0.0
21/03/2014 15:15:00,0.0
21/03/2014 15:30:00,0.0
21/03/2014 15:45:00,0.0
21/03/2014 16:00:00,0.0
21/03/2014 16:15:00,0.0
21/03/2014 16:30:00,0.0
21/03/2014 16:45:00,0.0
21/03/2014 17:00:00,0.0
21/03/2014 17:15:00,0.0
21/03/2014 17:30:00,0.0
21/03/2014 17:45:00,0.0
21/03/2014 18:00:00,0.0
21/03/2014 18:15:00,0.0
21/03/2014 18:30:00,0.0
21/03/2014 18:45:00,0.0
21/03/2014 19:00:00,0.0
21/03/2014 19:15:00,0.0
21/03/2014 19:30:00,0.0
21/03/2014 19:45:00,0.0
21/03/2014 20:00:00,0.0
21/03/2014 20:15:00,0.0
21/03/2014 20:30:00,0.0
21/03/2014 20:45:00,0.0
21/03/2014 21:00:00,0.0
21/03/2014 21:15:00,0.0
21/03/2014 21:30:00,0.0
21/03/2014 21:45:00,0.0
21/03/2014 22:00:00,0.0
21/03/2014 22:15:00,0.0
21/03/2014 22:30:00,0.0
21/03/2014 22:45:00,0.0
21/03/2014 23:00:00,0.0
21/03/2014 23:15:00,0.0
21/03/2014 23:30:00,0.0
21/03/2014 23:45:00,0.0
22/03/2014 00:00:00,0.0
22/03/2014 00:15:00,0.0
22/03/2014 00:30:00,0.0
22/03/2014 00:45:00,0.0
22/03/2014 01:00:00,0.0
22/03/2014 01:15:00,0.0
22/03/2014 01:30:00,0.0
22/03/2014 01:45:00,0.0
22/03/2014 02:00:00,0.0
22/03/2014 02:15:00,0.0
22/03/2014 02:30:00,0.0
22/03/2014 02:45:00,0.0
22/03/2014 03:00:00,0.0
22/03/2014 03:15:00,0.0
22/03/2014 03:30:00,0.0
22/03/2014 03:45:00,0.0
22/03/2014 04:00:00,0.0
22/03/2014 04:15:00,0.0
22/03/2014 04:30:00,0.0
22/03/2014 04:45:00,0.0
22/03/2014 05:00:00,0.0
22/03/2014 05:15:00,0.0
22/03/2014 05:30:00,0.0
22/03/2014 05:45:00,0.0
22/03/2014 06:00:00,0.0
22/03/2014 06:15:00,0.0
22/03/2014 06:30:00,0.0
22/03/2014 06:45:00,0.0
22/03/2014 07:00:00,0.0
22/03/2014 07:15:00,0.0
22/03/2014 07:30:00,0.0
22/03/2014 07:45:00,0.0
22/03/2014 08:00:00,0.0
22/03/2014 08:15:00,0.0
22/03/2014 08:30:00,0.0
22/03/2014 08:45:00,0.0
22/03/2014 09:00:00,0.0
22/03/2014 09:15:00,0.0
22/03/2014 09:30:00,0.0
22/03/2014 09:45:00,0.0
22/03/2014 10:00:00,0.0
22/03/2014 10:15:00,0.0
22/03/2014 10:30:00,0.0
22/03/2014 10:45:00,0.0
22/03/2014 11:00:00,0.0
22/03/2014 11:15:00,0.0
22/03/2014 11:30:00,0.0
22/03/2014 11:45:00,0.0
22/03/2014 12:00:00,0.0
22/03/2014 12:15:00,0.0
22/03/2014 12:30:00,0.0
22/03/2014 12:45:00,0.0
22/03/2014 13:00:00,0.230066666667
22/03/2014 13:15:00,0.425133333333
22/03/2014 13:30:00,0.285066666667
22/03/2014 13:45:00,0.0
22/03/2014 14:00:00,0.0
22/03/2014 14:15:00,0.0
22/03/2014 14:30:00,0.0
22/03/2014 14:45:00,0.0
22/03/2014 15:00:00,0.0
22/03/2014 15:15:00,0.0
22/03/2014 15:30:00,0.0
22/03/2014 15:45:00,0.0
22/03/2014 16:00:00,0.279533333333
22/03/2014 16:15:00,0.5008
22/03/2014 16:30:00,0.109
22/03/2014 16:45:00,0.0
22/03/2014 17:00:00,0.0
22/03/2014 17:15:00,0.0
22/03/2014 17:30:00,0.0
22/03/2014 17:45:00,0.0
22/03/2014 18:00:00,0.0
22/03/2014 18:15:00,0.0
22/03/2014 18:30:00,0.0
22/03/2014 18:45:00,0.0
22/03/2014 19:00:00,0.0
22/03/2014 19:15:00,0.0
22/03/2014 19:30:00,0.0
22/03/2014 19:45:00,0.0
22/03/2014 20:00:00,0.0
22/03/2014 20:15:00,0.0
22/03/2014 20:30:00,0.0
22/03/2014 20:45:00,0.0
22/03/2014 21:00:00,0.0
22/03/2014 21:15:00,0.0
22/03/2014 21:30:00,0.0
22/03/2014 21:45:00,0.0
22/03/2014 22:00:00,0.0
22/03/2014 22:15:00,0.0
22/03/2014 22:30:00,0.0
22/03/2014 22:45:00,0.0
22/03/2014 23:00:00,0.0
22/03/2014 23:15:00,0.0
22/03/2014 23:30:00,0.0
22/03/2014 23:45:00,0.0
23/03/2014 00:00:00,0.0
23/03/2014 00:15:00,0.0
23/03/2014 00:30:00,0.0
23/03/2014 00:45:00,0.0
23/03/2014 01:00:00,0.0
23/03/2014 01:15:00,0.0
23/03/2014 01:30:00,0.0
23/03/2014 01:45:00,0.0
23/03/2014 02:00:00,0.0
23/03/2014 02:15:00,0.0
23/03/2014 02:30:00,0.0
23/03/2014 02:45:00,0.0
23/03/2014 03:00:00,0.0
23/03/2014 03:15:00,0.0
23/03/2014 03:30:00,0.0
23/03/2014 03:45:00,0.0
23/03/2014 04:00:00,0.0
23/03/2014 04:15:00,0.0
23/03/2014 04:30:00,0.0
23/03/2014 04:45:00,0.0
23/03/2014 05:00:00,0.0
23/03/2014 05:15:00,0.0
23/03/2014 05:30:00,0.0
23/03/2014 05:45:00,0.0
23/03/2014 06:00:00,0.0
23/03/2014 06:15:00,0.0
23/03/2014 06:30:00,0.0
23/03/2014 06:45:00,0.0
23/03/2014 07:00:00,0.0
23/03/2014 07:15:00,0.0
23/03/2014 07:30:00,0.0
23/03/2014 07:45:00,0.0
23/03/2014 08:00:00,0.0
23/03/2014 08:15:00,0.0
23/03/2014 08:30:00,0.0
23/03/2014 08:45:00,0.0
23/03/2014 09:00:00,0.0
23/03/2014 09:15:00,0.0
23/03/2014 09:30:00,0.0
23/03/2014 09:45:00,0.0
23/03/2014 10:00:00,0.0
23/03/2014 10:15:00,0.0
23/03/2014 10:30:00,0.0
23/03/2014 10:45:00,0.0
23/03/2014 11:00:00,0.0
23/03/2014 11:15:00,0.0
23/03/2014 11:30:00,0.0
23/03/2014 11:45:00,0.0
23/03/2014 12:00:00,0.0
23/03/2014 12:15:00,0.0
23/03/2014 12:30:00,0.0
23/03/2014 12:45:00,0.0
23/03/2014 13:00:00,0.0
23/03/2014 13:15:00,0.0
23/03/2014 13:30:00,0.0
23/03/2014 13:45:00,0.0
23/03/2014 14:00:00,0.0
23/03/2014 14:15:00,0.0
23/03/2014 14:30:00,0.0
23/03/2014 14:45:00,0.0
23/03/2014 15:00:00,0.0
23/03/2014 15:15:00,0.0
23/03/2014 15:30:00,0.0
23/03/2014 15:45:00,0.0
23/03/2014 16:00:00,0.0
23/03/2014 16:15:00,0.0
23/03/2014 16:30:00,0.0
23/03/2014 16:45:00,0.1128
23/03/2014 17:00:00,0.423533333333
23/03/2014 17:15:00,0.279933333333
23/03/2014 17:30:00,0.3392
23/03/2014 17:45:00,0.3586
23/03/2014 18:00:00,0.0
23/03/2014 18:15:00,0.0
23/03/2014 18:30:00,0.0
23/03/2014 18:45:00,0.0
23/03/2014 19:00:00,0.0
23/03/2014 19:15:00,0.0
23/03/2014 19:30:00,0.0
23/03/2014 19:45:00,0.0
23/03/2014 20:00:00,0.0
23/03/2014 20:15:00,0.0
23/03/2014 20:30:00,0.0
23/03/2014 20:45:00,0.0
23/03/2014 21:00:00,0.0
23/03/2014 21:15:00,0.0
23/03/2014 21:30:00,0.0108
23/03/2014 21:45:00,0.458
23/03/2014 22:00:00,0.440733333333
23/03/2014 22:15:00,0.00566666666667
23/03/2014 22:30:00,0.0
23/03/2014 22:45:00,0.0
23/03/2014 23:00:00,0.0
23/03/2014 23:15:00,0.0
23/03/2014 23:30:00,0.0
23/03/2014 23:45:00,0.0
24/03/2014 00:00:00,0.0
24/03/2014 00:15:00,0.0
24/03/2014 00:30:00,0.0
24/03/2014 00:45:00,0.0
24/03/2014 01:00:00,0.0
24/03/2014 01:15:00,0.0
24/03/2014 01:30:00,0.0
24/03/2014 01:45:00,0.0
24/03/2014 02:00:00,0.0
24/03/2014 02:15:00,0.0
24/03/2014 02:30:00,0.0
24/03/2014 02:45:00,0.0
24/03/2014 03:00:00,0.0
24/03/2014 03:15:00,0.0
24/03/2014 03:30:00,0.0
24/03/2014 03:45:00,0.0
24/03/2014 04:00:00,0.0
24/03/2014 04:15:00,0.0
24/03/2014 04:30:00,0.0
24/03/2014 04:45:00,0.0
24/03/2014 05:00:00,0.0
24/03/2014 05:15:00,0.0
24/03/2014 05:30:00,0.0
24/03/2014 05:45:00,0.0
24/03/2014 06:00:00,0.0
24/03/2014 06:15:00,0.0
24/03/2014 06:30:00,0.0
24/03/2014 06:45:00,0.0
24/03/2014 07:00:00,0.0
24/03/2014 07:15:00,0.0
24/03/2014 07:30:00,0.0
24/03/2014 07:45:00,0.0
24/03/2014 08:00:00,0.0
24/03/2014 08:15:00,0.0
24/03/2014 08:30:00,0.0
24/03/2014 08:45:00,0.0
24/03/2014 09:00:00,0.0
24/03/2014 09:15:00,0.0
24/03/2014 09:30:00,0.0
24/03/2014 09:45:00,0.0
24/03/2014 10:00:00,0.0
24/03/2014 10:15:00,0.0
24/03/2014 10:30:00,0.0
24/03/2014 10:45:00,0.0
24/03/2014 11:00:00,0.0
24/03/2014 11:15:00,0.0
24/03/2014 11:30:00,0.0
24/03/2014 11:45:00,0.0
24/03/2014 12:00:00,0.0
24/03/2014 12:15:00,0.0
24/03/2014 12:30:00,0.0
24/03/2014 12:45:00,0.0
24/03/2014 13:00:00,0.0
24/03/2014 13:15:00,0.0
24/03/2014 13:30:00,0.0
24/03/2014 13:45:00,0.0
24/03/2014 14:00:00,0.0
24/03/2014 14:15:00,0.0
24/03/2014 14:30:00,0.0
24/03/2014 14:45:00,0.0
24/03/2014 15:00:00,0.0
24/03/2014 15:15:00,0.0
24/03/2014 15:30:00,0.0
24/03/2014 15:45:00,0.0
24/03/2014 16:00:00,0.0
24/03/2014 16:15:00,0.0
24/03/2014 16:30:00,0.0
24/03/2014 16:45:00,0.0
24/03/2014 17:00:00,0.0
24/03/2014 17:15:00,0.0
24/03/2014 17:30:00,0.0
24/03/2014 17:45:00,0.0
24/03/2014 18:00:00,0.0
24/03/2014 18:15:00,0.0
24/03/2014 18:30:00,0.0
24/03/2014 18:45:00,0.0
24/03/2014 19:00:00,0.0
24/03/2014 19:15:00,0.0
24/03/2014 19:30:00,0.0
24/03/2014 19:45:00,0.0
24/03/2014 20:00:00,0.0
24/03/2014 20:15:00,0.0
24/03/2014 20:30:00,0.0
24/03/2014 20:45:00,0.0
24/03/2014 21:00:00,0.0
24/03/2014 21:15:00,0.0
24/03/2014 21:30:00,0.0
24/03/2014 21:45:00,0.0
24/03/2014 22:00:00,0.0
24/03/2014 22:15:00,0.0
24/03/2014 22:30:00,0.0
24/03/2014 22:45:00,0.0
24/03/2014 23:00:00,0.0
24/03/2014 23:15:00,0.0
24/03/2014 23:30:00,0.0
24/03/2014 23:45:00,0.0
25/03/2014 00:00:00,0.0
25/03/2014 00:15:00,0.0
25/03/2014 00:30:00,0.0
25/03/2014 00:45:00,0.0
25/03/2014 01:00:00,0.0
25/03/2014 01:15:00,0.0
25/03/2014 01:30:00,0.0
25/03/2014 01:45:00,0.0
25/03/2014 02:00:00,0.0
25/03/2014 02:15:00,0.0
25/03/2014 02:30:00,0.0
25/03/2014 02:45:00,0.0
25/03/2014 03:00:00,0.0
25/03/2014 03:15:00,0.0
25/03/2014 03:30:00,0.0
25/03/2014 03:45:00,0.0
25/03/2014 04:00:00,0.0
25/03/2014 04:15:00,0.0
25/03/2014 04:30:00,0.0
25/03/2014 04:45:00,0.0
25/03/2014 05:00:00,0.0
25/03/2014 05:15:00,0.0
25/03/2014 05:30:00,0.0
25/03/2014 05:45:00,0.0
25/03/2014 06:00:00,0.0
25/03/2014 06:15:00,0.0
25/03/2014 06:30:00,0.0
25/03/2014 06:45:00,0.0
25/03/2014 07:00:00,0.0
25/03/2014 07:15:00,0.0
25/03/2014 07:30:00,0.0
25/03/2014 07:45:00,0.0
25/03/2014 08:00:00,0.0
25/03/2014 08:15:00,0.0
25/03/2014 08:30:00,0.0
25/03/2014 08:45:00,0.0
25/03/2014 09:00:00,0.0
25/03/2014 09:15:00,0.0
25/03/2014 09:30:00,0.0
25/03/2014 09:45:00,0.0
25/03/2014 10:00:00,0.0
25/03/2014 10:15:00,0.0
25/03/2014 10:30:00,0.0
25/03/2014 10:45:00,0.0
25/03/2014 11:00:00,0.0
25/03/2014 11:15:00,0.0
25/03/2014 11:30:00,0.0
25/03/2014 11:45:00,0.0
25/03/2014 12:00:00,0.0
25/03/2014 12:15:00,0.0
25/03/2014 12:30:00,0.0
25/03/2014 12:45:00,0.0
25/03/2014 13:00:00,0.0
25/03/2014 13:15:00,0.0
25/03/2014 13:30:00,0.0
25/03/2014 13:45:00,0.0
25/03/2014 14:00:00,0.0
25/03/2014 14:15:00,0.0
25/03/2014 14:30:00,0.0
25/03/2014 14:45:00,0.0
25/03/2014 15:00:00,0.0
25/03/2014 15:15:00,0.0
25/03/2014 15:30:00,0.0
25/03/2014 15:45:00,0.0
25/03/2014 16:00:00,0.0
25/03/2014 16:15:00,0.0
25/03/2014 16:30:00,0.0
25/03/2014 16:45:00,0.0
25/03/2014 17:00:00,0.0
25/03/2014 17:15:00,0.0
25/03/2014 17:30:00,0.0
25/03/2014 17:45:00,0.0
25/03/2014 18:00:00,0.0
25/03/2014 18:15:00,0.0
25/03/2014 18:30:00,0.0
25/03/2014 18:45:00,0.123533333333
25/03/2014 19:00:00,0.428266666667
25/03/2014 19:15:00,0.405933333333
25/03/2014 19:30:00,0.0
25/03/2014 19:45:00,0.0
25/03/2014 20:00:00,0.0
25/03/2014 20:15:00,0.0
25/03/2014 20:30:00,0.0
25/03/2014 20:45:00,0.0
25/03/2014 21:00:00,0.0
25/03/2014 21:15:00,0.0
25/03/2014 21:30:00,0.0
25/03/2014 21:45:00,0.0
25/03/2014 22:00:00,0.0
25/03/2014 22:15:00,0.0
25/03/2014 22:30:00,0.0
25/03/2014 22:45:00,0.0
25/03/2014 23:00:00,0.0
25/03/2014 23:15:00,0.0
25/03/2014 23:30:00,0.0
25/03/2014 23:45:00,0.0
26/03/2014 00:00:00,0.0
26/03/2014 00:15:00,0.0
26/03/2014 00:30:00,0.0
26/03/2014 00:45:00,0.0
26/03/2014 01:00:00,0.0
26/03/2014 01:15:00,0.0
26/03/2014 01:30:00,0.0
26/03/2014 01:45:00,0.0
26/03/2014 02:00:00,0.0
26/03/2014 02:15:00,0.0
26/03/2014 02:30:00,0.0
26/03/2014 02:45:00,0.0
26/03/2014 03:00:00,0.0
26/03/2014 03:15:00,0.0
26/03/2014 03:30:00,0.0
26/03/2014 03:45:00,0.0
26/03/2014 04:00:00,0.0
26/03/2014 04:15:00,0.0
26/03/2014 04:30:00,0.0
26/03/2014 04:45:00,0.0
26/03/2014 05:00:00,0.0
26/03/2014 05:15:00,0.0
26/03/2014 05:30:00,0.0
26/03/2014 05:45:00,0.0
26/03/2014 06:00:00,0.0
26/03/2014 06:15:00,0.0
26/03/2014 06:30:00,0.0
26/03/2014 06:45:00,0.123333333333
26/03/2014 07:00:00,0.357666666667
26/03/2014 07:15:00,0.388266666667
26/03/2014 07:30:00,0.0
26/03/2014 07:45:00,0.0
26/03/2014 08:00:00,0.0
26/03/2014 08:15:00,0.0
26/03/2014 08:30:00,0.0
26/03/2014 08:45:00,0.0
26/03/2014 09:00:00,0.0
26/03/2014 09:15:00,0.0
26/03/2014 09:30:00,0.0
26/03/2014 09:45:00,0.0
26/03/2014 10:00:00,0.0
26/03/2014 10:15:00,0.0
26/03/2014 10:30:00,0.0
26/03/2014 10:45:00,0.0
26/03/2014 11:00:00,0.0
26/03/2014 11:15:00,0.0
26/03/2014 11:30:00,0.0
26/03/2014 11:45:00,0.0
26/03/2014 12:00:00,0.0
26/03/2014 12:15:00,0.0
26/03/2014 12:30:00,0.0
26/03/2014 12:45:00,0.0
26/03/2014 13:00:00,0.0
26/03/2014 13:15:00,0.0
26/03/2014 13:30:00,0.0
26/03/2014 13:45:00,0.0
26/03/2014 14:00:00,0.0
26/03/2014 14:15:00,0.0
26/03/2014 14:30:00,0.0
26/03/2014 14:45:00,0.0
26/03/2014 15:00:00,0.0
26/03/2014 15:15:00,0.0
26/03/2014 15:30:00,0.0
26/03/2014 15:45:00,0.0
26/03/2014 16:00:00,0.0
26/03/2014 16:15:00,0.0
26/03/2014 16:30:00,0.0
26/03/2014 16:45:00,0.0
26/03/2014 17:00:00,0.0
26/03/2014 17:15:00,0.0
26/03/2014 17:30:00,0.0
26/03/2014 17:45:00,0.0
26/03/2014 18:00:00,0.1714
26/03/2014 18:15:00,0.410466666667
26/03/2014 18:30:00,0.3376
26/03/2014 18:45:00,0.0
26/03/2014 19:00:00,0.0
26/03/2014 19:15:00,0.0
26/03/2014 19:30:00,0.0
26/03/2014 19:45:00,0.0
26/03/2014 20:00:00,0.0
26/03/2014 20:15:00,0.0
26/03/2014 20:30:00,0.0
26/03/2014 20:45:00,0.0
26/03/2014 21:00:00,0.0
26/03/2014 21:15:00,0.0
26/03/2014 21:30:00,0.0
26/03/2014 21:45:00,0.0
26/03/2014 22:00:00,0.0
26/03/2014 22:15:00,0.0
26/03/2014 22:30:00,0.0
26/03/2014 22:45:00,0.0
26/03/2014 23:00:00,0.0
26/03/2014 23:15:00,0.0
26/03/2014 23:30:00,0.0
26/03/2014 23:45:00,0.0
27/03/2014 00:00:00,0.0
27/03/2014 00:15:00,0.0
27/03/2014 00:30:00,0.0
27/03/2014 00:45:00,0.0
27/03/2014 01:00:00,0.0
27/03/2014 01:15:00,0.0
27/03/2014 01:30:00,0.0
27/03/2014 01:45:00,0.0
27/03/2014 02:00:00,0.0
27/03/2014 02:15:00,0.0
27/03/2014 02:30:00,0.0
27/03/2014 02:45:00,0.0
27/03/2014 03:00:00,0.0
27/03/2014 03:15:00,0.0
27/03/2014 03:30:00,0.0
27/03/2014 03:45:00,0.0
27/03/2014 04:00:00,0.0
27/03/2014 04:15:00,0.0
27/03/2014 04:30:00,0.0
27/03/2014 04:45:00,0.0
27/03/2014 05:00:00,0.0
27/03/2014 05:15:00,0.0
27/03/2014 05:30:00,0.0
27/03/2014 05:45:00,0.0
27/03/2014 06:00:00,0.0
27/03/2014 06:15:00,0.0
27/03/2014 06:30:00,0.0
27/03/2014 06:45:00,0.0
27/03/2014 07:00:00,0.0
27/03/2014 07:15:00,0.0
27/03/2014 07:30:00,0.0
27/03/2014 07:45:00,0.0
27/03/2014 08:00:00,0.0
27/03/2014 08:15:00,0.0
27/03/2014 08:30:00,0.141533333333
27/03/2014 08:45:00,0.446
27/03/2014 09:00:00,0.132
27/03/2014 09:15:00,0.0
27/03/2014 09:30:00,0.0
27/03/2014 09:45:00,0.0
27/03/2014 10:00:00,0.0
27/03/2014 10:15:00,0.0
27/03/2014 10:30:00,0.0
27/03/2014 10:45:00,0.0
27/03/2014 11:00:00,0.0
27/03/2014 11:15:00,0.0
27/03/2014 11:30:00,0.0
27/03/2014 11:45:00,0.0
27/03/2014 12:00:00,0.0
27/03/2014 12:15:00,0.0
27/03/2014 12:30:00,0.0
27/03/2014 12:45:00,0.0
27/03/2014 13:00:00,0.0
27/03/2014 13:15:00,0.0
27/03/2014 13:30:00,0.0
27/03/2014 13:45:00,0.0
27/03/2014 14:00:00,0.0
27/03/2014 14:15:00,0.0
27/03/2014 14:30:00,0.0
27/03/2014 14:45:00,0.0
27/03/2014 15:00:00,0.0
27/03/2014 15:15:00,0.0
27/03/2014 15:30:00,0.0
27/03/2014 15:45:00,0.0
27/03/2014 16:00:00,0.0
27/03/2014 16:15:00,0.0
27/03/2014 16:30:00,0.0
27/03/2014 16:45:00,0.0
27/03/2014 17:00:00,0.0
27/03/2014 17:15:00,0.0
27/03/2014 17:30:00,0.0
27/03/2014 17:45:00,0.0
27/03/2014 18:00:00,0.0
27/03/2014 18:15:00,0.0
27/03/2014 18:30:00,0.0
27/03/2014 18:45:00,0.0
27/03/2014 19:00:00,0.0
27/03/2014 19:15:00,0.0
27/03/2014 19:30:00,0.0
27/03/2014 19:45:00,0.0
27/03/2014 20:00:00,0.0
27/03/2014 20:15:00,0.0
27/03/2014 20:30:00,0.0
27/03/2014 20:45:00,0.0
27/03/2014 21:00:00,0.0
27/03/2014 21:15:00,0.0
27/03/2014 21:30:00,0.0
27/03/2014 21:45:00,0.0
27/03/2014 22:00:00,0.0
27/03/2014 22:15:00,0.0
27/03/2014 22:30:00,0.0
27/03/2014 22:45:00,0.0
27/03/2014 23:00:00,0.0
27/03/2014 23:15:00,0.0
27/03/2014 23:30:00,0.0
27/03/2014 23:45:00,0.0
28/03/2014 00:00:00,0.0
28/03/2014 00:15:00,0.0
28/03/2014 00:30:00,0.0
28/03/2014 00:45:00,0.0
28/03/2014 01:00:00,0.0
28/03/2014 01:15:00,0.0
28/03/2014 01:30:00,0.0
28/03/2014 01:45:00,0.0
28/03/2014 02:00:00,0.0
28/03/2014 02:15:00,0.0
28/03/2014 02:30:00,0.0
28/03/2014 02:45:00,0.0
28/03/2014 03:00:00,0.0
28/03/2014 03:15:00,0.0
28/03/2014 03:30:00,0.0
28/03/2014 03:45:00,0.0
28/03/2014 04:00:00,0.0
28/03/2014 04:15:00,0.0
28/03/2014 04:30:00,0.0
28/03/2014 04:45:00,0.0
28/03/2014 05:00:00,0.0
28/03/2014 05:15:00,0.0
28/03/2014 05:30:00,0.0
28/03/2014 05:45:00,0.0
28/03/2014 06:00:00,0.0
28/03/2014 06:15:00,0.0
28/03/2014 06:30:00,0.0
28/03/2014 06:45:00,0.0
28/03/2014 07:00:00,0.0
28/03/2014 07:15:00,0.0
28/03/2014 07:30:00,0.0
28/03/2014 07:45:00,0.0
28/03/2014 08:00:00,0.0
28/03/2014 08:15:00,0.0
28/03/2014 08:30:00,0.0
28/03/2014 08:45:00,0.0
28/03/2014 09:00:00,0.0
28/03/2014 09:15:00,0.1116
28/03/2014 09:30:00,0.420266666667
28/03/2014 09:45:00,0.3694
28/03/2014 10:00:00,0.0
28/03/2014 10:15:00,0.0
28/03/2014 10:30:00,0.0
28/03/2014 10:45:00,0.0
28/03/2014 11:00:00,0.0
28/03/2014 11:15:00,0.0
28/03/2014 11:30:00,0.0
28/03/2014 11:45:00,0.0004
28/03/2014 12:00:00,0.41
28/03/2014 12:15:00,0.438666666667
28/03/2014 12:30:00,0.0201333333333
28/03/2014 12:45:00,0.0
28/03/2014 13:00:00,0.0
28/03/2014 13:15:00,0.0
28/03/2014 13:30:00,0.0
28/03/2014 13:45:00,0.0
28/03/2014 14:00:00,0.0
28/03/2014 14:15:00,0.0
28/03/2014 14:30:00,0.0
28/03/2014 14:45:00,0.0
28/03/2014 15:00:00,0.302333333333
28/03/2014 15:15:00,0.462533333333
28/03/2014 15:30:00,0.0858666666667
28/03/2014 15:45:00,0.0
28/03/2014 16:00:00,0.0
28/03/2014 16:15:00,0.0
28/03/2014 16:30:00,0.0
28/03/2014 16:45:00,0.0
28/03/2014 17:00:00,0.0
28/03/2014 17:15:00,0.0
28/03/2014 17:30:00,0.0
28/03/2014 17:45:00,0.0
28/03/2014 18:00:00,0.0
28/03/2014 18:15:00,0.0
28/03/2014 18:30:00,0.0
28/03/2014 18:45:00,0.0
28/03/2014 19:00:00,0.0
28/03/2014 19:15:00,0.0
28/03/2014 19:30:00,0.0
28/03/2014 19:45:00,0.0
28/03/2014 20:00:00,0.0
28/03/2014 20:15:00,0.0
28/03/2014 20:30:00,0.0
28/03/2014 20:45:00,0.0
28/03/2014 21:00:00,0.231466666667
28/03/2014 21:15:00,0.3852
28/03/2014 21:30:00,0.3088
28/03/2014 21:45:00,0.0
28/03/2014 22:00:00,0.0
28/03/2014 22:15:00,0.0
28/03/2014 22:30:00,0.0
28/03/2014 22:45:00,0.0
28/03/2014 23:00:00,0.0
28/03/2014 23:15:00,0.0
28/03/2014 23:30:00,0.0
28/03/2014 23:45:00,0.0
29/03/2014 00:00:00,0.0
29/03/2014 00:15:00,0.0
29/03/2014 00:30:00,0.0
29/03/2014 00:45:00,0.0
29/03/2014 01:00:00,0.0
29/03/2014 01:15:00,0.0
29/03/2014 01:30:00,0.0
29/03/2014 01:45:00,0.0
29/03/2014 02:00:00,0.0
29/03/2014 02:15:00,0.0
29/03/2014 02:30:00,0.0
29/03/2014 02:45:00,0.0
29/03/2014 03:00:00,0.0
29/03/2014 03:15:00,0.0
29/03/2014 03:30:00,0.0
29/03/2014 03:45:00,0.0
29/03/2014 04:00:00,0.0
29/03/2014 04:15:00,0.0
29/03/2014 04:30:00,0.0
29/03/2014 04:45:00,0.0
29/03/2014 05:00:00,0.0
29/03/2014 05:15:00,0.0
29/03/2014 05:30:00,0.0
29/03/2014 05:45:00,0.0
29/03/2014 06:00:00,0.0
29/03/2014 06:15:00,0.0
29/03/2014 06:30:00,0.0
29/03/2014 06:45:00,0.0
29/03/2014 07:00:00,0.0
29/03/2014 07:15:00,0.0
29/03/2014 07:30:00,0.0
29/03/2014 07:45:00,0.0
29/03/2014 08:00:00,0.0
29/03/2014 08:15:00,0.0
29/03/2014 08:30:00,0.0
29/03/2014 08:45:00,0.0
29/03/2014 09:00:00,0.0
29/03/2014 09:15:00,0.0
29/03/2014 09:30:00,0.0
29/03/2014 09:45:00,0.0
29/03/2014 10:00:00,0.0
29/03/2014 10:15:00,0.0
29/03/2014 10:30:00,0.0
29/03/2014 10:45:00,0.0
29/03/2014 11:00:00,0.0
29/03/2014 11:15:00,0.0
29/03/2014 11:30:00,0.0
29/03/2014 11:45:00,0.0
29/03/2014 12:00:00,0.0
29/03/2014 12:15:00,0.0
29/03/2014 12:30:00,0.0
29/03/2014 12:45:00,0.0
29/03/2014 13:00:00,0.0
29/03/2014 13:15:00,0.0
29/03/2014 13:30:00,0.0
29/03/2014 13:45:00,0.0
29/03/2014 14:00:00,0.0
29/03/2014 14:15:00,0.0
29/03/2014 14:30:00,0.0
29/03/2014 14:45:00,0.0
29/03/2014 15:00:00,0.0
29/03/2014 15:15:00,0.0
29/03/2014 15:30:00,0.0
29/03/2014 15:45:00,0.0
29/03/2014 16:00:00,0.0
29/03/2014 16:15:00,0.0
29/03/2014 16:30:00,0.0
29/03/2014 16:45:00,0.0
29/03/2014 17:00:00,0.0
29/03/2014 17:15:00,0.0
29/03/2014 17:30:00,0.0
29/03/2014 17:45:00,0.0
29/03/2014 18:00:00,0.0
29/03/2014 18:15:00,0.0
29/03/2014 18:30:00,0.0
29/03/2014 18:45:00,0.0
29/03/2014 19:00:00,0.0
29/03/2014 19:15:00,0.0
29/03/2014 19:30:00,0.0
29/03/2014 19:45:00,0.0
29/03/2014 20:00:00,0.0
29/03/2014 20:15:00,0.0
29/03/2014 20:30:00,0.0
29/03/2014 20:45:00,0.0
29/03/2014 21:00:00,0.0
29/03/2014 21:15:00,0.0
29/03/2014 21:30:00,0.0
29/03/2014 21:45:00,0.0
29/03/2014 22:00:00,0.0
29/03/2014 22:15:00,0.0
29/03/2014 22:30:00,0.0
29/03/2014 22:45:00,0.0
29/03/2014 23:00:00,0.0
29/03/2014 23:15:00,0.0
29/03/2014 23:30:00,0.0
29/03/2014 23:45:00,0.0
30/03/2014 00:00:00,0.0
30/03/2014 00:15:00,0.0
30/03/2014 00:30:00,0.0
30/03/2014 00:45:00,0.0
30/03/2014 01:00:00,0.0
30/03/2014 01:15:00,0.0
30/03/2014 01:30:00,0.0
30/03/2014 01:45:00,0.0
30/03/2014 02:00:00,0.0
30/03/2014 02:15:00,0.0
30/03/2014 02:30:00,0.0
30/03/2014 02:45:00,0.0
30/03/2014 03:00:00,0.0
30/03/2014 03:15:00,0.0
30/03/2014 03:30:00,0.0
30/03/2014 03:45:00,0.0
30/03/2014 04:00:00,0.0
30/03/2014 04:15:00,0.0
30/03/2014 04:30:00,0.0
30/03/2014 04:45:00,0.0
30/03/2014 05:00:00,0.0
30/03/2014 05:15:00,0.0
30/03/2014 05:30:00,0.0
30/03/2014 05:45:00,0.0
30/03/2014 06:00:00,0.0
30/03/2014 06:15:00,0.0
30/03/2014 06:30:00,0.0
30/03/2014 06:45:00,0.0
30/03/2014 07:00:00,0.0
30/03/2014 07:15:00,0.0
30/03/2014 07:30:00,0.0
30/03/2014 07:45:00,0.0
30/03/2014 08:00:00,0.0
30/03/2014 08:15:00,0.0
30/03/2014 08:30:00,0.0
30/03/2014 08:45:00,0.0
30/03/2014 09:00:00,0.0
30/03/2014 09:15:00,0.0
30/03/2014 09:30:00,0.0
30/03/2014 09:45:00,0.0
30/03/2014 10:00:00,0.0
30/03/2014 10:15:00,0.0
30/03/2014 10:30:00,0.0
30/03/2014 10:45:00,0.0
30/03/2014 11:00:00,0.0
30/03/2014 11:15:00,0.0
30/03/2014 11:30:00,0.0
30/03/2014 11:45:00,0.0
30/03/2014 12:00:00,0.0
30/03/2014 12:15:00,0.0
30/03/2014 12:30:00,0.0
30/03/2014 12:45:00,0.0
30/03/2014 13:00:00,0.0
30/03/2014 13:15:00,0.0
30/03/2014 13:30:00,0.0
30/03/2014 13:45:00,0.0
30/03/2014 14:00:00,0.0
30/03/2014 14:15:00,0.0
30/03/2014 14:30:00,0.0
30/03/2014 14:45:00,0.0
30/03/2014 15:00:00,0.0
30/03/2014 15:15:00,0.0
30/03/2014 15:30:00,0.0
30/03/2014 15:45:00,0.0
30/03/2014 16:00:00,0.0
30/03/2014 16:15:00,0.0
30/03/2014 16:30:00,0.0
30/03/2014 16:45:00,0.0
30/03/2014 17:00:00,0.0
30/03/2014 17:15:00,0.0
30/03/2014 17:30:00,0.0
30/03/2014 17:45:00,0.0
30/03/2014 18:00:00,0.0
30/03/2014 18:15:00,0.0
30/03/2014 18:30:00,0.0
30/03/2014 18:45:00,0.0
30/03/2014 19:00:00,0.0
30/03/2014 19:15:00,0.0
30/03/2014 19:30:00,0.0
30/03/2014 19:45:00,0.0
30/03/2014 20:00:00,0.0
30/03/2014 20:15:00,0.0
30/03/2014 20:30:00,0.0
30/03/2014 20:45:00,0.0
30/03/2014 21:00:00,0.0
30/03/2014 21:15:00,0.1178
30/03/2014 21:30:00,0.405
30/03/2014 21:45:00,0.438866666667
30/03/2014 22:00:00,0.0
30/03/2014 22:15:00,0.0
30/03/2014 22:30:00,0.0
30/03/2014 22:45:00,0.0
30/03/2014 23:00:00,0.0
30/03/2014 23:15:00,0.0
30/03/2014 23:30:00,0.0
30/03/2014 23:45:00,0.0
31/03/2014 00:00:00,0.0
31/03/2014 00:15:00,0.0
31/03/2014 00:30:00,0.0
31/03/2014 00:45:00,0.0
31/03/2014 01:00:00,0.0
31/03/2014 01:15:00,0.0
31/03/2014 01:30:00,0.0
31/03/2014 01:45:00,0.0
31/03/2014 02:00:00,0.0
31/03/2014 02:15:00,0.0
31/03/2014 02:30:00,0.0
31/03/2014 02:45:00,0.0
31/03/2014 03:00:00,0.0
31/03/2014 03:15:00,0.0
31/03/2014 03:30:00,0.0
31/03/2014 03:45:00,0.0
31/03/2014 04:00:00,0.0
31/03/2014 04:15:00,0.0
31/03/2014 04:30:00,0.0
31/03/2014 04:45:00,0.0
31/03/2014 05:00:00,0.0
31/03/2014 05:15:00,0.0
31/03/2014 05:30:00,0.0
31/03/2014 05:45:00,0.0
31/03/2014 06:00:00,0.0
31/03/2014 06:15:00,0.0
31/03/2014 06:30:00,0.0
31/03/2014 06:45:00,0.0
31/03/2014 07:00:00,0.0
31/03/2014 07:15:00,0.0
31/03/2014 07:30:00,0.0
31/03/2014 07:45:00,0.0
31/03/2014 08:00:00,0.0
31/03/2014 08:15:00,0.0
31/03/2014 08:30:00,0.0
31/03/2014 08:45:00,0.0
31/03/2014 09:00:00,0.0
31/03/2014 09:15:00,0.0
31/03/2014 09:30:00,0.0
31/03/2014 09:45:00,0.0
31/03/2014 10:00:00,0.0
31/03/2014 10:15:00,0.0
31/03/2014 10:30:00,0.0
31/03/2014 10:45:00,0.0
31/03/2014 11:00:00,0.0
31/03/2014 11:15:00,0.0
31/03/2014 11:30:00,0.0
31/03/2014 11:45:00,0.0
31/03/2014 12:00:00,0.0
31/03/2014 12:15:00,0.0
31/03/2014 12:30:00,0.0
31/03/2014 12:45:00,0.0
31/03/2014 13:00:00,0.0
31/03/2014 13:15:00,0.0
31/03/2014 13:30:00,0.0
31/03/2014 13:45:00,0.0
31/03/2014 14:00:00,0.0
31/03/2014 14:15:00,0.0
31/03/2014 14:30:00,0.0
31/03/2014 14:45:00,0.0
31/03/2014 15:00:00,0.0
31/03/2014 15:15:00,0.0
31/03/2014 15:30:00,0.0
31/03/2014 15:45:00,0.0
31/03/2014 16:00:00,0.0
31/03/2014 16:15:00,0.0
31/03/2014 16:30:00,0.0
31/03/2014 16:45:00,0.0
31/03/2014 17:00:00,0.0
31/03/2014 17:15:00,0.0
31/03/2014 17:30:00,0.0
31/03/2014 17:45:00,0.0
31/03/2014 18:00:00,0.0
31/03/2014 18:15:00,0.0
31/03/2014 18:30:00,0.0
31/03/2014 18:45:00,0.0
31/03/2014 19:00:00,0.0
31/03/2014 19:15:00,0.0
31/03/2014 19:30:00,0.0
31/03/2014 19:45:00,0.0
31/03/2014 20:00:00,0.0
31/03/2014 20:15:00,0.0
31/03/2014 20:30:00,0.0
31/03/2014 20:45:00,0.0
31/03/2014 21:00:00,0.0
31/03/2014 21:15:00,0.0
31/03/2014 21:30:00,0.0
31/03/2014 21:45:00,0.0
31/03/2014 22:00:00,0.0
31/03/2014 22:15:00,0.0
31/03/2014 22:30:00,0.0
31/03/2014 22:45:00,0.0
31/03/2014 23:00:00,0.0
31/03/2014 23:15:00,0.0
31/03/2014 23:30:00,0.0
31/03/2014 23:45:00,0.0
01/04/2014 00:00:00,0.0
01/04/2014 00:15:00,0.0
01/04/2014 00:30:00,0.0
01/04/2014 00:45:00,0.0
01/04/2014 01:00:00,0.0
01/04/2014 01:15:00,0.0
01/04/2014 01:30:00,0.0
01/04/2014 01:45:00,0.0
01/04/2014 02:00:00,0.0
01/04/2014 02:15:00,0.0
01/04/2014 02:30:00,0.0
01/04/2014 02:45:00,0.0
01/04/2014 03:00:00,0.0
01/04/2014 03:15:00,0.0
01/04/2014 03:30:00,0.0
01/04/2014 03:45:00,0.0
01/04/2014 04:00:00,0.0
01/04/2014 04:15:00,0.0
01/04/2014 04:30:00,0.0
01/04/2014 04:45:00,0.0
01/04/2014 05:00:00,0.0
01/04/2014 05:15:00,0.0
01/04/2014 05:30:00,0.0
01/04/2014 05:45:00,0.0
01/04/2014 06:00:00,0.0
01/04/2014 06:15:00,0.0
01/04/2014 06:30:00,0.0
01/04/2014 06:45:00,0.0
01/04/2014 07:00:00,0.0
01/04/2014 07:15:00,0.0
01/04/2014 07:30:00,0.0
01/04/2014 07:45:00,0.0
01/04/2014 08:00:00,0.0
01/04/2014 08:15:00,0.0
01/04/2014 08:30:00,0.0
01/04/2014 08:45:00,0.0
01/04/2014 09:00:00,0.0
01/04/2014 09:15:00,0.0
01/04/2014 09:30:00,0.0
01/04/2014 09:45:00,0.0
01/04/2014 10:00:00,0.0
01/04/2014 10:15:00,0.0
01/04/2014 10:30:00,0.0
01/04/2014 10:45:00,0.0
01/04/2014 11:00:00,0.0
01/04/2014 11:15:00,0.0
01/04/2014 11:30:00,0.0
01/04/2014 11:45:00,0.0
01/04/2014 12:00:00,0.0
01/04/2014 12:15:00,0.0
01/04/2014 12:30:00,0.0
01/04/2014 12:45:00,0.0
01/04/2014 13:00:00,0.0
01/04/2014 13:15:00,0.0
01/04/2014 13:30:00,0.0
01/04/2014 13:45:00,0.0
01/04/2014 14:00:00,0.0
01/04/2014 14:15:00,0.0
01/04/2014 14:30:00,0.0
01/04/2014 14:45:00,0.0
01/04/2014 15:00:00,0.0
01/04/2014 15:15:00,0.0
01/04/2014 15:30:00,0.0
01/04/2014 15:45:00,0.0
01/04/2014 16:00:00,0.0
01/04/2014 16:15:00,0.0
01/04/2014 16:30:00,0.0
01/04/2014 16:45:00,0.0
01/04/2014 17:00:00,0.0
01/04/2014 17:15:00,0.0
01/04/2014 17:30:00,0.0
01/04/2014 17:45:00,0.0
01/04/2014 18:00:00,0.0
01/04/2014 18:15:00,0.0
01/04/2014 18:30:00,0.0
01/04/2014 18:45:00,0.0
01/04/2014 19:00:00,0.0
01/04/2014 19:15:00,0.0
01/04/2014 19:30:00,0.0
01/04/2014 19:45:00,0.0
01/04/2014 20:00:00,0.0
01/04/2014 20:15:00,0.0
01/04/2014 20:30:00,0.0
01/04/2014 20:45:00,0.0
01/04/2014 21:00:00,0.0
01/04/2014 21:15:00,0.0
01/04/2014 21:30:00,0.0
01/04/2014 21:45:00,0.0
01/04/2014 22:00:00,0.0
01/04/2014 22:15:00,0.0
01/04/2014 22:30:00,0.0
01/04/2014 22:45:00,0.0
01/04/2014 23:00:00,0.0
01/04/2014 23:15:00,0.0
01/04/2014 23:30:00,0.0
01/04/2014 23:45:00,0.0
02/04/2014 00:00:00,0.0
02/04/2014 00:15:00,0.0
02/04/2014 00:30:00,0.0
02/04/2014 00:45:00,0.0
02/04/2014 01:00:00,0.0
02/04/2014 01:15:00,0.0
02/04/2014 01:30:00,0.0
02/04/2014 01:45:00,0.0
02/04/2014 02:00:00,0.0
02/04/2014 02:15:00,0.0
02/04/2014 02:30:00,0.0
02/04/2014 02:45:00,0.0
02/04/2014 03:00:00,0.0
02/04/2014 03:15:00,0.0
02/04/2014 03:30:00,0.0
02/04/2014 03:45:00,0.0
02/04/2014 04:00:00,0.0
02/04/2014 04:15:00,0.0
02/04/2014 04:30:00,0.0
02/04/2014 04:45:00,0.0
02/04/2014 05:00:00,0.0
02/04/2014 05:15:00,0.0
02/04/2014 05:30:00,0.0
02/04/2014 05:45:00,0.0
02/04/2014 06:00:00,0.0
02/04/2014 06:15:00,0.0
02/04/2014 06:30:00,0.0
02/04/2014 06:45:00,0.0
02/04/2014 07:00:00,0.0
02/04/2014 07:15:00,0.0972666666667
02/04/2014 07:30:00,0.432533333333
02/04/2014 07:45:00,0.342666666667
02/04/2014 08:00:00,0.0
02/04/2014 08:15:00,0.0
02/04/2014 08:30:00,0.0
02/04/2014 08:45:00,0.0
02/04/2014 09:00:00,0.0
02/04/2014 09:15:00,0.0
02/04/2014 09:30:00,0.0
02/04/2014 09:45:00,0.0
02/04/2014 10:00:00,0.0
02/04/2014 10:15:00,0.0
02/04/2014 10:30:00,0.0
02/04/2014 10:45:00,0.0
02/04/2014 11:00:00,0.0
02/04/2014 11:15:00,0.0
02/04/2014 11:30:00,0.0
02/04/2014 11:45:00,0.0
02/04/2014 12:00:00,0.0
02/04/2014 12:15:00,0.0
02/04/2014 12:30:00,0.0
02/04/2014 12:45:00,0.0
02/04/2014 13:00:00,0.0
02/04/2014 13:15:00,0.0
02/04/2014 13:30:00,0.0
02/04/2014 13:45:00,0.0
02/04/2014 14:00:00,0.0
02/04/2014 14:15:00,0.0
02/04/2014 14:30:00,0.0
02/04/2014 14:45:00,0.0
02/04/2014 15:00:00,0.0
02/04/2014 15:15:00,0.0
02/04/2014 15:30:00,0.0
02/04/2014 15:45:00,0.0
02/04/2014 16:00:00,0.0
02/04/2014 16:15:00,0.0
02/04/2014 16:30:00,0.0
02/04/2014 16:45:00,0.0
02/04/2014 17:00:00,0.0
02/04/2014 17:15:00,0.0
02/04/2014 17:30:00,0.0
02/04/2014 17:45:00,0.0
02/04/2014 18:00:00,0.0
02/04/2014 18:15:00,0.0
02/04/2014 18:30:00,0.0
02/04/2014 18:45:00,0.0
02/04/2014 19:00:00,0.0
02/04/2014 19:15:00,0.0
02/04/2014 19:30:00,0.0
02/04/2014 19:45:00,0.0
02/04/2014 20:00:00,0.0
02/04/2014 20:15:00,0.000266666666667
02/04/2014 20:30:00,0.341533333333
02/04/2014 20:45:00,0.4764
02/04/2014 21:00:00,0.115533333333
02/04/2014 21:15:00,0.0
02/04/2014 21:30:00,0.0
02/04/2014 21:45:00,0.0
02/04/2014 22:00:00,0.0
02/04/2014 22:15:00,0.0
02/04/2014 22:30:00,0.0
02/04/2014 22:45:00,0.0
02/04/2014 23:00:00,0.0
02/04/2014 23:15:00,0.0
02/04/2014 23:30:00,0.0
02/04/2014 23:45:00,0.0
03/04/2014 00:00:00,0.0
03/04/2014 00:15:00,0.0
03/04/2014 00:30:00,0.0
03/04/2014 00:45:00,0.0
03/04/2014 01:00:00,0.0
03/04/2014 01:15:00,0.0
03/04/2014 01:30:00,0.0
03/04/2014 01:45:00,0.0
03/04/2014 02:00:00,0.0
03/04/2014 02:15:00,0.0
03/04/2014 02:30:00,0.0
03/04/2014 02:45:00,0.0
03/04/2014 03:00:00,0.0
03/04/2014 03:15:00,0.0
03/04/2014 03:30:00,0.0
03/04/2014 03:45:00,0.0
03/04/2014 04:00:00,0.0
03/04/2014 04:15:00,0.0
03/04/2014 04:30:00,0.0
03/04/2014 04:45:00,0.0
03/04/2014 05:00:00,0.0
03/04/2014 05:15:00,0.0
03/04/2014 05:30:00,0.0
03/04/2014 05:45:00,0.0
03/04/2014 06:00:00,0.0
03/04/2014 06:15:00,0.0
03/04/2014 06:30:00,0.0
03/04/2014 06:45:00,0.0
03/04/2014 07:00:00,0.0
03/04/2014 07:15:00,0.0
03/04/2014 07:30:00,0.0
03/04/2014 07:45:00,0.0
03/04/2014 08:00:00,0.0
03/04/2014 08:15:00,0.0
03/04/2014 08:30:00,0.0
03/04/2014 08:45:00,0.0
03/04/2014 09:00:00,0.0
03/04/2014 09:15:00,0.0
03/04/2014 09:30:00,0.0
03/04/2014 09:45:00,0.0
03/04/2014 10:00:00,0.0
03/04/2014 10:15:00,0.0
03/04/2014 10:30:00,0.0
03/04/2014 10:45:00,0.0
03/04/2014 11:00:00,0.0
03/04/2014 11:15:00,0.0
03/04/2014 11:30:00,0.0
03/04/2014 11:45:00,0.0
03/04/2014 12:00:00,0.0
03/04/2014 12:15:00,0.0
03/04/2014 12:30:00,0.0
03/04/2014 12:45:00,0.0
03/04/2014 13:00:00,0.0
03/04/2014 13:15:00,0.0
03/04/2014 13:30:00,0.0
03/04/2014 13:45:00,0.0
03/04/2014 14:00:00,0.0
03/04/2014 14:15:00,0.0
03/04/2014 14:30:00,0.0
03/04/2014 14:45:00,0.0
03/04/2014 15:00:00,0.0
03/04/2014 15:15:00,0.0
03/04/2014 15:30:00,0.0
03/04/2014 15:45:00,0.0
03/04/2014 16:00:00,0.0
03/04/2014 16:15:00,0.0
03/04/2014 16:30:00,0.0
03/04/2014 16:45:00,0.0
03/04/2014 17:00:00,0.0
03/04/2014 17:15:00,0.0
03/04/2014 17:30:00,0.0
03/04/2014 17:45:00,0.0
03/04/2014 18:00:00,0.0
03/04/2014 18:15:00,0.0
03/04/2014 18:30:00,0.0
03/04/2014 18:45:00,0.0
03/04/2014 19:00:00,0.0
03/04/2014 19:15:00,0.0
03/04/2014 19:30:00,0.0
03/04/2014 19:45:00,0.0
03/04/2014 20:00:00,0.0
03/04/2014 20:15:00,0.0
03/04/2014 20:30:00,0.0
03/04/2014 20:45:00,0.0
03/04/2014 21:00:00,0.0
03/04/2014 21:15:00,0.0
03/04/2014 21:30:00,0.0
03/04/2014 21:45:00,0.0
03/04/2014 22:00:00,0.0
03/04/2014 22:15:00,0.0
03/04/2014 22:30:00,0.0
03/04/2014 22:45:00,0.0
03/04/2014 23:00:00,0.0
03/04/2014 23:15:00,0.0
03/04/2014 23:30:00,0.0
03/04/2014 23:45:00,0.0
04/04/2014 00:00:00,0.0
04/04/2014 00:15:00,0.0
04/04/2014 00:30:00,0.0
04/04/2014 00:45:00,0.0
04/04/2014 01:00:00,0.0
04/04/2014 01:15:00,0.0
04/04/2014 01:30:00,0.0
04/04/2014 01:45:00,0.0
04/04/2014 02:00:00,0.0
04/04/2014 02:15:00,0.0
04/04/2014 02:30:00,0.0
04/04/2014 02:45:00,0.0
04/04/2014 03:00:00,0.0
04/04/2014 03:15:00,0.0
04/04/2014 03:30:00,0.0
04/04/2014 03:45:00,0.0
04/04/2014 04:00:00,0.0
04/04/2014 04:15:00,0.0
04/04/2014 04:30:00,0.0
04/04/2014 04:45:00,0.0
04/04/2014 05:00:00,0.0
04/04/2014 05:15:00,0.0
04/04/2014 05:30:00,0.0
04/04/2014 05:45:00,0.0
04/04/2014 06:00:00,0.0
04/04/2014 06:15:00,0.0
04/04/2014 06:30:00,0.0
04/04/2014 06:45:00,0.0
04/04/2014 07:00:00,0.0
04/04/2014 07:15:00,0.0
04/04/2014 07:30:00,0.0
04/04/2014 07:45:00,0.0
04/04/2014 08:00:00,0.0
04/04/2014 08:15:00,0.0
04/04/2014 08:30:00,0.0
04/04/2014 08:45:00,0.0
04/04/2014 09:00:00,0.0
04/04/2014 09:15:00,0.0
04/04/2014 09:30:00,0.0
04/04/2014 09:45:00,0.0
04/04/2014 10:00:00,0.0
04/04/2014 10:15:00,0.0
04/04/2014 10:30:00,0.0
04/04/2014 10:45:00,0.0
04/04/2014 11:00:00,0.0
04/04/2014 11:15:00,0.0
04/04/2014 11:30:00,0.0
04/04/2014 11:45:00,0.0
04/04/2014 12:00:00,0.0
04/04/2014 12:15:00,0.0
04/04/2014 12:30:00,0.0
04/04/2014 12:45:00,0.0
04/04/2014 13:00:00,0.0
04/04/2014 13:15:00,0.0
04/04/2014 13:30:00,0.0
04/04/2014 13:45:00,0.0
04/04/2014 14:00:00,0.0
04/04/2014 14:15:00,0.0
04/04/2014 14:30:00,0.0
04/04/2014 14:45:00,0.0
04/04/2014 15:00:00,0.0
04/04/2014 15:15:00,0.0
04/04/2014 15:30:00,0.0
04/04/2014 15:45:00,0.0
04/04/2014 16:00:00,0.0
04/04/2014 16:15:00,0.0
04/04/2014 16:30:00,0.0
04/04/2014 16:45:00,0.0
04/04/2014 17:00:00,0.0
04/04/2014 17:15:00,0.0
04/04/2014 17:30:00,0.0
04/04/2014 17:45:00,0.0
04/04/2014 18:00:00,0.0
04/04/2014 18:15:00,0.0
04/04/2014 18:30:00,0.0
04/04/2014 18:45:00,0.0
04/04/2014 19:00:00,0.0
04/04/2014 19:15:00,0.0
04/04/2014 19:30:00,0.0
04/04/2014 19:45:00,0.0
04/04/2014 20:00:00,0.0
04/04/2014 20:15:00,0.0
04/04/2014 20:30:00,0.0
04/04/2014 20:45:00,0.0
04/04/2014 21:00:00,0.0
04/04/2014 21:15:00,0.0
04/04/2014 21:30:00,0.0
04/04/2014 21:45:00,0.0
04/04/2014 22:00:00,0.0
04/04/2014 22:15:00,0.0
04/04/2014 22:30:00,0.0
04/04/2014 22:45:00,0.0
04/04/2014 23:00:00,0.0
04/04/2014 23:15:00,0.0
04/04/2014 23:30:00,0.0
04/04/2014 23:45:00,0.0
05/04/2014 00:00:00,0.0
05/04/2014 00:15:00,0.0
05/04/2014 00:30:00,0.0
05/04/2014 00:45:00,0.0
05/04/2014 01:00:00,0.0
05/04/2014 01:15:00,0.0
05/04/2014 01:30:00,0.0
05/04/2014 01:45:00,0.0
05/04/2014 02:00:00,0.0
05/04/2014 02:15:00,0.0
05/04/2014 02:30:00,0.0
05/04/2014 02:45:00,0.0
05/04/2014 03:00:00,0.0
05/04/2014 03:15:00,0.0
05/04/2014 03:30:00,0.0
05/04/2014 03:45:00,0.0
05/04/2014 04:00:00,0.0
05/04/2014 04:15:00,0.0
05/04/2014 04:30:00,0.0
05/04/2014 04:45:00,0.0
05/04/2014 05:00:00,0.0
05/04/2014 05:15:00,0.0
05/04/2014 05:30:00,0.0
05/04/2014 05:45:00,0.0
05/04/2014 06:00:00,0.0
05/04/2014 06:15:00,0.0
05/04/2014 06:30:00,0.0
05/04/2014 06:45:00,0.0
05/04/2014 07:00:00,0.0
05/04/2014 07:15:00,0.0
05/04/2014 07:30:00,0.0
05/04/2014 07:45:00,0.0
05/04/2014 08:00:00,0.0
05/04/2014 08:15:00,0.0
05/04/2014 08:30:00,0.0
05/04/2014 08:45:00,0.0
05/04/2014 09:00:00,0.0
05/04/2014 09:15:00,0.0
05/04/2014 09:30:00,0.0
05/04/2014 09:45:00,0.0
05/04/2014 10:00:00,0.0
05/04/2014 10:15:00,0.0
05/04/2014 10:30:00,0.0
05/04/2014 10:45:00,0.0
05/04/2014 11:00:00,0.0
05/04/2014 11:15:00,0.0
05/04/2014 11:30:00,0.0
05/04/2014 11:45:00,0.0
05/04/2014 12:00:00,0.0
05/04/2014 12:15:00,0.0
05/04/2014 12:30:00,0.0
05/04/2014 12:45:00,0.0
05/04/2014 13:00:00,0.0
05/04/2014 13:15:00,0.0
05/04/2014 13:30:00,0.0
05/04/2014 13:45:00,0.0
05/04/2014 14:00:00,0.0
05/04/2014 14:15:00,0.0
05/04/2014 14:30:00,0.0
05/04/2014 14:45:00,0.0
05/04/2014 15:00:00,0.0
05/04/2014 15:15:00,0.0
05/04/2014 15:30:00,0.0
05/04/2014 15:45:00,0.0
05/04/2014 16:00:00,0.0
05/04/2014 16:15:00,0.0
05/04/2014 16:30:00,0.0
05/04/2014 16:45:00,0.0
05/04/2014 17:00:00,0.0
05/04/2014 17:15:00,0.0
05/04/2014 17:30:00,0.0
05/04/2014 17:45:00,0.0
05/04/2014 18:00:00,0.0
05/04/2014 18:15:00,0.0
05/04/2014 18:30:00,0.0
05/04/2014 18:45:00,0.0
05/04/2014 19:00:00,0.0
05/04/2014 19:15:00,0.0
05/04/2014 19:30:00,0.0
05/04/2014 19:45:00,0.0
05/04/2014 20:00:00,0.0
05/04/2014 20:15:00,0.0
05/04/2014 20:30:00,0.0
05/04/2014 20:45:00,0.0
05/04/2014 21:00:00,0.0
05/04/2014 21:15:00,0.0
05/04/2014 21:30:00,0.0
05/04/2014 21:45:00,0.0
05/04/2014 22:00:00,0.0
05/04/2014 22:15:00,0.0
05/04/2014 22:30:00,0.0
05/04/2014 22:45:00,0.0
05/04/2014 23:00:00,0.0
05/04/2014 23:15:00,0.0
05/04/2014 23:30:00,0.0
05/04/2014 23:45:00,0.0
06/04/2014 00:00:00,0.0
06/04/2014 00:15:00,0.0
06/04/2014 00:30:00,0.0
06/04/2014 00:45:00,0.0
06/04/2014 01:00:00,0.0
06/04/2014 01:15:00,0.0
06/04/2014 01:30:00,0.0
06/04/2014 01:45:00,0.0
06/04/2014 02:00:00,0.0
06/04/2014 02:15:00,0.0
06/04/2014 02:30:00,0.0
06/04/2014 02:45:00,0.0
06/04/2014 03:00:00,0.0
06/04/2014 03:15:00,0.0
06/04/2014 03:30:00,0.0
06/04/2014 03:45:00,0.0
06/04/2014 04:00:00,0.0
06/04/2014 04:15:00,0.0
06/04/2014 04:30:00,0.0
06/04/2014 04:45:00,0.0
06/04/2014 05:00:00,0.0
06/04/2014 05:15:00,0.0
06/04/2014 05:30:00,0.0
06/04/2014 05:45:00,0.0
06/04/2014 06:00:00,0.0
06/04/2014 06:15:00,0.0
06/04/2014 06:30:00,0.0
06/04/2014 06:45:00,0.0
06/04/2014 07:00:00,0.0
06/04/2014 07:15:00,0.0
06/04/2014 07:30:00,0.0
06/04/2014 07:45:00,0.0
06/04/2014 08:00:00,0.0
06/04/2014 08:15:00,0.0
06/04/2014 08:30:00,0.0
06/04/2014 08:45:00,0.0
06/04/2014 09:00:00,0.0
06/04/2014 09:15:00,0.0
06/04/2014 09:30:00,0.0
06/04/2014 09:45:00,0.0
06/04/2014 10:00:00,0.0
06/04/2014 10:15:00,0.0
06/04/2014 10:30:00,0.0
06/04/2014 10:45:00,0.0
06/04/2014 11:00:00,0.0
06/04/2014 11:15:00,0.0
06/04/2014 11:30:00,0.0
06/04/2014 11:45:00,0.0
06/04/2014 12:00:00,0.0
06/04/2014 12:15:00,0.0
06/04/2014 12:30:00,0.0
06/04/2014 12:45:00,0.0
06/04/2014 13:00:00,0.0
06/04/2014 13:15:00,0.0
06/04/2014 13:30:00,0.0
06/04/2014 13:45:00,0.0
06/04/2014 14:00:00,0.0
06/04/2014 14:15:00,0.0
06/04/2014 14:30:00,0.0
06/04/2014 14:45:00,0.0
06/04/2014 15:00:00,0.0
06/04/2014 15:15:00,0.0
06/04/2014 15:30:00,0.0
06/04/2014 15:45:00,0.0
06/04/2014 16:00:00,0.0
06/04/2014 16:15:00,0.0
06/04/2014 16:30:00,0.0
06/04/2014 16:45:00,0.0
06/04/2014 17:00:00,0.0
06/04/2014 17:15:00,0.0
06/04/2014 17:30:00,0.0
06/04/2014 17:45:00,0.0
06/04/2014 18:00:00,0.0
06/04/2014 18:15:00,0.0
06/04/2014 18:30:00,0.0
06/04/2014 18:45:00,0.0
06/04/2014 19:00:00,0.0
06/04/2014 19:15:00,0.0
06/04/2014 19:30:00,0.0
06/04/2014 19:45:00,0.0
06/04/2014 20:00:00,0.0
06/04/2014 20:15:00,0.0
06/04/2014 20:30:00,0.0
06/04/2014 20:45:00,0.0
06/04/2014 21:00:00,0.0
06/04/2014 21:15:00,0.0
06/04/2014 21:30:00,0.0
06/04/2014 21:45:00,0.0
06/04/2014 22:00:00,0.0
06/04/2014 22:15:00,0.0
06/04/2014 22:30:00,0.0
06/04/2014 22:45:00,0.0
06/04/2014 23:00:00,0.0
06/04/2014 23:15:00,0.0
06/04/2014 23:30:00,0.0
06/04/2014 23:45:00,0.0
07/04/2014 00:00:00,0.0
07/04/2014 00:15:00,0.0
07/04/2014 00:30:00,0.0
07/04/2014 00:45:00,0.0
07/04/2014 01:00:00,0.0
07/04/2014 01:15:00,0.0
07/04/2014 01:30:00,0.0
07/04/2014 01:45:00,0.0
07/04/2014 02:00:00,0.0
07/04/2014 02:15:00,0.0
07/04/2014 02:30:00,0.0
07/04/2014 02:45:00,0.0
07/04/2014 03:00:00,0.0
07/04/2014 03:15:00,0.0
07/04/2014 03:30:00,0.0
07/04/2014 03:45:00,0.0
07/04/2014 04:00:00,0.0
07/04/2014 04:15:00,0.0
07/04/2014 04:30:00,0.0
07/04/2014 04:45:00,0.0
07/04/2014 05:00:00,0.0
07/04/2014 05:15:00,0.0
07/04/2014 05:30:00,0.0
07/04/2014 05:45:00,0.0
07/04/2014 06:00:00,0.0
07/04/2014 06:15:00,0.0
07/04/2014 06:30:00,0.0
07/04/2014 06:45:00,0.0
07/04/2014 07:00:00,0.0
07/04/2014 07:15:00,0.0
07/04/2014 07:30:00,0.0
07/04/2014 07:45:00,0.0
07/04/2014 08:00:00,0.0
07/04/2014 08:15:00,0.0
07/04/2014 08:30:00,0.0
07/04/2014 08:45:00,0.0
07/04/2014 09:00:00,0.0
07/04/2014 09:15:00,0.0
07/04/2014 09:30:00,0.0
07/04/2014 09:45:00,0.0
07/04/2014 10:00:00,0.0
07/04/2014 10:15:00,0.0
07/04/2014 10:30:00,0.0
07/04/2014 10:45:00,0.0
07/04/2014 11:00:00,0.0
07/04/2014 11:15:00,0.0
07/04/2014 11:30:00,0.0
07/04/2014 11:45:00,0.0
07/04/2014 12:00:00,0.0
07/04/2014 12:15:00,0.0
07/04/2014 12:30:00,0.0
07/04/2014 12:45:00,0.0
07/04/2014 13:00:00,0.0
07/04/2014 13:15:00,0.0
07/04/2014 13:30:00,0.0
07/04/2014 13:45:00,0.0
07/04/2014 14:00:00,0.0
07/04/2014 14:15:00,0.0
07/04/2014 14:30:00,0.0
07/04/2014 14:45:00,0.0
07/04/2014 15:00:00,0.0
07/04/2014 15:15:00,0.0
07/04/2014 15:30:00,0.0
07/04/2014 15:45:00,0.0
07/04/2014 16:00:00,0.0
07/04/2014 16:15:00,0.0
07/04/2014 16:30:00,0.0
07/04/2014 16:45:00,0.0
07/04/2014 17:00:00,0.0
07/04/2014 17:15:00,0.0
07/04/2014 17:30:00,0.0
07/04/2014 17:45:00,0.0
07/04/2014 18:00:00,0.0
07/04/2014 18:15:00,0.0
07/04/2014 18:30:00,0.0
07/04/2014 18:45:00,0.0
07/04/2014 19:00:00,0.0
07/04/2014 19:15:00,0.0
07/04/2014 19:30:00,0.0
07/04/2014 19:45:00,0.0
07/04/2014 20:00:00,0.0
07/04/2014 20:15:00,0.0
07/04/2014 20:30:00,0.0
07/04/2014 20:45:00,0.0
07/04/2014 21:00:00,0.0
07/04/2014 21:15:00,0.0
07/04/2014 21:30:00,0.0
07/04/2014 21:45:00,0.0
07/04/2014 22:00:00,0.0
07/04/2014 22:15:00,0.0
07/04/2014 22:30:00,0.0
07/04/2014 22:45:00,0.0
07/04/2014 23:00:00,0.0
07/04/2014 23:15:00,0.0
07/04/2014 23:30:00,0.0
07/04/2014 23:45:00,0.0
08/04/2014 00:00:00,0.0
08/04/2014 00:15:00,0.0
08/04/2014 00:30:00,0.0
08/04/2014 00:45:00,0.0
08/04/2014 01:00:00,0.0
08/04/2014 01:15:00,0.0
08/04/2014 01:30:00,0.0
08/04/2014 01:45:00,0.0
08/04/2014 02:00:00,0.0
08/04/2014 02:15:00,0.0
08/04/2014 02:30:00,0.0
08/04/2014 02:45:00,0.0
08/04/2014 03:00:00,0.0
08/04/2014 03:15:00,0.0
08/04/2014 03:30:00,0.0
08/04/2014 03:45:00,0.0
08/04/2014 04:00:00,0.0
08/04/2014 04:15:00,0.0
08/04/2014 04:30:00,0.0
08/04/2014 04:45:00,0.0
08/04/2014 05:00:00,0.0
08/04/2014 05:15:00,0.0
08/04/2014 05:30:00,0.0
08/04/2014 05:45:00,0.0
08/04/2014 06:00:00,0.0
08/04/2014 06:15:00,0.0
08/04/2014 06:30:00,0.0
08/04/2014 06:45:00,0.0
08/04/2014 07:00:00,0.0
08/04/2014 07:15:00,0.0
08/04/2014 07:30:00,0.0
08/04/2014 07:45:00,0.0
08/04/2014 08:00:00,0.0
08/04/2014 08:15:00,0.0
08/04/2014 08:30:00,0.0
08/04/2014 08:45:00,0.0
08/04/2014 09:00:00,0.0
08/04/2014 09:15:00,0.0
08/04/2014 09:30:00,0.0
08/04/2014 09:45:00,0.0
08/04/2014 10:00:00,0.0
08/04/2014 10:15:00,0.0
08/04/2014 10:30:00,0.0
08/04/2014 10:45:00,0.0
08/04/2014 11:00:00,0.0
08/04/2014 11:15:00,0.0
08/04/2014 11:30:00,0.0
08/04/2014 11:45:00,0.0
08/04/2014 12:00:00,0.0
08/04/2014 12:15:00,0.0
08/04/2014 12:30:00,0.0
08/04/2014 12:45:00,0.0
08/04/2014 13:00:00,0.0
08/04/2014 13:15:00,0.0
08/04/2014 13:30:00,0.0
08/04/2014 13:45:00,0.0
08/04/2014 14:00:00,0.0
08/04/2014 14:15:00,0.0
08/04/2014 14:30:00,0.0
08/04/2014 14:45:00,0.0
08/04/2014 15:00:00,0.0
08/04/2014 15:15:00,0.0
08/04/2014 15:30:00,0.0
08/04/2014 15:45:00,0.0
08/04/2014 16:00:00,0.0
08/04/2014 16:15:00,0.0
08/04/2014 16:30:00,0.0
08/04/2014 16:45:00,0.0
08/04/2014 17:00:00,0.0
08/04/2014 17:15:00,0.0
08/04/2014 17:30:00,0.0
08/04/2014 17:45:00,0.0
08/04/2014 18:00:00,0.0
08/04/2014 18:15:00,0.0
08/04/2014 18:30:00,0.0
08/04/2014 18:45:00,0.0
08/04/2014 19:00:00,0.0
08/04/2014 19:15:00,0.0
08/04/2014 19:30:00,0.0
08/04/2014 19:45:00,0.0
08/04/2014 20:00:00,0.0
08/04/2014 20:15:00,0.0
08/04/2014 20:30:00,0.0
08/04/2014 20:45:00,0.0
08/04/2014 21:00:00,0.0
08/04/2014 21:15:00,0.0
08/04/2014 21:30:00,0.0
08/04/2014 21:45:00,0.0
08/04/2014 22:00:00,0.0
08/04/2014 22:15:00,0.0
08/04/2014 22:30:00,0.0
08/04/2014 22:45:00,0.0
08/04/2014 23:00:00,0.0
08/04/2014 23:15:00,0.0
08/04/2014 23:30:00,0.0
08/04/2014 23:45:00,0.0
09/04/2014 00:00:00,0.0
09/04/2014 00:15:00,0.0
09/04/2014 00:30:00,0.0
09/04/2014 00:45:00,0.0
09/04/2014 01:00:00,0.0
09/04/2014 01:15:00,0.0
09/04/2014 01:30:00,0.0
09/04/2014 01:45:00,0.0
09/04/2014 02:00:00,0.0
09/04/2014 02:15:00,0.0
09/04/2014 02:30:00,0.0
09/04/2014 02:45:00,0.0
09/04/2014 03:00:00,0.0
09/04/2014 03:15:00,0.0
09/04/2014 03:30:00,0.0
09/04/2014 03:45:00,0.0
09/04/2014 04:00:00,0.0
09/04/2014 04:15:00,0.0
09/04/2014 04:30:00,0.0
09/04/2014 04:45:00,0.0
09/04/2014 05:00:00,0.0
09/04/2014 05:15:00,0.0
09/04/2014 05:30:00,0.0
09/04/2014 05:45:00,0.0
09/04/2014 06:00:00,0.0
09/04/2014 06:15:00,0.0
09/04/2014 06:30:00,0.0
09/04/2014 06:45:00,0.0
09/04/2014 07:00:00,0.0
09/04/2014 07:15:00,0.0
09/04/2014 07:30:00,0.0
09/04/2014 07:45:00,0.0
09/04/2014 08:00:00,0.159666666667
09/04/2014 08:15:00,0.437
09/04/2014 08:30:00,0.333333333333
09/04/2014 08:45:00,0.0
09/04/2014 09:00:00,0.0
09/04/2014 09:15:00,0.0
09/04/2014 09:30:00,0.0
09/04/2014 09:45:00,0.0
09/04/2014 10:00:00,0.0
09/04/2014 10:15:00,0.0
09/04/2014 10:30:00,0.0
09/04/2014 10:45:00,0.0
09/04/2014 11:00:00,0.0
09/04/2014 11:15:00,0.0
09/04/2014 11:30:00,0.0
09/04/2014 11:45:00,0.0
09/04/2014 12:00:00,0.0
09/04/2014 12:15:00,0.0
09/04/2014 12:30:00,0.0
09/04/2014 12:45:00,0.0
09/04/2014 13:00:00,0.0
09/04/2014 13:15:00,0.0
09/04/2014 13:30:00,0.0
09/04/2014 13:45:00,0.0
09/04/2014 14:00:00,0.0
09/04/2014 14:15:00,0.0
09/04/2014 14:30:00,0.0
09/04/2014 14:45:00,0.0
09/04/2014 15:00:00,0.0
09/04/2014 15:15:00,0.0
09/04/2014 15:30:00,0.0
09/04/2014 15:45:00,0.0
09/04/2014 16:00:00,0.0
09/04/2014 16:15:00,0.0
09/04/2014 16:30:00,0.0
09/04/2014 16:45:00,0.0
09/04/2014 17:00:00,0.0
09/04/2014 17:15:00,0.0
09/04/2014 17:30:00,0.0
09/04/2014 17:45:00,0.0
09/04/2014 18:00:00,0.0
09/04/2014 18:15:00,0.0
09/04/2014 18:30:00,0.0
09/04/2014 18:45:00,0.0
09/04/2014 19:00:00,0.0
09/04/2014 19:15:00,0.0
09/04/2014 19:30:00,0.0
09/04/2014 19:45:00,0.0
09/04/2014 20:00:00,0.0
09/04/2014 20:15:00,0.0
09/04/2014 20:30:00,0.0
09/04/2014 20:45:00,0.0
09/04/2014 21:00:00,0.0
09/04/2014 21:15:00,0.0
09/04/2014 21:30:00,0.0
09/04/2014 21:45:00,0.0
09/04/2014 22:00:00,0.0
09/04/2014 22:15:00,0.0
09/04/2014 22:30:00,0.0
09/04/2014 22:45:00,0.0
09/04/2014 23:00:00,0.0
09/04/2014 23:15:00,0.0
09/04/2014 23:30:00,0.0
09/04/2014 23:45:00,0.0
10/04/2014 00:00:00,0.0
10/04/2014 00:15:00,0.0
10/04/2014 00:30:00,0.0
10/04/2014 00:45:00,0.0
10/04/2014 01:00:00,0.0
10/04/2014 01:15:00,0.0
10/04/2014 01:30:00,0.0
10/04/2014 01:45:00,0.0
10/04/2014 02:00:00,0.0
10/04/2014 02:15:00,0.0
10/04/2014 02:30:00,0.0
10/04/2014 02:45:00,0.0
10/04/2014 03:00:00,0.0
10/04/2014 03:15:00,0.0
10/04/2014 03:30:00,0.0
10/04/2014 03:45:00,0.0
10/04/2014 04:00:00,0.0
10/04/2014 04:15:00,0.0
10/04/2014 04:30:00,0.0
10/04/2014 04:45:00,0.0
10/04/2014 05:00:00,0.0
10/04/2014 05:15:00,0.0
10/04/2014 05:30:00,0.0
10/04/2014 05:45:00,0.0
10/04/2014 06:00:00,0.0
10/04/2014 06:15:00,0.0
10/04/2014 06:30:00,0.0
10/04/2014 06:45:00,0.0
10/04/2014 07:00:00,0.0
10/04/2014 07:15:00,0.0
10/04/2014 07:30:00,0.0
10/04/2014 07:45:00,0.0
10/04/2014 08:00:00,0.0
10/04/2014 08:15:00,0.0
10/04/2014 08:30:00,0.0
10/04/2014 08:45:00,0.0
10/04/2014 09:00:00,0.0
10/04/2014 09:15:00,0.0
10/04/2014 09:30:00,0.0
10/04/2014 09:45:00,0.0
10/04/2014 10:00:00,0.0
10/04/2014 10:15:00,0.0
10/04/2014 10:30:00,0.0
10/04/2014 10:45:00,0.0
10/04/2014 11:00:00,0.0
10/04/2014 11:15:00,0.0
10/04/2014 11:30:00,0.0
10/04/2014 11:45:00,0.0
10/04/2014 12:00:00,0.0
10/04/2014 12:15:00,0.0
10/04/2014 12:30:00,0.0
10/04/2014 12:45:00,0.0
10/04/2014 13:00:00,0.0
10/04/2014 13:15:00,0.0
10/04/2014 13:30:00,0.0
10/04/2014 13:45:00,0.0
10/04/2014 14:00:00,0.0
10/04/2014 14:15:00,0.0
10/04/2014 14:30:00,0.0
10/04/2014 14:45:00,0.264333333333
10/04/2014 15:00:00,0.393066666667
10/04/2014 15:15:00,0.304733333333
10/04/2014 15:30:00,0.0
10/04/2014 15:45:00,0.0
10/04/2014 16:00:00,0.0
10/04/2014 16:15:00,0.0
10/04/2014 16:30:00,0.0
10/04/2014 16:45:00,0.0
10/04/2014 17:00:00,0.0
10/04/2014 17:15:00,0.229933333333
10/04/2014 17:30:00,0.064
10/04/2014 17:45:00,0.0
10/04/2014 18:00:00,0.0
10/04/2014 18:15:00,0.0
10/04/2014 18:30:00,0.0
10/04/2014 18:45:00,0.0
10/04/2014 19:00:00,0.0776666666667
10/04/2014 19:15:00,0.4402
10/04/2014 19:30:00,0.3914
10/04/2014 19:45:00,0.0
10/04/2014 20:00:00,0.0
10/04/2014 20:15:00,0.0
10/04/2014 20:30:00,0.0
10/04/2014 20:45:00,0.0
10/04/2014 21:00:00,0.0
10/04/2014 21:15:00,0.0
10/04/2014 21:30:00,0.0
10/04/2014 21:45:00,0.0
10/04/2014 22:00:00,0.0
10/04/2014 22:15:00,0.0
10/04/2014 22:30:00,0.0
10/04/2014 22:45:00,0.0
10/04/2014 23:00:00,0.0
10/04/2014 23:15:00,0.0
10/04/2014 23:30:00,0.0
10/04/2014 23:45:00,0.0
11/04/2014 00:00:00,0.0
11/04/2014 00:15:00,0.0
11/04/2014 00:30:00,0.0
11/04/2014 00:45:00,0.0
11/04/2014 01:00:00,0.0
11/04/2014 01:15:00,0.0
11/04/2014 01:30:00,0.0
11/04/2014 01:45:00,0.0
11/04/2014 02:00:00,0.0
11/04/2014 02:15:00,0.0
11/04/2014 02:30:00,0.0
11/04/2014 02:45:00,0.0
11/04/2014 03:00:00,0.0
11/04/2014 03:15:00,0.0
11/04/2014 03:30:00,0.0
11/04/2014 03:45:00,0.0
11/04/2014 04:00:00,0.0
11/04/2014 04:15:00,0.0
11/04/2014 04:30:00,0.0
11/04/2014 04:45:00,0.0
11/04/2014 05:00:00,0.0
11/04/2014 05:15:00,0.0
11/04/2014 05:30:00,0.0
11/04/2014 05:45:00,0.0
11/04/2014 06:00:00,0.0
11/04/2014 06:15:00,0.0
11/04/2014 06:30:00,0.0
11/04/2014 06:45:00,0.0
11/04/2014 07:00:00,0.0
11/04/2014 07:15:00,0.0
11/04/2014 07:30:00,0.0
11/04/2014 07:45:00,0.0
11/04/2014 08:00:00,0.0
11/04/2014 08:15:00,0.0
11/04/2014 08:30:00,0.0
11/04/2014 08:45:00,0.0
11/04/2014 09:00:00,0.0
11/04/2014 09:15:00,0.0
11/04/2014 09:30:00,0.0
11/04/2014 09:45:00,0.0
11/04/2014 10:00:00,0.0
11/04/2014 10:15:00,0.0
11/04/2014 10:30:00,0.0
11/04/2014 10:45:00,0.0
11/04/2014 11:00:00,0.0
11/04/2014 11:15:00,0.0
11/04/2014 11:30:00,0.0
11/04/2014 11:45:00,0.0
11/04/2014 12:00:00,0.0
11/04/2014 12:15:00,0.0
11/04/2014 12:30:00,0.0
11/04/2014 12:45:00,0.0
11/04/2014 13:00:00,0.0
11/04/2014 13:15:00,0.0
11/04/2014 13:30:00,0.0
11/04/2014 13:45:00,0.0
11/04/2014 14:00:00,0.0
11/04/2014 14:15:00,0.0
11/04/2014 14:30:00,0.0
11/04/2014 14:45:00,0.0
11/04/2014 15:00:00,0.0
11/04/2014 15:15:00,0.0
11/04/2014 15:30:00,0.0
11/04/2014 15:45:00,0.0
11/04/2014 16:00:00,0.0
11/04/2014 16:15:00,0.0
11/04/2014 16:30:00,0.0
11/04/2014 16:45:00,0.0
11/04/2014 17:00:00,0.0
11/04/2014 17:15:00,0.000266666666667
11/04/2014 17:30:00,0.389933333333
11/04/2014 17:45:00,0.0
11/04/2014 18:00:00,0.0
11/04/2014 18:15:00,0.0
11/04/2014 18:30:00,0.0
11/04/2014 18:45:00,0.0
11/04/2014 19:00:00,0.0
11/04/2014 19:15:00,0.0
11/04/2014 19:30:00,0.0
11/04/2014 19:45:00,0.0
11/04/2014 20:00:00,0.0
11/04/2014 20:15:00,0.0
11/04/2014 20:30:00,0.0
11/04/2014 20:45:00,0.0
11/04/2014 21:00:00,0.0
11/04/2014 21:15:00,0.0
11/04/2014 21:30:00,0.0
11/04/2014 21:45:00,0.0
11/04/2014 22:00:00,0.0
11/04/2014 22:15:00,0.0
11/04/2014 22:30:00,0.0
11/04/2014 22:45:00,0.0
11/04/2014 23:00:00,0.0
11/04/2014 23:15:00,0.0
11/04/2014 23:30:00,0.0
11/04/2014 23:45:00,0.0
12/04/2014 00:00:00,0.0
12/04/2014 00:15:00,0.0
12/04/2014 00:30:00,0.0
12/04/2014 00:45:00,0.0
12/04/2014 01:00:00,0.0
12/04/2014 01:15:00,0.0
12/04/2014 01:30:00,0.0
12/04/2014 01:45:00,0.0
12/04/2014 02:00:00,0.0
12/04/2014 02:15:00,0.0
12/04/2014 02:30:00,0.0
12/04/2014 02:45:00,0.0
12/04/2014 03:00:00,0.0
12/04/2014 03:15:00,0.0
12/04/2014 03:30:00,0.0
12/04/2014 03:45:00,0.0
12/04/2014 04:00:00,0.0
12/04/2014 04:15:00,0.0
12/04/2014 04:30:00,0.0
12/04/2014 04:45:00,0.0
12/04/2014 05:00:00,0.0
12/04/2014 05:15:00,0.0
12/04/2014 05:30:00,0.0
12/04/2014 05:45:00,0.0
12/04/2014 06:00:00,0.0
12/04/2014 06:15:00,0.0
12/04/2014 06:30:00,0.0
12/04/2014 06:45:00,0.0
12/04/2014 07:00:00,0.0
12/04/2014 07:15:00,0.0
12/04/2014 07:30:00,0.0
12/04/2014 07:45:00,0.0
12/04/2014 08:00:00,0.0
12/04/2014 08:15:00,0.0
12/04/2014 08:30:00,0.0
12/04/2014 08:45:00,0.0
12/04/2014 09:00:00,0.0
12/04/2014 09:15:00,0.0
12/04/2014 09:30:00,0.0
12/04/2014 09:45:00,0.0
12/04/2014 10:00:00,0.0
12/04/2014 10:15:00,0.0
12/04/2014 10:30:00,0.0
12/04/2014 10:45:00,0.0
12/04/2014 11:00:00,0.0
12/04/2014 11:15:00,0.0
12/04/2014 11:30:00,0.0
12/04/2014 11:45:00,0.0
12/04/2014 12:00:00,0.0
12/04/2014 12:15:00,0.0
12/04/2014 12:30:00,0.0
12/04/2014 12:45:00,0.0
12/04/2014 13:00:00,0.0
12/04/2014 13:15:00,0.0
12/04/2014 13:30:00,0.0
12/04/2014 13:45:00,0.0
12/04/2014 14:00:00,0.0
12/04/2014 14:15:00,0.0
12/04/2014 14:30:00,0.0
12/04/2014 14:45:00,0.0
12/04/2014 15:00:00,0.0
12/04/2014 15:15:00,0.0
12/04/2014 15:30:00,0.0
12/04/2014 15:45:00,0.0
12/04/2014 16:00:00,0.0
12/04/2014 16:15:00,0.0
12/04/2014 16:30:00,0.0
12/04/2014 16:45:00,0.0
12/04/2014 17:00:00,0.0
12/04/2014 17:15:00,0.0
12/04/2014 17:30:00,0.0
12/04/2014 17:45:00,0.0
12/04/2014 18:00:00,0.0
12/04/2014 18:15:00,0.0
12/04/2014 18:30:00,0.0
12/04/2014 18:45:00,0.0
12/04/2014 19:00:00,0.0
12/04/2014 19:15:00,0.0
12/04/2014 19:30:00,0.0
12/04/2014 19:45:00,0.0
12/04/2014 20:00:00,0.0
12/04/2014 20:15:00,0.0
12/04/2014 20:30:00,0.0
12/04/2014 20:45:00,0.0
12/04/2014 21:00:00,0.0
12/04/2014 21:15:00,0.0
12/04/2014 21:30:00,0.0
12/04/2014 21:45:00,0.0
12/04/2014 22:00:00,0.0
12/04/2014 22:15:00,0.0
12/04/2014 22:30:00,0.0
12/04/2014 22:45:00,0.0
12/04/2014 23:00:00,0.0
12/04/2014 23:15:00,0.0
12/04/2014 23:30:00,0.0
12/04/2014 23:45:00,0.0
13/04/2014 00:00:00,0.0
13/04/2014 00:15:00,0.0
13/04/2014 00:30:00,0.0
13/04/2014 00:45:00,0.0
13/04/2014 01:00:00,0.0
13/04/2014 01:15:00,0.0
13/04/2014 01:30:00,0.0
13/04/2014 01:45:00,0.0
13/04/2014 02:00:00,0.0
13/04/2014 02:15:00,0.0
13/04/2014 02:30:00,0.0
13/04/2014 02:45:00,0.0
13/04/2014 03:00:00,0.0
13/04/2014 03:15:00,0.0
13/04/2014 03:30:00,0.0
13/04/2014 03:45:00,0.0
13/04/2014 04:00:00,0.0
13/04/2014 04:15:00,0.0
13/04/2014 04:30:00,0.0
13/04/2014 04:45:00,0.0
13/04/2014 05:00:00,0.0
13/04/2014 05:15:00,0.0
13/04/2014 05:30:00,0.0
13/04/2014 05:45:00,0.0
13/04/2014 06:00:00,0.0
13/04/2014 06:15:00,0.0
13/04/2014 06:30:00,0.0
13/04/2014 06:45:00,0.0
13/04/2014 07:00:00,0.0
13/04/2014 07:15:00,0.0
13/04/2014 07:30:00,0.0
13/04/2014 07:45:00,0.0
13/04/2014 08:00:00,0.0
13/04/2014 08:15:00,0.0
13/04/2014 08:30:00,0.0
13/04/2014 08:45:00,0.0
13/04/2014 09:00:00,0.0
13/04/2014 09:15:00,0.0
13/04/2014 09:30:00,0.0
13/04/2014 09:45:00,0.0
13/04/2014 10:00:00,0.0
13/04/2014 10:15:00,0.0
13/04/2014 10:30:00,0.0
13/04/2014 10:45:00,0.0
13/04/2014 11:00:00,0.0
13/04/2014 11:15:00,0.0
13/04/2014 11:30:00,0.0
13/04/2014 11:45:00,0.0
13/04/2014 12:00:00,0.0
13/04/2014 12:15:00,0.0
13/04/2014 12:30:00,0.0
13/04/2014 12:45:00,0.0
13/04/2014 13:00:00,0.0
13/04/2014 13:15:00,0.0
13/04/2014 13:30:00,0.0
13/04/2014 13:45:00,0.0
13/04/2014 14:00:00,0.0
13/04/2014 14:15:00,0.0
13/04/2014 14:30:00,0.0
13/04/2014 14:45:00,0.0
13/04/2014 15:00:00,0.0
13/04/2014 15:15:00,0.0
13/04/2014 15:30:00,0.0
13/04/2014 15:45:00,0.0
13/04/2014 16:00:00,0.0
13/04/2014 16:15:00,0.0
13/04/2014 16:30:00,0.0
13/04/2014 16:45:00,0.0
13/04/2014 17:00:00,0.0
13/04/2014 17:15:00,0.0
13/04/2014 17:30:00,0.0
13/04/2014 17:45:00,0.0
13/04/2014 18:00:00,0.0
13/04/2014 18:15:00,0.0
13/04/2014 18:30:00,0.0
13/04/2014 18:45:00,0.0
13/04/2014 19:00:00,0.0
13/04/2014 19:15:00,0.0
13/04/2014 19:30:00,0.0
13/04/2014 19:45:00,0.0
13/04/2014 20:00:00,0.0
13/04/2014 20:15:00,0.0
13/04/2014 20:30:00,0.0
13/04/2014 20:45:00,0.0
13/04/2014 21:00:00,0.0
13/04/2014 21:15:00,0.0
13/04/2014 21:30:00,0.0
13/04/2014 21:45:00,0.0
13/04/2014 22:00:00,0.0
13/04/2014 22:15:00,0.0
13/04/2014 22:30:00,0.0
13/04/2014 22:45:00,0.0
13/04/2014 23:00:00,0.0
13/04/2014 23:15:00,0.0
13/04/2014 23:30:00,0.0
13/04/2014 23:45:00,0.0
14/04/2014 00:00:00,0.0
14/04/2014 00:15:00,0.0
14/04/2014 00:30:00,0.0
14/04/2014 00:45:00,0.0
14/04/2014 01:00:00,0.0
14/04/2014 01:15:00,0.0
14/04/2014 01:30:00,0.0
14/04/2014 01:45:00,0.0
14/04/2014 02:00:00,0.0
14/04/2014 02:15:00,0.0
14/04/2014 02:30:00,0.0
14/04/2014 02:45:00,0.0
14/04/2014 03:00:00,0.0
14/04/2014 03:15:00,0.0
14/04/2014 03:30:00,0.0
14/04/2014 03:45:00,0.0
14/04/2014 04:00:00,0.0
14/04/2014 04:15:00,0.0
14/04/2014 04:30:00,0.0
14/04/2014 04:45:00,0.0
14/04/2014 05:00:00,0.0
14/04/2014 05:15:00,0.0
14/04/2014 05:30:00,0.0
14/04/2014 05:45:00,0.0
14/04/2014 06:00:00,0.0
14/04/2014 06:15:00,0.0
14/04/2014 06:30:00,0.0
14/04/2014 06:45:00,0.0
14/04/2014 07:00:00,0.0
14/04/2014 07:15:00,0.0
14/04/2014 07:30:00,0.0
14/04/2014 07:45:00,0.0
14/04/2014 08:00:00,0.0
14/04/2014 08:15:00,0.0
14/04/2014 08:30:00,0.0
14/04/2014 08:45:00,0.0
14/04/2014 09:00:00,0.0
14/04/2014 09:15:00,0.0
14/04/2014 09:30:00,0.0
14/04/2014 09:45:00,0.0
14/04/2014 10:00:00,0.0
14/04/2014 10:15:00,0.0
14/04/2014 10:30:00,0.0
14/04/2014 10:45:00,0.0
14/04/2014 11:00:00,0.0
14/04/2014 11:15:00,0.0
14/04/2014 11:30:00,0.0
14/04/2014 11:45:00,0.0
14/04/2014 12:00:00,0.0
14/04/2014 12:15:00,0.0
14/04/2014 12:30:00,0.0
14/04/2014 12:45:00,0.0
14/04/2014 13:00:00,0.0
14/04/2014 13:15:00,0.0
14/04/2014 13:30:00,0.0
14/04/2014 13:45:00,0.0
14/04/2014 14:00:00,0.0
14/04/2014 14:15:00,0.0
14/04/2014 14:30:00,0.0
14/04/2014 14:45:00,0.0
14/04/2014 15:00:00,0.0
14/04/2014 15:15:00,0.0
14/04/2014 15:30:00,0.0
14/04/2014 15:45:00,0.0
14/04/2014 16:00:00,0.0
14/04/2014 16:15:00,0.0
14/04/2014 16:30:00,0.0
14/04/2014 16:45:00,0.0
14/04/2014 17:00:00,0.0
14/04/2014 17:15:00,0.0
14/04/2014 17:30:00,0.0
14/04/2014 17:45:00,0.0
14/04/2014 18:00:00,0.0
14/04/2014 18:15:00,0.0
14/04/2014 18:30:00,0.0
14/04/2014 18:45:00,0.0
14/04/2014 19:00:00,0.0
14/04/2014 19:15:00,0.0
14/04/2014 19:30:00,0.0
14/04/2014 19:45:00,0.0
14/04/2014 20:00:00,0.0
14/04/2014 20:15:00,0.0
14/04/2014 20:30:00,0.0
14/04/2014 20:45:00,0.0
14/04/2014 21:00:00,0.0
14/04/2014 21:15:00,0.0
14/04/2014 21:30:00,0.0
14/04/2014 21:45:00,0.0
14/04/2014 22:00:00,0.0
14/04/2014 22:15:00,0.0
14/04/2014 22:30:00,0.0
14/04/2014 22:45:00,0.0
14/04/2014 23:00:00,0.0
14/04/2014 23:15:00,0.0
14/04/2014 23:30:00,0.0
14/04/2014 23:45:00,0.0
15/04/2014 00:00:00,0.0
15/04/2014 00:15:00,0.0
15/04/2014 00:30:00,0.0
15/04/2014 00:45:00,0.0
15/04/2014 01:00:00,0.0
15/04/2014 01:15:00,0.0
15/04/2014 01:30:00,0.0
15/04/2014 01:45:00,0.0
15/04/2014 02:00:00,0.0
15/04/2014 02:15:00,0.0
15/04/2014 02:30:00,0.0
15/04/2014 02:45:00,0.0
15/04/2014 03:00:00,0.0
15/04/2014 03:15:00,0.0
15/04/2014 03:30:00,0.0
15/04/2014 03:45:00,0.0
15/04/2014 04:00:00,0.0
15/04/2014 04:15:00,0.0
15/04/2014 04:30:00,0.0
15/04/2014 04:45:00,0.0
15/04/2014 05:00:00,0.0
15/04/2014 05:15:00,0.0
15/04/2014 05:30:00,0.0
15/04/2014 05:45:00,0.0
15/04/2014 06:00:00,0.0
15/04/2014 06:15:00,0.0
15/04/2014 06:30:00,0.0
15/04/2014 06:45:00,0.0008
15/04/2014 07:00:00,0.375333333333
15/04/2014 07:15:00,0.5052
15/04/2014 07:30:00,0.062
15/04/2014 07:45:00,0.0
15/04/2014 08:00:00,0.0
15/04/2014 08:15:00,0.0
15/04/2014 08:30:00,0.0
15/04/2014 08:45:00,0.0
15/04/2014 09:00:00,0.0
15/04/2014 09:15:00,0.0
15/04/2014 09:30:00,0.0
15/04/2014 09:45:00,0.0
15/04/2014 10:00:00,0.0
15/04/2014 10:15:00,0.0
15/04/2014 10:30:00,0.0
15/04/2014 10:45:00,0.0
15/04/2014 11:00:00,0.0
15/04/2014 11:15:00,0.0
15/04/2014 11:30:00,0.0
15/04/2014 11:45:00,0.0
15/04/2014 12:00:00,0.0
15/04/2014 12:15:00,0.0
15/04/2014 12:30:00,0.0
15/04/2014 12:45:00,0.0
15/04/2014 13:00:00,0.0
15/04/2014 13:15:00,0.0
15/04/2014 13:30:00,0.0
15/04/2014 13:45:00,0.0
15/04/2014 14:00:00,0.0
15/04/2014 14:15:00,0.0
15/04/2014 14:30:00,0.0
15/04/2014 14:45:00,0.0
15/04/2014 15:00:00,0.0
15/04/2014 15:15:00,0.0
15/04/2014 15:30:00,0.0
15/04/2014 15:45:00,0.0
15/04/2014 16:00:00,0.0
15/04/2014 16:15:00,0.0
15/04/2014 16:30:00,0.0
15/04/2014 16:45:00,0.0
15/04/2014 17:00:00,0.0
15/04/2014 17:15:00,0.0
15/04/2014 17:30:00,0.0
15/04/2014 17:45:00,0.0
15/04/2014 18:00:00,0.0
15/04/2014 18:15:00,0.0
15/04/2014 18:30:00,0.0
15/04/2014 18:45:00,0.0
15/04/2014 19:00:00,0.0
15/04/2014 19:15:00,0.0
15/04/2014 19:30:00,0.0
15/04/2014 19:45:00,0.0
15/04/2014 20:00:00,0.0
15/04/2014 20:15:00,0.0
15/04/2014 20:30:00,0.0
15/04/2014 20:45:00,0.0
15/04/2014 21:00:00,0.0
15/04/2014 21:15:00,0.0
15/04/2014 21:30:00,0.0
15/04/2014 21:45:00,0.0
15/04/2014 22:00:00,0.0
15/04/2014 22:15:00,0.0
15/04/2014 22:30:00,0.0
15/04/2014 22:45:00,0.0
15/04/2014 23:00:00,0.0
15/04/2014 23:15:00,0.0
15/04/2014 23:30:00,0.0
15/04/2014 23:45:00,0.0
16/04/2014 00:00:00,0.0
16/04/2014 00:15:00,0.0
16/04/2014 00:30:00,0.0
16/04/2014 00:45:00,0.0
16/04/2014 01:00:00,0.0
16/04/2014 01:15:00,0.0
16/04/2014 01:30:00,0.0
16/04/2014 01:45:00,0.0
16/04/2014 02:00:00,0.0
16/04/2014 02:15:00,0.0
16/04/2014 02:30:00,0.0
16/04/2014 02:45:00,0.0
16/04/2014 03:00:00,0.0
16/04/2014 03:15:00,0.0
16/04/2014 03:30:00,0.0
16/04/2014 03:45:00,0.0
16/04/2014 04:00:00,0.0
16/04/2014 04:15:00,0.0
16/04/2014 04:30:00,0.0
16/04/2014 04:45:00,0.0
16/04/2014 05:00:00,0.0
16/04/2014 05:15:00,0.0
16/04/2014 05:30:00,0.0
16/04/2014 05:45:00,0.0
16/04/2014 06:00:00,0.0
16/04/2014 06:15:00,0.0
16/04/2014 06:30:00,0.0
16/04/2014 06:45:00,0.000533333333333
16/04/2014 07:00:00,0.3876
16/04/2014 07:15:00,0.515133333333
16/04/2014 07:30:00,0.381333333333
16/04/2014 07:45:00,0.0764666666667
16/04/2014 08:00:00,0.0
16/04/2014 08:15:00,0.0
16/04/2014 08:30:00,0.0
16/04/2014 08:45:00,0.0
16/04/2014 09:00:00,0.0
16/04/2014 09:15:00,0.0
16/04/2014 09:30:00,0.0
16/04/2014 09:45:00,0.0
16/04/2014 10:00:00,0.0
16/04/2014 10:15:00,0.0
16/04/2014 10:30:00,0.0
16/04/2014 10:45:00,0.2304
16/04/2014 11:00:00,0.4068
16/04/2014 11:15:00,0.2864
16/04/2014 11:30:00,0.0
16/04/2014 11:45:00,0.0
16/04/2014 12:00:00,0.0322
16/04/2014 12:15:00,0.473333333333
16/04/2014 12:30:00,0.380666666667
16/04/2014 12:45:00,0.0369333333333
16/04/2014 13:00:00,0.0
16/04/2014 13:15:00,0.0
16/04/2014 13:30:00,0.0
16/04/2014 13:45:00,0.0
16/04/2014 14:00:00,0.0
16/04/2014 14:15:00,0.0
16/04/2014 14:30:00,0.0
16/04/2014 14:45:00,0.0
16/04/2014 15:00:00,0.0
16/04/2014 15:15:00,0.0
16/04/2014 15:30:00,0.0
16/04/2014 15:45:00,0.0
16/04/2014 16:00:00,0.0
16/04/2014 16:15:00,0.0
16/04/2014 16:30:00,0.0
16/04/2014 16:45:00,0.0
16/04/2014 17:00:00,0.0
16/04/2014 17:15:00,0.110466666667
16/04/2014 17:30:00,0.363
16/04/2014 17:45:00,0.435
16/04/2014 18:00:00,0.0
16/04/2014 18:15:00,0.0747333333333
16/04/2014 18:30:00,0.3996
16/04/2014 18:45:00,0.433133333333
16/04/2014 19:00:00,0.0
16/04/2014 19:15:00,0.0
16/04/2014 19:30:00,0.0
16/04/2014 19:45:00,0.0
16/04/2014 20:00:00,0.0
16/04/2014 20:15:00,0.0
16/04/2014 20:30:00,0.0
16/04/2014 20:45:00,0.0
16/04/2014 21:00:00,0.0
16/04/2014 21:15:00,0.0
16/04/2014 21:30:00,0.0
16/04/2014 21:45:00,0.0
16/04/2014 22:00:00,0.0
16/04/2014 22:15:00,0.0
16/04/2014 22:30:00,0.0
16/04/2014 22:45:00,0.0
16/04/2014 23:00:00,0.0
16/04/2014 23:15:00,0.0
16/04/2014 23:30:00,0.0
16/04/2014 23:45:00,0.0
17/04/2014 00:00:00,0.0
17/04/2014 00:15:00,0.0
17/04/2014 00:30:00,0.0
17/04/2014 00:45:00,0.0
17/04/2014 01:00:00,0.0
17/04/2014 01:15:00,0.0
17/04/2014 01:30:00,0.0
17/04/2014 01:45:00,0.0
17/04/2014 02:00:00,0.0
17/04/2014 02:15:00,0.0
17/04/2014 02:30:00,0.0
17/04/2014 02:45:00,0.0
17/04/2014 03:00:00,0.0
17/04/2014 03:15:00,0.0
17/04/2014 03:30:00,0.0
17/04/2014 03:45:00,0.0
17/04/2014 04:00:00,0.0
17/04/2014 04:15:00,0.0
17/04/2014 04:30:00,0.0
17/04/2014 04:45:00,0.0
17/04/2014 05:00:00,0.0
17/04/2014 05:15:00,0.0
17/04/2014 05:30:00,0.0
17/04/2014 05:45:00,0.0
17/04/2014 06:00:00,0.0
17/04/2014 06:15:00,0.0
17/04/2014 06:30:00,0.0
17/04/2014 06:45:00,0.0
17/04/2014 07:00:00,0.0
17/04/2014 07:15:00,0.0
17/04/2014 07:30:00,0.0
17/04/2014 07:45:00,0.0
17/04/2014 08:00:00,0.0
17/04/2014 08:15:00,0.0
17/04/2014 08:30:00,0.0
17/04/2014 08:45:00,0.205466666667
17/04/2014 09:00:00,0.4422
17/04/2014 09:15:00,0.0908666666667
17/04/2014 09:30:00,0.0
17/04/2014 09:45:00,0.0
17/04/2014 10:00:00,0.0
17/04/2014 10:15:00,0.0
17/04/2014 10:30:00,0.0
17/04/2014 10:45:00,0.0
17/04/2014 11:00:00,0.0
17/04/2014 11:15:00,0.0
17/04/2014 11:30:00,0.0
17/04/2014 11:45:00,0.0
17/04/2014 12:00:00,0.0
17/04/2014 12:15:00,0.0
17/04/2014 12:30:00,0.0
17/04/2014 12:45:00,0.0
17/04/2014 13:00:00,0.0
17/04/2014 13:15:00,0.0
17/04/2014 13:30:00,0.0
17/04/2014 13:45:00,0.0
17/04/2014 14:00:00,0.0
17/04/2014 14:15:00,0.0
17/04/2014 14:30:00,0.0
17/04/2014 14:45:00,0.0
17/04/2014 15:00:00,0.286866666667
17/04/2014 15:15:00,0.4216
17/04/2014 15:30:00,0.272933333333
17/04/2014 15:45:00,0.0
17/04/2014 16:00:00,0.0
17/04/2014 16:15:00,0.0
17/04/2014 16:30:00,0.400466666667
17/04/2014 16:45:00,0.4204
17/04/2014 17:00:00,0.0
17/04/2014 17:15:00,0.0
17/04/2014 17:30:00,0.0
17/04/2014 17:45:00,0.0
17/04/2014 18:00:00,0.0
17/04/2014 18:15:00,0.0
17/04/2014 18:30:00,0.0
17/04/2014 18:45:00,0.0
17/04/2014 19:00:00,0.0
17/04/2014 19:15:00,0.0
17/04/2014 19:30:00,0.0
17/04/2014 19:45:00,0.0
17/04/2014 20:00:00,0.0
17/04/2014 20:15:00,0.0
17/04/2014 20:30:00,0.0
17/04/2014 20:45:00,0.0
17/04/2014 21:00:00,0.0
17/04/2014 21:15:00,0.0
17/04/2014 21:30:00,0.0
17/04/2014 21:45:00,0.0
17/04/2014 22:00:00,0.0
17/04/2014 22:15:00,0.0
17/04/2014 22:30:00,0.0
17/04/2014 22:45:00,0.0
17/04/2014 23:00:00,0.0
17/04/2014 23:15:00,0.0
17/04/2014 23:30:00,0.0
17/04/2014 23:45:00,0.0
18/04/2014 00:00:00,0.0
18/04/2014 00:15:00,0.0
18/04/2014 00:30:00,0.0
18/04/2014 00:45:00,0.0
18/04/2014 01:00:00,0.0
18/04/2014 01:15:00,0.0
18/04/2014 01:30:00,0.0
18/04/2014 01:45:00,0.0
18/04/2014 02:00:00,0.0
18/04/2014 02:15:00,0.0
18/04/2014 02:30:00,0.0
18/04/2014 02:45:00,0.0
18/04/2014 03:00:00,0.0
18/04/2014 03:15:00,0.0
18/04/2014 03:30:00,0.0
18/04/2014 03:45:00,0.0
18/04/2014 04:00:00,0.0
18/04/2014 04:15:00,0.0
18/04/2014 04:30:00,0.0
18/04/2014 04:45:00,0.0
18/04/2014 05:00:00,0.0
18/04/2014 05:15:00,0.0
18/04/2014 05:30:00,0.0
18/04/2014 05:45:00,0.0
18/04/2014 06:00:00,0.0
18/04/2014 06:15:00,0.0
18/04/2014 06:30:00,0.0
18/04/2014 06:45:00,0.0
18/04/2014 07:00:00,0.0
18/04/2014 07:15:00,0.0
18/04/2014 07:30:00,0.0
18/04/2014 07:45:00,0.0
18/04/2014 08:00:00,0.0
18/04/2014 08:15:00,0.0
18/04/2014 08:30:00,0.0
18/04/2014 08:45:00,0.0
18/04/2014 09:00:00,0.0
18/04/2014 09:15:00,0.0
18/04/2014 09:30:00,0.0
18/04/2014 09:45:00,0.0
18/04/2014 10:00:00,0.0
18/04/2014 10:15:00,0.0
18/04/2014 10:30:00,0.0
18/04/2014 10:45:00,0.0
18/04/2014 11:00:00,0.0
18/04/2014 11:15:00,0.0
18/04/2014 11:30:00,0.0
18/04/2014 11:45:00,0.0
18/04/2014 12:00:00,0.0
18/04/2014 12:15:00,0.0
18/04/2014 12:30:00,0.0
18/04/2014 12:45:00,0.0
18/04/2014 13:00:00,0.0
18/04/2014 13:15:00,0.0
18/04/2014 13:30:00,0.0
18/04/2014 13:45:00,0.0
18/04/2014 14:00:00,0.0
18/04/2014 14:15:00,0.0
18/04/2014 14:30:00,0.0
18/04/2014 14:45:00,0.0
18/04/2014 15:00:00,0.0
18/04/2014 15:15:00,0.0
18/04/2014 15:30:00,0.0
18/04/2014 15:45:00,0.0
18/04/2014 16:00:00,0.0
18/04/2014 16:15:00,0.0
18/04/2014 16:30:00,0.0
18/04/2014 16:45:00,0.0
18/04/2014 17:00:00,0.0
18/04/2014 17:15:00,0.0
18/04/2014 17:30:00,0.0
18/04/2014 17:45:00,0.0
18/04/2014 18:00:00,0.0
18/04/2014 18:15:00,0.0
18/04/2014 18:30:00,0.0
18/04/2014 18:45:00,0.0
18/04/2014 19:00:00,0.0
18/04/2014 19:15:00,0.0
18/04/2014 19:30:00,0.0
18/04/2014 19:45:00,0.0
18/04/2014 20:00:00,0.0
18/04/2014 20:15:00,0.0
18/04/2014 20:30:00,0.0
18/04/2014 20:45:00,0.0
18/04/2014 21:00:00,0.0
18/04/2014 21:15:00,0.0
18/04/2014 21:30:00,0.0
18/04/2014 21:45:00,0.0
18/04/2014 22:00:00,0.0
18/04/2014 22:15:00,0.0
18/04/2014 22:30:00,0.0
18/04/2014 22:45:00,0.0
18/04/2014 23:00:00,0.0
18/04/2014 23:15:00,0.0
18/04/2014 23:30:00,0.0
18/04/2014 23:45:00,0.0
19/04/2014 00:00:00,0.0
19/04/2014 00:15:00,0.0
19/04/2014 00:30:00,0.0
19/04/2014 00:45:00,0.0
19/04/2014 01:00:00,0.0
19/04/2014 01:15:00,0.0
19/04/2014 01:30:00,0.0
19/04/2014 01:45:00,0.0
19/04/2014 02:00:00,0.0
19/04/2014 02:15:00,0.0
19/04/2014 02:30:00,0.0
19/04/2014 02:45:00,0.0
19/04/2014 03:00:00,0.0
19/04/2014 03:15:00,0.0
19/04/2014 03:30:00,0.0
19/04/2014 03:45:00,0.0
19/04/2014 04:00:00,0.0
19/04/2014 04:15:00,0.0
19/04/2014 04:30:00,0.0
19/04/2014 04:45:00,0.0
19/04/2014 05:00:00,0.0
19/04/2014 05:15:00,0.0
19/04/2014 05:30:00,0.0
19/04/2014 05:45:00,0.0
19/04/2014 06:00:00,0.0
19/04/2014 06:15:00,0.0
19/04/2014 06:30:00,0.0
19/04/2014 06:45:00,0.0
19/04/2014 07:00:00,0.0
19/04/2014 07:15:00,0.0
19/04/2014 07:30:00,0.0
19/04/2014 07:45:00,0.0
19/04/2014 08:00:00,0.0
19/04/2014 08:15:00,0.0
19/04/2014 08:30:00,0.0
19/04/2014 08:45:00,0.0
19/04/2014 09:00:00,0.0
19/04/2014 09:15:00,0.0
19/04/2014 09:30:00,0.0
19/04/2014 09:45:00,0.0
19/04/2014 10:00:00,0.0
19/04/2014 10:15:00,0.0
19/04/2014 10:30:00,0.0
19/04/2014 10:45:00,0.0
19/04/2014 11:00:00,0.0
19/04/2014 11:15:00,0.0
19/04/2014 11:30:00,0.0
19/04/2014 11:45:00,0.0
19/04/2014 12:00:00,0.0
19/04/2014 12:15:00,0.0
19/04/2014 12:30:00,0.0
19/04/2014 12:45:00,0.0
19/04/2014 13:00:00,0.0
19/04/2014 13:15:00,0.0
19/04/2014 13:30:00,0.0
19/04/2014 13:45:00,0.0
19/04/2014 14:00:00,0.0
19/04/2014 14:15:00,0.0
19/04/2014 14:30:00,0.0
19/04/2014 14:45:00,0.0
19/04/2014 15:00:00,0.0
19/04/2014 15:15:00,0.0
19/04/2014 15:30:00,0.0
19/04/2014 15:45:00,0.0
19/04/2014 16:00:00,0.0
19/04/2014 16:15:00,0.0
19/04/2014 16:30:00,0.0
19/04/2014 16:45:00,0.0
19/04/2014 17:00:00,0.0
19/04/2014 17:15:00,0.0
19/04/2014 17:30:00,0.0
19/04/2014 17:45:00,0.0
19/04/2014 18:00:00,0.0
19/04/2014 18:15:00,0.0
19/04/2014 18:30:00,0.0
19/04/2014 18:45:00,0.0
19/04/2014 19:00:00,0.0
19/04/2014 19:15:00,0.0
19/04/2014 19:30:00,0.0
19/04/2014 19:45:00,0.0
19/04/2014 20:00:00,0.0
19/04/2014 20:15:00,0.0
19/04/2014 20:30:00,0.0
19/04/2014 20:45:00,0.0
19/04/2014 21:00:00,0.0
19/04/2014 21:15:00,0.0
19/04/2014 21:30:00,0.0
19/04/2014 21:45:00,0.0
19/04/2014 22:00:00,0.0
19/04/2014 22:15:00,0.0
19/04/2014 22:30:00,0.0
19/04/2014 22:45:00,0.0
19/04/2014 23:00:00,0.0
19/04/2014 23:15:00,0.0
19/04/2014 23:30:00,0.0
19/04/2014 23:45:00,0.0
20/04/2014 00:00:00,0.0
20/04/2014 00:15:00,0.0
20/04/2014 00:30:00,0.0
20/04/2014 00:45:00,0.0
20/04/2014 01:00:00,0.0
20/04/2014 01:15:00,0.0
20/04/2014 01:30:00,0.0
20/04/2014 01:45:00,0.0
20/04/2014 02:00:00,0.0
20/04/2014 02:15:00,0.0
20/04/2014 02:30:00,0.0
20/04/2014 02:45:00,0.0
20/04/2014 03:00:00,0.0
20/04/2014 03:15:00,0.0
20/04/2014 03:30:00,0.0
20/04/2014 03:45:00,0.0
20/04/2014 04:00:00,0.0
20/04/2014 04:15:00,0.0
20/04/2014 04:30:00,0.0
20/04/2014 04:45:00,0.0
20/04/2014 05:00:00,0.0
20/04/2014 05:15:00,0.0
20/04/2014 05:30:00,0.0
20/04/2014 05:45:00,0.0
20/04/2014 06:00:00,0.0
20/04/2014 06:15:00,0.0
20/04/2014 06:30:00,0.0
20/04/2014 06:45:00,0.0
20/04/2014 07:00:00,0.0
20/04/2014 07:15:00,0.0
20/04/2014 07:30:00,0.0
20/04/2014 07:45:00,0.0
20/04/2014 08:00:00,0.0
20/04/2014 08:15:00,0.0
20/04/2014 08:30:00,0.0
20/04/2014 08:45:00,0.0
20/04/2014 09:00:00,0.0
20/04/2014 09:15:00,0.0
20/04/2014 09:30:00,0.152266666667
20/04/2014 09:45:00,0.365866666667
20/04/2014 10:00:00,0.453066666667
20/04/2014 10:15:00,0.0
20/04/2014 10:30:00,0.0
20/04/2014 10:45:00,0.0
20/04/2014 11:00:00,0.0
20/04/2014 11:15:00,0.0
20/04/2014 11:30:00,0.0
20/04/2014 11:45:00,0.0
20/04/2014 12:00:00,0.0
20/04/2014 12:15:00,0.0
20/04/2014 12:30:00,0.0
20/04/2014 12:45:00,0.0
20/04/2014 13:00:00,0.0
20/04/2014 13:15:00,0.0
20/04/2014 13:30:00,0.0
20/04/2014 13:45:00,0.0
20/04/2014 14:00:00,0.0
20/04/2014 14:15:00,0.0
20/04/2014 14:30:00,0.0
20/04/2014 14:45:00,0.0
20/04/2014 15:00:00,0.0
20/04/2014 15:15:00,0.0
20/04/2014 15:30:00,0.0
20/04/2014 15:45:00,0.0
20/04/2014 16:00:00,0.0
20/04/2014 16:15:00,0.0
20/04/2014 16:30:00,0.0
20/04/2014 16:45:00,0.0
20/04/2014 17:00:00,0.0
20/04/2014 17:15:00,0.0
20/04/2014 17:30:00,0.0
20/04/2014 17:45:00,0.0
20/04/2014 18:00:00,0.0
20/04/2014 18:15:00,0.0
20/04/2014 18:30:00,0.0704666666667
20/04/2014 18:45:00,0.377
20/04/2014 19:00:00,0.406666666667
20/04/2014 19:15:00,0.0
20/04/2014 19:30:00,0.0
20/04/2014 19:45:00,0.0
20/04/2014 20:00:00,0.0
20/04/2014 20:15:00,0.0
20/04/2014 20:30:00,0.0
20/04/2014 20:45:00,0.0
20/04/2014 21:00:00,0.0
20/04/2014 21:15:00,0.0
20/04/2014 21:30:00,0.0
20/04/2014 21:45:00,0.0
20/04/2014 22:00:00,0.0
20/04/2014 22:15:00,0.0
20/04/2014 22:30:00,0.0
20/04/2014 22:45:00,0.0
20/04/2014 23:00:00,0.0
20/04/2014 23:15:00,0.0
20/04/2014 23:30:00,0.0
20/04/2014 23:45:00,0.0
21/04/2014 00:00:00,0.0
21/04/2014 00:15:00,0.0
21/04/2014 00:30:00,0.0
21/04/2014 00:45:00,0.0
21/04/2014 01:00:00,0.0
21/04/2014 01:15:00,0.0
21/04/2014 01:30:00,0.0
21/04/2014 01:45:00,0.0
21/04/2014 02:00:00,0.0
21/04/2014 02:15:00,0.0
21/04/2014 02:30:00,0.0
21/04/2014 02:45:00,0.0
21/04/2014 03:00:00,0.0
21/04/2014 03:15:00,0.0
21/04/2014 03:30:00,0.0
21/04/2014 03:45:00,0.0
21/04/2014 04:00:00,0.0
21/04/2014 04:15:00,0.0
21/04/2014 04:30:00,0.0
21/04/2014 04:45:00,0.0
21/04/2014 05:00:00,0.0
21/04/2014 05:15:00,0.0
21/04/2014 05:30:00,0.0
21/04/2014 05:45:00,0.0
21/04/2014 06:00:00,0.0
21/04/2014 06:15:00,0.0
21/04/2014 06:30:00,0.0
21/04/2014 06:45:00,0.0
21/04/2014 07:00:00,0.0
21/04/2014 07:15:00,0.0
21/04/2014 07:30:00,0.0
21/04/2014 07:45:00,0.0
21/04/2014 08:00:00,0.0
21/04/2014 08:15:00,0.0
21/04/2014 08:30:00,0.0
21/04/2014 08:45:00,0.0
21/04/2014 09:00:00,0.0
21/04/2014 09:15:00,0.0
21/04/2014 09:30:00,0.0
21/04/2014 09:45:00,0.0
21/04/2014 10:00:00,0.0
21/04/2014 10:15:00,0.0
21/04/2014 10:30:00,0.0
21/04/2014 10:45:00,0.0
21/04/2014 11:00:00,0.0
21/04/2014 11:15:00,0.0
21/04/2014 11:30:00,0.0
21/04/2014 11:45:00,0.0
21/04/2014 12:00:00,0.0
21/04/2014 12:15:00,0.0
21/04/2014 12:30:00,0.0
21/04/2014 12:45:00,0.0
21/04/2014 13:00:00,0.0
21/04/2014 13:15:00,0.0
21/04/2014 13:30:00,0.0
21/04/2014 13:45:00,0.0
21/04/2014 14:00:00,0.0
21/04/2014 14:15:00,0.0
21/04/2014 14:30:00,0.0
21/04/2014 14:45:00,0.0
21/04/2014 15:00:00,0.0
21/04/2014 15:15:00,0.0
21/04/2014 15:30:00,0.0
21/04/2014 15:45:00,0.0
21/04/2014 16:00:00,0.0
21/04/2014 16:15:00,0.0
21/04/2014 16:30:00,0.0
21/04/2014 16:45:00,0.0
21/04/2014 17:00:00,0.0
21/04/2014 17:15:00,0.0
21/04/2014 17:30:00,0.0
21/04/2014 17:45:00,0.0
21/04/2014 18:00:00,0.0
21/04/2014 18:15:00,0.0
21/04/2014 18:30:00,0.0
21/04/2014 18:45:00,0.0
21/04/2014 19:00:00,0.0
21/04/2014 19:15:00,0.0
21/04/2014 19:30:00,0.0
21/04/2014 19:45:00,0.0
21/04/2014 20:00:00,0.0
21/04/2014 20:15:00,0.0
21/04/2014 20:30:00,0.0
21/04/2014 20:45:00,0.0
21/04/2014 21:00:00,0.0
21/04/2014 21:15:00,0.0
21/04/2014 21:30:00,0.0
21/04/2014 21:45:00,0.0
21/04/2014 22:00:00,0.0
21/04/2014 22:15:00,0.0
21/04/2014 22:30:00,0.0
21/04/2014 22:45:00,0.0
21/04/2014 23:00:00,0.0
21/04/2014 23:15:00,0.0
21/04/2014 23:30:00,0.0
21/04/2014 23:45:00,0.0
22/04/2014 00:00:00,0.0
22/04/2014 00:15:00,0.0
22/04/2014 00:30:00,0.0
22/04/2014 00:45:00,0.0
22/04/2014 01:00:00,0.0
22/04/2014 01:15:00,0.0
22/04/2014 01:30:00,0.0
22/04/2014 01:45:00,0.0
22/04/2014 02:00:00,0.0
22/04/2014 02:15:00,0.0
22/04/2014 02:30:00,0.0
22/04/2014 02:45:00,0.0
22/04/2014 03:00:00,0.0
22/04/2014 03:15:00,0.0
22/04/2014 03:30:00,0.0
22/04/2014 03:45:00,0.0
22/04/2014 04:00:00,0.0
22/04/2014 04:15:00,0.0
22/04/2014 04:30:00,0.0
22/04/2014 04:45:00,0.0
22/04/2014 05:00:00,0.0
22/04/2014 05:15:00,0.0
22/04/2014 05:30:00,0.0
22/04/2014 05:45:00,0.0
22/04/2014 06:00:00,0.0
22/04/2014 06:15:00,0.0
22/04/2014 06:30:00,0.0
22/04/2014 06:45:00,0.0
22/04/2014 07:00:00,0.0
22/04/2014 07:15:00,0.0
22/04/2014 07:30:00,0.0
22/04/2014 07:45:00,0.113266666667
22/04/2014 08:00:00,0.388666666667
22/04/2014 08:15:00,0.3618
22/04/2014 08:30:00,0.0
22/04/2014 08:45:00,0.0
22/04/2014 09:00:00,0.0
22/04/2014 09:15:00,0.0
22/04/2014 09:30:00,0.0
22/04/2014 09:45:00,0.0
22/04/2014 10:00:00,0.0
22/04/2014 10:15:00,0.0
22/04/2014 10:30:00,0.0
22/04/2014 10:45:00,0.0
22/04/2014 11:00:00,0.0
22/04/2014 11:15:00,0.0
22/04/2014 11:30:00,0.0
22/04/2014 11:45:00,0.0
22/04/2014 12:00:00,0.0
22/04/2014 12:15:00,0.0
22/04/2014 12:30:00,0.0
22/04/2014 12:45:00,0.0
22/04/2014 13:00:00,0.0
22/04/2014 13:15:00,0.0
22/04/2014 13:30:00,0.0
22/04/2014 13:45:00,0.0
22/04/2014 14:00:00,0.0
22/04/2014 14:15:00,0.0
22/04/2014 14:30:00,0.0
22/04/2014 14:45:00,0.0
22/04/2014 15:00:00,0.0
22/04/2014 15:15:00,0.0
22/04/2014 15:30:00,0.0
22/04/2014 15:45:00,0.0
22/04/2014 16:00:00,0.0
22/04/2014 16:15:00,0.0
22/04/2014 16:30:00,0.0
22/04/2014 16:45:00,0.0
22/04/2014 17:00:00,0.0
22/04/2014 17:15:00,0.0
22/04/2014 17:30:00,0.0
22/04/2014 17:45:00,0.0
22/04/2014 18:00:00,0.0
22/04/2014 18:15:00,0.0
22/04/2014 18:30:00,0.0
22/04/2014 18:45:00,0.0
22/04/2014 19:00:00,0.0
22/04/2014 19:15:00,0.0
22/04/2014 19:30:00,0.0
22/04/2014 19:45:00,0.0
22/04/2014 20:00:00,0.0
22/04/2014 20:15:00,0.0
22/04/2014 20:30:00,0.0
22/04/2014 20:45:00,0.0
22/04/2014 21:00:00,0.0
22/04/2014 21:15:00,0.0
22/04/2014 21:30:00,0.0
22/04/2014 21:45:00,0.0
22/04/2014 22:00:00,0.0
22/04/2014 22:15:00,0.0
22/04/2014 22:30:00,0.0
22/04/2014 22:45:00,0.0
22/04/2014 23:00:00,0.0
22/04/2014 23:15:00,0.0
22/04/2014 23:30:00,0.0
22/04/2014 23:45:00,0.0
23/04/2014 00:00:00,0.0
23/04/2014 00:15:00,0.0
23/04/2014 00:30:00,0.0
23/04/2014 00:45:00,0.0
23/04/2014 01:00:00,0.0
23/04/2014 01:15:00,0.0
23/04/2014 01:30:00,0.0
23/04/2014 01:45:00,0.0
23/04/2014 02:00:00,0.0
23/04/2014 02:15:00,0.0
23/04/2014 02:30:00,0.0
23/04/2014 02:45:00,0.0
23/04/2014 03:00:00,0.0
23/04/2014 03:15:00,0.0
23/04/2014 03:30:00,0.0
23/04/2014 03:45:00,0.0
23/04/2014 04:00:00,0.0
23/04/2014 04:15:00,0.0
23/04/2014 04:30:00,0.0
23/04/2014 04:45:00,0.0
23/04/2014 05:00:00,0.0
23/04/2014 05:15:00,0.0
23/04/2014 05:30:00,0.0
23/04/2014 05:45:00,0.0
23/04/2014 06:00:00,0.0
23/04/2014 06:15:00,0.0
23/04/2014 06:30:00,0.0
23/04/2014 06:45:00,0.0
23/04/2014 07:00:00,0.0
23/04/2014 07:15:00,0.0
23/04/2014 07:30:00,0.0
23/04/2014 07:45:00,0.0
23/04/2014 08:00:00,0.0
23/04/2014 08:15:00,0.0
23/04/2014 08:30:00,0.0
23/04/2014 08:45:00,0.0
23/04/2014 09:00:00,0.0
23/04/2014 09:15:00,0.0
23/04/2014 09:30:00,0.0
23/04/2014 09:45:00,0.0
23/04/2014 10:00:00,0.0
23/04/2014 10:15:00,0.0
23/04/2014 10:30:00,0.0
23/04/2014 10:45:00,0.0
23/04/2014 11:00:00,0.0
23/04/2014 11:15:00,0.0
23/04/2014 11:30:00,0.0
23/04/2014 11:45:00,0.0
23/04/2014 12:00:00,0.0
23/04/2014 12:15:00,0.0
23/04/2014 12:30:00,0.0
23/04/2014 12:45:00,0.0
23/04/2014 13:00:00,0.0
23/04/2014 13:15:00,0.0
23/04/2014 13:30:00,0.0
23/04/2014 13:45:00,0.0
23/04/2014 14:00:00,0.0
23/04/2014 14:15:00,0.0
23/04/2014 14:30:00,0.0
23/04/2014 14:45:00,0.0
23/04/2014 15:00:00,0.0
23/04/2014 15:15:00,0.0
23/04/2014 15:30:00,0.0
23/04/2014 15:45:00,0.0
23/04/2014 16:00:00,0.0
23/04/2014 16:15:00,0.0
23/04/2014 16:30:00,0.0
23/04/2014 16:45:00,0.0
23/04/2014 17:00:00,0.0
23/04/2014 17:15:00,0.0
23/04/2014 17:30:00,0.0
23/04/2014 17:45:00,0.0
23/04/2014 18:00:00,0.0
23/04/2014 18:15:00,0.0
23/04/2014 18:30:00,0.0
23/04/2014 18:45:00,0.0
23/04/2014 19:00:00,0.0
23/04/2014 19:15:00,0.0
23/04/2014 19:30:00,0.0
23/04/2014 19:45:00,0.0
23/04/2014 20:00:00,0.0
23/04/2014 20:15:00,0.0
23/04/2014 20:30:00,0.0
23/04/2014 20:45:00,0.0
23/04/2014 21:00:00,0.0
23/04/2014 21:15:00,0.0
23/04/2014 21:30:00,0.0
23/04/2014 21:45:00,0.0
23/04/2014 22:00:00,0.0
23/04/2014 22:15:00,0.0
23/04/2014 22:30:00,0.0
23/04/2014 22:45:00,0.0
23/04/2014 23:00:00,0.0
23/04/2014 23:15:00,0.0
23/04/2014 23:30:00,0.0
23/04/2014 23:45:00,0.0
24/04/2014 00:00:00,0.0
24/04/2014 00:15:00,0.0
24/04/2014 00:30:00,0.0
24/04/2014 00:45:00,0.0
24/04/2014 01:00:00,0.0
24/04/2014 01:15:00,0.0
24/04/2014 01:30:00,0.0
24/04/2014 01:45:00,0.0
24/04/2014 02:00:00,0.0
24/04/2014 02:15:00,0.0
24/04/2014 02:30:00,0.0
24/04/2014 02:45:00,0.0
24/04/2014 03:00:00,0.0
24/04/2014 03:15:00,0.0
24/04/2014 03:30:00,0.0
24/04/2014 03:45:00,0.0
24/04/2014 04:00:00,0.0
24/04/2014 04:15:00,0.0
24/04/2014 04:30:00,0.0
24/04/2014 04:45:00,0.0
24/04/2014 05:00:00,0.0
24/04/2014 05:15:00,0.0
24/04/2014 05:30:00,0.0
24/04/2014 05:45:00,0.0
24/04/2014 06:00:00,0.0
24/04/2014 06:15:00,0.0
24/04/2014 06:30:00,0.0
24/04/2014 06:45:00,0.0
24/04/2014 07:00:00,0.0
24/04/2014 07:15:00,0.0
24/04/2014 07:30:00,0.0
24/04/2014 07:45:00,0.0
24/04/2014 08:00:00,0.0
24/04/2014 08:15:00,0.0
24/04/2014 08:30:00,0.0
24/04/2014 08:45:00,0.0
24/04/2014 09:00:00,0.0
24/04/2014 09:15:00,0.0
24/04/2014 09:30:00,0.0
24/04/2014 09:45:00,0.0
24/04/2014 10:00:00,0.0
24/04/2014 10:15:00,0.0
24/04/2014 10:30:00,0.0
24/04/2014 10:45:00,0.0
24/04/2014 11:00:00,0.0
24/04/2014 11:15:00,0.0
24/04/2014 11:30:00,0.0
24/04/2014 11:45:00,0.0
24/04/2014 12:00:00,0.0
24/04/2014 12:15:00,0.0
24/04/2014 12:30:00,0.0
24/04/2014 12:45:00,0.0
24/04/2014 13:00:00,0.0
24/04/2014 13:15:00,0.0
24/04/2014 13:30:00,0.0
24/04/2014 13:45:00,0.0
24/04/2014 14:00:00,0.0
24/04/2014 14:15:00,0.0
24/04/2014 14:30:00,0.0
24/04/2014 14:45:00,0.0
24/04/2014 15:00:00,0.0
24/04/2014 15:15:00,0.0
24/04/2014 15:30:00,0.0
24/04/2014 15:45:00,0.0
24/04/2014 16:00:00,0.0
24/04/2014 16:15:00,0.0
24/04/2014 16:30:00,0.0
24/04/2014 16:45:00,0.0
24/04/2014 17:00:00,0.0
24/04/2014 17:15:00,0.0
24/04/2014 17:30:00,0.0
24/04/2014 17:45:00,0.0
24/04/2014 18:00:00,0.0
24/04/2014 18:15:00,0.0
24/04/2014 18:30:00,0.0
24/04/2014 18:45:00,0.0
24/04/2014 19:00:00,0.0
24/04/2014 19:15:00,0.0
24/04/2014 19:30:00,0.0
24/04/2014 19:45:00,0.0
24/04/2014 20:00:00,0.0
24/04/2014 20:15:00,0.0
24/04/2014 20:30:00,0.0
24/04/2014 20:45:00,0.0
24/04/2014 21:00:00,0.0
24/04/2014 21:15:00,0.0
24/04/2014 21:30:00,0.0
24/04/2014 21:45:00,0.0
24/04/2014 22:00:00,0.276066666667
24/04/2014 22:15:00,0.399933333333
24/04/2014 22:30:00,0.0842666666667
24/04/2014 22:45:00,0.0
24/04/2014 23:00:00,0.0
24/04/2014 23:15:00,0.0
24/04/2014 23:30:00,0.0
24/04/2014 23:45:00,0.0
25/04/2014 00:00:00,0.0
25/04/2014 00:15:00,0.0
25/04/2014 00:30:00,0.0
25/04/2014 00:45:00,0.0
25/04/2014 01:00:00,0.0
25/04/2014 01:15:00,0.0
25/04/2014 01:30:00,0.0
25/04/2014 01:45:00,0.0
25/04/2014 02:00:00,0.0
25/04/2014 02:15:00,0.0
25/04/2014 02:30:00,0.0
25/04/2014 02:45:00,0.0
25/04/2014 03:00:00,0.0
25/04/2014 03:15:00,0.0
25/04/2014 03:30:00,0.0
25/04/2014 03:45:00,0.0
25/04/2014 04:00:00,0.0
25/04/2014 04:15:00,0.0
25/04/2014 04:30:00,0.0
25/04/2014 04:45:00,0.0
25/04/2014 05:00:00,0.0
25/04/2014 05:15:00,0.0
25/04/2014 05:30:00,0.0
25/04/2014 05:45:00,0.0
25/04/2014 06:00:00,0.0
25/04/2014 06:15:00,0.0
25/04/2014 06:30:00,0.0
25/04/2014 06:45:00,0.0
25/04/2014 07:00:00,0.0
25/04/2014 07:15:00,0.0
25/04/2014 07:30:00,0.0
25/04/2014 07:45:00,0.0
25/04/2014 08:00:00,0.0
25/04/2014 08:15:00,0.0
25/04/2014 08:30:00,0.0
25/04/2014 08:45:00,0.0
25/04/2014 09:00:00,0.0
25/04/2014 09:15:00,0.0
25/04/2014 09:30:00,0.0
25/04/2014 09:45:00,0.0
25/04/2014 10:00:00,0.0
25/04/2014 10:15:00,0.0
25/04/2014 10:30:00,0.0
25/04/2014 10:45:00,0.0
25/04/2014 11:00:00,0.0
25/04/2014 11:15:00,0.0
25/04/2014 11:30:00,0.0
25/04/2014 11:45:00,0.0
25/04/2014 12:00:00,0.0
25/04/2014 12:15:00,0.0
25/04/2014 12:30:00,0.0
25/04/2014 12:45:00,0.0
25/04/2014 13:00:00,0.0
25/04/2014 13:15:00,0.0
25/04/2014 13:30:00,0.0
25/04/2014 13:45:00,0.0
25/04/2014 14:00:00,0.0
25/04/2014 14:15:00,0.0
25/04/2014 14:30:00,0.0
25/04/2014 14:45:00,0.0
25/04/2014 15:00:00,0.0
25/04/2014 15:15:00,0.0
25/04/2014 15:30:00,0.0
25/04/2014 15:45:00,0.0
25/04/2014 16:00:00,0.0
25/04/2014 16:15:00,0.0
25/04/2014 16:30:00,0.0
25/04/2014 16:45:00,0.0
25/04/2014 17:00:00,0.0
25/04/2014 17:15:00,0.0
25/04/2014 17:30:00,0.0
25/04/2014 17:45:00,0.0
25/04/2014 18:00:00,0.0
25/04/2014 18:15:00,0.0
25/04/2014 18:30:00,0.0
25/04/2014 18:45:00,0.0
25/04/2014 19:00:00,0.0
25/04/2014 19:15:00,0.0
25/04/2014 19:30:00,0.0
25/04/2014 19:45:00,0.0
25/04/2014 20:00:00,0.0
25/04/2014 20:15:00,0.0
25/04/2014 20:30:00,0.0
25/04/2014 20:45:00,0.0
25/04/2014 21:00:00,0.0
25/04/2014 21:15:00,0.0
25/04/2014 21:30:00,0.0
25/04/2014 21:45:00,0.0
25/04/2014 22:00:00,0.0
25/04/2014 22:15:00,0.0
25/04/2014 22:30:00,0.0
25/04/2014 22:45:00,0.0
25/04/2014 23:00:00,0.0
25/04/2014 23:15:00,0.0
25/04/2014 23:30:00,0.0
25/04/2014 23:45:00,0.0
26/04/2014 00:00:00,0.0
26/04/2014 00:15:00,0.0
26/04/2014 00:30:00,0.0
26/04/2014 00:45:00,0.0
26/04/2014 01:00:00,0.0
26/04/2014 01:15:00,0.0
26/04/2014 01:30:00,0.0
26/04/2014 01:45:00,0.0
26/04/2014 02:00:00,0.0
26/04/2014 02:15:00,0.0
26/04/2014 02:30:00,0.0
26/04/2014 02:45:00,0.0
26/04/2014 03:00:00,0.0
26/04/2014 03:15:00,0.0
26/04/2014 03:30:00,0.0
26/04/2014 03:45:00,0.0
26/04/2014 04:00:00,0.0
26/04/2014 04:15:00,0.0
26/04/2014 04:30:00,0.0
26/04/2014 04:45:00,0.0
26/04/2014 05:00:00,0.0
26/04/2014 05:15:00,0.0
26/04/2014 05:30:00,0.0
26/04/2014 05:45:00,0.0
26/04/2014 06:00:00,0.0
26/04/2014 06:15:00,0.0
26/04/2014 06:30:00,0.0
26/04/2014 06:45:00,0.0
26/04/2014 07:00:00,0.0
26/04/2014 07:15:00,0.0
26/04/2014 07:30:00,0.0
26/04/2014 07:45:00,0.0
26/04/2014 08:00:00,0.0
26/04/2014 08:15:00,0.0
26/04/2014 08:30:00,0.0
26/04/2014 08:45:00,0.0
26/04/2014 09:00:00,0.0
26/04/2014 09:15:00,0.0
26/04/2014 09:30:00,0.0
26/04/2014 09:45:00,0.0
26/04/2014 10:00:00,0.0
26/04/2014 10:15:00,0.0
26/04/2014 10:30:00,0.0
26/04/2014 10:45:00,0.0
26/04/2014 11:00:00,0.0
26/04/2014 11:15:00,0.0
26/04/2014 11:30:00,0.0
26/04/2014 11:45:00,0.0
26/04/2014 12:00:00,0.0
26/04/2014 12:15:00,0.0
26/04/2014 12:30:00,0.0
26/04/2014 12:45:00,0.0
26/04/2014 13:00:00,0.0
26/04/2014 13:15:00,0.0
26/04/2014 13:30:00,0.0
26/04/2014 13:45:00,0.0
26/04/2014 14:00:00,0.0
26/04/2014 14:15:00,0.0
26/04/2014 14:30:00,0.0
26/04/2014 14:45:00,0.0
26/04/2014 15:00:00,0.0
26/04/2014 15:15:00,0.0
26/04/2014 15:30:00,0.0
26/04/2014 15:45:00,0.0
26/04/2014 16:00:00,0.0
26/04/2014 16:15:00,0.0
26/04/2014 16:30:00,0.0
26/04/2014 16:45:00,0.0
26/04/2014 17:00:00,0.0
26/04/2014 17:15:00,0.0
26/04/2014 17:30:00,0.0
26/04/2014 17:45:00,0.0
26/04/2014 18:00:00,0.0
26/04/2014 18:15:00,0.0
26/04/2014 18:30:00,0.0
26/04/2014 18:45:00,0.0
26/04/2014 19:00:00,0.0
26/04/2014 19:15:00,0.0
26/04/2014 19:30:00,0.0
26/04/2014 19:45:00,0.0
26/04/2014 20:00:00,0.0
26/04/2014 20:15:00,0.0
26/04/2014 20:30:00,0.0
26/04/2014 20:45:00,0.0
26/04/2014 21:00:00,0.0
26/04/2014 21:15:00,0.0
26/04/2014 21:30:00,0.0
26/04/2014 21:45:00,0.0
26/04/2014 22:00:00,0.0
26/04/2014 22:15:00,0.0
26/04/2014 22:30:00,0.0
26/04/2014 22:45:00,0.0
26/04/2014 23:00:00,0.0
26/04/2014 23:15:00,0.0
26/04/2014 23:30:00,0.0
26/04/2014 23:45:00,0.0
27/04/2014 00:00:00,0.0
27/04/2014 00:15:00,0.0
27/04/2014 00:30:00,0.0
27/04/2014 00:45:00,0.0
27/04/2014 01:00:00,0.0
27/04/2014 01:15:00,0.0
27/04/2014 01:30:00,0.0
27/04/2014 01:45:00,0.0
27/04/2014 02:00:00,0.0
27/04/2014 02:15:00,0.0
27/04/2014 02:30:00,0.0
27/04/2014 02:45:00,0.0
27/04/2014 03:00:00,0.0
27/04/2014 03:15:00,0.0
27/04/2014 03:30:00,0.0
27/04/2014 03:45:00,0.0
27/04/2014 04:00:00,0.0
27/04/2014 04:15:00,0.0
27/04/2014 04:30:00,0.0
27/04/2014 04:45:00,0.0
27/04/2014 05:00:00,0.0
27/04/2014 05:15:00,0.0
27/04/2014 05:30:00,0.0
27/04/2014 05:45:00,0.0
27/04/2014 06:00:00,0.0
27/04/2014 06:15:00,0.0
27/04/2014 06:30:00,0.0
27/04/2014 06:45:00,0.0
27/04/2014 07:00:00,0.0
27/04/2014 07:15:00,0.0
27/04/2014 07:30:00,0.0
27/04/2014 07:45:00,0.0
27/04/2014 08:00:00,0.0
27/04/2014 08:15:00,0.0
27/04/2014 08:30:00,0.173733333333
27/04/2014 08:45:00,0.396133333333
27/04/2014 09:00:00,0.359866666667
27/04/2014 09:15:00,0.0
27/04/2014 09:30:00,0.0
27/04/2014 09:45:00,0.0
27/04/2014 10:00:00,0.0
27/04/2014 10:15:00,0.0908
27/04/2014 10:30:00,0.366933333333
27/04/2014 10:45:00,0.424666666667
27/04/2014 11:00:00,0.0
27/04/2014 11:15:00,0.0
27/04/2014 11:30:00,0.0
27/04/2014 11:45:00,0.0
27/04/2014 12:00:00,0.0
27/04/2014 12:15:00,0.0
27/04/2014 12:30:00,0.0
27/04/2014 12:45:00,0.0
27/04/2014 13:00:00,0.0
27/04/2014 13:15:00,0.0
27/04/2014 13:30:00,0.0
27/04/2014 13:45:00,0.0
27/04/2014 14:00:00,0.0
27/04/2014 14:15:00,0.0
27/04/2014 14:30:00,0.0
27/04/2014 14:45:00,0.0
27/04/2014 15:00:00,0.0
27/04/2014 15:15:00,0.0
27/04/2014 15:30:00,0.0
27/04/2014 15:45:00,0.0
27/04/2014 16:00:00,0.0
27/04/2014 16:15:00,0.0
27/04/2014 16:30:00,0.0
27/04/2014 16:45:00,0.0
27/04/2014 17:00:00,0.0
27/04/2014 17:15:00,0.0
27/04/2014 17:30:00,0.0
27/04/2014 17:45:00,0.0
27/04/2014 18:00:00,0.0
27/04/2014 18:15:00,0.0
27/04/2014 18:30:00,0.0
27/04/2014 18:45:00,0.264333333333
27/04/2014 19:00:00,0.359933333333
27/04/2014 19:15:00,0.140466666667
27/04/2014 19:30:00,0.0
27/04/2014 19:45:00,0.2234
27/04/2014 20:00:00,0.360466666667
27/04/2014 20:15:00,0.353066666667
27/04/2014 20:30:00,0.0
27/04/2014 20:45:00,0.260866666667
27/04/2014 21:00:00,0.376333333333
27/04/2014 21:15:00,0.261533333333
27/04/2014 21:30:00,0.0
27/04/2014 21:45:00,0.0
27/04/2014 22:00:00,0.0
27/04/2014 22:15:00,0.0
27/04/2014 22:30:00,0.0
27/04/2014 22:45:00,0.0
27/04/2014 23:00:00,0.0
27/04/2014 23:15:00,0.0
27/04/2014 23:30:00,0.0
27/04/2014 23:45:00,0.0
28/04/2014 00:00:00,0.0
28/04/2014 00:15:00,0.0
28/04/2014 00:30:00,0.0
28/04/2014 00:45:00,0.0
28/04/2014 01:00:00,0.0
28/04/2014 01:15:00,0.0
28/04/2014 01:30:00,0.0
28/04/2014 01:45:00,0.0
28/04/2014 02:00:00,0.0
28/04/2014 02:15:00,0.0
28/04/2014 02:30:00,0.0
28/04/2014 02:45:00,0.0
28/04/2014 03:00:00,0.0
28/04/2014 03:15:00,0.0
28/04/2014 03:30:00,0.0
28/04/2014 03:45:00,0.0
28/04/2014 04:00:00,0.0
28/04/2014 04:15:00,0.0
28/04/2014 04:30:00,0.0
28/04/2014 04:45:00,0.0
28/04/2014 05:00:00,0.0
28/04/2014 05:15:00,0.0
28/04/2014 05:30:00,0.0
28/04/2014 05:45:00,0.0
28/04/2014 06:00:00,0.0
28/04/2014 06:15:00,0.0
28/04/2014 06:30:00,0.0
28/04/2014 06:45:00,0.0
28/04/2014 07:00:00,0.0
28/04/2014 07:15:00,0.0
28/04/2014 07:30:00,0.0
28/04/2014 07:45:00,0.0
28/04/2014 08:00:00,0.0
28/04/2014 08:15:00,0.0
28/04/2014 08:30:00,0.0
28/04/2014 08:45:00,0.0
28/04/2014 09:00:00,0.0
28/04/2014 09:15:00,0.0
28/04/2014 09:30:00,0.0
28/04/2014 09:45:00,0.0
28/04/2014 10:00:00,0.0
28/04/2014 10:15:00,0.0
28/04/2014 10:30:00,0.0
28/04/2014 10:45:00,0.0
28/04/2014 11:00:00,0.0
28/04/2014 11:15:00,0.0
28/04/2014 11:30:00,0.0
28/04/2014 11:45:00,0.0
28/04/2014 12:00:00,0.0
28/04/2014 12:15:00,0.0
28/04/2014 12:30:00,0.0
28/04/2014 12:45:00,0.0
28/04/2014 13:00:00,0.0
28/04/2014 13:15:00,0.0
28/04/2014 13:30:00,0.0
28/04/2014 13:45:00,0.0
28/04/2014 14:00:00,0.0
28/04/2014 14:15:00,0.0
28/04/2014 14:30:00,0.0
28/04/2014 14:45:00,0.0
28/04/2014 15:00:00,0.0
28/04/2014 15:15:00,0.0
28/04/2014 15:30:00,0.0
28/04/2014 15:45:00,0.0
28/04/2014 16:00:00,0.0
28/04/2014 16:15:00,0.0
28/04/2014 16:30:00,0.0
28/04/2014 16:45:00,0.0
28/04/2014 17:00:00,0.0
28/04/2014 17:15:00,0.0
28/04/2014 17:30:00,0.0
28/04/2014 17:45:00,0.0
28/04/2014 18:00:00,0.0
28/04/2014 18:15:00,0.0
28/04/2014 18:30:00,0.0
28/04/2014 18:45:00,0.0
28/04/2014 19:00:00,0.0
28/04/2014 19:15:00,0.0
28/04/2014 19:30:00,0.0
28/04/2014 19:45:00,0.0
28/04/2014 20:00:00,0.0
28/04/2014 20:15:00,0.0
28/04/2014 20:30:00,0.0
28/04/2014 20:45:00,0.0
28/04/2014 21:00:00,0.0
28/04/2014 21:15:00,0.0
28/04/2014 21:30:00,0.0
28/04/2014 21:45:00,0.0
28/04/2014 22:00:00,0.0
28/04/2014 22:15:00,0.0
28/04/2014 22:30:00,0.0
28/04/2014 22:45:00,0.0
28/04/2014 23:00:00,0.0
28/04/2014 23:15:00,0.0
28/04/2014 23:30:00,0.0
28/04/2014 23:45:00,0.0
29/04/2014 00:00:00,0.0
29/04/2014 00:15:00,0.0
29/04/2014 00:30:00,0.0
29/04/2014 00:45:00,0.0
29/04/2014 01:00:00,0.0
29/04/2014 01:15:00,0.0
29/04/2014 01:30:00,0.0
29/04/2014 01:45:00,0.0
29/04/2014 02:00:00,0.0
29/04/2014 02:15:00,0.0
29/04/2014 02:30:00,0.0
29/04/2014 02:45:00,0.0
29/04/2014 03:00:00,0.0
29/04/2014 03:15:00,0.0
29/04/2014 03:30:00,0.0
29/04/2014 03:45:00,0.0
29/04/2014 04:00:00,0.0
29/04/2014 04:15:00,0.0
29/04/2014 04:30:00,0.0
29/04/2014 04:45:00,0.0
29/04/2014 05:00:00,0.0
29/04/2014 05:15:00,0.0
29/04/2014 05:30:00,0.0
29/04/2014 05:45:00,0.0
29/04/2014 06:00:00,0.0
29/04/2014 06:15:00,0.0
29/04/2014 06:30:00,0.0
29/04/2014 06:45:00,0.0
29/04/2014 07:00:00,0.0
29/04/2014 07:15:00,0.0
29/04/2014 07:30:00,0.0
29/04/2014 07:45:00,0.0
29/04/2014 08:00:00,0.0
29/04/2014 08:15:00,0.0
29/04/2014 08:30:00,0.0
29/04/2014 08:45:00,0.0
29/04/2014 09:00:00,0.0
29/04/2014 09:15:00,0.0
29/04/2014 09:30:00,0.0
29/04/2014 09:45:00,0.0
29/04/2014 10:00:00,0.0
29/04/2014 10:15:00,0.0
29/04/2014 10:30:00,0.0
29/04/2014 10:45:00,0.0
29/04/2014 11:00:00,0.0
29/04/2014 11:15:00,0.0
29/04/2014 11:30:00,0.0
29/04/2014 11:45:00,0.0
29/04/2014 12:00:00,0.0
29/04/2014 12:15:00,0.0
29/04/2014 12:30:00,0.0
29/04/2014 12:45:00,0.0
29/04/2014 13:00:00,0.0
29/04/2014 13:15:00,0.0
29/04/2014 13:30:00,0.0
29/04/2014 13:45:00,0.0
29/04/2014 14:00:00,0.0
29/04/2014 14:15:00,0.0
29/04/2014 14:30:00,0.0
29/04/2014 14:45:00,0.0
29/04/2014 15:00:00,0.0
29/04/2014 15:15:00,0.0
29/04/2014 15:30:00,0.0
29/04/2014 15:45:00,0.0
29/04/2014 16:00:00,0.0
29/04/2014 16:15:00,0.0
29/04/2014 16:30:00,0.0
29/04/2014 16:45:00,0.0
29/04/2014 17:00:00,0.0
29/04/2014 17:15:00,0.0
29/04/2014 17:30:00,0.0
29/04/2014 17:45:00,0.0
29/04/2014 18:00:00,0.0
29/04/2014 18:15:00,0.0
29/04/2014 18:30:00,0.0
29/04/2014 18:45:00,0.0
29/04/2014 19:00:00,0.0
29/04/2014 19:15:00,0.0
29/04/2014 19:30:00,0.0
29/04/2014 19:45:00,0.0
29/04/2014 20:00:00,0.0
29/04/2014 20:15:00,0.0
29/04/2014 20:30:00,0.0
29/04/2014 20:45:00,0.0
29/04/2014 21:00:00,0.0
29/04/2014 21:15:00,0.0
29/04/2014 21:30:00,0.0
29/04/2014 21:45:00,0.0
29/04/2014 22:00:00,0.0
29/04/2014 22:15:00,0.0
29/04/2014 22:30:00,0.0
29/04/2014 22:45:00,0.0
29/04/2014 23:00:00,0.0
29/04/2014 23:15:00,0.0
29/04/2014 23:30:00,0.0
29/04/2014 23:45:00,0.0
30/04/2014 00:00:00,0.0
30/04/2014 00:15:00,0.0
30/04/2014 00:30:00,0.0
30/04/2014 00:45:00,0.0
30/04/2014 01:00:00,0.0
30/04/2014 01:15:00,0.0
30/04/2014 01:30:00,0.0
30/04/2014 01:45:00,0.0
30/04/2014 02:00:00,0.0
30/04/2014 02:15:00,0.0
30/04/2014 02:30:00,0.0
30/04/2014 02:45:00,0.0
30/04/2014 03:00:00,0.0
30/04/2014 03:15:00,0.0
30/04/2014 03:30:00,0.0
30/04/2014 03:45:00,0.0
30/04/2014 04:00:00,0.0
30/04/2014 04:15:00,0.0
30/04/2014 04:30:00,0.0
30/04/2014 04:45:00,0.0
30/04/2014 05:00:00,0.0
30/04/2014 05:15:00,0.0
30/04/2014 05:30:00,0.0
30/04/2014 05:45:00,0.0
30/04/2014 06:00:00,0.0
30/04/2014 06:15:00,0.0
30/04/2014 06:30:00,0.0
30/04/2014 06:45:00,0.0
30/04/2014 07:00:00,0.0
30/04/2014 07:15:00,0.0
30/04/2014 07:30:00,0.0
30/04/2014 07:45:00,0.0
30/04/2014 08:00:00,0.0
30/04/2014 08:15:00,0.0
30/04/2014 08:30:00,0.0
30/04/2014 08:45:00,0.0
30/04/2014 09:00:00,0.0
30/04/2014 09:15:00,0.0
30/04/2014 09:30:00,0.0
30/04/2014 09:45:00,0.0
30/04/2014 10:00:00,0.0
30/04/2014 10:15:00,0.0
30/04/2014 10:30:00,0.0
30/04/2014 10:45:00,0.0
30/04/2014 11:00:00,0.0
30/04/2014 11:15:00,0.134666666667
30/04/2014 11:30:00,0.498733333333
30/04/2014 11:45:00,0.111533333333
30/04/2014 12:00:00,0.0
30/04/2014 12:15:00,0.0
30/04/2014 12:30:00,0.0
30/04/2014 12:45:00,0.0
30/04/2014 13:00:00,0.0
30/04/2014 13:15:00,0.0
30/04/2014 13:30:00,0.0
30/04/2014 13:45:00,0.0
30/04/2014 14:00:00,0.0
30/04/2014 14:15:00,0.0
30/04/2014 14:30:00,0.0
30/04/2014 14:45:00,0.0
30/04/2014 15:00:00,0.0
30/04/2014 15:15:00,0.0
30/04/2014 15:30:00,0.0
30/04/2014 15:45:00,0.0
30/04/2014 16:00:00,0.0
30/04/2014 16:15:00,0.0
30/04/2014 16:30:00,0.0
30/04/2014 16:45:00,0.0
30/04/2014 17:00:00,0.0
30/04/2014 17:15:00,0.0
30/04/2014 17:30:00,0.0
30/04/2014 17:45:00,0.0
30/04/2014 18:00:00,0.0
30/04/2014 18:15:00,0.0
30/04/2014 18:30:00,0.0
30/04/2014 18:45:00,0.0
30/04/2014 19:00:00,0.0
30/04/2014 19:15:00,0.0
30/04/2014 19:30:00,0.0
30/04/2014 19:45:00,0.0
30/04/2014 20:00:00,0.0
30/04/2014 20:15:00,0.0
30/04/2014 20:30:00,0.0
30/04/2014 20:45:00,0.0
30/04/2014 21:00:00,0.0
30/04/2014 21:15:00,0.0
30/04/2014 21:30:00,0.0
30/04/2014 21:45:00,0.0
30/04/2014 22:00:00,0.0
30/04/2014 22:15:00,0.0
30/04/2014 22:30:00,0.0
30/04/2014 22:45:00,0.0
30/04/2014 23:00:00,0.0
30/04/2014 23:15:00,0.0
30/04/2014 23:30:00,0.0
30/04/2014 23:45:00,0.0
01/05/2014 00:00:00,0.0
01/05/2014 00:15:00,0.0
01/05/2014 00:30:00,0.0
01/05/2014 00:45:00,0.0
01/05/2014 01:00:00,0.0
01/05/2014 01:15:00,0.0
01/05/2014 01:30:00,0.0
01/05/2014 01:45:00,0.0
01/05/2014 02:00:00,0.0
01/05/2014 02:15:00,0.0
01/05/2014 02:30:00,0.0
01/05/2014 02:45:00,0.0
01/05/2014 03:00:00,0.0
01/05/2014 03:15:00,0.0
01/05/2014 03:30:00,0.0
01/05/2014 03:45:00,0.0
01/05/2014 04:00:00,0.0
01/05/2014 04:15:00,0.0
01/05/2014 04:30:00,0.0
01/05/2014 04:45:00,0.0
01/05/2014 05:00:00,0.0
01/05/2014 05:15:00,0.0
01/05/2014 05:30:00,0.0
01/05/2014 05:45:00,0.0
01/05/2014 06:00:00,0.0
01/05/2014 06:15:00,0.0
01/05/2014 06:30:00,0.0
01/05/2014 06:45:00,0.0
01/05/2014 07:00:00,0.0
01/05/2014 07:15:00,0.0
01/05/2014 07:30:00,0.0
01/05/2014 07:45:00,0.0
01/05/2014 08:00:00,0.0
01/05/2014 08:15:00,0.0
01/05/2014 08:30:00,0.0
01/05/2014 08:45:00,0.0
01/05/2014 09:00:00,0.0
01/05/2014 09:15:00,0.0
01/05/2014 09:30:00,0.0
01/05/2014 09:45:00,0.0
01/05/2014 10:00:00,0.0
01/05/2014 10:15:00,0.0
01/05/2014 10:30:00,0.0
01/05/2014 10:45:00,0.0
01/05/2014 11:00:00,0.0
01/05/2014 11:15:00,0.0
01/05/2014 11:30:00,0.0
01/05/2014 11:45:00,0.0
01/05/2014 12:00:00,0.0
01/05/2014 12:15:00,0.0
01/05/2014 12:30:00,0.0
01/05/2014 12:45:00,0.0
01/05/2014 13:00:00,0.0
01/05/2014 13:15:00,0.0
01/05/2014 13:30:00,0.0
01/05/2014 13:45:00,0.0
01/05/2014 14:00:00,0.0
01/05/2014 14:15:00,0.0
01/05/2014 14:30:00,0.0
01/05/2014 14:45:00,0.0
01/05/2014 15:00:00,0.0
01/05/2014 15:15:00,0.0
01/05/2014 15:30:00,0.0
01/05/2014 15:45:00,0.0
01/05/2014 16:00:00,0.0
01/05/2014 16:15:00,0.0
01/05/2014 16:30:00,0.0
01/05/2014 16:45:00,0.0
01/05/2014 17:00:00,0.0
01/05/2014 17:15:00,0.0
01/05/2014 17:30:00,0.0
01/05/2014 17:45:00,0.0
01/05/2014 18:00:00,0.0
01/05/2014 18:15:00,0.0
01/05/2014 18:30:00,0.0
01/05/2014 18:45:00,0.0
01/05/2014 19:00:00,0.0
01/05/2014 19:15:00,0.0
01/05/2014 19:30:00,0.0
01/05/2014 19:45:00,0.0
01/05/2014 20:00:00,0.0
01/05/2014 20:15:00,0.0
01/05/2014 20:30:00,0.0
01/05/2014 20:45:00,0.0
01/05/2014 21:00:00,0.0
01/05/2014 21:15:00,0.0
01/05/2014 21:30:00,0.0
01/05/2014 21:45:00,0.0
01/05/2014 22:00:00,0.0
01/05/2014 22:15:00,0.0
01/05/2014 22:30:00,0.0
01/05/2014 22:45:00,0.0
01/05/2014 23:00:00,0.0
01/05/2014 23:15:00,0.0
01/05/2014 23:30:00,0.0
01/05/2014 23:45:00,0.0
02/05/2014 00:00:00,0.0
02/05/2014 00:15:00,0.0
02/05/2014 00:30:00,0.0
02/05/2014 00:45:00,0.0
02/05/2014 01:00:00,0.0
02/05/2014 01:15:00,0.0
02/05/2014 01:30:00,0.0
02/05/2014 01:45:00,0.0
02/05/2014 02:00:00,0.0
02/05/2014 02:15:00,0.0
02/05/2014 02:30:00,0.0
02/05/2014 02:45:00,0.0
02/05/2014 03:00:00,0.0
02/05/2014 03:15:00,0.0
02/05/2014 03:30:00,0.0
02/05/2014 03:45:00,0.0
02/05/2014 04:00:00,0.0
02/05/2014 04:15:00,0.0
02/05/2014 04:30:00,0.0
02/05/2014 04:45:00,0.0
02/05/2014 05:00:00,0.0
02/05/2014 05:15:00,0.0
02/05/2014 05:30:00,0.0
02/05/2014 05:45:00,0.0
02/05/2014 06:00:00,0.0
02/05/2014 06:15:00,0.0
02/05/2014 06:30:00,0.117266666667
02/05/2014 06:45:00,0.4466
02/05/2014 07:00:00,0.323133333333
02/05/2014 07:15:00,0.0008
02/05/2014 07:30:00,0.290333333333
02/05/2014 07:45:00,0.425133333333
02/05/2014 08:00:00,0.2222
02/05/2014 08:15:00,0.0
02/05/2014 08:30:00,0.0
02/05/2014 08:45:00,0.0
02/05/2014 09:00:00,0.0
02/05/2014 09:15:00,0.0
02/05/2014 09:30:00,0.0
02/05/2014 09:45:00,0.0
02/05/2014 10:00:00,0.0
02/05/2014 10:15:00,0.0
02/05/2014 10:30:00,0.0
02/05/2014 10:45:00,0.0
02/05/2014 11:00:00,0.0
02/05/2014 11:15:00,0.0
02/05/2014 11:30:00,0.0
02/05/2014 11:45:00,0.0
02/05/2014 12:00:00,0.0
02/05/2014 12:15:00,0.0
02/05/2014 12:30:00,0.0
02/05/2014 12:45:00,0.0
02/05/2014 13:00:00,0.0
02/05/2014 13:15:00,0.0
02/05/2014 13:30:00,0.0
02/05/2014 13:45:00,0.0
02/05/2014 14:00:00,0.0
02/05/2014 14:15:00,0.0
02/05/2014 14:30:00,0.0
02/05/2014 14:45:00,0.0
02/05/2014 15:00:00,0.0
02/05/2014 15:15:00,0.0
02/05/2014 15:30:00,0.0
02/05/2014 15:45:00,0.0
02/05/2014 16:00:00,0.0
02/05/2014 16:15:00,0.0
02/05/2014 16:30:00,0.0
02/05/2014 16:45:00,0.0
02/05/2014 17:00:00,0.0
02/05/2014 17:15:00,0.0
02/05/2014 17:30:00,0.0
02/05/2014 17:45:00,0.0
02/05/2014 18:00:00,0.0
02/05/2014 18:15:00,0.0
02/05/2014 18:30:00,0.0
02/05/2014 18:45:00,0.0
02/05/2014 19:00:00,0.0
02/05/2014 19:15:00,0.0
02/05/2014 19:30:00,0.0
02/05/2014 19:45:00,0.0
02/05/2014 20:00:00,0.0
02/05/2014 20:15:00,0.0
02/05/2014 20:30:00,0.0
02/05/2014 20:45:00,0.0
02/05/2014 21:00:00,0.0
02/05/2014 21:15:00,0.0
02/05/2014 21:30:00,0.0
02/05/2014 21:45:00,0.0
02/05/2014 22:00:00,0.0
02/05/2014 22:15:00,0.0
02/05/2014 22:30:00,0.0
02/05/2014 22:45:00,0.0
02/05/2014 23:00:00,0.0
02/05/2014 23:15:00,0.0
02/05/2014 23:30:00,0.0
02/05/2014 23:45:00,0.0
03/05/2014 00:00:00,0.0
03/05/2014 00:15:00,0.0
03/05/2014 00:30:00,0.0
03/05/2014 00:45:00,0.0
03/05/2014 01:00:00,0.0
03/05/2014 01:15:00,0.0
03/05/2014 01:30:00,0.0
03/05/2014 01:45:00,0.0
03/05/2014 02:00:00,0.0
03/05/2014 02:15:00,0.0
03/05/2014 02:30:00,0.0
03/05/2014 02:45:00,0.0
03/05/2014 03:00:00,0.0
03/05/2014 03:15:00,0.0
03/05/2014 03:30:00,0.0
03/05/2014 03:45:00,0.0
03/05/2014 04:00:00,0.0
03/05/2014 04:15:00,0.0
03/05/2014 04:30:00,0.0
03/05/2014 04:45:00,0.0
03/05/2014 05:00:00,0.0
03/05/2014 05:15:00,0.0
03/05/2014 05:30:00,0.0
03/05/2014 05:45:00,0.0
03/05/2014 06:00:00,0.0
03/05/2014 06:15:00,0.0
03/05/2014 06:30:00,0.0
03/05/2014 06:45:00,0.0
03/05/2014 07:00:00,0.0
03/05/2014 07:15:00,0.0
03/05/2014 07:30:00,0.0
03/05/2014 07:45:00,0.0
03/05/2014 08:00:00,0.0
03/05/2014 08:15:00,0.0
03/05/2014 08:30:00,0.0
03/05/2014 08:45:00,0.0
03/05/2014 09:00:00,0.0
03/05/2014 09:15:00,0.0
03/05/2014 09:30:00,0.0
03/05/2014 09:45:00,0.0
03/05/2014 10:00:00,0.0
03/05/2014 10:15:00,0.0
03/05/2014 10:30:00,0.0
03/05/2014 10:45:00,0.0
03/05/2014 11:00:00,0.0
03/05/2014 11:15:00,0.0
03/05/2014 11:30:00,0.0
03/05/2014 11:45:00,0.0
03/05/2014 12:00:00,0.0
03/05/2014 12:15:00,0.0
03/05/2014 12:30:00,0.0
03/05/2014 12:45:00,0.0
03/05/2014 13:00:00,0.0
03/05/2014 13:15:00,0.0
03/05/2014 13:30:00,0.0
03/05/2014 13:45:00,0.0
03/05/2014 14:00:00,0.0
03/05/2014 14:15:00,0.0
03/05/2014 14:30:00,0.0
03/05/2014 14:45:00,0.0
03/05/2014 15:00:00,0.0
03/05/2014 15:15:00,0.0
03/05/2014 15:30:00,0.0
03/05/2014 15:45:00,0.0
03/05/2014 16:00:00,0.0
03/05/2014 16:15:00,0.0
03/05/2014 16:30:00,0.00133333333333
03/05/2014 16:45:00,0.407333333333
03/05/2014 17:00:00,0.498933333333
03/05/2014 17:15:00,0.148866666667
03/05/2014 17:30:00,0.383533333333
03/05/2014 17:45:00,0.372733333333
03/05/2014 18:00:00,0.0
03/05/2014 18:15:00,0.0
03/05/2014 18:30:00,0.0
03/05/2014 18:45:00,0.0
03/05/2014 19:00:00,0.0
03/05/2014 19:15:00,0.0
03/05/2014 19:30:00,0.0
03/05/2014 19:45:00,0.0
03/05/2014 20:00:00,0.0
03/05/2014 20:15:00,0.0
03/05/2014 20:30:00,0.0
03/05/2014 20:45:00,0.0
03/05/2014 21:00:00,0.0
03/05/2014 21:15:00,0.0
03/05/2014 21:30:00,0.0
03/05/2014 21:45:00,0.0
03/05/2014 22:00:00,0.0
03/05/2014 22:15:00,0.0
03/05/2014 22:30:00,0.0
03/05/2014 22:45:00,0.0
03/05/2014 23:00:00,0.0
03/05/2014 23:15:00,0.0
03/05/2014 23:30:00,0.0
03/05/2014 23:45:00,0.0
04/05/2014 00:00:00,0.0
04/05/2014 00:15:00,0.0
04/05/2014 00:30:00,0.0
04/05/2014 00:45:00,0.0
04/05/2014 01:00:00,0.0
04/05/2014 01:15:00,0.0
04/05/2014 01:30:00,0.0
04/05/2014 01:45:00,0.0
04/05/2014 02:00:00,0.0
04/05/2014 02:15:00,0.0
04/05/2014 02:30:00,0.0
04/05/2014 02:45:00,0.0
04/05/2014 03:00:00,0.0
04/05/2014 03:15:00,0.0
04/05/2014 03:30:00,0.0
04/05/2014 03:45:00,0.0
04/05/2014 04:00:00,0.0
04/05/2014 04:15:00,0.0
04/05/2014 04:30:00,0.0
04/05/2014 04:45:00,0.0
04/05/2014 05:00:00,0.0
04/05/2014 05:15:00,0.0
04/05/2014 05:30:00,0.0
04/05/2014 05:45:00,0.0
04/05/2014 06:00:00,0.0
04/05/2014 06:15:00,0.0
04/05/2014 06:30:00,0.0
04/05/2014 06:45:00,0.0
04/05/2014 07:00:00,0.0
04/05/2014 07:15:00,0.0
04/05/2014 07:30:00,0.0
04/05/2014 07:45:00,0.0
04/05/2014 08:00:00,0.0
04/05/2014 08:15:00,0.0
04/05/2014 08:30:00,0.0
04/05/2014 08:45:00,0.0
04/05/2014 09:00:00,0.0
04/05/2014 09:15:00,0.0
04/05/2014 09:30:00,0.0
04/05/2014 09:45:00,0.0
04/05/2014 10:00:00,0.0
04/05/2014 10:15:00,0.0
04/05/2014 10:30:00,0.0
04/05/2014 10:45:00,0.0
04/05/2014 11:00:00,0.0
04/05/2014 11:15:00,0.0
04/05/2014 11:30:00,0.0
04/05/2014 11:45:00,0.0
04/05/2014 12:00:00,0.0
04/05/2014 12:15:00,0.0
04/05/2014 12:30:00,0.0
04/05/2014 12:45:00,0.0
04/05/2014 13:00:00,0.0
04/05/2014 13:15:00,0.0
04/05/2014 13:30:00,0.0
04/05/2014 13:45:00,0.0
04/05/2014 14:00:00,0.0
04/05/2014 14:15:00,0.0
04/05/2014 14:30:00,0.0
04/05/2014 14:45:00,0.0
04/05/2014 15:00:00,0.0
04/05/2014 15:15:00,0.0
04/05/2014 15:30:00,0.0
04/05/2014 15:45:00,0.0
04/05/2014 16:00:00,0.0
04/05/2014 16:15:00,0.0
04/05/2014 16:30:00,0.0
04/05/2014 16:45:00,0.0
04/05/2014 17:00:00,0.0
04/05/2014 17:15:00,0.0
04/05/2014 17:30:00,0.0
04/05/2014 17:45:00,0.0
04/05/2014 18:00:00,0.0
04/05/2014 18:15:00,0.3176
04/05/2014 18:30:00,0.508666666667
04/05/2014 18:45:00,0.184733333333
04/05/2014 19:00:00,0.0
04/05/2014 19:15:00,0.0
04/05/2014 19:30:00,0.0
04/05/2014 19:45:00,0.0
04/05/2014 20:00:00,0.0
04/05/2014 20:15:00,0.0
04/05/2014 20:30:00,0.0
04/05/2014 20:45:00,0.217133333333
04/05/2014 21:00:00,0.4518
04/05/2014 21:15:00,0.1564
04/05/2014 21:30:00,0.0
04/05/2014 21:45:00,0.226266666667
04/05/2014 22:00:00,0.456
04/05/2014 22:15:00,0.1768
04/05/2014 22:30:00,0.0
04/05/2014 22:45:00,0.0
04/05/2014 23:00:00,0.0
04/05/2014 23:15:00,0.0
04/05/2014 23:30:00,0.0
04/05/2014 23:45:00,0.0
05/05/2014 00:00:00,0.0
05/05/2014 00:15:00,0.0
05/05/2014 00:30:00,0.0
05/05/2014 00:45:00,0.0
05/05/2014 01:00:00,0.0
05/05/2014 01:15:00,0.0
05/05/2014 01:30:00,0.0
05/05/2014 01:45:00,0.0
05/05/2014 02:00:00,0.0
05/05/2014 02:15:00,0.0
05/05/2014 02:30:00,0.0
05/05/2014 02:45:00,0.0
05/05/2014 03:00:00,0.0
05/05/2014 03:15:00,0.0
05/05/2014 03:30:00,0.0
05/05/2014 03:45:00,0.0
05/05/2014 04:00:00,0.0
05/05/2014 04:15:00,0.0
05/05/2014 04:30:00,0.0
05/05/2014 04:45:00,0.0
05/05/2014 05:00:00,0.0
05/05/2014 05:15:00,0.0
05/05/2014 05:30:00,0.0
05/05/2014 05:45:00,0.0
05/05/2014 06:00:00,0.0
05/05/2014 06:15:00,0.0
05/05/2014 06:30:00,0.0
05/05/2014 06:45:00,0.0
05/05/2014 07:00:00,0.0
05/05/2014 07:15:00,0.0
05/05/2014 07:30:00,0.0
05/05/2014 07:45:00,0.0
05/05/2014 08:00:00,0.1418
05/05/2014 08:15:00,0.448666666667
05/05/2014 08:30:00,0.390266666667
05/05/2014 08:45:00,0.0
05/05/2014 09:00:00,0.0
05/05/2014 09:15:00,0.0
05/05/2014 09:30:00,0.0
05/05/2014 09:45:00,0.0
05/05/2014 10:00:00,0.0
05/05/2014 10:15:00,0.0
05/05/2014 10:30:00,0.0
05/05/2014 10:45:00,0.0
05/05/2014 11:00:00,0.0
05/05/2014 11:15:00,0.0
05/05/2014 11:30:00,0.0
05/05/2014 11:45:00,0.0
05/05/2014 12:00:00,0.0
05/05/2014 12:15:00,0.0
05/05/2014 12:30:00,0.0
05/05/2014 12:45:00,0.0
05/05/2014 13:00:00,0.0
05/05/2014 13:15:00,0.0
05/05/2014 13:30:00,0.0
05/05/2014 13:45:00,0.0
05/05/2014 14:00:00,0.0
05/05/2014 14:15:00,0.0
05/05/2014 14:30:00,0.0
05/05/2014 14:45:00,0.0
05/05/2014 15:00:00,0.0
05/05/2014 15:15:00,0.0
05/05/2014 15:30:00,0.0
05/05/2014 15:45:00,0.0
05/05/2014 16:00:00,0.0
05/05/2014 16:15:00,0.0
05/05/2014 16:30:00,0.0
05/05/2014 16:45:00,0.0
05/05/2014 17:00:00,0.0
05/05/2014 17:15:00,0.0
05/05/2014 17:30:00,0.0
05/05/2014 17:45:00,0.0
05/05/2014 18:00:00,0.0
05/05/2014 18:15:00,0.0
05/05/2014 18:30:00,0.0
05/05/2014 18:45:00,0.0
05/05/2014 19:00:00,0.0
05/05/2014 19:15:00,0.0
05/05/2014 19:30:00,0.0
05/05/2014 19:45:00,0.0
05/05/2014 20:00:00,0.0
05/05/2014 20:15:00,0.0
05/05/2014 20:30:00,0.0
05/05/2014 20:45:00,0.0
05/05/2014 21:00:00,0.0
05/05/2014 21:15:00,0.0
05/05/2014 21:30:00,0.0
05/05/2014 21:45:00,0.0
05/05/2014 22:00:00,0.0
05/05/2014 22:15:00,0.0
05/05/2014 22:30:00,0.0
05/05/2014 22:45:00,0.0
05/05/2014 23:00:00,0.0
05/05/2014 23:15:00,0.0
05/05/2014 23:30:00,0.0
05/05/2014 23:45:00,0.0
06/05/2014 00:00:00,0.0
06/05/2014 00:15:00,0.0
06/05/2014 00:30:00,0.0
06/05/2014 00:45:00,0.0
06/05/2014 01:00:00,0.0
06/05/2014 01:15:00,0.0
06/05/2014 01:30:00,0.0
06/05/2014 01:45:00,0.0
06/05/2014 02:00:00,0.0
06/05/2014 02:15:00,0.0
06/05/2014 02:30:00,0.0
06/05/2014 02:45:00,0.0
06/05/2014 03:00:00,0.0
06/05/2014 03:15:00,0.0
06/05/2014 03:30:00,0.0
06/05/2014 03:45:00,0.0
06/05/2014 04:00:00,0.0
06/05/2014 04:15:00,0.0
06/05/2014 04:30:00,0.0
06/05/2014 04:45:00,0.0
06/05/2014 05:00:00,0.0
06/05/2014 05:15:00,0.0
06/05/2014 05:30:00,0.0
06/05/2014 05:45:00,0.0
06/05/2014 06:00:00,0.0
06/05/2014 06:15:00,0.0
06/05/2014 06:30:00,0.0
06/05/2014 06:45:00,0.0
06/05/2014 07:00:00,0.0
06/05/2014 07:15:00,0.0
06/05/2014 07:30:00,0.0
06/05/2014 07:45:00,0.0
06/05/2014 08:00:00,0.0
06/05/2014 08:15:00,0.0
06/05/2014 08:30:00,0.0
06/05/2014 08:45:00,0.0
06/05/2014 09:00:00,0.0
06/05/2014 09:15:00,0.0
06/05/2014 09:30:00,0.0
06/05/2014 09:45:00,0.0
06/05/2014 10:00:00,0.0
06/05/2014 10:15:00,0.0
06/05/2014 10:30:00,0.0
06/05/2014 10:45:00,0.0
06/05/2014 11:00:00,0.0
06/05/2014 11:15:00,0.0
06/05/2014 11:30:00,0.0
06/05/2014 11:45:00,0.0
06/05/2014 12:00:00,0.0
06/05/2014 12:15:00,0.0
06/05/2014 12:30:00,0.0
06/05/2014 12:45:00,0.0
06/05/2014 13:00:00,0.0
06/05/2014 13:15:00,0.0
06/05/2014 13:30:00,0.0
06/05/2014 13:45:00,0.0
06/05/2014 14:00:00,0.0
06/05/2014 14:15:00,0.0
06/05/2014 14:30:00,0.0
06/05/2014 14:45:00,0.0
06/05/2014 15:00:00,0.0
06/05/2014 15:15:00,0.0
06/05/2014 15:30:00,0.0
06/05/2014 15:45:00,0.0
06/05/2014 16:00:00,0.0
06/05/2014 16:15:00,0.0
06/05/2014 16:30:00,0.0
06/05/2014 16:45:00,0.0
06/05/2014 17:00:00,0.0
06/05/2014 17:15:00,0.0
06/05/2014 17:30:00,0.0
06/05/2014 17:45:00,0.0
06/05/2014 18:00:00,0.0
06/05/2014 18:15:00,0.0
06/05/2014 18:30:00,0.0
06/05/2014 18:45:00,0.0
06/05/2014 19:00:00,0.0
06/05/2014 19:15:00,0.0
06/05/2014 19:30:00,0.0
06/05/2014 19:45:00,0.0
06/05/2014 20:00:00,0.0
06/05/2014 20:15:00,0.0
06/05/2014 20:30:00,0.0
06/05/2014 20:45:00,0.0
06/05/2014 21:00:00,0.000466666666667
06/05/2014 21:15:00,0.449
06/05/2014 21:30:00,0.522733333333
06/05/2014 21:45:00,0.0323333333333
06/05/2014 22:00:00,0.0
06/05/2014 22:15:00,0.0
06/05/2014 22:30:00,0.0
06/05/2014 22:45:00,0.0
06/05/2014 23:00:00,0.0
06/05/2014 23:15:00,0.0
06/05/2014 23:30:00,0.0
06/05/2014 23:45:00,0.0
07/05/2014 00:00:00,0.0
07/05/2014 00:15:00,0.0
07/05/2014 00:30:00,0.0
07/05/2014 00:45:00,0.0
07/05/2014 01:00:00,0.0
07/05/2014 01:15:00,0.0
07/05/2014 01:30:00,0.0
07/05/2014 01:45:00,0.0
07/05/2014 02:00:00,0.0
07/05/2014 02:15:00,0.0
07/05/2014 02:30:00,0.0
07/05/2014 02:45:00,0.0
07/05/2014 03:00:00,0.0
07/05/2014 03:15:00,0.0
07/05/2014 03:30:00,0.0
07/05/2014 03:45:00,0.0
07/05/2014 04:00:00,0.0
07/05/2014 04:15:00,0.0
07/05/2014 04:30:00,0.0
07/05/2014 04:45:00,0.0
07/05/2014 05:00:00,0.0
07/05/2014 05:15:00,0.0
07/05/2014 05:30:00,0.0
07/05/2014 05:45:00,0.0
07/05/2014 06:00:00,0.0
07/05/2014 06:15:00,0.0
07/05/2014 06:30:00,0.0
07/05/2014 06:45:00,0.0
07/05/2014 07:00:00,0.0
07/05/2014 07:15:00,0.0
07/05/2014 07:30:00,0.0
07/05/2014 07:45:00,0.0
07/05/2014 08:00:00,0.0
07/05/2014 08:15:00,0.0
07/05/2014 08:30:00,0.0
07/05/2014 08:45:00,0.0
07/05/2014 09:00:00,0.0
07/05/2014 09:15:00,0.0
07/05/2014 09:30:00,0.0
07/05/2014 09:45:00,0.0
07/05/2014 10:00:00,0.0
07/05/2014 10:15:00,0.0
07/05/2014 10:30:00,0.0
07/05/2014 10:45:00,0.0
07/05/2014 11:00:00,0.0
07/05/2014 11:15:00,0.0
07/05/2014 11:30:00,0.0
07/05/2014 11:45:00,0.0
07/05/2014 12:00:00,0.0
07/05/2014 12:15:00,0.0
07/05/2014 12:30:00,0.0
07/05/2014 12:45:00,0.0
07/05/2014 13:00:00,0.0
07/05/2014 13:15:00,0.0
07/05/2014 13:30:00,0.0
07/05/2014 13:45:00,0.0
07/05/2014 14:00:00,0.0
07/05/2014 14:15:00,0.0
07/05/2014 14:30:00,0.0
07/05/2014 14:45:00,0.0
07/05/2014 15:00:00,0.0
07/05/2014 15:15:00,0.0
07/05/2014 15:30:00,0.0
07/05/2014 15:45:00,0.0
07/05/2014 16:00:00,0.0
07/05/2014 16:15:00,0.0
07/05/2014 16:30:00,0.000266666666667
07/05/2014 16:45:00,0.370533333333
07/05/2014 17:00:00,0.372266666667
07/05/2014 17:15:00,0.0
07/05/2014 17:30:00,0.0
07/05/2014 17:45:00,0.0
07/05/2014 18:00:00,0.0
07/05/2014 18:15:00,0.0
07/05/2014 18:30:00,0.0
07/05/2014 18:45:00,0.0
07/05/2014 19:00:00,0.0
07/05/2014 19:15:00,0.0
07/05/2014 19:30:00,0.0
07/05/2014 19:45:00,0.0
07/05/2014 20:00:00,0.0
07/05/2014 20:15:00,0.0
07/05/2014 20:30:00,0.0
07/05/2014 20:45:00,0.0
07/05/2014 21:00:00,0.0
07/05/2014 21:15:00,0.0
07/05/2014 21:30:00,0.0
07/05/2014 21:45:00,0.0
07/05/2014 22:00:00,0.0
07/05/2014 22:15:00,0.0
07/05/2014 22:30:00,0.0
07/05/2014 22:45:00,0.0
07/05/2014 23:00:00,0.0
07/05/2014 23:15:00,0.0
07/05/2014 23:30:00,0.0
07/05/2014 23:45:00,0.0
08/05/2014 00:00:00,0.0
08/05/2014 00:15:00,0.0
08/05/2014 00:30:00,0.0
08/05/2014 00:45:00,0.0
08/05/2014 01:00:00,0.0
08/05/2014 01:15:00,0.0
08/05/2014 01:30:00,0.0
08/05/2014 01:45:00,0.0
08/05/2014 02:00:00,0.0
08/05/2014 02:15:00,0.0
08/05/2014 02:30:00,0.0
08/05/2014 02:45:00,0.0
08/05/2014 03:00:00,0.0
08/05/2014 03:15:00,0.0
08/05/2014 03:30:00,0.0
08/05/2014 03:45:00,0.0
08/05/2014 04:00:00,0.0
08/05/2014 04:15:00,0.0
08/05/2014 04:30:00,0.0
08/05/2014 04:45:00,0.0
08/05/2014 05:00:00,0.0
08/05/2014 05:15:00,0.0
08/05/2014 05:30:00,0.0
08/05/2014 05:45:00,0.0
08/05/2014 06:00:00,0.0
08/05/2014 06:15:00,0.0
08/05/2014 06:30:00,0.0
08/05/2014 06:45:00,0.0
08/05/2014 07:00:00,0.0
08/05/2014 07:15:00,0.0318666666667
08/05/2014 07:30:00,0.464933333333
08/05/2014 07:45:00,0.450466666667
08/05/2014 08:00:00,0.0
08/05/2014 08:15:00,0.0
08/05/2014 08:30:00,0.0
08/05/2014 08:45:00,0.0
08/05/2014 09:00:00,0.0
08/05/2014 09:15:00,0.0
08/05/2014 09:30:00,0.0
08/05/2014 09:45:00,0.0
08/05/2014 10:00:00,0.0
08/05/2014 10:15:00,0.0
08/05/2014 10:30:00,0.0
08/05/2014 10:45:00,0.0
08/05/2014 11:00:00,0.0
08/05/2014 11:15:00,0.0
08/05/2014 11:30:00,0.0
08/05/2014 11:45:00,0.0
08/05/2014 12:00:00,0.0
08/05/2014 12:15:00,0.0
08/05/2014 12:30:00,0.0
08/05/2014 12:45:00,0.0
08/05/2014 13:00:00,0.0
08/05/2014 13:15:00,0.0
08/05/2014 13:30:00,0.0
08/05/2014 13:45:00,0.0
08/05/2014 14:00:00,0.0
08/05/2014 14:15:00,0.0
08/05/2014 14:30:00,0.0
08/05/2014 14:45:00,0.0
08/05/2014 15:00:00,0.0
08/05/2014 15:15:00,0.0
08/05/2014 15:30:00,0.0
08/05/2014 15:45:00,0.0
08/05/2014 16:00:00,0.0
08/05/2014 16:15:00,0.0
08/05/2014 16:30:00,0.0
08/05/2014 16:45:00,0.0
08/05/2014 17:00:00,0.0
08/05/2014 17:15:00,0.0
08/05/2014 17:30:00,0.0
08/05/2014 17:45:00,0.0
08/05/2014 18:00:00,0.0
08/05/2014 18:15:00,0.0
08/05/2014 18:30:00,0.0
08/05/2014 18:45:00,0.0
08/05/2014 19:00:00,0.0
08/05/2014 19:15:00,0.0
08/05/2014 19:30:00,0.0
08/05/2014 19:45:00,0.0
08/05/2014 20:00:00,0.0
08/05/2014 20:15:00,0.0
08/05/2014 20:30:00,0.0
08/05/2014 20:45:00,0.0
08/05/2014 21:00:00,0.0
08/05/2014 21:15:00,0.0
08/05/2014 21:30:00,0.0
08/05/2014 21:45:00,0.0
08/05/2014 22:00:00,0.0
08/05/2014 22:15:00,0.0
08/05/2014 22:30:00,0.0
08/05/2014 22:45:00,0.0
08/05/2014 23:00:00,0.0
08/05/2014 23:15:00,0.0
08/05/2014 23:30:00,0.0
08/05/2014 23:45:00,0.0
09/05/2014 00:00:00,0.0
09/05/2014 00:15:00,0.0
09/05/2014 00:30:00,0.0
09/05/2014 00:45:00,0.0
09/05/2014 01:00:00,0.0
09/05/2014 01:15:00,0.0
09/05/2014 01:30:00,0.0
09/05/2014 01:45:00,0.0
09/05/2014 02:00:00,0.0
09/05/2014 02:15:00,0.0
09/05/2014 02:30:00,0.0
09/05/2014 02:45:00,0.0
09/05/2014 03:00:00,0.0
09/05/2014 03:15:00,0.0
09/05/2014 03:30:00,0.0
09/05/2014 03:45:00,0.0
09/05/2014 04:00:00,0.0
09/05/2014 04:15:00,0.0
09/05/2014 04:30:00,0.0
09/05/2014 04:45:00,0.0
09/05/2014 05:00:00,0.0
09/05/2014 05:15:00,0.0
09/05/2014 05:30:00,0.0
09/05/2014 05:45:00,0.0
09/05/2014 06:00:00,0.0
09/05/2014 06:15:00,0.0
09/05/2014 06:30:00,0.0
09/05/2014 06:45:00,0.0
09/05/2014 07:00:00,0.0
09/05/2014 07:15:00,0.0
09/05/2014 07:30:00,0.0
09/05/2014 07:45:00,0.0
09/05/2014 08:00:00,0.0
09/05/2014 08:15:00,0.0
09/05/2014 08:30:00,0.0
09/05/2014 08:45:00,0.0
09/05/2014 09:00:00,0.0
09/05/2014 09:15:00,0.0
09/05/2014 09:30:00,0.0
09/05/2014 09:45:00,0.0
09/05/2014 10:00:00,0.0
09/05/2014 10:15:00,0.0
09/05/2014 10:30:00,0.0
09/05/2014 10:45:00,0.0
09/05/2014 11:00:00,0.0
09/05/2014 11:15:00,0.0
09/05/2014 11:30:00,0.0
09/05/2014 11:45:00,0.0
09/05/2014 12:00:00,0.0
09/05/2014 12:15:00,0.0
09/05/2014 12:30:00,0.0
09/05/2014 12:45:00,0.0
09/05/2014 13:00:00,0.0
09/05/2014 13:15:00,0.0
09/05/2014 13:30:00,0.0
09/05/2014 13:45:00,0.0
09/05/2014 14:00:00,0.0
09/05/2014 14:15:00,0.0
09/05/2014 14:30:00,0.0
09/05/2014 14:45:00,0.0
09/05/2014 15:00:00,0.0
09/05/2014 15:15:00,0.0
09/05/2014 15:30:00,0.0
09/05/2014 15:45:00,0.0
09/05/2014 16:00:00,0.0
09/05/2014 16:15:00,0.0
09/05/2014 16:30:00,0.0
09/05/2014 16:45:00,0.0
09/05/2014 17:00:00,0.0
09/05/2014 17:15:00,0.0
09/05/2014 17:30:00,0.0
09/05/2014 17:45:00,0.0
09/05/2014 18:00:00,0.0
09/05/2014 18:15:00,0.0
09/05/2014 18:30:00,0.0
09/05/2014 18:45:00,0.0
09/05/2014 19:00:00,0.0
09/05/2014 19:15:00,0.0
09/05/2014 19:30:00,0.0
09/05/2014 19:45:00,0.0
09/05/2014 20:00:00,0.0
09/05/2014 20:15:00,0.0
09/05/2014 20:30:00,0.0
09/05/2014 20:45:00,0.0
09/05/2014 21:00:00,0.0
09/05/2014 21:15:00,0.0
09/05/2014 21:30:00,0.0
09/05/2014 21:45:00,0.0
09/05/2014 22:00:00,0.0
09/05/2014 22:15:00,0.0
09/05/2014 22:30:00,0.0
09/05/2014 22:45:00,0.0
09/05/2014 23:00:00,0.0
09/05/2014 23:15:00,0.0
09/05/2014 23:30:00,0.0
09/05/2014 23:45:00,0.0
10/05/2014 00:00:00,0.0
10/05/2014 00:15:00,0.0
10/05/2014 00:30:00,0.0
10/05/2014 00:45:00,0.0
10/05/2014 01:00:00,0.0
10/05/2014 01:15:00,0.0
10/05/2014 01:30:00,0.0
10/05/2014 01:45:00,0.0
10/05/2014 02:00:00,0.0
10/05/2014 02:15:00,0.0
10/05/2014 02:30:00,0.0
10/05/2014 02:45:00,0.0
10/05/2014 03:00:00,0.0
10/05/2014 03:15:00,0.0
10/05/2014 03:30:00,0.0
10/05/2014 03:45:00,0.0
10/05/2014 04:00:00,0.0
10/05/2014 04:15:00,0.0
10/05/2014 04:30:00,0.0
10/05/2014 04:45:00,0.0
10/05/2014 05:00:00,0.0
10/05/2014 05:15:00,0.0
10/05/2014 05:30:00,0.0
10/05/2014 05:45:00,0.0
10/05/2014 06:00:00,0.0
10/05/2014 06:15:00,0.0
10/05/2014 06:30:00,0.0
10/05/2014 06:45:00,0.0
10/05/2014 07:00:00,0.0
10/05/2014 07:15:00,0.0
10/05/2014 07:30:00,0.0
10/05/2014 07:45:00,0.0
10/05/2014 08:00:00,0.0
10/05/2014 08:15:00,0.0
10/05/2014 08:30:00,0.0
10/05/2014 08:45:00,0.0
10/05/2014 09:00:00,0.0
10/05/2014 09:15:00,0.0
10/05/2014 09:30:00,0.0
10/05/2014 09:45:00,0.0
10/05/2014 10:00:00,0.0
10/05/2014 10:15:00,0.0
10/05/2014 10:30:00,0.0
10/05/2014 10:45:00,0.0
10/05/2014 11:00:00,0.0
10/05/2014 11:15:00,0.0
10/05/2014 11:30:00,0.0
10/05/2014 11:45:00,0.0
10/05/2014 12:00:00,0.0
10/05/2014 12:15:00,0.0
10/05/2014 12:30:00,0.0
10/05/2014 12:45:00,0.0
10/05/2014 13:00:00,0.0
10/05/2014 13:15:00,0.0
10/05/2014 13:30:00,0.0
10/05/2014 13:45:00,0.0
10/05/2014 14:00:00,0.0
10/05/2014 14:15:00,0.0
10/05/2014 14:30:00,0.0
10/05/2014 14:45:00,0.0
10/05/2014 15:00:00,0.0
10/05/2014 15:15:00,0.0
10/05/2014 15:30:00,0.0
10/05/2014 15:45:00,0.0
10/05/2014 16:00:00,0.0
10/05/2014 16:15:00,0.0
10/05/2014 16:30:00,0.0
10/05/2014 16:45:00,0.0
10/05/2014 17:00:00,0.0
10/05/2014 17:15:00,0.0
10/05/2014 17:30:00,0.0
10/05/2014 17:45:00,0.0
10/05/2014 18:00:00,0.0
10/05/2014 18:15:00,0.0
10/05/2014 18:30:00,0.0
10/05/2014 18:45:00,0.0
10/05/2014 19:00:00,0.0
10/05/2014 19:15:00,0.0
10/05/2014 19:30:00,0.0
10/05/2014 19:45:00,0.0
10/05/2014 20:00:00,0.0
10/05/2014 20:15:00,0.0
10/05/2014 20:30:00,0.0
10/05/2014 20:45:00,0.0
10/05/2014 21:00:00,0.0
10/05/2014 21:15:00,0.0
10/05/2014 21:30:00,0.0
10/05/2014 21:45:00,0.0
10/05/2014 22:00:00,0.0
10/05/2014 22:15:00,0.0
10/05/2014 22:30:00,0.0
10/05/2014 22:45:00,0.0
10/05/2014 23:00:00,0.0
10/05/2014 23:15:00,0.0
10/05/2014 23:30:00,0.0
10/05/2014 23:45:00,0.0
11/05/2014 00:00:00,0.0
11/05/2014 00:15:00,0.0
11/05/2014 00:30:00,0.0
11/05/2014 00:45:00,0.0
11/05/2014 01:00:00,0.0
11/05/2014 01:15:00,0.0
11/05/2014 01:30:00,0.0
11/05/2014 01:45:00,0.0
11/05/2014 02:00:00,0.0
11/05/2014 02:15:00,0.0
11/05/2014 02:30:00,0.0
11/05/2014 02:45:00,0.0
11/05/2014 03:00:00,0.0
11/05/2014 03:15:00,0.0
11/05/2014 03:30:00,0.0
11/05/2014 03:45:00,0.0
11/05/2014 04:00:00,0.0
11/05/2014 04:15:00,0.0
11/05/2014 04:30:00,0.0
11/05/2014 04:45:00,0.0
11/05/2014 05:00:00,0.0
11/05/2014 05:15:00,0.0
11/05/2014 05:30:00,0.0
11/05/2014 05:45:00,0.0
11/05/2014 06:00:00,0.0
11/05/2014 06:15:00,0.0
11/05/2014 06:30:00,0.0
11/05/2014 06:45:00,0.0
11/05/2014 07:00:00,0.0
11/05/2014 07:15:00,0.0
11/05/2014 07:30:00,0.0
11/05/2014 07:45:00,0.0
11/05/2014 08:00:00,0.0
11/05/2014 08:15:00,0.0
11/05/2014 08:30:00,0.0
11/05/2014 08:45:00,0.0
11/05/2014 09:00:00,0.0
11/05/2014 09:15:00,0.0
11/05/2014 09:30:00,0.0
11/05/2014 09:45:00,0.0
11/05/2014 10:00:00,0.0
11/05/2014 10:15:00,0.0
11/05/2014 10:30:00,0.0
11/05/2014 10:45:00,0.0
11/05/2014 11:00:00,0.0
11/05/2014 11:15:00,0.0
11/05/2014 11:30:00,0.0
11/05/2014 11:45:00,0.0
11/05/2014 12:00:00,0.0
11/05/2014 12:15:00,0.0
11/05/2014 12:30:00,0.0
11/05/2014 12:45:00,0.0
11/05/2014 13:00:00,0.0
11/05/2014 13:15:00,0.0
11/05/2014 13:30:00,0.0
11/05/2014 13:45:00,0.0
11/05/2014 14:00:00,0.0
11/05/2014 14:15:00,0.0
11/05/2014 14:30:00,0.0
11/05/2014 14:45:00,0.0
11/05/2014 15:00:00,0.0
11/05/2014 15:15:00,0.0
11/05/2014 15:30:00,0.0
11/05/2014 15:45:00,0.0
11/05/2014 16:00:00,0.0
11/05/2014 16:15:00,0.0
11/05/2014 16:30:00,0.0
11/05/2014 16:45:00,0.0
11/05/2014 17:00:00,0.0
11/05/2014 17:15:00,0.0
11/05/2014 17:30:00,0.0
11/05/2014 17:45:00,0.0
11/05/2014 18:00:00,0.0
11/05/2014 18:15:00,0.0
11/05/2014 18:30:00,0.0
11/05/2014 18:45:00,0.0
11/05/2014 19:00:00,0.0
11/05/2014 19:15:00,0.0
11/05/2014 19:30:00,0.0
11/05/2014 19:45:00,0.0
11/05/2014 20:00:00,0.0
11/05/2014 20:15:00,0.0
11/05/2014 20:30:00,0.0
11/05/2014 20:45:00,0.0
11/05/2014 21:00:00,0.0
11/05/2014 21:15:00,0.0
11/05/2014 21:30:00,0.0
11/05/2014 21:45:00,0.0965333333333
11/05/2014 22:00:00,0.478066666667
11/05/2014 22:15:00,0.404333333333
11/05/2014 22:30:00,0.0
11/05/2014 22:45:00,0.0
11/05/2014 23:00:00,0.0
11/05/2014 23:15:00,0.0
11/05/2014 23:30:00,0.0
11/05/2014 23:45:00,0.0
12/05/2014 00:00:00,0.0
12/05/2014 00:15:00,0.0
12/05/2014 00:30:00,0.0
12/05/2014 00:45:00,0.0
12/05/2014 01:00:00,0.0
12/05/2014 01:15:00,0.0
12/05/2014 01:30:00,0.0
12/05/2014 01:45:00,0.0
12/05/2014 02:00:00,0.0
12/05/2014 02:15:00,0.0
12/05/2014 02:30:00,0.0
12/05/2014 02:45:00,0.0
12/05/2014 03:00:00,0.0
12/05/2014 03:15:00,0.0
12/05/2014 03:30:00,0.0
12/05/2014 03:45:00,0.0
12/05/2014 04:00:00,0.0
12/05/2014 04:15:00,0.0
12/05/2014 04:30:00,0.0
12/05/2014 04:45:00,0.0
12/05/2014 05:00:00,0.0
12/05/2014 05:15:00,0.0
12/05/2014 05:30:00,0.0
12/05/2014 05:45:00,0.0
12/05/2014 06:00:00,0.0
12/05/2014 06:15:00,0.0
12/05/2014 06:30:00,0.0
12/05/2014 06:45:00,0.0
12/05/2014 07:00:00,0.0
12/05/2014 07:15:00,0.0
12/05/2014 07:30:00,0.0
12/05/2014 07:45:00,0.0
12/05/2014 08:00:00,0.0
12/05/2014 08:15:00,0.0
12/05/2014 08:30:00,0.0
12/05/2014 08:45:00,0.0
12/05/2014 09:00:00,0.0
12/05/2014 09:15:00,0.0
12/05/2014 09:30:00,0.0
12/05/2014 09:45:00,0.0
12/05/2014 10:00:00,0.0
12/05/2014 10:15:00,0.0
12/05/2014 10:30:00,0.0
12/05/2014 10:45:00,0.0
12/05/2014 11:00:00,0.0
12/05/2014 11:15:00,0.0
12/05/2014 11:30:00,0.0
12/05/2014 11:45:00,0.0
12/05/2014 12:00:00,0.0
12/05/2014 12:15:00,0.0
12/05/2014 12:30:00,0.0
12/05/2014 12:45:00,0.0
12/05/2014 13:00:00,0.0
12/05/2014 13:15:00,0.0
12/05/2014 13:30:00,0.0
12/05/2014 13:45:00,0.0
12/05/2014 14:00:00,0.0
12/05/2014 14:15:00,0.0
12/05/2014 14:30:00,0.0
12/05/2014 14:45:00,0.0
12/05/2014 15:00:00,0.0
12/05/2014 15:15:00,0.0
12/05/2014 15:30:00,0.0
12/05/2014 15:45:00,0.0
12/05/2014 16:00:00,0.0
12/05/2014 16:15:00,0.0
12/05/2014 16:30:00,0.0
12/05/2014 16:45:00,0.0
12/05/2014 17:00:00,0.0
12/05/2014 17:15:00,0.0
12/05/2014 17:30:00,0.0
12/05/2014 17:45:00,0.0
12/05/2014 18:00:00,0.313866666667
12/05/2014 18:15:00,0.462666666667
12/05/2014 18:30:00,0.0751333333333
12/05/2014 18:45:00,0.0
12/05/2014 19:00:00,0.0
12/05/2014 19:15:00,0.0
12/05/2014 19:30:00,0.0
12/05/2014 19:45:00,0.0
12/05/2014 20:00:00,0.0
12/05/2014 20:15:00,0.0
12/05/2014 20:30:00,0.0
12/05/2014 20:45:00,0.0
12/05/2014 21:00:00,0.0
12/05/2014 21:15:00,0.0
12/05/2014 21:30:00,0.0
12/05/2014 21:45:00,0.0
12/05/2014 22:00:00,0.0
12/05/2014 22:15:00,0.0
12/05/2014 22:30:00,0.0
12/05/2014 22:45:00,0.0
12/05/2014 23:00:00,0.0
12/05/2014 23:15:00,0.0
12/05/2014 23:30:00,0.0
12/05/2014 23:45:00,0.0
13/05/2014 00:00:00,0.0
13/05/2014 00:15:00,0.0
13/05/2014 00:30:00,0.0
13/05/2014 00:45:00,0.0
13/05/2014 01:00:00,0.0
13/05/2014 01:15:00,0.0
13/05/2014 01:30:00,0.0
13/05/2014 01:45:00,0.0
13/05/2014 02:00:00,0.0
13/05/2014 02:15:00,0.0
13/05/2014 02:30:00,0.0
13/05/2014 02:45:00,0.0
13/05/2014 03:00:00,0.0
13/05/2014 03:15:00,0.0
13/05/2014 03:30:00,0.0
13/05/2014 03:45:00,0.0
13/05/2014 04:00:00,0.0
13/05/2014 04:15:00,0.0
13/05/2014 04:30:00,0.0
13/05/2014 04:45:00,0.0
13/05/2014 05:00:00,0.0
13/05/2014 05:15:00,0.0
13/05/2014 05:30:00,0.0
13/05/2014 05:45:00,0.0
13/05/2014 06:00:00,0.0
13/05/2014 06:15:00,0.0
13/05/2014 06:30:00,0.0
13/05/2014 06:45:00,0.0
13/05/2014 07:00:00,0.0
13/05/2014 07:15:00,0.0
13/05/2014 07:30:00,0.0
13/05/2014 07:45:00,0.0
13/05/2014 08:00:00,0.0
13/05/2014 08:15:00,0.0
13/05/2014 08:30:00,0.0
13/05/2014 08:45:00,0.0
13/05/2014 09:00:00,0.0
13/05/2014 09:15:00,0.0
13/05/2014 09:30:00,0.0
13/05/2014 09:45:00,0.0
13/05/2014 10:00:00,0.0
13/05/2014 10:15:00,0.0
13/05/2014 10:30:00,0.0
13/05/2014 10:45:00,0.0
13/05/2014 11:00:00,0.0
13/05/2014 11:15:00,0.0
13/05/2014 11:30:00,0.0
13/05/2014 11:45:00,0.0
13/05/2014 12:00:00,0.0
13/05/2014 12:15:00,0.0
13/05/2014 12:30:00,0.0
13/05/2014 12:45:00,0.0
13/05/2014 13:00:00,0.0
13/05/2014 13:15:00,0.0
13/05/2014 13:30:00,0.0
13/05/2014 13:45:00,0.0
13/05/2014 14:00:00,0.0
13/05/2014 14:15:00,0.0
13/05/2014 14:30:00,0.0
13/05/2014 14:45:00,0.0
13/05/2014 15:00:00,0.0
13/05/2014 15:15:00,0.0
13/05/2014 15:30:00,0.0
13/05/2014 15:45:00,0.0
13/05/2014 16:00:00,0.0
13/05/2014 16:15:00,0.0
13/05/2014 16:30:00,0.0
13/05/2014 16:45:00,0.0
13/05/2014 17:00:00,0.0
13/05/2014 17:15:00,0.0
13/05/2014 17:30:00,0.0
13/05/2014 17:45:00,0.0
13/05/2014 18:00:00,0.0
13/05/2014 18:15:00,0.0
13/05/2014 18:30:00,0.0
13/05/2014 18:45:00,0.0
13/05/2014 19:00:00,0.0
13/05/2014 19:15:00,0.0
13/05/2014 19:30:00,0.0
13/05/2014 19:45:00,0.0
13/05/2014 20:00:00,0.0
13/05/2014 20:15:00,0.0
13/05/2014 20:30:00,0.0
13/05/2014 20:45:00,0.0
13/05/2014 21:00:00,0.0
13/05/2014 21:15:00,0.0
13/05/2014 21:30:00,0.0
13/05/2014 21:45:00,0.0
13/05/2014 22:00:00,0.0
13/05/2014 22:15:00,0.0
13/05/2014 22:30:00,0.0
13/05/2014 22:45:00,0.0
13/05/2014 23:00:00,0.0
13/05/2014 23:15:00,0.0
13/05/2014 23:30:00,0.0
13/05/2014 23:45:00,0.0
14/05/2014 00:00:00,0.0
14/05/2014 00:15:00,0.0
14/05/2014 00:30:00,0.0
14/05/2014 00:45:00,0.0
14/05/2014 01:00:00,0.0
14/05/2014 01:15:00,0.0
14/05/2014 01:30:00,0.0
14/05/2014 01:45:00,0.0
14/05/2014 02:00:00,0.0
14/05/2014 02:15:00,0.0
14/05/2014 02:30:00,0.0
14/05/2014 02:45:00,0.0
14/05/2014 03:00:00,0.0
14/05/2014 03:15:00,0.0
14/05/2014 03:30:00,0.0
14/05/2014 03:45:00,0.0
14/05/2014 04:00:00,0.0
14/05/2014 04:15:00,0.0
14/05/2014 04:30:00,0.0
14/05/2014 04:45:00,0.0
14/05/2014 05:00:00,0.0
14/05/2014 05:15:00,0.0
14/05/2014 05:30:00,0.0
14/05/2014 05:45:00,0.0
14/05/2014 06:00:00,0.0
14/05/2014 06:15:00,0.0
14/05/2014 06:30:00,0.0
14/05/2014 06:45:00,0.0
14/05/2014 07:00:00,0.0
14/05/2014 07:15:00,0.0
14/05/2014 07:30:00,0.0
14/05/2014 07:45:00,0.0
14/05/2014 08:00:00,0.0
14/05/2014 08:15:00,0.0
14/05/2014 08:30:00,0.0
14/05/2014 08:45:00,0.0
14/05/2014 09:00:00,0.0
14/05/2014 09:15:00,0.0
14/05/2014 09:30:00,0.0
14/05/2014 09:45:00,0.0
14/05/2014 10:00:00,0.0
14/05/2014 10:15:00,0.0
14/05/2014 10:30:00,0.0
14/05/2014 10:45:00,0.0
14/05/2014 11:00:00,0.0
14/05/2014 11:15:00,0.0
14/05/2014 11:30:00,0.0
14/05/2014 11:45:00,0.0
14/05/2014 12:00:00,0.0
14/05/2014 12:15:00,0.0
14/05/2014 12:30:00,0.0
14/05/2014 12:45:00,0.0
14/05/2014 13:00:00,0.0
14/05/2014 13:15:00,0.0
14/05/2014 13:30:00,0.0
14/05/2014 13:45:00,0.0
14/05/2014 14:00:00,0.0
14/05/2014 14:15:00,0.0
14/05/2014 14:30:00,0.0
14/05/2014 14:45:00,0.0
14/05/2014 15:00:00,0.0
14/05/2014 15:15:00,0.0
14/05/2014 15:30:00,0.0
14/05/2014 15:45:00,0.0
14/05/2014 16:00:00,0.0
14/05/2014 16:15:00,0.0
14/05/2014 16:30:00,0.0
14/05/2014 16:45:00,0.0
14/05/2014 17:00:00,0.0
14/05/2014 17:15:00,0.0
14/05/2014 17:30:00,0.0
14/05/2014 17:45:00,0.0
14/05/2014 18:00:00,0.0
14/05/2014 18:15:00,0.0
14/05/2014 18:30:00,0.0
14/05/2014 18:45:00,0.0
14/05/2014 19:00:00,0.0
14/05/2014 19:15:00,0.0
14/05/2014 19:30:00,0.0
14/05/2014 19:45:00,0.0
14/05/2014 20:00:00,0.0
14/05/2014 20:15:00,0.0
14/05/2014 20:30:00,0.0
14/05/2014 20:45:00,0.0
14/05/2014 21:00:00,0.0
14/05/2014 21:15:00,0.0
14/05/2014 21:30:00,0.0
14/05/2014 21:45:00,0.216066666667
14/05/2014 22:00:00,0.448266666667
14/05/2014 22:15:00,0.3256
14/05/2014 22:30:00,0.0
14/05/2014 22:45:00,0.0
14/05/2014 23:00:00,0.0
14/05/2014 23:15:00,0.0
14/05/2014 23:30:00,0.0
14/05/2014 23:45:00,0.0
15/05/2014 00:00:00,0.0
15/05/2014 00:15:00,0.0
15/05/2014 00:30:00,0.0
15/05/2014 00:45:00,0.0
15/05/2014 01:00:00,0.0
15/05/2014 01:15:00,0.0
15/05/2014 01:30:00,0.0
15/05/2014 01:45:00,0.0
15/05/2014 02:00:00,0.0
15/05/2014 02:15:00,0.0
15/05/2014 02:30:00,0.0
15/05/2014 02:45:00,0.0
15/05/2014 03:00:00,0.0
15/05/2014 03:15:00,0.0
15/05/2014 03:30:00,0.0
15/05/2014 03:45:00,0.0
15/05/2014 04:00:00,0.0
15/05/2014 04:15:00,0.0
15/05/2014 04:30:00,0.0
15/05/2014 04:45:00,0.0
15/05/2014 05:00:00,0.0
15/05/2014 05:15:00,0.0
15/05/2014 05:30:00,0.0
15/05/2014 05:45:00,0.0
15/05/2014 06:00:00,0.0
15/05/2014 06:15:00,0.0
15/05/2014 06:30:00,0.0
15/05/2014 06:45:00,0.0
15/05/2014 07:00:00,0.0
15/05/2014 07:15:00,0.0
15/05/2014 07:30:00,0.0
15/05/2014 07:45:00,0.0
15/05/2014 08:00:00,0.0
15/05/2014 08:15:00,0.0
15/05/2014 08:30:00,0.0
15/05/2014 08:45:00,0.0
15/05/2014 09:00:00,0.0
15/05/2014 09:15:00,0.0
15/05/2014 09:30:00,0.0
15/05/2014 09:45:00,0.0
15/05/2014 10:00:00,0.0
15/05/2014 10:15:00,0.0
15/05/2014 10:30:00,0.0
15/05/2014 10:45:00,0.0
15/05/2014 11:00:00,0.0
15/05/2014 11:15:00,0.0
15/05/2014 11:30:00,0.0
15/05/2014 11:45:00,0.0
15/05/2014 12:00:00,0.0
15/05/2014 12:15:00,0.0
15/05/2014 12:30:00,0.0
15/05/2014 12:45:00,0.0
15/05/2014 13:00:00,0.0
15/05/2014 13:15:00,0.0
15/05/2014 13:30:00,0.0
15/05/2014 13:45:00,0.0
15/05/2014 14:00:00,0.0
15/05/2014 14:15:00,0.0
15/05/2014 14:30:00,0.0
15/05/2014 14:45:00,0.0
15/05/2014 15:00:00,0.0
15/05/2014 15:15:00,0.0
15/05/2014 15:30:00,0.0
15/05/2014 15:45:00,0.0
15/05/2014 16:00:00,0.0
15/05/2014 16:15:00,0.0
15/05/2014 16:30:00,0.0
15/05/2014 16:45:00,0.0
15/05/2014 17:00:00,0.0
15/05/2014 17:15:00,0.342
15/05/2014 17:30:00,0.5364
15/05/2014 17:45:00,0.193933333333
15/05/2014 18:00:00,0.125733333333
15/05/2014 18:15:00,0.392133333333
15/05/2014 18:30:00,0.423866666667
15/05/2014 18:45:00,0.0
15/05/2014 19:00:00,0.0
15/05/2014 19:15:00,0.0
15/05/2014 19:30:00,0.0
15/05/2014 19:45:00,0.0
15/05/2014 20:00:00,0.095
15/05/2014 20:15:00,0.389666666667
15/05/2014 20:30:00,0.442666666667
15/05/2014 20:45:00,0.0
15/05/2014 21:00:00,0.0
15/05/2014 21:15:00,0.0
15/05/2014 21:30:00,0.0
15/05/2014 21:45:00,0.0
15/05/2014 22:00:00,0.0
15/05/2014 22:15:00,0.0
15/05/2014 22:30:00,0.0
15/05/2014 22:45:00,0.0
15/05/2014 23:00:00,0.0
15/05/2014 23:15:00,0.0
15/05/2014 23:30:00,0.0
15/05/2014 23:45:00,0.0
16/05/2014 00:00:00,0.0
16/05/2014 00:15:00,0.0
16/05/2014 00:30:00,0.0
16/05/2014 00:45:00,0.0
16/05/2014 01:00:00,0.0
16/05/2014 01:15:00,0.0
16/05/2014 01:30:00,0.0
16/05/2014 01:45:00,0.0
16/05/2014 02:00:00,0.0
16/05/2014 02:15:00,0.0
16/05/2014 02:30:00,0.0
16/05/2014 02:45:00,0.0
16/05/2014 03:00:00,0.0
16/05/2014 03:15:00,0.0
16/05/2014 03:30:00,0.0
16/05/2014 03:45:00,0.0
16/05/2014 04:00:00,0.0
16/05/2014 04:15:00,0.0
16/05/2014 04:30:00,0.0
16/05/2014 04:45:00,0.0
16/05/2014 05:00:00,0.0
16/05/2014 05:15:00,0.0
16/05/2014 05:30:00,0.0
16/05/2014 05:45:00,0.0
16/05/2014 06:00:00,0.0
16/05/2014 06:15:00,0.0
16/05/2014 06:30:00,0.0
16/05/2014 06:45:00,0.0
16/05/2014 07:00:00,0.0
16/05/2014 07:15:00,0.0720666666667
16/05/2014 07:30:00,0.445266666667
16/05/2014 07:45:00,0.467733333333
16/05/2014 08:00:00,0.0
16/05/2014 08:15:00,0.0
16/05/2014 08:30:00,0.0
16/05/2014 08:45:00,0.0
16/05/2014 09:00:00,0.0
16/05/2014 09:15:00,0.0
16/05/2014 09:30:00,0.0
16/05/2014 09:45:00,0.0
16/05/2014 10:00:00,0.0
16/05/2014 10:15:00,0.0
16/05/2014 10:30:00,0.0
16/05/2014 10:45:00,0.0
16/05/2014 11:00:00,0.0
16/05/2014 11:15:00,0.0
16/05/2014 11:30:00,0.0
16/05/2014 11:45:00,0.0
16/05/2014 12:00:00,0.0
16/05/2014 12:15:00,0.0
16/05/2014 12:30:00,0.0
16/05/2014 12:45:00,0.0
16/05/2014 13:00:00,0.0
16/05/2014 13:15:00,0.0
16/05/2014 13:30:00,0.0
16/05/2014 13:45:00,0.0
16/05/2014 14:00:00,0.0
16/05/2014 14:15:00,0.0
16/05/2014 14:30:00,0.0
16/05/2014 14:45:00,0.0
16/05/2014 15:00:00,0.0
16/05/2014 15:15:00,0.0
16/05/2014 15:30:00,0.0
16/05/2014 15:45:00,0.0
16/05/2014 16:00:00,0.0
16/05/2014 16:15:00,0.0
16/05/2014 16:30:00,0.0
16/05/2014 16:45:00,0.0
16/05/2014 17:00:00,0.0
16/05/2014 17:15:00,0.0
16/05/2014 17:30:00,0.0
16/05/2014 17:45:00,0.0
16/05/2014 18:00:00,0.0
16/05/2014 18:15:00,0.0
16/05/2014 18:30:00,0.0
16/05/2014 18:45:00,0.0
16/05/2014 19:00:00,0.0
16/05/2014 19:15:00,0.0
16/05/2014 19:30:00,0.0
16/05/2014 19:45:00,0.0
16/05/2014 20:00:00,0.0
16/05/2014 20:15:00,0.0
16/05/2014 20:30:00,0.0
16/05/2014 20:45:00,0.0
16/05/2014 21:00:00,0.0
16/05/2014 21:15:00,0.0
16/05/2014 21:30:00,0.0
16/05/2014 21:45:00,0.0
16/05/2014 22:00:00,0.0
16/05/2014 22:15:00,0.0
16/05/2014 22:30:00,0.0
16/05/2014 22:45:00,0.0
16/05/2014 23:00:00,0.0
16/05/2014 23:15:00,0.0
16/05/2014 23:30:00,0.0
16/05/2014 23:45:00,0.0
17/05/2014 00:00:00,0.0
17/05/2014 00:15:00,0.0
17/05/2014 00:30:00,0.0
17/05/2014 00:45:00,0.0
17/05/2014 01:00:00,0.0
17/05/2014 01:15:00,0.0
17/05/2014 01:30:00,0.0
17/05/2014 01:45:00,0.0
17/05/2014 02:00:00,0.0
17/05/2014 02:15:00,0.0
17/05/2014 02:30:00,0.0
17/05/2014 02:45:00,0.0
17/05/2014 03:00:00,0.0
17/05/2014 03:15:00,0.0
17/05/2014 03:30:00,0.0
17/05/2014 03:45:00,0.0
17/05/2014 04:00:00,0.0
17/05/2014 04:15:00,0.0
17/05/2014 04:30:00,0.0
17/05/2014 04:45:00,0.0
17/05/2014 05:00:00,0.0
17/05/2014 05:15:00,0.0
17/05/2014 05:30:00,0.0
17/05/2014 05:45:00,0.0
17/05/2014 06:00:00,0.0
17/05/2014 06:15:00,0.0
17/05/2014 06:30:00,0.0
17/05/2014 06:45:00,0.0
17/05/2014 07:00:00,0.0
17/05/2014 07:15:00,0.0
17/05/2014 07:30:00,0.0
17/05/2014 07:45:00,0.0
17/05/2014 08:00:00,0.0
17/05/2014 08:15:00,0.0
17/05/2014 08:30:00,0.0
17/05/2014 08:45:00,0.0
17/05/2014 09:00:00,0.0
17/05/2014 09:15:00,0.0
17/05/2014 09:30:00,0.0
17/05/2014 09:45:00,0.0
17/05/2014 10:00:00,0.0
17/05/2014 10:15:00,0.0
17/05/2014 10:30:00,0.0
17/05/2014 10:45:00,0.0
17/05/2014 11:00:00,0.0
17/05/2014 11:15:00,0.0
17/05/2014 11:30:00,0.0
17/05/2014 11:45:00,0.0
17/05/2014 12:00:00,0.0
17/05/2014 12:15:00,0.0
17/05/2014 12:30:00,0.0
17/05/2014 12:45:00,0.0
17/05/2014 13:00:00,0.0
17/05/2014 13:15:00,0.0
17/05/2014 13:30:00,0.0
17/05/2014 13:45:00,0.0
17/05/2014 14:00:00,0.0
17/05/2014 14:15:00,0.0
17/05/2014 14:30:00,0.0
17/05/2014 14:45:00,0.0
17/05/2014 15:00:00,0.0
17/05/2014 15:15:00,0.0
17/05/2014 15:30:00,0.0
17/05/2014 15:45:00,0.0
17/05/2014 16:00:00,0.0
17/05/2014 16:15:00,0.0
17/05/2014 16:30:00,0.0
17/05/2014 16:45:00,0.0
17/05/2014 17:00:00,0.0
17/05/2014 17:15:00,0.0
17/05/2014 17:30:00,0.0
17/05/2014 17:45:00,0.0
17/05/2014 18:00:00,0.0
17/05/2014 18:15:00,0.0
17/05/2014 18:30:00,0.0
17/05/2014 18:45:00,0.0
17/05/2014 19:00:00,0.0
17/05/2014 19:15:00,0.0
17/05/2014 19:30:00,0.0
17/05/2014 19:45:00,0.0
17/05/2014 20:00:00,0.0
17/05/2014 20:15:00,0.0
17/05/2014 20:30:00,0.0
17/05/2014 20:45:00,0.0
17/05/2014 21:00:00,0.0
17/05/2014 21:15:00,0.0
17/05/2014 21:30:00,0.0
17/05/2014 21:45:00,0.0
17/05/2014 22:00:00,0.0
17/05/2014 22:15:00,0.0
17/05/2014 22:30:00,0.0
17/05/2014 22:45:00,0.0
17/05/2014 23:00:00,0.0
17/05/2014 23:15:00,0.0
17/05/2014 23:30:00,0.0
17/05/2014 23:45:00,0.0
18/05/2014 00:00:00,0.0
18/05/2014 00:15:00,0.0
18/05/2014 00:30:00,0.0
18/05/2014 00:45:00,0.0
18/05/2014 01:00:00,0.0
18/05/2014 01:15:00,0.0
18/05/2014 01:30:00,0.0
18/05/2014 01:45:00,0.0
18/05/2014 02:00:00,0.0
18/05/2014 02:15:00,0.0
18/05/2014 02:30:00,0.0
18/05/2014 02:45:00,0.0
18/05/2014 03:00:00,0.0
18/05/2014 03:15:00,0.0
18/05/2014 03:30:00,0.0
18/05/2014 03:45:00,0.0
18/05/2014 04:00:00,0.0
18/05/2014 04:15:00,0.0
18/05/2014 04:30:00,0.0
18/05/2014 04:45:00,0.0
18/05/2014 05:00:00,0.0
18/05/2014 05:15:00,0.0
18/05/2014 05:30:00,0.0
18/05/2014 05:45:00,0.0
18/05/2014 06:00:00,0.0
18/05/2014 06:15:00,0.0
18/05/2014 06:30:00,0.0
18/05/2014 06:45:00,0.0
18/05/2014 07:00:00,0.0
18/05/2014 07:15:00,0.0
18/05/2014 07:30:00,0.0
18/05/2014 07:45:00,0.0
18/05/2014 08:00:00,0.0
18/05/2014 08:15:00,0.0
18/05/2014 08:30:00,0.0
18/05/2014 08:45:00,0.0
18/05/2014 09:00:00,0.0
18/05/2014 09:15:00,0.0
18/05/2014 09:30:00,0.0
18/05/2014 09:45:00,0.0
18/05/2014 10:00:00,0.0
18/05/2014 10:15:00,0.0
18/05/2014 10:30:00,0.0
18/05/2014 10:45:00,0.0
18/05/2014 11:00:00,0.0
18/05/2014 11:15:00,0.0
18/05/2014 11:30:00,0.0
18/05/2014 11:45:00,0.0
18/05/2014 12:00:00,0.0
18/05/2014 12:15:00,0.0
18/05/2014 12:30:00,0.0
18/05/2014 12:45:00,0.0
18/05/2014 13:00:00,0.0
18/05/2014 13:15:00,0.0
18/05/2014 13:30:00,0.0
18/05/2014 13:45:00,0.0
18/05/2014 14:00:00,0.0
18/05/2014 14:15:00,0.0
18/05/2014 14:30:00,0.0
18/05/2014 14:45:00,0.0008
18/05/2014 15:00:00,0.4322
18/05/2014 15:15:00,0.533466666667
18/05/2014 15:30:00,0.0779333333333
18/05/2014 15:45:00,0.1748
18/05/2014 16:00:00,0.383933333333
18/05/2014 16:15:00,0.360266666667
18/05/2014 16:30:00,0.2344
18/05/2014 16:45:00,0.405133333333
18/05/2014 17:00:00,0.309666666667
18/05/2014 17:15:00,0.239666666667
18/05/2014 17:30:00,0.406
18/05/2014 17:45:00,0.2818
18/05/2014 18:00:00,0.0
18/05/2014 18:15:00,0.000533333333333
18/05/2014 18:30:00,0.2404
18/05/2014 18:45:00,0.386733333333
18/05/2014 19:00:00,0.397933333333
18/05/2014 19:15:00,0.0
18/05/2014 19:30:00,0.0
18/05/2014 19:45:00,0.0
18/05/2014 20:00:00,0.0
18/05/2014 20:15:00,0.0
18/05/2014 20:30:00,0.0
18/05/2014 20:45:00,0.0
18/05/2014 21:00:00,0.0016
18/05/2014 21:15:00,0.407533333333
18/05/2014 21:30:00,0.374666666667
18/05/2014 21:45:00,0.0
18/05/2014 22:00:00,0.0
18/05/2014 22:15:00,0.0
18/05/2014 22:30:00,0.0
18/05/2014 22:45:00,0.0
18/05/2014 23:00:00,0.0
18/05/2014 23:15:00,0.0
18/05/2014 23:30:00,0.0
18/05/2014 23:45:00,0.0
19/05/2014 00:00:00,0.0
19/05/2014 00:15:00,0.0
19/05/2014 00:30:00,0.0
19/05/2014 00:45:00,0.0
19/05/2014 01:00:00,0.0
19/05/2014 01:15:00,0.0
19/05/2014 01:30:00,0.0
19/05/2014 01:45:00,0.0
19/05/2014 02:00:00,0.0
19/05/2014 02:15:00,0.0
19/05/2014 02:30:00,0.0
19/05/2014 02:45:00,0.0
19/05/2014 03:00:00,0.0
19/05/2014 03:15:00,0.0
19/05/2014 03:30:00,0.0
19/05/2014 03:45:00,0.0
19/05/2014 04:00:00,0.0
19/05/2014 04:15:00,0.0
19/05/2014 04:30:00,0.0
19/05/2014 04:45:00,0.0
19/05/2014 05:00:00,0.0
19/05/2014 05:15:00,0.0
19/05/2014 05:30:00,0.0
19/05/2014 05:45:00,0.0
19/05/2014 06:00:00,0.0
19/05/2014 06:15:00,0.0
19/05/2014 06:30:00,0.0
19/05/2014 06:45:00,0.0
19/05/2014 07:00:00,0.0
19/05/2014 07:15:00,0.0
19/05/2014 07:30:00,0.0
19/05/2014 07:45:00,0.0
19/05/2014 08:00:00,0.0
19/05/2014 08:15:00,0.0
19/05/2014 08:30:00,0.0
19/05/2014 08:45:00,0.0
19/05/2014 09:00:00,0.0
19/05/2014 09:15:00,0.0
19/05/2014 09:30:00,0.0
19/05/2014 09:45:00,0.0
19/05/2014 10:00:00,0.0
19/05/2014 10:15:00,0.0
19/05/2014 10:30:00,0.0
19/05/2014 10:45:00,0.0
19/05/2014 11:00:00,0.0
19/05/2014 11:15:00,0.0
19/05/2014 11:30:00,0.0
19/05/2014 11:45:00,0.0
19/05/2014 12:00:00,0.0
19/05/2014 12:15:00,0.0
19/05/2014 12:30:00,0.0
19/05/2014 12:45:00,0.0
19/05/2014 13:00:00,0.0
19/05/2014 13:15:00,0.0
19/05/2014 13:30:00,0.0
19/05/2014 13:45:00,0.0
19/05/2014 14:00:00,0.0
19/05/2014 14:15:00,0.0
19/05/2014 14:30:00,0.0
19/05/2014 14:45:00,0.0
19/05/2014 15:00:00,0.0
19/05/2014 15:15:00,0.0
19/05/2014 15:30:00,0.0
19/05/2014 15:45:00,0.0
19/05/2014 16:00:00,0.0
19/05/2014 16:15:00,0.0
19/05/2014 16:30:00,0.0
19/05/2014 16:45:00,0.0
19/05/2014 17:00:00,0.0
19/05/2014 17:15:00,0.0
19/05/2014 17:30:00,0.0
19/05/2014 17:45:00,0.0
19/05/2014 18:00:00,0.0
19/05/2014 18:15:00,0.0
19/05/2014 18:30:00,0.0
19/05/2014 18:45:00,0.0
19/05/2014 19:00:00,0.0
19/05/2014 19:15:00,0.0
19/05/2014 19:30:00,0.0
19/05/2014 19:45:00,0.0
19/05/2014 20:00:00,0.0
19/05/2014 20:15:00,0.0
19/05/2014 20:30:00,0.0
19/05/2014 20:45:00,0.0
19/05/2014 21:00:00,0.0
19/05/2014 21:15:00,0.0
19/05/2014 21:30:00,0.0
19/05/2014 21:45:00,0.0
19/05/2014 22:00:00,0.0
19/05/2014 22:15:00,0.0
19/05/2014 22:30:00,0.0
19/05/2014 22:45:00,0.0
19/05/2014 23:00:00,0.0
19/05/2014 23:15:00,0.0
19/05/2014 23:30:00,0.0
19/05/2014 23:45:00,0.0
20/05/2014 00:00:00,0.0
20/05/2014 00:15:00,0.0
20/05/2014 00:30:00,0.0
20/05/2014 00:45:00,0.0
20/05/2014 01:00:00,0.0
20/05/2014 01:15:00,0.0
20/05/2014 01:30:00,0.0
20/05/2014 01:45:00,0.0
20/05/2014 02:00:00,0.0
20/05/2014 02:15:00,0.0
20/05/2014 02:30:00,0.0
20/05/2014 02:45:00,0.0
20/05/2014 03:00:00,0.0
20/05/2014 03:15:00,0.0
20/05/2014 03:30:00,0.0
20/05/2014 03:45:00,0.0
20/05/2014 04:00:00,0.0
20/05/2014 04:15:00,0.0
20/05/2014 04:30:00,0.0
20/05/2014 04:45:00,0.0
20/05/2014 05:00:00,0.0
20/05/2014 05:15:00,0.0
20/05/2014 05:30:00,0.0
20/05/2014 05:45:00,0.0
20/05/2014 06:00:00,0.0
20/05/2014 06:15:00,0.0
20/05/2014 06:30:00,0.0
20/05/2014 06:45:00,0.0
20/05/2014 07:00:00,0.0
20/05/2014 07:15:00,0.0
20/05/2014 07:30:00,0.0
20/05/2014 07:45:00,0.0
20/05/2014 08:00:00,0.0
20/05/2014 08:15:00,0.0
20/05/2014 08:30:00,0.0
20/05/2014 08:45:00,0.0
20/05/2014 09:00:00,0.0
20/05/2014 09:15:00,0.0
20/05/2014 09:30:00,0.0
20/05/2014 09:45:00,0.0
20/05/2014 10:00:00,0.0
20/05/2014 10:15:00,0.0
20/05/2014 10:30:00,0.0
20/05/2014 10:45:00,0.0
20/05/2014 11:00:00,0.0
20/05/2014 11:15:00,0.0
20/05/2014 11:30:00,0.0
20/05/2014 11:45:00,0.0
20/05/2014 12:00:00,0.0
20/05/2014 12:15:00,0.0
20/05/2014 12:30:00,0.0
20/05/2014 12:45:00,0.0
20/05/2014 13:00:00,0.0
20/05/2014 13:15:00,0.0
20/05/2014 13:30:00,0.0
20/05/2014 13:45:00,0.0
20/05/2014 14:00:00,0.0
20/05/2014 14:15:00,0.0
20/05/2014 14:30:00,0.0
20/05/2014 14:45:00,0.0
20/05/2014 15:00:00,0.0
20/05/2014 15:15:00,0.0
20/05/2014 15:30:00,0.0
20/05/2014 15:45:00,0.0
20/05/2014 16:00:00,0.0
20/05/2014 16:15:00,0.0
20/05/2014 16:30:00,0.0
20/05/2014 16:45:00,0.0
20/05/2014 17:00:00,0.0
20/05/2014 17:15:00,0.0
20/05/2014 17:30:00,0.0
20/05/2014 17:45:00,0.0
20/05/2014 18:00:00,0.0
20/05/2014 18:15:00,0.0
20/05/2014 18:30:00,0.0
20/05/2014 18:45:00,0.0
20/05/2014 19:00:00,0.0
20/05/2014 19:15:00,0.0
20/05/2014 19:30:00,0.0
20/05/2014 19:45:00,0.0
20/05/2014 20:00:00,0.0
20/05/2014 20:15:00,0.0
20/05/2014 20:30:00,0.0
20/05/2014 20:45:00,0.0
20/05/2014 21:00:00,0.0
20/05/2014 21:15:00,0.0
20/05/2014 21:30:00,0.0
20/05/2014 21:45:00,0.0
20/05/2014 22:00:00,0.0
20/05/2014 22:15:00,0.0
20/05/2014 22:30:00,0.0
20/05/2014 22:45:00,0.0
20/05/2014 23:00:00,0.0
20/05/2014 23:15:00,0.0
20/05/2014 23:30:00,0.0
20/05/2014 23:45:00,0.0
21/05/2014 00:00:00,0.0
21/05/2014 00:15:00,0.0
21/05/2014 00:30:00,0.0
21/05/2014 00:45:00,0.0
21/05/2014 01:00:00,0.0
21/05/2014 01:15:00,0.0
21/05/2014 01:30:00,0.0
21/05/2014 01:45:00,0.0
21/05/2014 02:00:00,0.0
21/05/2014 02:15:00,0.0
21/05/2014 02:30:00,0.0
21/05/2014 02:45:00,0.0
21/05/2014 03:00:00,0.0
21/05/2014 03:15:00,0.0
21/05/2014 03:30:00,0.0
21/05/2014 03:45:00,0.0
21/05/2014 04:00:00,0.0
21/05/2014 04:15:00,0.0
21/05/2014 04:30:00,0.0
21/05/2014 04:45:00,0.0
21/05/2014 05:00:00,0.0
21/05/2014 05:15:00,0.0
21/05/2014 05:30:00,0.0
21/05/2014 05:45:00,0.0
21/05/2014 06:00:00,0.0
21/05/2014 06:15:00,0.0
21/05/2014 06:30:00,0.0
21/05/2014 06:45:00,0.0
21/05/2014 07:00:00,0.0
21/05/2014 07:15:00,0.0
21/05/2014 07:30:00,0.0
21/05/2014 07:45:00,0.0
21/05/2014 08:00:00,0.0
21/05/2014 08:15:00,0.0
21/05/2014 08:30:00,0.0
21/05/2014 08:45:00,0.0
21/05/2014 09:00:00,0.0
21/05/2014 09:15:00,0.0
21/05/2014 09:30:00,0.0
21/05/2014 09:45:00,0.0
21/05/2014 10:00:00,0.0
21/05/2014 10:15:00,0.0
21/05/2014 10:30:00,0.0
21/05/2014 10:45:00,0.0
21/05/2014 11:00:00,0.0
21/05/2014 11:15:00,0.0
21/05/2014 11:30:00,0.0
21/05/2014 11:45:00,0.0
21/05/2014 12:00:00,0.0
21/05/2014 12:15:00,0.0
21/05/2014 12:30:00,0.0
21/05/2014 12:45:00,0.0
21/05/2014 13:00:00,0.0
21/05/2014 13:15:00,0.0
21/05/2014 13:30:00,0.0
21/05/2014 13:45:00,0.0
21/05/2014 14:00:00,0.0
21/05/2014 14:15:00,0.0
21/05/2014 14:30:00,0.0
21/05/2014 14:45:00,0.0
21/05/2014 15:00:00,0.0
21/05/2014 15:15:00,0.0
21/05/2014 15:30:00,0.0
21/05/2014 15:45:00,0.0
21/05/2014 16:00:00,0.0
21/05/2014 16:15:00,0.0
21/05/2014 16:30:00,0.0
21/05/2014 16:45:00,0.0
21/05/2014 17:00:00,0.0
21/05/2014 17:15:00,0.0
21/05/2014 17:30:00,0.0
21/05/2014 17:45:00,0.0
21/05/2014 18:00:00,0.0
21/05/2014 18:15:00,0.0
21/05/2014 18:30:00,0.0
21/05/2014 18:45:00,0.0
21/05/2014 19:00:00,0.0
21/05/2014 19:15:00,0.0
21/05/2014 19:30:00,0.0
21/05/2014 19:45:00,0.0
21/05/2014 20:00:00,0.0
21/05/2014 20:15:00,0.0
21/05/2014 20:30:00,0.0
21/05/2014 20:45:00,0.0
21/05/2014 21:00:00,0.0
21/05/2014 21:15:00,0.0
21/05/2014 21:30:00,0.0
21/05/2014 21:45:00,0.0
21/05/2014 22:00:00,0.0
21/05/2014 22:15:00,0.0
21/05/2014 22:30:00,0.0
21/05/2014 22:45:00,0.0
21/05/2014 23:00:00,0.0
21/05/2014 23:15:00,0.0
21/05/2014 23:30:00,0.0
21/05/2014 23:45:00,0.0
22/05/2014 00:00:00,0.0
22/05/2014 00:15:00,0.0
22/05/2014 00:30:00,0.0
22/05/2014 00:45:00,0.0
22/05/2014 01:00:00,0.0
22/05/2014 01:15:00,0.0
22/05/2014 01:30:00,0.0
22/05/2014 01:45:00,0.0
22/05/2014 02:00:00,0.0
22/05/2014 02:15:00,0.0
22/05/2014 02:30:00,0.0
22/05/2014 02:45:00,0.0
22/05/2014 03:00:00,0.0
22/05/2014 03:15:00,0.0
22/05/2014 03:30:00,0.0
22/05/2014 03:45:00,0.0
22/05/2014 04:00:00,0.0
22/05/2014 04:15:00,0.0
22/05/2014 04:30:00,0.0
22/05/2014 04:45:00,0.0
22/05/2014 05:00:00,0.0
22/05/2014 05:15:00,0.0
22/05/2014 05:30:00,0.0
22/05/2014 05:45:00,0.0
22/05/2014 06:00:00,0.0
22/05/2014 06:15:00,0.0
22/05/2014 06:30:00,0.0
22/05/2014 06:45:00,0.0
22/05/2014 07:00:00,0.0
22/05/2014 07:15:00,0.0
22/05/2014 07:30:00,0.0
22/05/2014 07:45:00,0.00133333333333
22/05/2014 08:00:00,0.398333333333
22/05/2014 08:15:00,0.478333333333
22/05/2014 08:30:00,0.0
22/05/2014 08:45:00,0.0
22/05/2014 09:00:00,0.0
22/05/2014 09:15:00,0.0
22/05/2014 09:30:00,0.0
22/05/2014 09:45:00,0.0
22/05/2014 10:00:00,0.0
22/05/2014 10:15:00,0.0
22/05/2014 10:30:00,0.0
22/05/2014 10:45:00,0.0
22/05/2014 11:00:00,0.0
22/05/2014 11:15:00,0.0
22/05/2014 11:30:00,0.0
22/05/2014 11:45:00,0.0
22/05/2014 12:00:00,0.0
22/05/2014 12:15:00,0.0
22/05/2014 12:30:00,0.0
22/05/2014 12:45:00,0.0
22/05/2014 13:00:00,0.0
22/05/2014 13:15:00,0.0
22/05/2014 13:30:00,0.0
22/05/2014 13:45:00,0.0
22/05/2014 14:00:00,0.0
22/05/2014 14:15:00,0.0
22/05/2014 14:30:00,0.0
22/05/2014 14:45:00,0.0
22/05/2014 15:00:00,0.0
22/05/2014 15:15:00,0.0
22/05/2014 15:30:00,0.0
22/05/2014 15:45:00,0.0
22/05/2014 16:00:00,0.0
22/05/2014 16:15:00,0.0
22/05/2014 16:30:00,0.0
22/05/2014 16:45:00,0.0
22/05/2014 17:00:00,0.0
22/05/2014 17:15:00,0.0
22/05/2014 17:30:00,0.0
22/05/2014 17:45:00,0.0
22/05/2014 18:00:00,0.0
22/05/2014 18:15:00,0.0
22/05/2014 18:30:00,0.0
22/05/2014 18:45:00,0.0
22/05/2014 19:00:00,0.0
22/05/2014 19:15:00,0.0
22/05/2014 19:30:00,0.0
22/05/2014 19:45:00,0.0
22/05/2014 20:00:00,0.0
22/05/2014 20:15:00,0.0
22/05/2014 20:30:00,0.0
22/05/2014 20:45:00,0.0
22/05/2014 21:00:00,0.0
22/05/2014 21:15:00,0.0
22/05/2014 21:30:00,0.0
22/05/2014 21:45:00,0.0
22/05/2014 22:00:00,0.0
22/05/2014 22:15:00,0.0
22/05/2014 22:30:00,0.0
22/05/2014 22:45:00,0.0
22/05/2014 23:00:00,0.0
22/05/2014 23:15:00,0.0
22/05/2014 23:30:00,0.0
22/05/2014 23:45:00,0.0
23/05/2014 00:00:00,0.0
23/05/2014 00:15:00,0.0
23/05/2014 00:30:00,0.0
23/05/2014 00:45:00,0.0
23/05/2014 01:00:00,0.0
23/05/2014 01:15:00,0.0
23/05/2014 01:30:00,0.0
23/05/2014 01:45:00,0.0
23/05/2014 02:00:00,0.0
23/05/2014 02:15:00,0.0
23/05/2014 02:30:00,0.0
23/05/2014 02:45:00,0.0
23/05/2014 03:00:00,0.0
23/05/2014 03:15:00,0.0
23/05/2014 03:30:00,0.0
23/05/2014 03:45:00,0.0
23/05/2014 04:00:00,0.0
23/05/2014 04:15:00,0.0
23/05/2014 04:30:00,0.0
23/05/2014 04:45:00,0.0
23/05/2014 05:00:00,0.0
23/05/2014 05:15:00,0.0
23/05/2014 05:30:00,0.0
23/05/2014 05:45:00,0.0
23/05/2014 06:00:00,0.0
23/05/2014 06:15:00,0.0
23/05/2014 06:30:00,0.0
23/05/2014 06:45:00,0.0
23/05/2014 07:00:00,0.0
23/05/2014 07:15:00,0.0
23/05/2014 07:30:00,0.0
23/05/2014 07:45:00,0.0
23/05/2014 08:00:00,0.193466666667
23/05/2014 08:15:00,0.486066666667
23/05/2014 08:30:00,0.248466666667
23/05/2014 08:45:00,0.0
23/05/2014 09:00:00,0.0
23/05/2014 09:15:00,0.0
23/05/2014 09:30:00,0.0
23/05/2014 09:45:00,0.0
23/05/2014 10:00:00,0.0
23/05/2014 10:15:00,0.0
23/05/2014 10:30:00,0.0
23/05/2014 10:45:00,0.0
23/05/2014 11:00:00,0.0
23/05/2014 11:15:00,0.0
23/05/2014 11:30:00,0.0
23/05/2014 11:45:00,0.0
23/05/2014 12:00:00,0.0
23/05/2014 12:15:00,0.0
23/05/2014 12:30:00,0.0
23/05/2014 12:45:00,0.0
23/05/2014 13:00:00,0.0
23/05/2014 13:15:00,0.0
23/05/2014 13:30:00,0.0
23/05/2014 13:45:00,0.0
23/05/2014 14:00:00,0.0
23/05/2014 14:15:00,0.0
23/05/2014 14:30:00,0.0
23/05/2014 14:45:00,0.0
23/05/2014 15:00:00,0.0
23/05/2014 15:15:00,0.0
23/05/2014 15:30:00,0.0
23/05/2014 15:45:00,0.0
23/05/2014 16:00:00,0.0
23/05/2014 16:15:00,0.0
23/05/2014 16:30:00,0.0
23/05/2014 16:45:00,0.0
23/05/2014 17:00:00,0.0
23/05/2014 17:15:00,0.0
23/05/2014 17:30:00,0.0
23/05/2014 17:45:00,0.0
23/05/2014 18:00:00,0.0
23/05/2014 18:15:00,0.0
23/05/2014 18:30:00,0.0
23/05/2014 18:45:00,0.0
23/05/2014 19:00:00,0.0
23/05/2014 19:15:00,0.0
23/05/2014 19:30:00,0.0
23/05/2014 19:45:00,0.0
23/05/2014 20:00:00,0.0
23/05/2014 20:15:00,0.0
23/05/2014 20:30:00,0.0
23/05/2014 20:45:00,0.0
23/05/2014 21:00:00,0.0
23/05/2014 21:15:00,0.0
23/05/2014 21:30:00,0.0
23/05/2014 21:45:00,0.0
23/05/2014 22:00:00,0.0
23/05/2014 22:15:00,0.0
23/05/2014 22:30:00,0.0
23/05/2014 22:45:00,0.0
23/05/2014 23:00:00,0.0
23/05/2014 23:15:00,0.0
23/05/2014 23:30:00,0.0
23/05/2014 23:45:00,0.0
24/05/2014 00:00:00,0.0
24/05/2014 00:15:00,0.0
24/05/2014 00:30:00,0.0
24/05/2014 00:45:00,0.0
24/05/2014 01:00:00,0.0
24/05/2014 01:15:00,0.0
24/05/2014 01:30:00,0.0
24/05/2014 01:45:00,0.0
24/05/2014 02:00:00,0.0
24/05/2014 02:15:00,0.0
24/05/2014 02:30:00,0.0
24/05/2014 02:45:00,0.0
24/05/2014 03:00:00,0.0
24/05/2014 03:15:00,0.0
24/05/2014 03:30:00,0.0
24/05/2014 03:45:00,0.0
24/05/2014 04:00:00,0.0
24/05/2014 04:15:00,0.0
24/05/2014 04:30:00,0.0
24/05/2014 04:45:00,0.0
24/05/2014 05:00:00,0.0
24/05/2014 05:15:00,0.0
24/05/2014 05:30:00,0.0
24/05/2014 05:45:00,0.0
24/05/2014 06:00:00,0.0
24/05/2014 06:15:00,0.0
24/05/2014 06:30:00,0.0
24/05/2014 06:45:00,0.0
24/05/2014 07:00:00,0.0
24/05/2014 07:15:00,0.0
24/05/2014 07:30:00,0.0
24/05/2014 07:45:00,0.0
24/05/2014 08:00:00,0.0
24/05/2014 08:15:00,0.0
24/05/2014 08:30:00,0.0
24/05/2014 08:45:00,0.0
24/05/2014 09:00:00,0.0
24/05/2014 09:15:00,0.0
24/05/2014 09:30:00,0.0
24/05/2014 09:45:00,0.0
24/05/2014 10:00:00,0.0
24/05/2014 10:15:00,0.0
24/05/2014 10:30:00,0.0
24/05/2014 10:45:00,0.0
24/05/2014 11:00:00,0.0
24/05/2014 11:15:00,0.0
24/05/2014 11:30:00,0.0
24/05/2014 11:45:00,0.0
24/05/2014 12:00:00,0.0
24/05/2014 12:15:00,0.0
24/05/2014 12:30:00,0.0
24/05/2014 12:45:00,0.0
24/05/2014 13:00:00,0.0
24/05/2014 13:15:00,0.0
24/05/2014 13:30:00,0.0
24/05/2014 13:45:00,0.0
24/05/2014 14:00:00,0.0
24/05/2014 14:15:00,0.0
24/05/2014 14:30:00,0.0
24/05/2014 14:45:00,0.0
24/05/2014 15:00:00,0.0
24/05/2014 15:15:00,0.0
24/05/2014 15:30:00,0.0
24/05/2014 15:45:00,0.0
24/05/2014 16:00:00,0.0
24/05/2014 16:15:00,0.0
24/05/2014 16:30:00,0.0
24/05/2014 16:45:00,0.0
24/05/2014 17:00:00,0.0
24/05/2014 17:15:00,0.0
24/05/2014 17:30:00,0.0
24/05/2014 17:45:00,0.0
24/05/2014 18:00:00,0.0
24/05/2014 18:15:00,0.0
24/05/2014 18:30:00,0.0
24/05/2014 18:45:00,0.0
24/05/2014 19:00:00,0.0
24/05/2014 19:15:00,0.0
24/05/2014 19:30:00,0.0
24/05/2014 19:45:00,0.0
24/05/2014 20:00:00,0.0
24/05/2014 20:15:00,0.0
24/05/2014 20:30:00,0.0
24/05/2014 20:45:00,0.0
24/05/2014 21:00:00,0.0
24/05/2014 21:15:00,0.0
24/05/2014 21:30:00,0.0
24/05/2014 21:45:00,0.0
24/05/2014 22:00:00,0.0
24/05/2014 22:15:00,0.0
24/05/2014 22:30:00,0.0
24/05/2014 22:45:00,0.0
24/05/2014 23:00:00,0.0
24/05/2014 23:15:00,0.0
24/05/2014 23:30:00,0.0
24/05/2014 23:45:00,0.0
25/05/2014 00:00:00,0.0
25/05/2014 00:15:00,0.0
25/05/2014 00:30:00,0.0
25/05/2014 00:45:00,0.0
25/05/2014 01:00:00,0.0
25/05/2014 01:15:00,0.0
25/05/2014 01:30:00,0.0
25/05/2014 01:45:00,0.0
25/05/2014 02:00:00,0.0
25/05/2014 02:15:00,0.0
25/05/2014 02:30:00,0.0
25/05/2014 02:45:00,0.0
25/05/2014 03:00:00,0.0
25/05/2014 03:15:00,0.0
25/05/2014 03:30:00,0.0
25/05/2014 03:45:00,0.0
25/05/2014 04:00:00,0.0
25/05/2014 04:15:00,0.0
25/05/2014 04:30:00,0.0
25/05/2014 04:45:00,0.0
25/05/2014 05:00:00,0.0
25/05/2014 05:15:00,0.0
25/05/2014 05:30:00,0.0
25/05/2014 05:45:00,0.0
25/05/2014 06:00:00,0.0
25/05/2014 06:15:00,0.0
25/05/2014 06:30:00,0.0
25/05/2014 06:45:00,0.0
25/05/2014 07:00:00,0.0
25/05/2014 07:15:00,0.0
25/05/2014 07:30:00,0.0
25/05/2014 07:45:00,0.0
25/05/2014 08:00:00,0.0
25/05/2014 08:15:00,0.0
25/05/2014 08:30:00,0.0
25/05/2014 08:45:00,0.322466666667
25/05/2014 09:00:00,0.5334
25/05/2014 09:15:00,0.1232
25/05/2014 09:30:00,0.0
25/05/2014 09:45:00,0.0
25/05/2014 10:00:00,0.0
25/05/2014 10:15:00,0.0
25/05/2014 10:30:00,0.0
25/05/2014 10:45:00,0.0
25/05/2014 11:00:00,0.0
25/05/2014 11:15:00,0.0
25/05/2014 11:30:00,0.0
25/05/2014 11:45:00,0.0
25/05/2014 12:00:00,0.0
25/05/2014 12:15:00,0.0
25/05/2014 12:30:00,0.0
25/05/2014 12:45:00,0.0
25/05/2014 13:00:00,0.0
25/05/2014 13:15:00,0.0
25/05/2014 13:30:00,0.0
25/05/2014 13:45:00,0.0
25/05/2014 14:00:00,0.0
25/05/2014 14:15:00,0.0
25/05/2014 14:30:00,0.0
25/05/2014 14:45:00,0.0
25/05/2014 15:00:00,0.0
25/05/2014 15:15:00,0.0
25/05/2014 15:30:00,0.0
25/05/2014 15:45:00,0.0
25/05/2014 16:00:00,0.0
25/05/2014 16:15:00,0.0
25/05/2014 16:30:00,0.0
25/05/2014 16:45:00,0.0
25/05/2014 17:00:00,0.0
25/05/2014 17:15:00,0.0
25/05/2014 17:30:00,0.0
25/05/2014 17:45:00,0.0
25/05/2014 18:00:00,0.0
25/05/2014 18:15:00,0.0
25/05/2014 18:30:00,0.0
25/05/2014 18:45:00,0.0
25/05/2014 19:00:00,0.0
25/05/2014 19:15:00,0.0
25/05/2014 19:30:00,0.0
25/05/2014 19:45:00,0.0
25/05/2014 20:00:00,0.0
25/05/2014 20:15:00,0.0
25/05/2014 20:30:00,0.0
25/05/2014 20:45:00,0.0
25/05/2014 21:00:00,0.0
25/05/2014 21:15:00,0.0
25/05/2014 21:30:00,0.0
25/05/2014 21:45:00,0.0
25/05/2014 22:00:00,0.0
25/05/2014 22:15:00,0.0
25/05/2014 22:30:00,0.0
25/05/2014 22:45:00,0.0
25/05/2014 23:00:00,0.0
25/05/2014 23:15:00,0.0
25/05/2014 23:30:00,0.0
25/05/2014 23:45:00,0.0
26/05/2014 00:00:00,0.0
26/05/2014 00:15:00,0.0
26/05/2014 00:30:00,0.0
26/05/2014 00:45:00,0.0
26/05/2014 01:00:00,0.0
26/05/2014 01:15:00,0.0
26/05/2014 01:30:00,0.0
26/05/2014 01:45:00,0.0
26/05/2014 02:00:00,0.0
26/05/2014 02:15:00,0.0
26/05/2014 02:30:00,0.0
26/05/2014 02:45:00,0.0
26/05/2014 03:00:00,0.0
26/05/2014 03:15:00,0.0
26/05/2014 03:30:00,0.0
26/05/2014 03:45:00,0.0
26/05/2014 04:00:00,0.0
26/05/2014 04:15:00,0.0
26/05/2014 04:30:00,0.0
26/05/2014 04:45:00,0.0
26/05/2014 05:00:00,0.0
26/05/2014 05:15:00,0.0
26/05/2014 05:30:00,0.0
26/05/2014 05:45:00,0.0
26/05/2014 06:00:00,0.0
26/05/2014 06:15:00,0.0
26/05/2014 06:30:00,0.0
26/05/2014 06:45:00,0.0
26/05/2014 07:00:00,0.0
26/05/2014 07:15:00,0.0
26/05/2014 07:30:00,0.0
26/05/2014 07:45:00,0.0
26/05/2014 08:00:00,0.0
26/05/2014 08:15:00,0.0
26/05/2014 08:30:00,0.0
26/05/2014 08:45:00,0.0
26/05/2014 09:00:00,0.0
26/05/2014 09:15:00,0.0
26/05/2014 09:30:00,0.0
26/05/2014 09:45:00,0.0
26/05/2014 10:00:00,0.0
26/05/2014 10:15:00,0.0
26/05/2014 10:30:00,0.0
26/05/2014 10:45:00,0.0
26/05/2014 11:00:00,0.0
26/05/2014 11:15:00,0.0
26/05/2014 11:30:00,0.0
26/05/2014 11:45:00,0.0
26/05/2014 12:00:00,0.0
26/05/2014 12:15:00,0.0
26/05/2014 12:30:00,0.0
26/05/2014 12:45:00,0.0
26/05/2014 13:00:00,0.0
26/05/2014 13:15:00,0.0
26/05/2014 13:30:00,0.0
26/05/2014 13:45:00,0.0
26/05/2014 14:00:00,0.0
26/05/2014 14:15:00,0.0
26/05/2014 14:30:00,0.0
26/05/2014 14:45:00,0.0
26/05/2014 15:00:00,0.0
26/05/2014 15:15:00,0.0
26/05/2014 15:30:00,0.0
26/05/2014 15:45:00,0.0
26/05/2014 16:00:00,0.0
26/05/2014 16:15:00,0.0
26/05/2014 16:30:00,0.0
26/05/2014 16:45:00,0.0
26/05/2014 17:00:00,0.0
26/05/2014 17:15:00,0.0
26/05/2014 17:30:00,0.0
26/05/2014 17:45:00,0.000666666666667
26/05/2014 18:00:00,0.0
26/05/2014 18:15:00,0.0
26/05/2014 18:30:00,0.0
26/05/2014 18:45:00,0.0
26/05/2014 19:00:00,0.0
26/05/2014 19:15:00,0.0
26/05/2014 19:30:00,0.0
26/05/2014 19:45:00,0.0
26/05/2014 20:00:00,0.0
26/05/2014 20:15:00,0.0
26/05/2014 20:30:00,0.0
26/05/2014 20:45:00,0.0
26/05/2014 21:00:00,0.0
26/05/2014 21:15:00,0.0
26/05/2014 21:30:00,0.0
26/05/2014 21:45:00,0.0
26/05/2014 22:00:00,0.0
26/05/2014 22:15:00,0.0
26/05/2014 22:30:00,0.0
26/05/2014 22:45:00,0.0
26/05/2014 23:00:00,0.0
26/05/2014 23:15:00,0.0
26/05/2014 23:30:00,0.0
26/05/2014 23:45:00,0.0
27/05/2014 00:00:00,0.0
27/05/2014 00:15:00,0.0
27/05/2014 00:30:00,0.0
27/05/2014 00:45:00,0.0
27/05/2014 01:00:00,0.0
27/05/2014 01:15:00,0.0
27/05/2014 01:30:00,0.0
27/05/2014 01:45:00,0.0
27/05/2014 02:00:00,0.0
27/05/2014 02:15:00,0.0
27/05/2014 02:30:00,0.0
27/05/2014 02:45:00,0.0
27/05/2014 03:00:00,0.0
27/05/2014 03:15:00,0.0
27/05/2014 03:30:00,0.0
27/05/2014 03:45:00,0.0
27/05/2014 04:00:00,0.0
27/05/2014 04:15:00,0.0
27/05/2014 04:30:00,0.0
27/05/2014 04:45:00,0.0
27/05/2014 05:00:00,0.0
27/05/2014 05:15:00,0.0
27/05/2014 05:30:00,0.0
27/05/2014 05:45:00,0.0
27/05/2014 06:00:00,0.0
27/05/2014 06:15:00,0.0
27/05/2014 06:30:00,0.0
27/05/2014 06:45:00,0.213866666667
27/05/2014 07:00:00,0.486466666667
27/05/2014 07:15:00,0.183666666667
27/05/2014 07:30:00,0.0
27/05/2014 07:45:00,0.0
27/05/2014 08:00:00,0.0
27/05/2014 08:15:00,0.0
27/05/2014 08:30:00,0.0
27/05/2014 08:45:00,0.0
27/05/2014 09:00:00,0.0
27/05/2014 09:15:00,0.0
27/05/2014 09:30:00,0.0
27/05/2014 09:45:00,0.0
27/05/2014 10:00:00,0.0
27/05/2014 10:15:00,0.0
27/05/2014 10:30:00,0.0
27/05/2014 10:45:00,0.0
27/05/2014 11:00:00,0.0
27/05/2014 11:15:00,0.0
27/05/2014 11:30:00,0.0
27/05/2014 11:45:00,0.0
27/05/2014 12:00:00,0.0
27/05/2014 12:15:00,0.0
27/05/2014 12:30:00,0.0
27/05/2014 12:45:00,0.0
27/05/2014 13:00:00,0.0
27/05/2014 13:15:00,0.0
27/05/2014 13:30:00,0.0
27/05/2014 13:45:00,0.0
27/05/2014 14:00:00,0.0
27/05/2014 14:15:00,0.0
27/05/2014 14:30:00,0.0
27/05/2014 14:45:00,0.0
27/05/2014 15:00:00,0.0
27/05/2014 15:15:00,0.0
27/05/2014 15:30:00,0.0
27/05/2014 15:45:00,0.0
27/05/2014 16:00:00,0.0
27/05/2014 16:15:00,0.0
27/05/2014 16:30:00,0.0
27/05/2014 16:45:00,0.0
27/05/2014 17:00:00,0.0
27/05/2014 17:15:00,0.0
27/05/2014 17:30:00,0.0
27/05/2014 17:45:00,0.0
27/05/2014 18:00:00,0.0
27/05/2014 18:15:00,0.0
27/05/2014 18:30:00,0.0
27/05/2014 18:45:00,0.0
27/05/2014 19:00:00,0.0
27/05/2014 19:15:00,0.0
27/05/2014 19:30:00,0.0
27/05/2014 19:45:00,0.0
27/05/2014 20:00:00,0.0
27/05/2014 20:15:00,0.0
27/05/2014 20:30:00,0.0
27/05/2014 20:45:00,0.0
27/05/2014 21:00:00,0.0
27/05/2014 21:15:00,0.0
27/05/2014 21:30:00,0.0
27/05/2014 21:45:00,0.0
27/05/2014 22:00:00,0.0
27/05/2014 22:15:00,0.0
27/05/2014 22:30:00,0.0
27/05/2014 22:45:00,0.0
27/05/2014 23:00:00,0.0
27/05/2014 23:15:00,0.0
27/05/2014 23:30:00,0.0
27/05/2014 23:45:00,0.0
28/05/2014 00:00:00,0.0
28/05/2014 00:15:00,0.0
28/05/2014 00:30:00,0.0
28/05/2014 00:45:00,0.0
28/05/2014 01:00:00,0.0
28/05/2014 01:15:00,0.0
28/05/2014 01:30:00,0.0
28/05/2014 01:45:00,0.0
28/05/2014 02:00:00,0.0
28/05/2014 02:15:00,0.0
28/05/2014 02:30:00,0.0
28/05/2014 02:45:00,0.0
28/05/2014 03:00:00,0.0
28/05/2014 03:15:00,0.0
28/05/2014 03:30:00,0.0
28/05/2014 03:45:00,0.0
28/05/2014 04:00:00,0.0
28/05/2014 04:15:00,0.0
28/05/2014 04:30:00,0.0
28/05/2014 04:45:00,0.0
28/05/2014 05:00:00,0.0
28/05/2014 05:15:00,0.0
28/05/2014 05:30:00,0.0
28/05/2014 05:45:00,0.0
28/05/2014 06:00:00,0.0
28/05/2014 06:15:00,0.0
28/05/2014 06:30:00,0.0
28/05/2014 06:45:00,0.0
28/05/2014 07:00:00,0.0
28/05/2014 07:15:00,0.0
28/05/2014 07:30:00,0.0
28/05/2014 07:45:00,0.0
28/05/2014 08:00:00,0.0
28/05/2014 08:15:00,0.0
28/05/2014 08:30:00,0.0
28/05/2014 08:45:00,0.0
28/05/2014 09:00:00,0.0
28/05/2014 09:15:00,0.0
28/05/2014 09:30:00,0.0
28/05/2014 09:45:00,0.0
28/05/2014 10:00:00,0.0
28/05/2014 10:15:00,0.0
28/05/2014 10:30:00,0.0
28/05/2014 10:45:00,0.257266666667
28/05/2014 11:00:00,0.569866666667
28/05/2014 11:15:00,0.0996666666667
28/05/2014 11:30:00,0.0008
28/05/2014 11:45:00,0.305533333333
28/05/2014 12:00:00,0.507533333333
28/05/2014 12:15:00,0.130666666667
28/05/2014 12:30:00,0.0
28/05/2014 12:45:00,0.0
28/05/2014 13:00:00,0.0
28/05/2014 13:15:00,0.0
28/05/2014 13:30:00,0.0
28/05/2014 13:45:00,0.0
28/05/2014 14:00:00,0.0
28/05/2014 14:15:00,0.0
28/05/2014 14:30:00,0.0
28/05/2014 14:45:00,0.0
28/05/2014 15:00:00,0.0
28/05/2014 15:15:00,0.0
28/05/2014 15:30:00,0.0
28/05/2014 15:45:00,0.0
28/05/2014 16:00:00,0.0
28/05/2014 16:15:00,0.0
28/05/2014 16:30:00,0.0
28/05/2014 16:45:00,0.0
28/05/2014 17:00:00,0.0
28/05/2014 17:15:00,0.0
28/05/2014 17:30:00,0.0
28/05/2014 17:45:00,0.0
28/05/2014 18:00:00,0.0
28/05/2014 18:15:00,0.0
28/05/2014 18:30:00,0.0
28/05/2014 18:45:00,0.0
28/05/2014 19:00:00,0.0
28/05/2014 19:15:00,0.0
28/05/2014 19:30:00,0.0
28/05/2014 19:45:00,0.0
28/05/2014 20:00:00,0.0
28/05/2014 20:15:00,0.0
28/05/2014 20:30:00,0.0
28/05/2014 20:45:00,0.0
28/05/2014 21:00:00,0.0
28/05/2014 21:15:00,0.0
28/05/2014 21:30:00,0.0
28/05/2014 21:45:00,0.0
28/05/2014 22:00:00,0.0
28/05/2014 22:15:00,0.0
28/05/2014 22:30:00,0.0
28/05/2014 22:45:00,0.0
28/05/2014 23:00:00,0.0
28/05/2014 23:15:00,0.0
28/05/2014 23:30:00,0.0
28/05/2014 23:45:00,0.0
29/05/2014 00:00:00,0.0
29/05/2014 00:15:00,0.0
29/05/2014 00:30:00,0.0
29/05/2014 00:45:00,0.0
29/05/2014 01:00:00,0.0
29/05/2014 01:15:00,0.0
29/05/2014 01:30:00,0.0
29/05/2014 01:45:00,0.0
29/05/2014 02:00:00,0.0
29/05/2014 02:15:00,0.0
29/05/2014 02:30:00,0.0
29/05/2014 02:45:00,0.0
29/05/2014 03:00:00,0.0
29/05/2014 03:15:00,0.0
29/05/2014 03:30:00,0.0
29/05/2014 03:45:00,0.0
29/05/2014 04:00:00,0.0
29/05/2014 04:15:00,0.0
29/05/2014 04:30:00,0.0
29/05/2014 04:45:00,0.0
29/05/2014 05:00:00,0.0
29/05/2014 05:15:00,0.0
29/05/2014 05:30:00,0.0
29/05/2014 05:45:00,0.0
29/05/2014 06:00:00,0.0
29/05/2014 06:15:00,0.0
29/05/2014 06:30:00,0.0
29/05/2014 06:45:00,0.0
29/05/2014 07:00:00,0.0
29/05/2014 07:15:00,0.0
29/05/2014 07:30:00,0.0
29/05/2014 07:45:00,0.0
29/05/2014 08:00:00,0.0
29/05/2014 08:15:00,0.0
29/05/2014 08:30:00,0.0
29/05/2014 08:45:00,0.0
29/05/2014 09:00:00,0.0
29/05/2014 09:15:00,0.0
29/05/2014 09:30:00,0.0
29/05/2014 09:45:00,0.0
29/05/2014 10:00:00,0.0
29/05/2014 10:15:00,0.0
29/05/2014 10:30:00,0.0
29/05/2014 10:45:00,0.0
29/05/2014 11:00:00,0.0
29/05/2014 11:15:00,0.0
29/05/2014 11:30:00,0.0
29/05/2014 11:45:00,0.0
29/05/2014 12:00:00,0.0
29/05/2014 12:15:00,0.0
29/05/2014 12:30:00,0.0
29/05/2014 12:45:00,0.0
29/05/2014 13:00:00,0.0
29/05/2014 13:15:00,0.0
29/05/2014 13:30:00,0.0
29/05/2014 13:45:00,0.0
29/05/2014 14:00:00,0.0
29/05/2014 14:15:00,0.0
29/05/2014 14:30:00,0.0
29/05/2014 14:45:00,0.0
29/05/2014 15:00:00,0.0
29/05/2014 15:15:00,0.0
29/05/2014 15:30:00,0.0
29/05/2014 15:45:00,0.0
29/05/2014 16:00:00,0.0
29/05/2014 16:15:00,0.0
29/05/2014 16:30:00,0.0
29/05/2014 16:45:00,0.0
29/05/2014 17:00:00,0.0
29/05/2014 17:15:00,0.0
29/05/2014 17:30:00,0.0
29/05/2014 17:45:00,0.0
29/05/2014 18:00:00,0.0
29/05/2014 18:15:00,0.0
29/05/2014 18:30:00,0.0
29/05/2014 18:45:00,0.0
29/05/2014 19:00:00,0.0
29/05/2014 19:15:00,0.0
29/05/2014 19:30:00,0.0
29/05/2014 19:45:00,0.0
29/05/2014 20:00:00,0.0
29/05/2014 20:15:00,0.0
29/05/2014 20:30:00,0.0
29/05/2014 20:45:00,0.0
29/05/2014 21:00:00,0.0
29/05/2014 21:15:00,0.0
29/05/2014 21:30:00,0.0
29/05/2014 21:45:00,0.0
29/05/2014 22:00:00,0.0
29/05/2014 22:15:00,0.0
29/05/2014 22:30:00,0.0
29/05/2014 22:45:00,0.0
29/05/2014 23:00:00,0.0
29/05/2014 23:15:00,0.0
29/05/2014 23:30:00,0.0
29/05/2014 23:45:00,0.0
30/05/2014 00:00:00,0.0
30/05/2014 00:15:00,0.0
30/05/2014 00:30:00,0.0
30/05/2014 00:45:00,0.0
30/05/2014 01:00:00,0.0
30/05/2014 01:15:00,0.0
30/05/2014 01:30:00,0.0
30/05/2014 01:45:00,0.0
30/05/2014 02:00:00,0.0
30/05/2014 02:15:00,0.0
30/05/2014 02:30:00,0.0
30/05/2014 02:45:00,0.0
30/05/2014 03:00:00,0.0
30/05/2014 03:15:00,0.0
30/05/2014 03:30:00,0.0
30/05/2014 03:45:00,0.0
30/05/2014 04:00:00,0.0
30/05/2014 04:15:00,0.0
30/05/2014 04:30:00,0.0
30/05/2014 04:45:00,0.0
30/05/2014 05:00:00,0.0
30/05/2014 05:15:00,0.0
30/05/2014 05:30:00,0.0
30/05/2014 05:45:00,0.0
30/05/2014 06:00:00,0.0
30/05/2014 06:15:00,0.0
30/05/2014 06:30:00,0.0
30/05/2014 06:45:00,0.0
30/05/2014 07:00:00,0.0
30/05/2014 07:15:00,0.0
30/05/2014 07:30:00,0.0
30/05/2014 07:45:00,0.0
30/05/2014 08:00:00,0.0
30/05/2014 08:15:00,0.0
30/05/2014 08:30:00,0.0
30/05/2014 08:45:00,0.0
30/05/2014 09:00:00,0.0
30/05/2014 09:15:00,0.0
30/05/2014 09:30:00,0.0
30/05/2014 09:45:00,0.0
30/05/2014 10:00:00,0.0
30/05/2014 10:15:00,0.0
30/05/2014 10:30:00,0.0
30/05/2014 10:45:00,0.0
30/05/2014 11:00:00,0.0
30/05/2014 11:15:00,0.0
30/05/2014 11:30:00,0.0
30/05/2014 11:45:00,0.0
30/05/2014 12:00:00,0.0
30/05/2014 12:15:00,0.0
30/05/2014 12:30:00,0.0
30/05/2014 12:45:00,0.0
30/05/2014 13:00:00,0.0
30/05/2014 13:15:00,0.0
30/05/2014 13:30:00,0.0
30/05/2014 13:45:00,0.0
30/05/2014 14:00:00,0.0
30/05/2014 14:15:00,0.0
30/05/2014 14:30:00,0.0
30/05/2014 14:45:00,0.0
30/05/2014 15:00:00,0.0
30/05/2014 15:15:00,0.0
30/05/2014 15:30:00,0.0
30/05/2014 15:45:00,0.0
30/05/2014 16:00:00,0.0
30/05/2014 16:15:00,0.0
30/05/2014 16:30:00,0.0
30/05/2014 16:45:00,0.0
30/05/2014 17:00:00,0.0
30/05/2014 17:15:00,0.0
30/05/2014 17:30:00,0.0
30/05/2014 17:45:00,0.0
30/05/2014 18:00:00,0.0
30/05/2014 18:15:00,0.0
30/05/2014 18:30:00,0.0
30/05/2014 18:45:00,0.0
30/05/2014 19:00:00,0.0
30/05/2014 19:15:00,0.0
30/05/2014 19:30:00,0.0
30/05/2014 19:45:00,0.0
30/05/2014 20:00:00,0.0
30/05/2014 20:15:00,0.0
30/05/2014 20:30:00,0.0
30/05/2014 20:45:00,0.0
30/05/2014 21:00:00,0.0
30/05/2014 21:15:00,0.0
30/05/2014 21:30:00,0.0
30/05/2014 21:45:00,0.0
30/05/2014 22:00:00,0.0
30/05/2014 22:15:00,0.0
30/05/2014 22:30:00,0.0
30/05/2014 22:45:00,0.0
30/05/2014 23:00:00,0.0
30/05/2014 23:15:00,0.0
30/05/2014 23:30:00,0.0
30/05/2014 23:45:00,0.0
31/05/2014 00:00:00,0.0
31/05/2014 00:15:00,0.0
31/05/2014 00:30:00,0.0
31/05/2014 00:45:00,0.0
31/05/2014 01:00:00,0.0
31/05/2014 01:15:00,0.0
31/05/2014 01:30:00,0.0
31/05/2014 01:45:00,0.0
31/05/2014 02:00:00,0.0
31/05/2014 02:15:00,0.0
31/05/2014 02:30:00,0.0
31/05/2014 02:45:00,0.0
31/05/2014 03:00:00,0.0
31/05/2014 03:15:00,0.0
31/05/2014 03:30:00,0.0
31/05/2014 03:45:00,0.0
31/05/2014 04:00:00,0.0
31/05/2014 04:15:00,0.0
31/05/2014 04:30:00,0.0
31/05/2014 04:45:00,0.0
31/05/2014 05:00:00,0.0
31/05/2014 05:15:00,0.0
31/05/2014 05:30:00,0.0
31/05/2014 05:45:00,0.0
31/05/2014 06:00:00,0.0
31/05/2014 06:15:00,0.0
31/05/2014 06:30:00,0.0
31/05/2014 06:45:00,0.0
31/05/2014 07:00:00,0.0
31/05/2014 07:15:00,0.0
31/05/2014 07:30:00,0.0
31/05/2014 07:45:00,0.0
31/05/2014 08:00:00,0.0
31/05/2014 08:15:00,0.0
31/05/2014 08:30:00,0.0
31/05/2014 08:45:00,0.0
31/05/2014 09:00:00,0.0
31/05/2014 09:15:00,0.0
31/05/2014 09:30:00,0.001
31/05/2014 09:45:00,0.2868
31/05/2014 10:00:00,0.582733333333
31/05/2014 10:15:00,0.1944
31/05/2014 10:30:00,0.0
31/05/2014 10:45:00,0.0
31/05/2014 11:00:00,0.0
31/05/2014 11:15:00,0.0
31/05/2014 11:30:00,0.0
31/05/2014 11:45:00,0.0
31/05/2014 12:00:00,0.0
31/05/2014 12:15:00,0.0
31/05/2014 12:30:00,0.0
31/05/2014 12:45:00,0.0
31/05/2014 13:00:00,0.0
31/05/2014 13:15:00,0.0
31/05/2014 13:30:00,0.0
31/05/2014 13:45:00,0.0
31/05/2014 14:00:00,0.0
31/05/2014 14:15:00,0.0
31/05/2014 14:30:00,0.0
31/05/2014 14:45:00,0.0
31/05/2014 15:00:00,0.0
31/05/2014 15:15:00,0.0
31/05/2014 15:30:00,0.0
31/05/2014 15:45:00,0.0
31/05/2014 16:00:00,0.0
31/05/2014 16:15:00,0.0
31/05/2014 16:30:00,0.0
31/05/2014 16:45:00,0.0
31/05/2014 17:00:00,0.0
31/05/2014 17:15:00,0.0
31/05/2014 17:30:00,0.0
31/05/2014 17:45:00,0.0
31/05/2014 18:00:00,0.0
31/05/2014 18:15:00,0.0
31/05/2014 18:30:00,0.0
31/05/2014 18:45:00,0.0
31/05/2014 19:00:00,0.0
31/05/2014 19:15:00,0.0
31/05/2014 19:30:00,0.0
31/05/2014 19:45:00,0.0
31/05/2014 20:00:00,0.0
31/05/2014 20:15:00,0.0
31/05/2014 20:30:00,0.0
31/05/2014 20:45:00,0.0
31/05/2014 21:00:00,0.0
31/05/2014 21:15:00,0.0
31/05/2014 21:30:00,0.0
31/05/2014 21:45:00,0.0
31/05/2014 22:00:00,0.0
31/05/2014 22:15:00,0.0
31/05/2014 22:30:00,0.0
31/05/2014 22:45:00,0.0
31/05/2014 23:00:00,0.0
31/05/2014 23:15:00,0.0
31/05/2014 23:30:00,0.0
31/05/2014 23:45:00,0.0
01/06/2014 00:00:00,0.0
01/06/2014 00:15:00,0.0
01/06/2014 00:30:00,0.0
01/06/2014 00:45:00,0.0
01/06/2014 01:00:00,0.0
01/06/2014 01:15:00,0.0
01/06/2014 01:30:00,0.0
01/06/2014 01:45:00,0.0
01/06/2014 02:00:00,0.0
01/06/2014 02:15:00,0.0
01/06/2014 02:30:00,0.0
01/06/2014 02:45:00,0.0
01/06/2014 03:00:00,0.0
01/06/2014 03:15:00,0.0
01/06/2014 03:30:00,0.0
01/06/2014 03:45:00,0.0
01/06/2014 04:00:00,0.0
01/06/2014 04:15:00,0.0
01/06/2014 04:30:00,0.0
01/06/2014 04:45:00,0.0
01/06/2014 05:00:00,0.0
01/06/2014 05:15:00,0.0
01/06/2014 05:30:00,0.0
01/06/2014 05:45:00,0.0
01/06/2014 06:00:00,0.0
01/06/2014 06:15:00,0.0
01/06/2014 06:30:00,0.0
01/06/2014 06:45:00,0.0
01/06/2014 07:00:00,0.0
01/06/2014 07:15:00,0.0
01/06/2014 07:30:00,0.0
01/06/2014 07:45:00,0.0
01/06/2014 08:00:00,0.0
01/06/2014 08:15:00,0.0
01/06/2014 08:30:00,0.0
01/06/2014 08:45:00,0.0
01/06/2014 09:00:00,0.0
01/06/2014 09:15:00,0.0
01/06/2014 09:30:00,0.0
01/06/2014 09:45:00,0.1524
01/06/2014 10:00:00,0.5924
01/06/2014 10:15:00,0.391
01/06/2014 10:30:00,0.1526
01/06/2014 10:45:00,0.348733333333
01/06/2014 11:00:00,0.2936
01/06/2014 11:15:00,0.201333333333
01/06/2014 11:30:00,0.0
01/06/2014 11:45:00,0.0
01/06/2014 12:00:00,0.0
01/06/2014 12:15:00,0.0
01/06/2014 12:30:00,0.0
01/06/2014 12:45:00,0.0
01/06/2014 13:00:00,0.0
01/06/2014 13:15:00,0.0
01/06/2014 13:30:00,0.0
01/06/2014 13:45:00,0.0
01/06/2014 14:00:00,0.0
01/06/2014 14:15:00,0.0
01/06/2014 14:30:00,0.0
01/06/2014 14:45:00,0.0
01/06/2014 15:00:00,0.0
01/06/2014 15:15:00,0.0
01/06/2014 15:30:00,0.0
01/06/2014 15:45:00,0.0
01/06/2014 16:00:00,0.0
01/06/2014 16:15:00,0.155066666667
01/06/2014 16:30:00,0.339733333333
01/06/2014 16:45:00,0.243066666667
01/06/2014 17:00:00,0.0
01/06/2014 17:15:00,0.0
01/06/2014 17:30:00,0.0
01/06/2014 17:45:00,0.00106666666667
01/06/2014 18:00:00,0.3322
01/06/2014 18:15:00,0.3418
01/06/2014 18:30:00,0.0
01/06/2014 18:45:00,0.0308666666667
01/06/2014 19:00:00,0.349933333333
01/06/2014 19:15:00,0.342133333333
01/06/2014 19:30:00,0.0
01/06/2014 19:45:00,0.0
01/06/2014 20:00:00,0.178866666667
01/06/2014 20:15:00,0.3234
01/06/2014 20:30:00,0.2256
01/06/2014 20:45:00,0.0
01/06/2014 21:00:00,0.0
01/06/2014 21:15:00,0.0
01/06/2014 21:30:00,0.0
01/06/2014 21:45:00,0.0
01/06/2014 22:00:00,0.0
01/06/2014 22:15:00,0.0
01/06/2014 22:30:00,0.0
01/06/2014 22:45:00,0.0
01/06/2014 23:00:00,0.0
01/06/2014 23:15:00,0.0
01/06/2014 23:30:00,0.0
01/06/2014 23:45:00,0.0
02/06/2014 00:00:00,0.0
02/06/2014 00:15:00,0.0
02/06/2014 00:30:00,0.0
02/06/2014 00:45:00,0.0
02/06/2014 01:00:00,0.0
02/06/2014 01:15:00,0.0
02/06/2014 01:30:00,0.0
02/06/2014 01:45:00,0.0
02/06/2014 02:00:00,0.0
02/06/2014 02:15:00,0.0
02/06/2014 02:30:00,0.0
02/06/2014 02:45:00,0.0
02/06/2014 03:00:00,0.0
02/06/2014 03:15:00,0.0
02/06/2014 03:30:00,0.0
02/06/2014 03:45:00,0.0
02/06/2014 04:00:00,0.0
02/06/2014 04:15:00,0.0
02/06/2014 04:30:00,0.0
02/06/2014 04:45:00,0.0
02/06/2014 05:00:00,0.0
02/06/2014 05:15:00,0.0
02/06/2014 05:30:00,0.0
02/06/2014 05:45:00,0.0
02/06/2014 06:00:00,0.0
02/06/2014 06:15:00,0.0
02/06/2014 06:30:00,0.0
02/06/2014 06:45:00,0.0
02/06/2014 07:00:00,0.0
02/06/2014 07:15:00,0.0
02/06/2014 07:30:00,0.0
02/06/2014 07:45:00,0.0
02/06/2014 08:00:00,0.0
02/06/2014 08:15:00,0.0
02/06/2014 08:30:00,0.0
02/06/2014 08:45:00,0.0
02/06/2014 09:00:00,0.0
02/06/2014 09:15:00,0.0
02/06/2014 09:30:00,0.0
02/06/2014 09:45:00,0.0
02/06/2014 10:00:00,0.0
02/06/2014 10:15:00,0.0
02/06/2014 10:30:00,0.0
02/06/2014 10:45:00,0.0
02/06/2014 11:00:00,0.0
02/06/2014 11:15:00,0.0
02/06/2014 11:30:00,0.0
02/06/2014 11:45:00,0.0
02/06/2014 12:00:00,0.0
02/06/2014 12:15:00,0.0
02/06/2014 12:30:00,0.0
02/06/2014 12:45:00,0.0
02/06/2014 13:00:00,0.0
02/06/2014 13:15:00,0.0
02/06/2014 13:30:00,0.0
02/06/2014 13:45:00,0.0
02/06/2014 14:00:00,0.0
02/06/2014 14:15:00,0.0
02/06/2014 14:30:00,0.0
02/06/2014 14:45:00,0.0
02/06/2014 15:00:00,0.0
02/06/2014 15:15:00,0.0
02/06/2014 15:30:00,0.0
02/06/2014 15:45:00,0.0
02/06/2014 16:00:00,0.0
02/06/2014 16:15:00,0.0
02/06/2014 16:30:00,0.0
02/06/2014 16:45:00,0.0
02/06/2014 17:00:00,0.0
02/06/2014 17:15:00,0.0
02/06/2014 17:30:00,0.0
02/06/2014 17:45:00,0.0
02/06/2014 18:00:00,0.0
02/06/2014 18:15:00,0.0
02/06/2014 18:30:00,0.0
02/06/2014 18:45:00,0.0
02/06/2014 19:00:00,0.0
02/06/2014 19:15:00,0.0
02/06/2014 19:30:00,0.0
02/06/2014 19:45:00,0.0
02/06/2014 20:00:00,0.0
02/06/2014 20:15:00,0.0
02/06/2014 20:30:00,0.0
02/06/2014 20:45:00,0.0
02/06/2014 21:00:00,0.0
02/06/2014 21:15:00,0.0
02/06/2014 21:30:00,0.0
02/06/2014 21:45:00,0.0
02/06/2014 22:00:00,0.0
02/06/2014 22:15:00,0.0
02/06/2014 22:30:00,0.0
02/06/2014 22:45:00,0.0
02/06/2014 23:00:00,0.0
02/06/2014 23:15:00,0.0
02/06/2014 23:30:00,0.0
02/06/2014 23:45:00,0.0
03/06/2014 00:00:00,0.0
03/06/2014 00:15:00,0.0
03/06/2014 00:30:00,0.0
03/06/2014 00:45:00,0.0
03/06/2014 01:00:00,0.0
03/06/2014 01:15:00,0.0
03/06/2014 01:30:00,0.0
03/06/2014 01:45:00,0.0
03/06/2014 02:00:00,0.0
03/06/2014 02:15:00,0.0
03/06/2014 02:30:00,0.0
03/06/2014 02:45:00,0.0
03/06/2014 03:00:00,0.0
03/06/2014 03:15:00,0.0
03/06/2014 03:30:00,0.0
03/06/2014 03:45:00,0.0
03/06/2014 04:00:00,0.0
03/06/2014 04:15:00,0.0
03/06/2014 04:30:00,0.0
03/06/2014 04:45:00,0.0
03/06/2014 05:00:00,0.0
03/06/2014 05:15:00,0.0
03/06/2014 05:30:00,0.0
03/06/2014 05:45:00,0.0
03/06/2014 06:00:00,0.0
03/06/2014 06:15:00,0.0
03/06/2014 06:30:00,0.0
03/06/2014 06:45:00,0.0
03/06/2014 07:00:00,0.0
03/06/2014 07:15:00,0.0
03/06/2014 07:30:00,0.0
03/06/2014 07:45:00,0.0
03/06/2014 08:00:00,0.0
03/06/2014 08:15:00,0.0
03/06/2014 08:30:00,0.0
03/06/2014 08:45:00,0.0
03/06/2014 09:00:00,0.0
03/06/2014 09:15:00,0.0
03/06/2014 09:30:00,0.0
03/06/2014 09:45:00,0.0
03/06/2014 10:00:00,0.0
03/06/2014 10:15:00,0.0
03/06/2014 10:30:00,0.0
03/06/2014 10:45:00,0.0
03/06/2014 11:00:00,0.0
03/06/2014 11:15:00,0.0
03/06/2014 11:30:00,0.0
03/06/2014 11:45:00,0.0
03/06/2014 12:00:00,0.0
03/06/2014 12:15:00,0.0
03/06/2014 12:30:00,0.0
03/06/2014 12:45:00,0.0
03/06/2014 13:00:00,0.0
03/06/2014 13:15:00,0.0
03/06/2014 13:30:00,0.0
03/06/2014 13:45:00,0.0
03/06/2014 14:00:00,0.0
03/06/2014 14:15:00,0.0
03/06/2014 14:30:00,0.0
03/06/2014 14:45:00,0.0
03/06/2014 15:00:00,0.0
03/06/2014 15:15:00,0.0
03/06/2014 15:30:00,0.0
03/06/2014 15:45:00,0.0
03/06/2014 16:00:00,0.0
03/06/2014 16:15:00,0.0
03/06/2014 16:30:00,0.0
03/06/2014 16:45:00,0.0
03/06/2014 17:00:00,0.0
03/06/2014 17:15:00,0.0
03/06/2014 17:30:00,0.0
03/06/2014 17:45:00,0.0
03/06/2014 18:00:00,0.0
03/06/2014 18:15:00,0.0
03/06/2014 18:30:00,0.0
03/06/2014 18:45:00,0.0
03/06/2014 19:00:00,0.0
03/06/2014 19:15:00,0.0
03/06/2014 19:30:00,0.0
03/06/2014 19:45:00,0.0
03/06/2014 20:00:00,0.0
03/06/2014 20:15:00,0.0
03/06/2014 20:30:00,0.0
03/06/2014 20:45:00,0.0
03/06/2014 21:00:00,0.0
03/06/2014 21:15:00,0.0
03/06/2014 21:30:00,0.0
03/06/2014 21:45:00,0.0
03/06/2014 22:00:00,0.0
03/06/2014 22:15:00,0.0
03/06/2014 22:30:00,0.0
03/06/2014 22:45:00,0.0
03/06/2014 23:00:00,0.0
03/06/2014 23:15:00,0.0
03/06/2014 23:30:00,0.0
03/06/2014 23:45:00,0.0
04/06/2014 00:00:00,0.0
04/06/2014 00:15:00,0.0
04/06/2014 00:30:00,0.0
04/06/2014 00:45:00,0.0
04/06/2014 01:00:00,0.0
04/06/2014 01:15:00,0.0
04/06/2014 01:30:00,0.0
04/06/2014 01:45:00,0.0
04/06/2014 02:00:00,0.0
04/06/2014 02:15:00,0.0
04/06/2014 02:30:00,0.0
04/06/2014 02:45:00,0.0
04/06/2014 03:00:00,0.0
04/06/2014 03:15:00,0.0
04/06/2014 03:30:00,0.0
04/06/2014 03:45:00,0.0
04/06/2014 04:00:00,0.0
04/06/2014 04:15:00,0.0
04/06/2014 04:30:00,0.0
04/06/2014 04:45:00,0.0
04/06/2014 05:00:00,0.0
04/06/2014 05:15:00,0.0
04/06/2014 05:30:00,0.0
04/06/2014 05:45:00,0.0
04/06/2014 06:00:00,0.0
04/06/2014 06:15:00,0.0
04/06/2014 06:30:00,0.0
04/06/2014 06:45:00,0.0
04/06/2014 07:00:00,0.0
04/06/2014 07:15:00,0.0
04/06/2014 07:30:00,0.0
04/06/2014 07:45:00,0.0
04/06/2014 08:00:00,0.0
04/06/2014 08:15:00,0.0
04/06/2014 08:30:00,0.1584
04/06/2014 08:45:00,0.352933333333
04/06/2014 09:00:00,0.4098
04/06/2014 09:15:00,0.0
04/06/2014 09:30:00,0.0
04/06/2014 09:45:00,0.0
04/06/2014 10:00:00,0.0
04/06/2014 10:15:00,0.0
04/06/2014 10:30:00,0.0
04/06/2014 10:45:00,0.0
04/06/2014 11:00:00,0.0
04/06/2014 11:15:00,0.0
04/06/2014 11:30:00,0.0
04/06/2014 11:45:00,0.0
04/06/2014 12:00:00,0.0
04/06/2014 12:15:00,0.0
04/06/2014 12:30:00,0.0
04/06/2014 12:45:00,0.0
04/06/2014 13:00:00,0.0
04/06/2014 13:15:00,0.0
04/06/2014 13:30:00,0.0
04/06/2014 13:45:00,0.0
04/06/2014 14:00:00,0.0
04/06/2014 14:15:00,0.0
04/06/2014 14:30:00,0.0
04/06/2014 14:45:00,0.0
04/06/2014 15:00:00,0.0
04/06/2014 15:15:00,0.0
04/06/2014 15:30:00,0.0
04/06/2014 15:45:00,0.0
04/06/2014 16:00:00,0.0
04/06/2014 16:15:00,0.0
04/06/2014 16:30:00,0.0
04/06/2014 16:45:00,0.0
04/06/2014 17:00:00,0.0
04/06/2014 17:15:00,0.0
04/06/2014 17:30:00,0.0
04/06/2014 17:45:00,0.0
04/06/2014 18:00:00,0.0
04/06/2014 18:15:00,0.0
04/06/2014 18:30:00,0.0
04/06/2014 18:45:00,0.0
04/06/2014 19:00:00,0.0
04/06/2014 19:15:00,0.0
04/06/2014 19:30:00,0.0
04/06/2014 19:45:00,0.0
04/06/2014 20:00:00,0.0
04/06/2014 20:15:00,0.0
04/06/2014 20:30:00,0.0
04/06/2014 20:45:00,0.0
04/06/2014 21:00:00,0.0
04/06/2014 21:15:00,0.0
04/06/2014 21:30:00,0.0
04/06/2014 21:45:00,0.0
04/06/2014 22:00:00,0.0
04/06/2014 22:15:00,0.0
04/06/2014 22:30:00,0.0
04/06/2014 22:45:00,0.0
04/06/2014 23:00:00,0.0
04/06/2014 23:15:00,0.0
04/06/2014 23:30:00,0.0
04/06/2014 23:45:00,0.0
05/06/2014 00:00:00,0.0
05/06/2014 00:15:00,0.0
05/06/2014 00:30:00,0.0
05/06/2014 00:45:00,0.0
05/06/2014 01:00:00,0.0
05/06/2014 01:15:00,0.0
05/06/2014 01:30:00,0.0
05/06/2014 01:45:00,0.0
05/06/2014 02:00:00,0.0
05/06/2014 02:15:00,0.0
05/06/2014 02:30:00,0.0
05/06/2014 02:45:00,0.0
05/06/2014 03:00:00,0.0
05/06/2014 03:15:00,0.0
05/06/2014 03:30:00,0.0
05/06/2014 03:45:00,0.0
05/06/2014 04:00:00,0.0
05/06/2014 04:15:00,0.0
05/06/2014 04:30:00,0.0
05/06/2014 04:45:00,0.0
05/06/2014 05:00:00,0.0
05/06/2014 05:15:00,0.0
05/06/2014 05:30:00,0.0
05/06/2014 05:45:00,0.0
05/06/2014 06:00:00,0.0
05/06/2014 06:15:00,0.0
05/06/2014 06:30:00,0.0
05/06/2014 06:45:00,0.0
05/06/2014 07:00:00,0.0
05/06/2014 07:15:00,0.0
05/06/2014 07:30:00,0.0
05/06/2014 07:45:00,0.0
05/06/2014 08:00:00,0.0
05/06/2014 08:15:00,0.0
05/06/2014 08:30:00,0.0
05/06/2014 08:45:00,0.0
05/06/2014 09:00:00,0.0
05/06/2014 09:15:00,0.0
05/06/2014 09:30:00,0.0
05/06/2014 09:45:00,0.0
05/06/2014 10:00:00,0.0
05/06/2014 10:15:00,0.0
05/06/2014 10:30:00,0.0
05/06/2014 10:45:00,0.0
05/06/2014 11:00:00,0.0
05/06/2014 11:15:00,0.0
05/06/2014 11:30:00,0.0
05/06/2014 11:45:00,0.0
05/06/2014 12:00:00,0.0
05/06/2014 12:15:00,0.0
05/06/2014 12:30:00,0.0
05/06/2014 12:45:00,0.0
05/06/2014 13:00:00,0.0
05/06/2014 13:15:00,0.0
05/06/2014 13:30:00,0.0
05/06/2014 13:45:00,0.0
05/06/2014 14:00:00,0.0
05/06/2014 14:15:00,0.0
05/06/2014 14:30:00,0.0
05/06/2014 14:45:00,0.0
05/06/2014 15:00:00,0.0
05/06/2014 15:15:00,0.0
05/06/2014 15:30:00,0.0
05/06/2014 15:45:00,0.0
05/06/2014 16:00:00,0.0
05/06/2014 16:15:00,0.0
05/06/2014 16:30:00,0.0
05/06/2014 16:45:00,0.0
05/06/2014 17:00:00,0.0
05/06/2014 17:15:00,0.0
05/06/2014 17:30:00,0.0
05/06/2014 17:45:00,0.0
05/06/2014 18:00:00,0.0
05/06/2014 18:15:00,0.0
05/06/2014 18:30:00,0.0
05/06/2014 18:45:00,0.0
05/06/2014 19:00:00,0.0
05/06/2014 19:15:00,0.0
05/06/2014 19:30:00,0.0
05/06/2014 19:45:00,0.0
05/06/2014 20:00:00,0.0
05/06/2014 20:15:00,0.0
05/06/2014 20:30:00,0.0
05/06/2014 20:45:00,0.0
05/06/2014 21:00:00,0.0
05/06/2014 21:15:00,0.0
05/06/2014 21:30:00,0.0
05/06/2014 21:45:00,0.0
05/06/2014 22:00:00,0.0
05/06/2014 22:15:00,0.0
05/06/2014 22:30:00,0.0
05/06/2014 22:45:00,0.0
05/06/2014 23:00:00,0.0
05/06/2014 23:15:00,0.0
05/06/2014 23:30:00,0.0
05/06/2014 23:45:00,0.0
06/06/2014 00:00:00,0.0
06/06/2014 00:15:00,0.0
06/06/2014 00:30:00,0.0
06/06/2014 00:45:00,0.0
06/06/2014 01:00:00,0.0
06/06/2014 01:15:00,0.0
06/06/2014 01:30:00,0.0
06/06/2014 01:45:00,0.0
06/06/2014 02:00:00,0.0
06/06/2014 02:15:00,0.0
06/06/2014 02:30:00,0.0
06/06/2014 02:45:00,0.0
06/06/2014 03:00:00,0.0
06/06/2014 03:15:00,0.0
06/06/2014 03:30:00,0.0
06/06/2014 03:45:00,0.0
06/06/2014 04:00:00,0.0
06/06/2014 04:15:00,0.0
06/06/2014 04:30:00,0.0
06/06/2014 04:45:00,0.0
06/06/2014 05:00:00,0.0
06/06/2014 05:15:00,0.0
06/06/2014 05:30:00,0.0
06/06/2014 05:45:00,0.0
06/06/2014 06:00:00,0.0
06/06/2014 06:15:00,0.0
06/06/2014 06:30:00,0.0
06/06/2014 06:45:00,0.0
06/06/2014 07:00:00,0.0
06/06/2014 07:15:00,0.0
06/06/2014 07:30:00,0.0
06/06/2014 07:45:00,0.0
06/06/2014 08:00:00,0.0
06/06/2014 08:15:00,0.0
06/06/2014 08:30:00,0.0
06/06/2014 08:45:00,0.0
06/06/2014 09:00:00,0.0
06/06/2014 09:15:00,0.0
06/06/2014 09:30:00,0.0
06/06/2014 09:45:00,0.0
06/06/2014 10:00:00,0.0
06/06/2014 10:15:00,0.0
06/06/2014 10:30:00,0.0
06/06/2014 10:45:00,0.0
06/06/2014 11:00:00,0.0
06/06/2014 11:15:00,0.0
06/06/2014 11:30:00,0.0
06/06/2014 11:45:00,0.0
06/06/2014 12:00:00,0.0
06/06/2014 12:15:00,0.0
06/06/2014 12:30:00,0.0
06/06/2014 12:45:00,0.0
06/06/2014 13:00:00,0.0
06/06/2014 13:15:00,0.0
06/06/2014 13:30:00,0.0
06/06/2014 13:45:00,0.0
06/06/2014 14:00:00,0.0
06/06/2014 14:15:00,0.0
06/06/2014 14:30:00,0.0
06/06/2014 14:45:00,0.0
06/06/2014 15:00:00,0.0
06/06/2014 15:15:00,0.0
06/06/2014 15:30:00,0.0
06/06/2014 15:45:00,0.0
06/06/2014 16:00:00,0.0
06/06/2014 16:15:00,0.0
06/06/2014 16:30:00,0.0
06/06/2014 16:45:00,0.0
06/06/2014 17:00:00,0.0
06/06/2014 17:15:00,0.0
06/06/2014 17:30:00,0.0
06/06/2014 17:45:00,0.0
06/06/2014 18:00:00,0.0
06/06/2014 18:15:00,0.0
06/06/2014 18:30:00,0.0
06/06/2014 18:45:00,0.0
06/06/2014 19:00:00,0.0
06/06/2014 19:15:00,0.0
06/06/2014 19:30:00,0.0
06/06/2014 19:45:00,0.0
06/06/2014 20:00:00,0.0
06/06/2014 20:15:00,0.0
06/06/2014 20:30:00,0.0
06/06/2014 20:45:00,0.0
06/06/2014 21:00:00,0.0
06/06/2014 21:15:00,0.0
06/06/2014 21:30:00,0.0
06/06/2014 21:45:00,0.0
06/06/2014 22:00:00,0.0
06/06/2014 22:15:00,0.0
06/06/2014 22:30:00,0.0
06/06/2014 22:45:00,0.0
06/06/2014 23:00:00,0.0
06/06/2014 23:15:00,0.0
06/06/2014 23:30:00,0.0
06/06/2014 23:45:00,0.0
07/06/2014 00:00:00,0.0
07/06/2014 00:15:00,0.0
07/06/2014 00:30:00,0.0
07/06/2014 00:45:00,0.0
07/06/2014 01:00:00,0.0
07/06/2014 01:15:00,0.0
07/06/2014 01:30:00,0.0
07/06/2014 01:45:00,0.0
07/06/2014 02:00:00,0.0
07/06/2014 02:15:00,0.0
07/06/2014 02:30:00,0.0
07/06/2014 02:45:00,0.0
07/06/2014 03:00:00,0.0
07/06/2014 03:15:00,0.0
07/06/2014 03:30:00,0.0
07/06/2014 03:45:00,0.0
07/06/2014 04:00:00,0.0
07/06/2014 04:15:00,0.0
07/06/2014 04:30:00,0.0
07/06/2014 04:45:00,0.0
07/06/2014 05:00:00,0.0
07/06/2014 05:15:00,0.0
07/06/2014 05:30:00,0.0
07/06/2014 05:45:00,0.0
07/06/2014 06:00:00,0.0
07/06/2014 06:15:00,0.0
07/06/2014 06:30:00,0.0
07/06/2014 06:45:00,0.0
07/06/2014 07:00:00,0.0
07/06/2014 07:15:00,0.0
07/06/2014 07:30:00,0.0
07/06/2014 07:45:00,0.0
07/06/2014 08:00:00,0.0
07/06/2014 08:15:00,0.0
07/06/2014 08:30:00,0.0
07/06/2014 08:45:00,0.0
07/06/2014 09:00:00,0.0
07/06/2014 09:15:00,0.0
07/06/2014 09:30:00,0.426066666667
07/06/2014 09:45:00,0.3832
07/06/2014 10:00:00,0.0792666666667
07/06/2014 10:15:00,0.0
07/06/2014 10:30:00,0.0
07/06/2014 10:45:00,0.0
07/06/2014 11:00:00,0.0
07/06/2014 11:15:00,0.0
07/06/2014 11:30:00,0.0
07/06/2014 11:45:00,0.0
07/06/2014 12:00:00,0.0
07/06/2014 12:15:00,0.000266666666667
07/06/2014 12:30:00,0.278266666667
07/06/2014 12:45:00,0.0
07/06/2014 13:00:00,0.0
07/06/2014 13:15:00,0.0
07/06/2014 13:30:00,0.0
07/06/2014 13:45:00,0.0
07/06/2014 14:00:00,0.0
07/06/2014 14:15:00,0.0
07/06/2014 14:30:00,0.0
07/06/2014 14:45:00,0.0
07/06/2014 15:00:00,0.0
07/06/2014 15:15:00,0.0
07/06/2014 15:30:00,0.0
07/06/2014 15:45:00,0.0
07/06/2014 16:00:00,0.0
07/06/2014 16:15:00,0.0
07/06/2014 16:30:00,0.0
07/06/2014 16:45:00,0.0
07/06/2014 17:00:00,0.0
07/06/2014 17:15:00,0.0
07/06/2014 17:30:00,0.0
07/06/2014 17:45:00,0.0
07/06/2014 18:00:00,0.0
07/06/2014 18:15:00,0.0
07/06/2014 18:30:00,0.0
07/06/2014 18:45:00,0.0
07/06/2014 19:00:00,0.0
07/06/2014 19:15:00,0.0
07/06/2014 19:30:00,0.0
07/06/2014 19:45:00,0.0
07/06/2014 20:00:00,0.0
07/06/2014 20:15:00,0.0
07/06/2014 20:30:00,0.0
07/06/2014 20:45:00,0.0
07/06/2014 21:00:00,0.0
07/06/2014 21:15:00,0.0
07/06/2014 21:30:00,0.0
07/06/2014 21:45:00,0.0
07/06/2014 22:00:00,0.0
07/06/2014 22:15:00,0.0
07/06/2014 22:30:00,0.0
07/06/2014 22:45:00,0.0
07/06/2014 23:00:00,0.0
07/06/2014 23:15:00,0.0
07/06/2014 23:30:00,0.0
07/06/2014 23:45:00,0.0
08/06/2014 00:00:00,0.0
08/06/2014 00:15:00,0.0
08/06/2014 00:30:00,0.0
08/06/2014 00:45:00,0.0
08/06/2014 01:00:00,0.0
08/06/2014 01:15:00,0.0
08/06/2014 01:30:00,0.0
08/06/2014 01:45:00,0.0
08/06/2014 02:00:00,0.0
08/06/2014 02:15:00,0.0
08/06/2014 02:30:00,0.0
08/06/2014 02:45:00,0.0
08/06/2014 03:00:00,0.0
08/06/2014 03:15:00,0.0
08/06/2014 03:30:00,0.0
08/06/2014 03:45:00,0.0
08/06/2014 04:00:00,0.0
08/06/2014 04:15:00,0.0
08/06/2014 04:30:00,0.0
08/06/2014 04:45:00,0.0
08/06/2014 05:00:00,0.0
08/06/2014 05:15:00,0.0
08/06/2014 05:30:00,0.0
08/06/2014 05:45:00,0.0
08/06/2014 06:00:00,0.0
08/06/2014 06:15:00,0.0
08/06/2014 06:30:00,0.0
08/06/2014 06:45:00,0.0
08/06/2014 07:00:00,0.0
08/06/2014 07:15:00,0.0
08/06/2014 07:30:00,0.0
08/06/2014 07:45:00,0.0
08/06/2014 08:00:00,0.0
08/06/2014 08:15:00,0.0
08/06/2014 08:30:00,0.0
08/06/2014 08:45:00,0.0
08/06/2014 09:00:00,0.0
08/06/2014 09:15:00,0.0
08/06/2014 09:30:00,0.0
08/06/2014 09:45:00,0.0
08/06/2014 10:00:00,0.0
08/06/2014 10:15:00,0.0
08/06/2014 10:30:00,0.0
08/06/2014 10:45:00,0.0
08/06/2014 11:00:00,0.0
08/06/2014 11:15:00,0.0
08/06/2014 11:30:00,0.0
08/06/2014 11:45:00,0.0
08/06/2014 12:00:00,0.0
08/06/2014 12:15:00,0.0
08/06/2014 12:30:00,0.0
08/06/2014 12:45:00,0.0
08/06/2014 13:00:00,0.0
08/06/2014 13:15:00,0.0
08/06/2014 13:30:00,0.0
08/06/2014 13:45:00,0.0
08/06/2014 14:00:00,0.0
08/06/2014 14:15:00,0.0
08/06/2014 14:30:00,0.0
08/06/2014 14:45:00,0.0002
08/06/2014 15:00:00,0.255066666667
08/06/2014 15:15:00,0.392533333333
08/06/2014 15:30:00,0.1718
08/06/2014 15:45:00,0.0
08/06/2014 16:00:00,0.0
08/06/2014 16:15:00,0.0
08/06/2014 16:30:00,0.0
08/06/2014 16:45:00,0.0
08/06/2014 17:00:00,0.0
08/06/2014 17:15:00,0.0
08/06/2014 17:30:00,0.0
08/06/2014 17:45:00,0.0
08/06/2014 18:00:00,0.0
08/06/2014 18:15:00,0.0
08/06/2014 18:30:00,0.0
08/06/2014 18:45:00,0.0
08/06/2014 19:00:00,0.0
08/06/2014 19:15:00,0.0
08/06/2014 19:30:00,0.0
08/06/2014 19:45:00,0.0
08/06/2014 20:00:00,0.0
08/06/2014 20:15:00,0.0
08/06/2014 20:30:00,0.0
08/06/2014 20:45:00,0.0
08/06/2014 21:00:00,0.0
08/06/2014 21:15:00,0.0
08/06/2014 21:30:00,0.0
08/06/2014 21:45:00,0.0
08/06/2014 22:00:00,0.327
08/06/2014 22:15:00,0.377333333333
08/06/2014 22:30:00,0.101333333333
08/06/2014 22:45:00,0.0
08/06/2014 23:00:00,0.0
08/06/2014 23:15:00,0.0
08/06/2014 23:30:00,0.0
08/06/2014 23:45:00,0.0
09/06/2014 00:00:00,0.0
09/06/2014 00:15:00,0.0
09/06/2014 00:30:00,0.0
09/06/2014 00:45:00,0.0
09/06/2014 01:00:00,0.0
09/06/2014 01:15:00,0.0
09/06/2014 01:30:00,0.0
09/06/2014 01:45:00,0.0
09/06/2014 02:00:00,0.0
09/06/2014 02:15:00,0.0
09/06/2014 02:30:00,0.0
09/06/2014 02:45:00,0.0
09/06/2014 03:00:00,0.0
09/06/2014 03:15:00,0.0
09/06/2014 03:30:00,0.0
09/06/2014 03:45:00,0.0
09/06/2014 04:00:00,0.0
09/06/2014 04:15:00,0.0
09/06/2014 04:30:00,0.0
09/06/2014 04:45:00,0.0
09/06/2014 05:00:00,0.0
09/06/2014 05:15:00,0.0
09/06/2014 05:30:00,0.0
09/06/2014 05:45:00,0.0
09/06/2014 06:00:00,0.0
09/06/2014 06:15:00,0.0
09/06/2014 06:30:00,0.0
09/06/2014 06:45:00,0.0
09/06/2014 07:00:00,0.0
09/06/2014 07:15:00,0.0
09/06/2014 07:30:00,0.0
09/06/2014 07:45:00,0.0
09/06/2014 08:00:00,0.0
09/06/2014 08:15:00,0.0
09/06/2014 08:30:00,0.0
09/06/2014 08:45:00,0.0
09/06/2014 09:00:00,0.0
09/06/2014 09:15:00,0.0
09/06/2014 09:30:00,0.0
09/06/2014 09:45:00,0.0
09/06/2014 10:00:00,0.0
09/06/2014 10:15:00,0.0
09/06/2014 10:30:00,0.0
09/06/2014 10:45:00,0.0
09/06/2014 11:00:00,0.0
09/06/2014 11:15:00,0.0
09/06/2014 11:30:00,0.0
09/06/2014 11:45:00,0.0
09/06/2014 12:00:00,0.0
09/06/2014 12:15:00,0.0
09/06/2014 12:30:00,0.0
09/06/2014 12:45:00,0.0
09/06/2014 13:00:00,0.0
09/06/2014 13:15:00,0.0
09/06/2014 13:30:00,0.0
09/06/2014 13:45:00,0.0
09/06/2014 14:00:00,0.0
09/06/2014 14:15:00,0.0
09/06/2014 14:30:00,0.0
09/06/2014 14:45:00,0.0
09/06/2014 15:00:00,0.0
09/06/2014 15:15:00,0.0
09/06/2014 15:30:00,0.0
09/06/2014 15:45:00,0.0
09/06/2014 16:00:00,0.0
09/06/2014 16:15:00,0.0
09/06/2014 16:30:00,0.0
09/06/2014 16:45:00,0.0
09/06/2014 17:00:00,0.0
09/06/2014 17:15:00,0.0
09/06/2014 17:30:00,0.0
09/06/2014 17:45:00,0.0
09/06/2014 18:00:00,0.0
09/06/2014 18:15:00,0.0
09/06/2014 18:30:00,0.0
09/06/2014 18:45:00,0.0
09/06/2014 19:00:00,0.0
09/06/2014 19:15:00,0.0
09/06/2014 19:30:00,0.0
09/06/2014 19:45:00,0.0
09/06/2014 20:00:00,0.0
09/06/2014 20:15:00,0.0
09/06/2014 20:30:00,0.0
09/06/2014 20:45:00,0.0
09/06/2014 21:00:00,0.0
09/06/2014 21:15:00,0.0
09/06/2014 21:30:00,0.0
09/06/2014 21:45:00,0.0
09/06/2014 22:00:00,0.0
09/06/2014 22:15:00,0.0
09/06/2014 22:30:00,0.0
09/06/2014 22:45:00,0.0
09/06/2014 23:00:00,0.0
09/06/2014 23:15:00,0.0
09/06/2014 23:30:00,0.0
09/06/2014 23:45:00,0.0
10/06/2014 00:00:00,0.0
10/06/2014 00:15:00,0.0
10/06/2014 00:30:00,0.0
10/06/2014 00:45:00,0.0
10/06/2014 01:00:00,0.0
10/06/2014 01:15:00,0.0
10/06/2014 01:30:00,0.0
10/06/2014 01:45:00,0.0
10/06/2014 02:00:00,0.0
10/06/2014 02:15:00,0.0
10/06/2014 02:30:00,0.0
10/06/2014 02:45:00,0.0
10/06/2014 03:00:00,0.0
10/06/2014 03:15:00,0.0
10/06/2014 03:30:00,0.0
10/06/2014 03:45:00,0.0
10/06/2014 04:00:00,0.0
10/06/2014 04:15:00,0.0
10/06/2014 04:30:00,0.0
10/06/2014 04:45:00,0.0
10/06/2014 05:00:00,0.0
10/06/2014 05:15:00,0.0
10/06/2014 05:30:00,0.0
10/06/2014 05:45:00,0.0
10/06/2014 06:00:00,0.0
10/06/2014 06:15:00,0.0
10/06/2014 06:30:00,0.0
10/06/2014 06:45:00,0.0
10/06/2014 07:00:00,0.0
10/06/2014 07:15:00,0.0
10/06/2014 07:30:00,0.0
10/06/2014 07:45:00,0.0
10/06/2014 08:00:00,0.0
10/06/2014 08:15:00,0.0
10/06/2014 08:30:00,0.0
10/06/2014 08:45:00,0.0
10/06/2014 09:00:00,0.0
10/06/2014 09:15:00,0.0
10/06/2014 09:30:00,0.0
10/06/2014 09:45:00,0.0
10/06/2014 10:00:00,0.0
10/06/2014 10:15:00,0.0
10/06/2014 10:30:00,0.0
10/06/2014 10:45:00,0.0
10/06/2014 11:00:00,0.0
10/06/2014 11:15:00,0.0
10/06/2014 11:30:00,0.0
10/06/2014 11:45:00,0.0
10/06/2014 12:00:00,0.0
10/06/2014 12:15:00,0.0
10/06/2014 12:30:00,0.0
10/06/2014 12:45:00,0.0
10/06/2014 13:00:00,0.0
10/06/2014 13:15:00,0.0
10/06/2014 13:30:00,0.0
10/06/2014 13:45:00,0.0
10/06/2014 14:00:00,0.0
10/06/2014 14:15:00,0.0
10/06/2014 14:30:00,0.0
10/06/2014 14:45:00,0.0
10/06/2014 15:00:00,0.0
10/06/2014 15:15:00,0.0
10/06/2014 15:30:00,0.0
10/06/2014 15:45:00,0.0
10/06/2014 16:00:00,0.0
10/06/2014 16:15:00,0.0
10/06/2014 16:30:00,0.0
10/06/2014 16:45:00,0.0
10/06/2014 17:00:00,0.0
10/06/2014 17:15:00,0.0
10/06/2014 17:30:00,0.0
10/06/2014 17:45:00,0.0
10/06/2014 18:00:00,0.0
10/06/2014 18:15:00,0.0
10/06/2014 18:30:00,0.0
10/06/2014 18:45:00,0.0
10/06/2014 19:00:00,0.0
10/06/2014 19:15:00,0.0
10/06/2014 19:30:00,0.0
10/06/2014 19:45:00,0.0
10/06/2014 20:00:00,0.0
10/06/2014 20:15:00,0.0
10/06/2014 20:30:00,0.0
10/06/2014 20:45:00,0.0
10/06/2014 21:00:00,0.0
10/06/2014 21:15:00,0.0
10/06/2014 21:30:00,0.0
10/06/2014 21:45:00,0.0
10/06/2014 22:00:00,0.0
10/06/2014 22:15:00,0.0
10/06/2014 22:30:00,0.0
10/06/2014 22:45:00,0.0
10/06/2014 23:00:00,0.0
10/06/2014 23:15:00,0.0
10/06/2014 23:30:00,0.0
10/06/2014 23:45:00,0.0
11/06/2014 00:00:00,0.0
11/06/2014 00:15:00,0.0
11/06/2014 00:30:00,0.0
11/06/2014 00:45:00,0.0
11/06/2014 01:00:00,0.0
11/06/2014 01:15:00,0.0
11/06/2014 01:30:00,0.0
11/06/2014 01:45:00,0.0
11/06/2014 02:00:00,0.0
11/06/2014 02:15:00,0.0
11/06/2014 02:30:00,0.0
11/06/2014 02:45:00,0.0
11/06/2014 03:00:00,0.0
11/06/2014 03:15:00,0.0
11/06/2014 03:30:00,0.0
11/06/2014 03:45:00,0.0
11/06/2014 04:00:00,0.0
11/06/2014 04:15:00,0.0
11/06/2014 04:30:00,0.0
11/06/2014 04:45:00,0.0
11/06/2014 05:00:00,0.0
11/06/2014 05:15:00,0.0
11/06/2014 05:30:00,0.0
11/06/2014 05:45:00,0.0
11/06/2014 06:00:00,0.0
11/06/2014 06:15:00,0.0
11/06/2014 06:30:00,0.0
11/06/2014 06:45:00,0.0
11/06/2014 07:00:00,0.0
11/06/2014 07:15:00,0.0
11/06/2014 07:30:00,0.0
11/06/2014 07:45:00,0.0
11/06/2014 08:00:00,0.0
11/06/2014 08:15:00,0.0
11/06/2014 08:30:00,0.0
11/06/2014 08:45:00,0.0
11/06/2014 09:00:00,0.0
11/06/2014 09:15:00,0.0
11/06/2014 09:30:00,0.0
11/06/2014 09:45:00,0.0
11/06/2014 10:00:00,0.0
11/06/2014 10:15:00,0.0
11/06/2014 10:30:00,0.0
11/06/2014 10:45:00,0.0
11/06/2014 11:00:00,0.0
11/06/2014 11:15:00,0.0
11/06/2014 11:30:00,0.0
11/06/2014 11:45:00,0.0
11/06/2014 12:00:00,0.0
11/06/2014 12:15:00,0.0
11/06/2014 12:30:00,0.0
11/06/2014 12:45:00,0.0
11/06/2014 13:00:00,0.0
11/06/2014 13:15:00,0.0
11/06/2014 13:30:00,0.0
11/06/2014 13:45:00,0.0
11/06/2014 14:00:00,0.0
11/06/2014 14:15:00,0.0
11/06/2014 14:30:00,0.0
11/06/2014 14:45:00,0.0
11/06/2014 15:00:00,0.0
11/06/2014 15:15:00,0.0
11/06/2014 15:30:00,0.0
11/06/2014 15:45:00,0.0
11/06/2014 16:00:00,0.0
11/06/2014 16:15:00,0.0
11/06/2014 16:30:00,0.0
11/06/2014 16:45:00,0.0
11/06/2014 17:00:00,0.0
11/06/2014 17:15:00,0.0
11/06/2014 17:30:00,0.0
11/06/2014 17:45:00,0.0
11/06/2014 18:00:00,0.0
11/06/2014 18:15:00,0.0
11/06/2014 18:30:00,0.0
11/06/2014 18:45:00,0.0
11/06/2014 19:00:00,0.0
11/06/2014 19:15:00,0.0
11/06/2014 19:30:00,0.0
11/06/2014 19:45:00,0.0
11/06/2014 20:00:00,0.0
11/06/2014 20:15:00,0.0
11/06/2014 20:30:00,0.0
11/06/2014 20:45:00,0.0
11/06/2014 21:00:00,0.0
11/06/2014 21:15:00,0.0
11/06/2014 21:30:00,0.0
11/06/2014 21:45:00,0.0
11/06/2014 22:00:00,0.0
11/06/2014 22:15:00,0.0
11/06/2014 22:30:00,0.0
11/06/2014 22:45:00,0.0
11/06/2014 23:00:00,0.0
11/06/2014 23:15:00,0.0
11/06/2014 23:30:00,0.0
11/06/2014 23:45:00,0.0
12/06/2014 00:00:00,0.0
12/06/2014 00:15:00,0.0
12/06/2014 00:30:00,0.0
12/06/2014 00:45:00,0.0
12/06/2014 01:00:00,0.0
12/06/2014 01:15:00,0.0
12/06/2014 01:30:00,0.0
12/06/2014 01:45:00,0.0
12/06/2014 02:00:00,0.0
12/06/2014 02:15:00,0.0
12/06/2014 02:30:00,0.0
12/06/2014 02:45:00,0.0
12/06/2014 03:00:00,0.0
12/06/2014 03:15:00,0.0
12/06/2014 03:30:00,0.0
12/06/2014 03:45:00,0.0
12/06/2014 04:00:00,0.0
12/06/2014 04:15:00,0.0
12/06/2014 04:30:00,0.0
12/06/2014 04:45:00,0.0
12/06/2014 05:00:00,0.0
12/06/2014 05:15:00,0.0
12/06/2014 05:30:00,0.0
12/06/2014 05:45:00,0.0
12/06/2014 06:00:00,0.0
12/06/2014 06:15:00,0.0
12/06/2014 06:30:00,0.0
12/06/2014 06:45:00,0.0
12/06/2014 07:00:00,0.0
12/06/2014 07:15:00,0.0
12/06/2014 07:30:00,0.0
12/06/2014 07:45:00,0.0
12/06/2014 08:00:00,0.0
12/06/2014 08:15:00,0.0
12/06/2014 08:30:00,0.0
12/06/2014 08:45:00,0.0
12/06/2014 09:00:00,0.0
12/06/2014 09:15:00,0.0
12/06/2014 09:30:00,0.0
12/06/2014 09:45:00,0.0
12/06/2014 10:00:00,0.0
12/06/2014 10:15:00,0.0
12/06/2014 10:30:00,0.0
12/06/2014 10:45:00,0.0
12/06/2014 11:00:00,0.0
12/06/2014 11:15:00,0.0
12/06/2014 11:30:00,0.0
12/06/2014 11:45:00,0.0
12/06/2014 12:00:00,0.0
12/06/2014 12:15:00,0.0
12/06/2014 12:30:00,0.0
12/06/2014 12:45:00,0.0
12/06/2014 13:00:00,0.0
12/06/2014 13:15:00,0.0
12/06/2014 13:30:00,0.0
12/06/2014 13:45:00,0.0
12/06/2014 14:00:00,0.0
12/06/2014 14:15:00,0.0
12/06/2014 14:30:00,0.0
12/06/2014 14:45:00,0.0
12/06/2014 15:00:00,0.0
12/06/2014 15:15:00,0.0
12/06/2014 15:30:00,0.0
12/06/2014 15:45:00,0.0
12/06/2014 16:00:00,0.0
12/06/2014 16:15:00,0.0
12/06/2014 16:30:00,0.0
12/06/2014 16:45:00,0.0
12/06/2014 17:00:00,0.0
12/06/2014 17:15:00,0.0
12/06/2014 17:30:00,0.0
12/06/2014 17:45:00,0.0
12/06/2014 18:00:00,0.0
12/06/2014 18:15:00,0.0
12/06/2014 18:30:00,0.0
12/06/2014 18:45:00,0.0
12/06/2014 19:00:00,0.0
12/06/2014 19:15:00,0.0
12/06/2014 19:30:00,0.0
12/06/2014 19:45:00,0.0
12/06/2014 20:00:00,0.0
12/06/2014 20:15:00,0.0
12/06/2014 20:30:00,0.0
12/06/2014 20:45:00,0.0
12/06/2014 21:00:00,0.0
12/06/2014 21:15:00,0.0
12/06/2014 21:30:00,0.0
12/06/2014 21:45:00,0.0
12/06/2014 22:00:00,0.0
12/06/2014 22:15:00,0.0
12/06/2014 22:30:00,0.0
12/06/2014 22:45:00,0.0
12/06/2014 23:00:00,0.0867333333333
12/06/2014 23:15:00,0.399733333333
12/06/2014 23:30:00,0.397
12/06/2014 23:45:00,0.0
13/06/2014 00:00:00,0.0
13/06/2014 00:15:00,0.0
13/06/2014 00:30:00,0.0
13/06/2014 00:45:00,0.0
13/06/2014 01:00:00,0.0
13/06/2014 01:15:00,0.0
13/06/2014 01:30:00,0.0
13/06/2014 01:45:00,0.0
13/06/2014 02:00:00,0.0
13/06/2014 02:15:00,0.0
13/06/2014 02:30:00,0.0
13/06/2014 02:45:00,0.0
13/06/2014 03:00:00,0.0
13/06/2014 03:15:00,0.0
13/06/2014 03:30:00,0.0
13/06/2014 03:45:00,0.0
13/06/2014 04:00:00,0.0
13/06/2014 04:15:00,0.0
13/06/2014 04:30:00,0.0
13/06/2014 04:45:00,0.0
13/06/2014 05:00:00,0.0
13/06/2014 05:15:00,0.0
13/06/2014 05:30:00,0.0
13/06/2014 05:45:00,0.00133333333333
13/06/2014 06:00:00,0.503266666667
13/06/2014 06:15:00,0.372133333333
13/06/2014 06:30:00,0.0467333333333
13/06/2014 06:45:00,0.0
13/06/2014 07:00:00,0.0
13/06/2014 07:15:00,0.0
13/06/2014 07:30:00,0.0
13/06/2014 07:45:00,0.0
13/06/2014 08:00:00,0.0
13/06/2014 08:15:00,0.0
13/06/2014 08:30:00,0.0
13/06/2014 08:45:00,0.0
13/06/2014 09:00:00,0.0
13/06/2014 09:15:00,0.0
13/06/2014 09:30:00,0.0
13/06/2014 09:45:00,0.0
13/06/2014 10:00:00,0.0
13/06/2014 10:15:00,0.0
13/06/2014 10:30:00,0.0
13/06/2014 10:45:00,0.0
13/06/2014 11:00:00,0.0
13/06/2014 11:15:00,0.0
13/06/2014 11:30:00,0.0
13/06/2014 11:45:00,0.0
13/06/2014 12:00:00,0.0
13/06/2014 12:15:00,0.0
13/06/2014 12:30:00,0.0
13/06/2014 12:45:00,0.0
13/06/2014 13:00:00,0.0
13/06/2014 13:15:00,0.0
13/06/2014 13:30:00,0.0
13/06/2014 13:45:00,0.0
13/06/2014 14:00:00,0.0
13/06/2014 14:15:00,0.0
13/06/2014 14:30:00,0.0
13/06/2014 14:45:00,0.0
13/06/2014 15:00:00,0.0
13/06/2014 15:15:00,0.0
13/06/2014 15:30:00,0.0
13/06/2014 15:45:00,0.0
13/06/2014 16:00:00,0.0
13/06/2014 16:15:00,0.0
13/06/2014 16:30:00,0.0
13/06/2014 16:45:00,0.0
13/06/2014 17:00:00,0.0
13/06/2014 17:15:00,0.0
13/06/2014 17:30:00,0.0
13/06/2014 17:45:00,0.0
13/06/2014 18:00:00,0.0
13/06/2014 18:15:00,0.0
13/06/2014 18:30:00,0.0
13/06/2014 18:45:00,0.0
13/06/2014 19:00:00,0.0
13/06/2014 19:15:00,0.0
13/06/2014 19:30:00,0.0
13/06/2014 19:45:00,0.0
13/06/2014 20:00:00,0.0
13/06/2014 20:15:00,0.0
13/06/2014 20:30:00,0.0
13/06/2014 20:45:00,0.0
13/06/2014 21:00:00,0.0
13/06/2014 21:15:00,0.0
13/06/2014 21:30:00,0.0
13/06/2014 21:45:00,0.0
13/06/2014 22:00:00,0.0
13/06/2014 22:15:00,0.0
13/06/2014 22:30:00,0.0
13/06/2014 22:45:00,0.0
13/06/2014 23:00:00,0.0
13/06/2014 23:15:00,0.0
13/06/2014 23:30:00,0.0
13/06/2014 23:45:00,0.0
14/06/2014 00:00:00,0.0
14/06/2014 00:15:00,0.0
14/06/2014 00:30:00,0.0
14/06/2014 00:45:00,0.0
14/06/2014 01:00:00,0.0
14/06/2014 01:15:00,0.0
14/06/2014 01:30:00,0.0
14/06/2014 01:45:00,0.0
14/06/2014 02:00:00,0.0
14/06/2014 02:15:00,0.0
14/06/2014 02:30:00,0.0
14/06/2014 02:45:00,0.0
14/06/2014 03:00:00,0.0
14/06/2014 03:15:00,0.0
14/06/2014 03:30:00,0.0
14/06/2014 03:45:00,0.0
14/06/2014 04:00:00,0.0
14/06/2014 04:15:00,0.0
14/06/2014 04:30:00,0.0
14/06/2014 04:45:00,0.0
14/06/2014 05:00:00,0.0
14/06/2014 05:15:00,0.0
14/06/2014 05:30:00,0.0
14/06/2014 05:45:00,0.0
14/06/2014 06:00:00,0.0
14/06/2014 06:15:00,0.0
14/06/2014 06:30:00,0.0
14/06/2014 06:45:00,0.0
14/06/2014 07:00:00,0.0
14/06/2014 07:15:00,0.0
14/06/2014 07:30:00,0.0
14/06/2014 07:45:00,0.0
14/06/2014 08:00:00,0.0
14/06/2014 08:15:00,0.0
14/06/2014 08:30:00,0.0
14/06/2014 08:45:00,0.0
14/06/2014 09:00:00,0.0
14/06/2014 09:15:00,0.0
14/06/2014 09:30:00,0.0
14/06/2014 09:45:00,0.0
14/06/2014 10:00:00,0.0
14/06/2014 10:15:00,0.0
14/06/2014 10:30:00,0.0
14/06/2014 10:45:00,0.0
14/06/2014 11:00:00,0.0
14/06/2014 11:15:00,0.0
14/06/2014 11:30:00,0.0
14/06/2014 11:45:00,0.0
14/06/2014 12:00:00,0.0
14/06/2014 12:15:00,0.0
14/06/2014 12:30:00,0.0
14/06/2014 12:45:00,0.0
14/06/2014 13:00:00,0.0
14/06/2014 13:15:00,0.0
14/06/2014 13:30:00,0.0
14/06/2014 13:45:00,0.0
14/06/2014 14:00:00,0.0
14/06/2014 14:15:00,0.0
14/06/2014 14:30:00,0.0
14/06/2014 14:45:00,0.0
14/06/2014 15:00:00,0.0
14/06/2014 15:15:00,0.0
14/06/2014 15:30:00,0.0
14/06/2014 15:45:00,0.0
14/06/2014 16:00:00,0.0
14/06/2014 16:15:00,0.0
14/06/2014 16:30:00,0.0
14/06/2014 16:45:00,0.159733333333
14/06/2014 17:00:00,0.3798
14/06/2014 17:15:00,0.3758
14/06/2014 17:30:00,0.0
14/06/2014 17:45:00,0.0
14/06/2014 18:00:00,0.0
14/06/2014 18:15:00,0.0
14/06/2014 18:30:00,0.0
14/06/2014 18:45:00,0.0
14/06/2014 19:00:00,0.0
14/06/2014 19:15:00,0.0
14/06/2014 19:30:00,0.0
14/06/2014 19:45:00,0.0
14/06/2014 20:00:00,0.0
14/06/2014 20:15:00,0.0
14/06/2014 20:30:00,0.0
14/06/2014 20:45:00,0.0
14/06/2014 21:00:00,0.0
14/06/2014 21:15:00,0.0
14/06/2014 21:30:00,0.0
14/06/2014 21:45:00,0.0
14/06/2014 22:00:00,0.0
14/06/2014 22:15:00,0.0
14/06/2014 22:30:00,0.0
14/06/2014 22:45:00,0.0
14/06/2014 23:00:00,0.0
14/06/2014 23:15:00,0.0
14/06/2014 23:30:00,0.0
14/06/2014 23:45:00,0.0
15/06/2014 00:00:00,0.0
15/06/2014 00:15:00,0.0
15/06/2014 00:30:00,0.0
15/06/2014 00:45:00,0.0
15/06/2014 01:00:00,0.0
15/06/2014 01:15:00,0.0
15/06/2014 01:30:00,0.0
15/06/2014 01:45:00,0.0
15/06/2014 02:00:00,0.0
15/06/2014 02:15:00,0.0
15/06/2014 02:30:00,0.0
15/06/2014 02:45:00,0.0
15/06/2014 03:00:00,0.0
15/06/2014 03:15:00,0.0
15/06/2014 03:30:00,0.0
15/06/2014 03:45:00,0.0
15/06/2014 04:00:00,0.0
15/06/2014 04:15:00,0.0
15/06/2014 04:30:00,0.0
15/06/2014 04:45:00,0.0
15/06/2014 05:00:00,0.0
15/06/2014 05:15:00,0.0
15/06/2014 05:30:00,0.0
15/06/2014 05:45:00,0.0
15/06/2014 06:00:00,0.0
15/06/2014 06:15:00,0.0
15/06/2014 06:30:00,0.0
15/06/2014 06:45:00,0.0
15/06/2014 07:00:00,0.0
15/06/2014 07:15:00,0.0
15/06/2014 07:30:00,0.0
15/06/2014 07:45:00,0.0
15/06/2014 08:00:00,0.0
15/06/2014 08:15:00,0.0
15/06/2014 08:30:00,0.0
15/06/2014 08:45:00,0.0
15/06/2014 09:00:00,0.0
15/06/2014 09:15:00,0.0
15/06/2014 09:30:00,0.0
15/06/2014 09:45:00,0.0
15/06/2014 10:00:00,0.0
15/06/2014 10:15:00,0.0
15/06/2014 10:30:00,0.0
15/06/2014 10:45:00,0.0
15/06/2014 11:00:00,0.0
15/06/2014 11:15:00,0.0
15/06/2014 11:30:00,0.0
15/06/2014 11:45:00,0.0
15/06/2014 12:00:00,0.0
15/06/2014 12:15:00,0.0
15/06/2014 12:30:00,0.0
15/06/2014 12:45:00,0.0
15/06/2014 13:00:00,0.0
15/06/2014 13:15:00,0.0
15/06/2014 13:30:00,0.0
15/06/2014 13:45:00,0.0
15/06/2014 14:00:00,0.0
15/06/2014 14:15:00,0.0
15/06/2014 14:30:00,0.0
15/06/2014 14:45:00,0.0
15/06/2014 15:00:00,0.0
15/06/2014 15:15:00,0.0
15/06/2014 15:30:00,0.0
15/06/2014 15:45:00,0.0
15/06/2014 16:00:00,0.0
15/06/2014 16:15:00,0.0
15/06/2014 16:30:00,0.0
15/06/2014 16:45:00,0.0
15/06/2014 17:00:00,0.0
15/06/2014 17:15:00,0.0
15/06/2014 17:30:00,0.0
15/06/2014 17:45:00,0.0173333333333
15/06/2014 18:00:00,0.4264
15/06/2014 18:15:00,0.382133333333
15/06/2014 18:30:00,0.1348
15/06/2014 18:45:00,0.3408
15/06/2014 19:00:00,0.398066666667
15/06/2014 19:15:00,0.0
15/06/2014 19:30:00,0.0
15/06/2014 19:45:00,0.0
15/06/2014 20:00:00,0.0
15/06/2014 20:15:00,0.0
15/06/2014 20:30:00,0.0
15/06/2014 20:45:00,0.0
15/06/2014 21:00:00,0.0
15/06/2014 21:15:00,0.0
15/06/2014 21:30:00,0.0
15/06/2014 21:45:00,0.0
15/06/2014 22:00:00,0.0
15/06/2014 22:15:00,0.0
15/06/2014 22:30:00,0.0
15/06/2014 22:45:00,0.0
15/06/2014 23:00:00,0.0
15/06/2014 23:15:00,0.0
15/06/2014 23:30:00,0.0
15/06/2014 23:45:00,0.0
16/06/2014 00:00:00,0.0
16/06/2014 00:15:00,0.0
16/06/2014 00:30:00,0.0
16/06/2014 00:45:00,0.0
16/06/2014 01:00:00,0.0
16/06/2014 01:15:00,0.0
16/06/2014 01:30:00,0.0
16/06/2014 01:45:00,0.0
16/06/2014 02:00:00,0.0
16/06/2014 02:15:00,0.0
16/06/2014 02:30:00,0.0
16/06/2014 02:45:00,0.0
16/06/2014 03:00:00,0.0
16/06/2014 03:15:00,0.0
16/06/2014 03:30:00,0.0
16/06/2014 03:45:00,0.0
16/06/2014 04:00:00,0.0
16/06/2014 04:15:00,0.0
16/06/2014 04:30:00,0.0
16/06/2014 04:45:00,0.0
16/06/2014 05:00:00,0.0
16/06/2014 05:15:00,0.0
16/06/2014 05:30:00,0.0
16/06/2014 05:45:00,0.0
16/06/2014 06:00:00,0.0
16/06/2014 06:15:00,0.0
16/06/2014 06:30:00,0.0
16/06/2014 06:45:00,0.0
16/06/2014 07:00:00,0.0
16/06/2014 07:15:00,0.0
16/06/2014 07:30:00,0.0
16/06/2014 07:45:00,0.0
16/06/2014 08:00:00,0.0
16/06/2014 08:15:00,0.0
16/06/2014 08:30:00,0.0
16/06/2014 08:45:00,0.0
16/06/2014 09:00:00,0.0
16/06/2014 09:15:00,0.0
16/06/2014 09:30:00,0.0
16/06/2014 09:45:00,0.0
16/06/2014 10:00:00,0.0
16/06/2014 10:15:00,0.0
16/06/2014 10:30:00,0.0
16/06/2014 10:45:00,0.0
16/06/2014 11:00:00,0.0
16/06/2014 11:15:00,0.0
16/06/2014 11:30:00,0.0
16/06/2014 11:45:00,0.0
16/06/2014 12:00:00,0.0
16/06/2014 12:15:00,0.0
16/06/2014 12:30:00,0.0
16/06/2014 12:45:00,0.0
16/06/2014 13:00:00,0.0
16/06/2014 13:15:00,0.0
16/06/2014 13:30:00,0.0
16/06/2014 13:45:00,0.0
16/06/2014 14:00:00,0.0
16/06/2014 14:15:00,0.0
16/06/2014 14:30:00,0.0
16/06/2014 14:45:00,0.0
16/06/2014 15:00:00,0.0
16/06/2014 15:15:00,0.0
16/06/2014 15:30:00,0.0
16/06/2014 15:45:00,0.0
16/06/2014 16:00:00,0.0
16/06/2014 16:15:00,0.0
16/06/2014 16:30:00,0.0
16/06/2014 16:45:00,0.0
16/06/2014 17:00:00,0.0
16/06/2014 17:15:00,0.0
16/06/2014 17:30:00,0.0
16/06/2014 17:45:00,0.0
16/06/2014 18:00:00,0.0
16/06/2014 18:15:00,0.0
16/06/2014 18:30:00,0.0
16/06/2014 18:45:00,0.0
16/06/2014 19:00:00,0.0
16/06/2014 19:15:00,0.0
16/06/2014 19:30:00,0.0
16/06/2014 19:45:00,0.0
16/06/2014 20:00:00,0.0
16/06/2014 20:15:00,0.0
16/06/2014 20:30:00,0.0
16/06/2014 20:45:00,0.0
16/06/2014 21:00:00,0.0
16/06/2014 21:15:00,0.0
16/06/2014 21:30:00,0.0
16/06/2014 21:45:00,0.0
16/06/2014 22:00:00,0.0
16/06/2014 22:15:00,0.0
16/06/2014 22:30:00,0.0
16/06/2014 22:45:00,0.0
16/06/2014 23:00:00,0.0
16/06/2014 23:15:00,0.0
16/06/2014 23:30:00,0.0
16/06/2014 23:45:00,0.0
17/06/2014 00:00:00,0.0
17/06/2014 00:15:00,0.0
17/06/2014 00:30:00,0.0
17/06/2014 00:45:00,0.0
17/06/2014 01:00:00,0.0
17/06/2014 01:15:00,0.0
17/06/2014 01:30:00,0.0
17/06/2014 01:45:00,0.0
17/06/2014 02:00:00,0.0
17/06/2014 02:15:00,0.0
17/06/2014 02:30:00,0.0
17/06/2014 02:45:00,0.0
17/06/2014 03:00:00,0.0
17/06/2014 03:15:00,0.0
17/06/2014 03:30:00,0.0
17/06/2014 03:45:00,0.0
17/06/2014 04:00:00,0.0
17/06/2014 04:15:00,0.0
17/06/2014 04:30:00,0.0
17/06/2014 04:45:00,0.0
17/06/2014 05:00:00,0.0
17/06/2014 05:15:00,0.0
17/06/2014 05:30:00,0.0
17/06/2014 05:45:00,0.0
17/06/2014 06:00:00,0.0
17/06/2014 06:15:00,0.0
17/06/2014 06:30:00,0.0
17/06/2014 06:45:00,0.0
17/06/2014 07:00:00,0.0
17/06/2014 07:15:00,0.0
17/06/2014 07:30:00,0.0
17/06/2014 07:45:00,0.0
17/06/2014 08:00:00,0.0
17/06/2014 08:15:00,0.0
17/06/2014 08:30:00,0.0
17/06/2014 08:45:00,0.0
17/06/2014 09:00:00,0.0
17/06/2014 09:15:00,0.0
17/06/2014 09:30:00,0.0
17/06/2014 09:45:00,0.0
17/06/2014 10:00:00,0.0
17/06/2014 10:15:00,0.0
17/06/2014 10:30:00,0.0
17/06/2014 10:45:00,0.0
17/06/2014 11:00:00,0.0
17/06/2014 11:15:00,0.0
17/06/2014 11:30:00,0.0
17/06/2014 11:45:00,0.0
17/06/2014 12:00:00,0.0
17/06/2014 12:15:00,0.0
17/06/2014 12:30:00,0.0
17/06/2014 12:45:00,0.0
17/06/2014 13:00:00,0.0
17/06/2014 13:15:00,0.0
17/06/2014 13:30:00,0.0
17/06/2014 13:45:00,0.0
17/06/2014 14:00:00,0.0
17/06/2014 14:15:00,0.0
17/06/2014 14:30:00,0.0
17/06/2014 14:45:00,0.0
17/06/2014 15:00:00,0.0
17/06/2014 15:15:00,0.0
17/06/2014 15:30:00,0.0
17/06/2014 15:45:00,0.0
17/06/2014 16:00:00,0.0
17/06/2014 16:15:00,0.0
17/06/2014 16:30:00,0.0
17/06/2014 16:45:00,0.0
17/06/2014 17:00:00,0.0
17/06/2014 17:15:00,0.0
17/06/2014 17:30:00,0.0
17/06/2014 17:45:00,0.0
17/06/2014 18:00:00,0.0
17/06/2014 18:15:00,0.0
17/06/2014 18:30:00,0.0
17/06/2014 18:45:00,0.0
17/06/2014 19:00:00,0.0
17/06/2014 19:15:00,0.0
17/06/2014 19:30:00,0.0
17/06/2014 19:45:00,0.0
17/06/2014 20:00:00,0.0
17/06/2014 20:15:00,0.0
17/06/2014 20:30:00,0.0
17/06/2014 20:45:00,0.0
17/06/2014 21:00:00,0.0
17/06/2014 21:15:00,0.0
17/06/2014 21:30:00,0.0
17/06/2014 21:45:00,0.0
17/06/2014 22:00:00,0.0
17/06/2014 22:15:00,0.0
17/06/2014 22:30:00,0.0
17/06/2014 22:45:00,0.0
17/06/2014 23:00:00,0.0
17/06/2014 23:15:00,0.0
17/06/2014 23:30:00,0.0
17/06/2014 23:45:00,0.0
18/06/2014 00:00:00,0.0
18/06/2014 00:15:00,0.0
18/06/2014 00:30:00,0.0
18/06/2014 00:45:00,0.0
18/06/2014 01:00:00,0.0
18/06/2014 01:15:00,0.0
18/06/2014 01:30:00,0.0
18/06/2014 01:45:00,0.0
18/06/2014 02:00:00,0.0
18/06/2014 02:15:00,0.0
18/06/2014 02:30:00,0.0
18/06/2014 02:45:00,0.0
18/06/2014 03:00:00,0.0
18/06/2014 03:15:00,0.0
18/06/2014 03:30:00,0.0
18/06/2014 03:45:00,0.0
18/06/2014 04:00:00,0.0
18/06/2014 04:15:00,0.0
18/06/2014 04:30:00,0.0
18/06/2014 04:45:00,0.0
18/06/2014 05:00:00,0.0
18/06/2014 05:15:00,0.0
18/06/2014 05:30:00,0.0
18/06/2014 05:45:00,0.0
18/06/2014 06:00:00,0.0
18/06/2014 06:15:00,0.0
18/06/2014 06:30:00,0.0
18/06/2014 06:45:00,0.0
18/06/2014 07:00:00,0.0
18/06/2014 07:15:00,0.0
18/06/2014 07:30:00,0.0
18/06/2014 07:45:00,0.0
18/06/2014 08:00:00,0.0
18/06/2014 08:15:00,0.0
18/06/2014 08:30:00,0.0
18/06/2014 08:45:00,0.0
18/06/2014 09:00:00,0.0
18/06/2014 09:15:00,0.0
18/06/2014 09:30:00,0.0
18/06/2014 09:45:00,0.0
18/06/2014 10:00:00,0.0
18/06/2014 10:15:00,0.0
18/06/2014 10:30:00,0.0
18/06/2014 10:45:00,0.0
18/06/2014 11:00:00,0.0
18/06/2014 11:15:00,0.0
18/06/2014 11:30:00,0.0
18/06/2014 11:45:00,0.0
18/06/2014 12:00:00,0.0
18/06/2014 12:15:00,0.00133333333333
18/06/2014 12:30:00,0.4918
18/06/2014 12:45:00,0.3524
18/06/2014 13:00:00,0.0729333333333
18/06/2014 13:15:00,0.0
18/06/2014 13:30:00,0.0
18/06/2014 13:45:00,0.0
18/06/2014 14:00:00,0.0
18/06/2014 14:15:00,0.0
18/06/2014 14:30:00,0.0
18/06/2014 14:45:00,0.0
18/06/2014 15:00:00,0.001
18/06/2014 15:15:00,0.3092
18/06/2014 15:30:00,0.3622
18/06/2014 15:45:00,0.1498
18/06/2014 16:00:00,0.0
18/06/2014 16:15:00,0.0
18/06/2014 16:30:00,0.0
18/06/2014 16:45:00,0.0
18/06/2014 17:00:00,0.0
18/06/2014 17:15:00,0.0
18/06/2014 17:30:00,0.0
18/06/2014 17:45:00,0.0
18/06/2014 18:00:00,0.0
18/06/2014 18:15:00,0.0
18/06/2014 18:30:00,0.0
18/06/2014 18:45:00,0.0
18/06/2014 19:00:00,0.0
18/06/2014 19:15:00,0.0
18/06/2014 19:30:00,0.0
18/06/2014 19:45:00,0.0
18/06/2014 20:00:00,0.0
18/06/2014 20:15:00,0.0
18/06/2014 20:30:00,0.0
18/06/2014 20:45:00,0.0
18/06/2014 21:00:00,0.0
18/06/2014 21:15:00,0.0
18/06/2014 21:30:00,0.0
18/06/2014 21:45:00,0.0
18/06/2014 22:00:00,0.0
18/06/2014 22:15:00,0.0
18/06/2014 22:30:00,0.0
18/06/2014 22:45:00,0.0
18/06/2014 23:00:00,0.0
18/06/2014 23:15:00,0.0
18/06/2014 23:30:00,0.0
18/06/2014 23:45:00,0.0
19/06/2014 00:00:00,0.0
19/06/2014 00:15:00,0.0
19/06/2014 00:30:00,0.0
19/06/2014 00:45:00,0.0
19/06/2014 01:00:00,0.0
19/06/2014 01:15:00,0.0
19/06/2014 01:30:00,0.0
19/06/2014 01:45:00,0.0
19/06/2014 02:00:00,0.0
19/06/2014 02:15:00,0.0
19/06/2014 02:30:00,0.0
19/06/2014 02:45:00,0.0
19/06/2014 03:00:00,0.0
19/06/2014 03:15:00,0.0
19/06/2014 03:30:00,0.0
19/06/2014 03:45:00,0.0
19/06/2014 04:00:00,0.0
19/06/2014 04:15:00,0.0
19/06/2014 04:30:00,0.0
19/06/2014 04:45:00,0.0
19/06/2014 05:00:00,0.0
19/06/2014 05:15:00,0.0
19/06/2014 05:30:00,0.0
19/06/2014 05:45:00,0.0
19/06/2014 06:00:00,0.0
19/06/2014 06:15:00,0.0
19/06/2014 06:30:00,0.0
19/06/2014 06:45:00,0.0
19/06/2014 07:00:00,0.0
19/06/2014 07:15:00,0.0
19/06/2014 07:30:00,0.0
19/06/2014 07:45:00,0.0
19/06/2014 08:00:00,0.0
19/06/2014 08:15:00,0.0
19/06/2014 08:30:00,0.0
19/06/2014 08:45:00,0.0
19/06/2014 09:00:00,0.0
19/06/2014 09:15:00,0.0
19/06/2014 09:30:00,0.0
19/06/2014 09:45:00,0.0
19/06/2014 10:00:00,0.0
19/06/2014 10:15:00,0.0
19/06/2014 10:30:00,0.0
19/06/2014 10:45:00,0.0
19/06/2014 11:00:00,0.0
19/06/2014 11:15:00,0.0
19/06/2014 11:30:00,0.0
19/06/2014 11:45:00,0.0
19/06/2014 12:00:00,0.0
19/06/2014 12:15:00,0.0
19/06/2014 12:30:00,0.0
19/06/2014 12:45:00,0.0
19/06/2014 13:00:00,0.0
19/06/2014 13:15:00,0.0
19/06/2014 13:30:00,0.0
19/06/2014 13:45:00,0.0
19/06/2014 14:00:00,0.0
19/06/2014 14:15:00,0.0
19/06/2014 14:30:00,0.0
19/06/2014 14:45:00,0.0
19/06/2014 15:00:00,0.0
19/06/2014 15:15:00,0.0
19/06/2014 15:30:00,0.276933333333
19/06/2014 15:45:00,0.583333333333
19/06/2014 16:00:00,0.265933333333
19/06/2014 16:15:00,0.0
19/06/2014 16:30:00,0.0
19/06/2014 16:45:00,0.0
19/06/2014 17:00:00,0.0
19/06/2014 17:15:00,0.0
19/06/2014 17:30:00,0.0
19/06/2014 17:45:00,0.0
19/06/2014 18:00:00,0.0
19/06/2014 18:15:00,0.0
19/06/2014 18:30:00,0.0
19/06/2014 18:45:00,0.0
19/06/2014 19:00:00,0.0
19/06/2014 19:15:00,0.0
19/06/2014 19:30:00,0.0
19/06/2014 19:45:00,0.0
19/06/2014 20:00:00,0.0
19/06/2014 20:15:00,0.0
19/06/2014 20:30:00,0.0
19/06/2014 20:45:00,0.0
19/06/2014 21:00:00,0.00986666666667
19/06/2014 21:15:00,0.515133333333
19/06/2014 21:30:00,0.438466666667
19/06/2014 21:45:00,0.0114
19/06/2014 22:00:00,0.0
19/06/2014 22:15:00,0.0
19/06/2014 22:30:00,0.0
19/06/2014 22:45:00,0.0
19/06/2014 23:00:00,0.0
19/06/2014 23:15:00,0.0
19/06/2014 23:30:00,0.0
19/06/2014 23:45:00,0.0
20/06/2014 00:00:00,0.0
20/06/2014 00:15:00,0.0
20/06/2014 00:30:00,0.0
20/06/2014 00:45:00,0.0
20/06/2014 01:00:00,0.0
20/06/2014 01:15:00,0.0
20/06/2014 01:30:00,0.0
20/06/2014 01:45:00,0.0
20/06/2014 02:00:00,0.0
20/06/2014 02:15:00,0.0
20/06/2014 02:30:00,0.0
20/06/2014 02:45:00,0.0
20/06/2014 03:00:00,0.0
20/06/2014 03:15:00,0.0
20/06/2014 03:30:00,0.0
20/06/2014 03:45:00,0.0
20/06/2014 04:00:00,0.0
20/06/2014 04:15:00,0.0
20/06/2014 04:30:00,0.0
20/06/2014 04:45:00,0.0
20/06/2014 05:00:00,0.0
20/06/2014 05:15:00,0.0
20/06/2014 05:30:00,0.0
20/06/2014 05:45:00,0.0
20/06/2014 06:00:00,0.0
20/06/2014 06:15:00,0.0
20/06/2014 06:30:00,0.0
20/06/2014 06:45:00,0.0
20/06/2014 07:00:00,0.0
20/06/2014 07:15:00,0.0
20/06/2014 07:30:00,0.0
20/06/2014 07:45:00,0.0
20/06/2014 08:00:00,0.0
20/06/2014 08:15:00,0.0
20/06/2014 08:30:00,0.0
20/06/2014 08:45:00,0.0
20/06/2014 09:00:00,0.0
20/06/2014 09:15:00,0.0
20/06/2014 09:30:00,0.0
20/06/2014 09:45:00,0.0
20/06/2014 10:00:00,0.0
20/06/2014 10:15:00,0.0
20/06/2014 10:30:00,0.0
20/06/2014 10:45:00,0.0
20/06/2014 11:00:00,0.0
20/06/2014 11:15:00,0.0
20/06/2014 11:30:00,0.0
20/06/2014 11:45:00,0.0
20/06/2014 12:00:00,0.0
20/06/2014 12:15:00,0.0
20/06/2014 12:30:00,0.0
20/06/2014 12:45:00,0.0
20/06/2014 13:00:00,0.0
20/06/2014 13:15:00,0.0
20/06/2014 13:30:00,0.0
20/06/2014 13:45:00,0.0
20/06/2014 14:00:00,0.0
20/06/2014 14:15:00,0.0
20/06/2014 14:30:00,0.0
20/06/2014 14:45:00,0.0
20/06/2014 15:00:00,0.0
20/06/2014 15:15:00,0.0
20/06/2014 15:30:00,0.0
20/06/2014 15:45:00,0.0
20/06/2014 16:00:00,0.0
20/06/2014 16:15:00,0.0
20/06/2014 16:30:00,0.0
20/06/2014 16:45:00,0.0
20/06/2014 17:00:00,0.0
20/06/2014 17:15:00,0.0
20/06/2014 17:30:00,0.0
20/06/2014 17:45:00,0.0
20/06/2014 18:00:00,0.0
20/06/2014 18:15:00,0.0
20/06/2014 18:30:00,0.0
20/06/2014 18:45:00,0.0
20/06/2014 19:00:00,0.0
20/06/2014 19:15:00,0.0
20/06/2014 19:30:00,0.0
20/06/2014 19:45:00,0.0
20/06/2014 20:00:00,0.0
20/06/2014 20:15:00,0.0
20/06/2014 20:30:00,0.0
20/06/2014 20:45:00,0.0
20/06/2014 21:00:00,0.0
20/06/2014 21:15:00,0.0
20/06/2014 21:30:00,0.0
20/06/2014 21:45:00,0.0
20/06/2014 22:00:00,0.0
20/06/2014 22:15:00,0.0
20/06/2014 22:30:00,0.0
20/06/2014 22:45:00,0.0
20/06/2014 23:00:00,0.0
20/06/2014 23:15:00,0.0
20/06/2014 23:30:00,0.0
20/06/2014 23:45:00,0.0
21/06/2014 00:00:00,0.0
21/06/2014 00:15:00,0.0
21/06/2014 00:30:00,0.0
21/06/2014 00:45:00,0.0
21/06/2014 01:00:00,0.0
21/06/2014 01:15:00,0.0
21/06/2014 01:30:00,0.0
21/06/2014 01:45:00,0.0
21/06/2014 02:00:00,0.0
21/06/2014 02:15:00,0.0
21/06/2014 02:30:00,0.0
21/06/2014 02:45:00,0.0
21/06/2014 03:00:00,0.0
21/06/2014 03:15:00,0.0
21/06/2014 03:30:00,0.0
21/06/2014 03:45:00,0.0
21/06/2014 04:00:00,0.0
21/06/2014 04:15:00,0.0
21/06/2014 04:30:00,0.0
21/06/2014 04:45:00,0.0
21/06/2014 05:00:00,0.0
21/06/2014 05:15:00,0.0
21/06/2014 05:30:00,0.0
21/06/2014 05:45:00,0.0
21/06/2014 06:00:00,0.0
21/06/2014 06:15:00,0.0
21/06/2014 06:30:00,0.0
21/06/2014 06:45:00,0.0
21/06/2014 07:00:00,0.0
21/06/2014 07:15:00,0.0
21/06/2014 07:30:00,0.0
21/06/2014 07:45:00,0.0
21/06/2014 08:00:00,0.0
21/06/2014 08:15:00,0.0
21/06/2014 08:30:00,0.0
21/06/2014 08:45:00,0.0
21/06/2014 09:00:00,0.0
21/06/2014 09:15:00,0.0
21/06/2014 09:30:00,0.0
21/06/2014 09:45:00,0.0
21/06/2014 10:00:00,0.0
21/06/2014 10:15:00,0.0
21/06/2014 10:30:00,0.0
21/06/2014 10:45:00,0.0
21/06/2014 11:00:00,0.0
21/06/2014 11:15:00,0.0
21/06/2014 11:30:00,0.0
21/06/2014 11:45:00,0.0
21/06/2014 12:00:00,0.0
21/06/2014 12:15:00,0.0
21/06/2014 12:30:00,0.0
21/06/2014 12:45:00,0.0
21/06/2014 13:00:00,0.0
21/06/2014 13:15:00,0.0
21/06/2014 13:30:00,0.0
21/06/2014 13:45:00,0.0
21/06/2014 14:00:00,0.0
21/06/2014 14:15:00,0.0
21/06/2014 14:30:00,0.0
21/06/2014 14:45:00,0.0
21/06/2014 15:00:00,0.0
21/06/2014 15:15:00,0.0
21/06/2014 15:30:00,0.0
21/06/2014 15:45:00,0.0
21/06/2014 16:00:00,0.0
21/06/2014 16:15:00,0.0
21/06/2014 16:30:00,0.0
21/06/2014 16:45:00,0.0
21/06/2014 17:00:00,0.0
21/06/2014 17:15:00,0.0
21/06/2014 17:30:00,0.0
21/06/2014 17:45:00,0.0
21/06/2014 18:00:00,0.0
21/06/2014 18:15:00,0.0
21/06/2014 18:30:00,0.0
21/06/2014 18:45:00,0.0
21/06/2014 19:00:00,0.0
21/06/2014 19:15:00,0.0
21/06/2014 19:30:00,0.0
21/06/2014 19:45:00,0.0
21/06/2014 20:00:00,0.0
21/06/2014 20:15:00,0.0
21/06/2014 20:30:00,0.0
21/06/2014 20:45:00,0.0
21/06/2014 21:00:00,0.0
21/06/2014 21:15:00,0.0
21/06/2014 21:30:00,0.0
21/06/2014 21:45:00,0.0
21/06/2014 22:00:00,0.0
21/06/2014 22:15:00,0.0
21/06/2014 22:30:00,0.0
21/06/2014 22:45:00,0.0
21/06/2014 23:00:00,0.0
21/06/2014 23:15:00,0.0
21/06/2014 23:30:00,0.0
21/06/2014 23:45:00,0.0
22/06/2014 00:00:00,0.0
22/06/2014 00:15:00,0.0
22/06/2014 00:30:00,0.0
22/06/2014 00:45:00,0.0
22/06/2014 01:00:00,0.0
22/06/2014 01:15:00,0.0
22/06/2014 01:30:00,0.0
22/06/2014 01:45:00,0.0
22/06/2014 02:00:00,0.0
22/06/2014 02:15:00,0.0
22/06/2014 02:30:00,0.0
22/06/2014 02:45:00,0.0
22/06/2014 03:00:00,0.0
22/06/2014 03:15:00,0.0
22/06/2014 03:30:00,0.0
22/06/2014 03:45:00,0.0
22/06/2014 04:00:00,0.0
22/06/2014 04:15:00,0.0
22/06/2014 04:30:00,0.0
22/06/2014 04:45:00,0.0
22/06/2014 05:00:00,0.0
22/06/2014 05:15:00,0.0
22/06/2014 05:30:00,0.0
22/06/2014 05:45:00,0.0
22/06/2014 06:00:00,0.0
22/06/2014 06:15:00,0.0
22/06/2014 06:30:00,0.0
22/06/2014 06:45:00,0.0
22/06/2014 07:00:00,0.0
22/06/2014 07:15:00,0.0
22/06/2014 07:30:00,0.0
22/06/2014 07:45:00,0.0
22/06/2014 08:00:00,0.1026
22/06/2014 08:15:00,0.455066666667
22/06/2014 08:30:00,0.374
22/06/2014 08:45:00,0.346
22/06/2014 09:00:00,0.422733333333
22/06/2014 09:15:00,0.077
22/06/2014 09:30:00,0.0
22/06/2014 09:45:00,0.0
22/06/2014 10:00:00,0.0
22/06/2014 10:15:00,0.0
22/06/2014 10:30:00,0.0
22/06/2014 10:45:00,0.0
22/06/2014 11:00:00,0.0
22/06/2014 11:15:00,0.0
22/06/2014 11:30:00,0.0
22/06/2014 11:45:00,0.0
22/06/2014 12:00:00,0.0
22/06/2014 12:15:00,0.0
22/06/2014 12:30:00,0.0
22/06/2014 12:45:00,0.0
22/06/2014 13:00:00,0.0
22/06/2014 13:15:00,0.0
22/06/2014 13:30:00,0.0
22/06/2014 13:45:00,0.0
22/06/2014 14:00:00,0.0
22/06/2014 14:15:00,0.0
22/06/2014 14:30:00,0.0
22/06/2014 14:45:00,0.0
22/06/2014 15:00:00,0.0
22/06/2014 15:15:00,0.0
22/06/2014 15:30:00,0.0
22/06/2014 15:45:00,0.0
22/06/2014 16:00:00,0.0
22/06/2014 16:15:00,0.0
22/06/2014 16:30:00,0.0
22/06/2014 16:45:00,0.0
22/06/2014 17:00:00,0.0
22/06/2014 17:15:00,0.0
22/06/2014 17:30:00,0.0
22/06/2014 17:45:00,0.0
22/06/2014 18:00:00,0.0
22/06/2014 18:15:00,0.0
22/06/2014 18:30:00,0.0
22/06/2014 18:45:00,0.0
22/06/2014 19:00:00,0.0
22/06/2014 19:15:00,0.0
22/06/2014 19:30:00,0.0
22/06/2014 19:45:00,0.0
22/06/2014 20:00:00,0.0
22/06/2014 20:15:00,0.0
22/06/2014 20:30:00,0.0
22/06/2014 20:45:00,0.0
22/06/2014 21:00:00,0.0
22/06/2014 21:15:00,0.0
22/06/2014 21:30:00,0.0
22/06/2014 21:45:00,0.0
22/06/2014 22:00:00,0.0
22/06/2014 22:15:00,0.0
22/06/2014 22:30:00,0.0
22/06/2014 22:45:00,0.0
22/06/2014 23:00:00,0.0
22/06/2014 23:15:00,0.0
22/06/2014 23:30:00,0.0
22/06/2014 23:45:00,0.0
23/06/2014 00:00:00,0.0
23/06/2014 00:15:00,0.0
23/06/2014 00:30:00,0.0
23/06/2014 00:45:00,0.0
23/06/2014 01:00:00,0.0
23/06/2014 01:15:00,0.0
23/06/2014 01:30:00,0.0
23/06/2014 01:45:00,0.0
23/06/2014 02:00:00,0.0
23/06/2014 02:15:00,0.0
23/06/2014 02:30:00,0.0
23/06/2014 02:45:00,0.0
23/06/2014 03:00:00,0.0
23/06/2014 03:15:00,0.0
23/06/2014 03:30:00,0.0
23/06/2014 03:45:00,0.0
23/06/2014 04:00:00,0.0
23/06/2014 04:15:00,0.0
23/06/2014 04:30:00,0.0
23/06/2014 04:45:00,0.0
23/06/2014 05:00:00,0.0
23/06/2014 05:15:00,0.0
23/06/2014 05:30:00,0.0
23/06/2014 05:45:00,0.0
23/06/2014 06:00:00,0.0
23/06/2014 06:15:00,0.0
23/06/2014 06:30:00,0.0
23/06/2014 06:45:00,0.0
23/06/2014 07:00:00,0.0
23/06/2014 07:15:00,0.0
23/06/2014 07:30:00,0.0
23/06/2014 07:45:00,0.0
23/06/2014 08:00:00,0.0
23/06/2014 08:15:00,0.0
23/06/2014 08:30:00,0.0
23/06/2014 08:45:00,0.0
23/06/2014 09:00:00,0.0
23/06/2014 09:15:00,0.0
23/06/2014 09:30:00,0.0
23/06/2014 09:45:00,0.0
23/06/2014 10:00:00,0.0
23/06/2014 10:15:00,0.0
23/06/2014 10:30:00,0.0
23/06/2014 10:45:00,0.0
23/06/2014 11:00:00,0.0
23/06/2014 11:15:00,0.0
23/06/2014 11:30:00,0.0
23/06/2014 11:45:00,0.0
23/06/2014 12:00:00,0.0
23/06/2014 12:15:00,0.0
23/06/2014 12:30:00,0.0
23/06/2014 12:45:00,0.0
23/06/2014 13:00:00,0.0
23/06/2014 13:15:00,0.0
23/06/2014 13:30:00,0.0
23/06/2014 13:45:00,0.0
23/06/2014 14:00:00,0.0
23/06/2014 14:15:00,0.0
23/06/2014 14:30:00,0.0
23/06/2014 14:45:00,0.0
23/06/2014 15:00:00,0.0
23/06/2014 15:15:00,0.0
23/06/2014 15:30:00,0.0
23/06/2014 15:45:00,0.0
23/06/2014 16:00:00,0.0
23/06/2014 16:15:00,0.0
23/06/2014 16:30:00,0.0
23/06/2014 16:45:00,0.0
23/06/2014 17:00:00,0.0
23/06/2014 17:15:00,0.0
23/06/2014 17:30:00,0.0
23/06/2014 17:45:00,0.0
23/06/2014 18:00:00,0.0
23/06/2014 18:15:00,0.0
23/06/2014 18:30:00,0.0
23/06/2014 18:45:00,0.0
23/06/2014 19:00:00,0.0
23/06/2014 19:15:00,0.0
23/06/2014 19:30:00,0.0
23/06/2014 19:45:00,0.0
23/06/2014 20:00:00,0.0
23/06/2014 20:15:00,0.0
23/06/2014 20:30:00,0.0
23/06/2014 20:45:00,0.0
23/06/2014 21:00:00,0.0
23/06/2014 21:15:00,0.0
23/06/2014 21:30:00,0.0
23/06/2014 21:45:00,0.0
23/06/2014 22:00:00,0.0
23/06/2014 22:15:00,0.0
23/06/2014 22:30:00,0.0
23/06/2014 22:45:00,0.0
23/06/2014 23:00:00,0.0
23/06/2014 23:15:00,0.0
23/06/2014 23:30:00,0.0
23/06/2014 23:45:00,0.0
24/06/2014 00:00:00,0.0
24/06/2014 00:15:00,0.0
24/06/2014 00:30:00,0.0
24/06/2014 00:45:00,0.0
24/06/2014 01:00:00,0.0
24/06/2014 01:15:00,0.0
24/06/2014 01:30:00,0.0
24/06/2014 01:45:00,0.0
24/06/2014 02:00:00,0.0
24/06/2014 02:15:00,0.0
24/06/2014 02:30:00,0.0
24/06/2014 02:45:00,0.0
24/06/2014 03:00:00,0.0
24/06/2014 03:15:00,0.0
24/06/2014 03:30:00,0.0
24/06/2014 03:45:00,0.0
24/06/2014 04:00:00,0.0
24/06/2014 04:15:00,0.0
24/06/2014 04:30:00,0.0
24/06/2014 04:45:00,0.0
24/06/2014 05:00:00,0.0
24/06/2014 05:15:00,0.0
24/06/2014 05:30:00,0.0
24/06/2014 05:45:00,0.0
24/06/2014 06:00:00,0.0
24/06/2014 06:15:00,0.0
24/06/2014 06:30:00,0.0
24/06/2014 06:45:00,0.0
24/06/2014 07:00:00,0.0
24/06/2014 07:15:00,0.0
24/06/2014 07:30:00,0.0
24/06/2014 07:45:00,0.0
24/06/2014 08:00:00,0.357933333333
24/06/2014 08:15:00,0.300066666667
24/06/2014 08:30:00,0.0
24/06/2014 08:45:00,0.0
24/06/2014 09:00:00,0.0
24/06/2014 09:15:00,0.0
24/06/2014 09:30:00,0.0
24/06/2014 09:45:00,0.0
24/06/2014 10:00:00,0.0
24/06/2014 10:15:00,0.0
24/06/2014 10:30:00,0.0
24/06/2014 10:45:00,0.0
24/06/2014 11:00:00,0.0
24/06/2014 11:15:00,0.0
24/06/2014 11:30:00,0.0
24/06/2014 11:45:00,0.0
24/06/2014 12:00:00,0.0
24/06/2014 12:15:00,0.0
24/06/2014 12:30:00,0.0
24/06/2014 12:45:00,0.0
24/06/2014 13:00:00,0.0
24/06/2014 13:15:00,0.0
24/06/2014 13:30:00,0.0
24/06/2014 13:45:00,0.0
24/06/2014 14:00:00,0.0
24/06/2014 14:15:00,0.0
24/06/2014 14:30:00,0.0
24/06/2014 14:45:00,0.0
24/06/2014 15:00:00,0.0
24/06/2014 15:15:00,0.0
24/06/2014 15:30:00,0.0
24/06/2014 15:45:00,0.0
24/06/2014 16:00:00,0.0
24/06/2014 16:15:00,0.0
24/06/2014 16:30:00,0.0
24/06/2014 16:45:00,0.0
24/06/2014 17:00:00,0.0
24/06/2014 17:15:00,0.0
24/06/2014 17:30:00,0.0
24/06/2014 17:45:00,0.0
24/06/2014 18:00:00,0.0
24/06/2014 18:15:00,0.0
24/06/2014 18:30:00,0.0
24/06/2014 18:45:00,0.0
24/06/2014 19:00:00,0.0
24/06/2014 19:15:00,0.0
24/06/2014 19:30:00,0.0
24/06/2014 19:45:00,0.0
24/06/2014 20:00:00,0.0
24/06/2014 20:15:00,0.0
24/06/2014 20:30:00,0.0
24/06/2014 20:45:00,0.0
24/06/2014 21:00:00,0.0
24/06/2014 21:15:00,0.0
24/06/2014 21:30:00,0.0
24/06/2014 21:45:00,0.0
24/06/2014 22:00:00,0.0
24/06/2014 22:15:00,0.0
24/06/2014 22:30:00,0.0
24/06/2014 22:45:00,0.0
24/06/2014 23:00:00,0.0
24/06/2014 23:15:00,0.0
24/06/2014 23:30:00,0.0
24/06/2014 23:45:00,0.0
25/06/2014 00:00:00,0.0
25/06/2014 00:15:00,0.0
25/06/2014 00:30:00,0.0
25/06/2014 00:45:00,0.0
25/06/2014 01:00:00,0.0
25/06/2014 01:15:00,0.0
25/06/2014 01:30:00,0.0
25/06/2014 01:45:00,0.0
25/06/2014 02:00:00,0.0
25/06/2014 02:15:00,0.0
25/06/2014 02:30:00,0.0
25/06/2014 02:45:00,0.0
25/06/2014 03:00:00,0.0
25/06/2014 03:15:00,0.0
25/06/2014 03:30:00,0.0
25/06/2014 03:45:00,0.0
25/06/2014 04:00:00,0.0
25/06/2014 04:15:00,0.0
25/06/2014 04:30:00,0.0
25/06/2014 04:45:00,0.0
25/06/2014 05:00:00,0.0
25/06/2014 05:15:00,0.0
25/06/2014 05:30:00,0.0
25/06/2014 05:45:00,0.0
25/06/2014 06:00:00,0.0
25/06/2014 06:15:00,0.0
25/06/2014 06:30:00,0.0
25/06/2014 06:45:00,0.0
25/06/2014 07:00:00,0.0
25/06/2014 07:15:00,0.0
25/06/2014 07:30:00,0.0
25/06/2014 07:45:00,0.0
25/06/2014 08:00:00,0.0
25/06/2014 08:15:00,0.0
25/06/2014 08:30:00,0.0
25/06/2014 08:45:00,0.0
25/06/2014 09:00:00,0.0
25/06/2014 09:15:00,0.0
25/06/2014 09:30:00,0.0
25/06/2014 09:45:00,0.0
25/06/2014 10:00:00,0.0
25/06/2014 10:15:00,0.0
25/06/2014 10:30:00,0.0
25/06/2014 10:45:00,0.0
25/06/2014 11:00:00,0.0
25/06/2014 11:15:00,0.0
25/06/2014 11:30:00,0.0
25/06/2014 11:45:00,0.0
25/06/2014 12:00:00,0.0
25/06/2014 12:15:00,0.0
25/06/2014 12:30:00,0.0
25/06/2014 12:45:00,0.0
25/06/2014 13:00:00,0.0
25/06/2014 13:15:00,0.0
25/06/2014 13:30:00,0.0
25/06/2014 13:45:00,0.0
25/06/2014 14:00:00,0.0
25/06/2014 14:15:00,0.0
25/06/2014 14:30:00,0.0
25/06/2014 14:45:00,0.0
25/06/2014 15:00:00,0.0
25/06/2014 15:15:00,0.0
25/06/2014 15:30:00,0.0
25/06/2014 15:45:00,0.0
25/06/2014 16:00:00,0.0
25/06/2014 16:15:00,0.0
25/06/2014 16:30:00,0.0
25/06/2014 16:45:00,0.0
25/06/2014 17:00:00,0.0
25/06/2014 17:15:00,0.0
25/06/2014 17:30:00,0.0
25/06/2014 17:45:00,0.0
25/06/2014 18:00:00,0.0
25/06/2014 18:15:00,0.0
25/06/2014 18:30:00,0.0
25/06/2014 18:45:00,0.0
25/06/2014 19:00:00,0.0
25/06/2014 19:15:00,0.0
25/06/2014 19:30:00,0.0
25/06/2014 19:45:00,0.0
25/06/2014 20:00:00,0.0
25/06/2014 20:15:00,0.0
25/06/2014 20:30:00,0.0
25/06/2014 20:45:00,0.0
25/06/2014 21:00:00,0.0
25/06/2014 21:15:00,0.0
25/06/2014 21:30:00,0.0
25/06/2014 21:45:00,0.0
25/06/2014 22:00:00,0.0
25/06/2014 22:15:00,0.0
25/06/2014 22:30:00,0.0
25/06/2014 22:45:00,0.0
25/06/2014 23:00:00,0.0
25/06/2014 23:15:00,0.0
25/06/2014 23:30:00,0.0
25/06/2014 23:45:00,0.0
26/06/2014 00:00:00,0.0
26/06/2014 00:15:00,0.0
26/06/2014 00:30:00,0.0
26/06/2014 00:45:00,0.0
26/06/2014 01:00:00,0.0
26/06/2014 01:15:00,0.0
26/06/2014 01:30:00,0.0
26/06/2014 01:45:00,0.0
26/06/2014 02:00:00,0.0
26/06/2014 02:15:00,0.0
26/06/2014 02:30:00,0.0
26/06/2014 02:45:00,0.0
26/06/2014 03:00:00,0.0
26/06/2014 03:15:00,0.0
26/06/2014 03:30:00,0.0
26/06/2014 03:45:00,0.0
26/06/2014 04:00:00,0.0
26/06/2014 04:15:00,0.0
26/06/2014 04:30:00,0.0
26/06/2014 04:45:00,0.0
26/06/2014 05:00:00,0.0
26/06/2014 05:15:00,0.0
26/06/2014 05:30:00,0.0
26/06/2014 05:45:00,0.0
26/06/2014 06:00:00,0.0
26/06/2014 06:15:00,0.0
26/06/2014 06:30:00,0.0
26/06/2014 06:45:00,0.0
26/06/2014 07:00:00,0.0
26/06/2014 07:15:00,0.0
26/06/2014 07:30:00,0.0
26/06/2014 07:45:00,0.0
26/06/2014 08:00:00,0.0
26/06/2014 08:15:00,0.0
26/06/2014 08:30:00,0.0
26/06/2014 08:45:00,0.0
26/06/2014 09:00:00,0.0
26/06/2014 09:15:00,0.0
26/06/2014 09:30:00,0.0
26/06/2014 09:45:00,0.0
26/06/2014 10:00:00,0.0
26/06/2014 10:15:00,0.0
26/06/2014 10:30:00,0.0
26/06/2014 10:45:00,0.0
26/06/2014 11:00:00,0.0
26/06/2014 11:15:00,0.0
26/06/2014 11:30:00,0.0
26/06/2014 11:45:00,0.0
26/06/2014 12:00:00,0.0
26/06/2014 12:15:00,0.0
26/06/2014 12:30:00,0.0
26/06/2014 12:45:00,0.0
26/06/2014 13:00:00,0.0
26/06/2014 13:15:00,0.0
26/06/2014 13:30:00,0.0
26/06/2014 13:45:00,0.0
26/06/2014 14:00:00,0.0
26/06/2014 14:15:00,0.0
26/06/2014 14:30:00,0.0
26/06/2014 14:45:00,0.0
26/06/2014 15:00:00,0.0
26/06/2014 15:15:00,0.0
26/06/2014 15:30:00,0.0
26/06/2014 15:45:00,0.0
26/06/2014 16:00:00,0.0
26/06/2014 16:15:00,0.0
26/06/2014 16:30:00,0.0
26/06/2014 16:45:00,0.0
26/06/2014 17:00:00,0.0
26/06/2014 17:15:00,0.0
26/06/2014 17:30:00,0.0
26/06/2014 17:45:00,0.0
26/06/2014 18:00:00,0.0
26/06/2014 18:15:00,0.0
26/06/2014 18:30:00,0.0
26/06/2014 18:45:00,0.0
26/06/2014 19:00:00,0.0
26/06/2014 19:15:00,0.0
26/06/2014 19:30:00,0.0
26/06/2014 19:45:00,0.0
26/06/2014 20:00:00,0.0
26/06/2014 20:15:00,0.0
26/06/2014 20:30:00,0.0
26/06/2014 20:45:00,0.0
26/06/2014 21:00:00,0.0
26/06/2014 21:15:00,0.0
26/06/2014 21:30:00,0.0
26/06/2014 21:45:00,0.0
26/06/2014 22:00:00,0.0
26/06/2014 22:15:00,0.0
26/06/2014 22:30:00,0.0
26/06/2014 22:45:00,0.0
26/06/2014 23:00:00,0.0
26/06/2014 23:15:00,0.0
26/06/2014 23:30:00,0.0
26/06/2014 23:45:00,0.0
27/06/2014 00:00:00,0.0
27/06/2014 00:15:00,0.0
27/06/2014 00:30:00,0.0
27/06/2014 00:45:00,0.0
27/06/2014 01:00:00,0.0
27/06/2014 01:15:00,0.0
27/06/2014 01:30:00,0.0
27/06/2014 01:45:00,0.0
27/06/2014 02:00:00,0.0
27/06/2014 02:15:00,0.0
27/06/2014 02:30:00,0.0
27/06/2014 02:45:00,0.0
27/06/2014 03:00:00,0.0
27/06/2014 03:15:00,0.0
27/06/2014 03:30:00,0.0
27/06/2014 03:45:00,0.0
27/06/2014 04:00:00,0.0
27/06/2014 04:15:00,0.0
27/06/2014 04:30:00,0.0
27/06/2014 04:45:00,0.0
27/06/2014 05:00:00,0.0
27/06/2014 05:15:00,0.0
27/06/2014 05:30:00,0.0
27/06/2014 05:45:00,0.0
27/06/2014 06:00:00,0.0
27/06/2014 06:15:00,0.0
27/06/2014 06:30:00,0.0
27/06/2014 06:45:00,0.0
27/06/2014 07:00:00,0.0
27/06/2014 07:15:00,0.0
27/06/2014 07:30:00,0.245533333333
27/06/2014 07:45:00,0.384
27/06/2014 08:00:00,0.220533333333
27/06/2014 08:15:00,0.0346
27/06/2014 08:30:00,0.377533333333
27/06/2014 08:45:00,0.379133333333
27/06/2014 09:00:00,0.0
27/06/2014 09:15:00,0.0
27/06/2014 09:30:00,0.0
27/06/2014 09:45:00,0.0
27/06/2014 10:00:00,0.0
27/06/2014 10:15:00,0.0
27/06/2014 10:30:00,0.0
27/06/2014 10:45:00,0.0
27/06/2014 11:00:00,0.0
27/06/2014 11:15:00,0.0
27/06/2014 11:30:00,0.0
27/06/2014 11:45:00,0.0
27/06/2014 12:00:00,0.0
27/06/2014 12:15:00,0.0
27/06/2014 12:30:00,0.0
27/06/2014 12:45:00,0.0
27/06/2014 13:00:00,0.0
27/06/2014 13:15:00,0.0
27/06/2014 13:30:00,0.0
27/06/2014 13:45:00,0.0
27/06/2014 14:00:00,0.0
27/06/2014 14:15:00,0.0
27/06/2014 14:30:00,0.0
27/06/2014 14:45:00,0.0
27/06/2014 15:00:00,0.0
27/06/2014 15:15:00,0.0
27/06/2014 15:30:00,0.0
27/06/2014 15:45:00,0.0
27/06/2014 16:00:00,0.0
27/06/2014 16:15:00,0.0
27/06/2014 16:30:00,0.0
27/06/2014 16:45:00,0.0
27/06/2014 17:00:00,0.0
27/06/2014 17:15:00,0.0
27/06/2014 17:30:00,0.0
27/06/2014 17:45:00,0.0
27/06/2014 18:00:00,0.0
27/06/2014 18:15:00,0.0
27/06/2014 18:30:00,0.0
27/06/2014 18:45:00,0.0
27/06/2014 19:00:00,0.0
27/06/2014 19:15:00,0.0
27/06/2014 19:30:00,0.0
27/06/2014 19:45:00,0.0
27/06/2014 20:00:00,0.0
27/06/2014 20:15:00,0.0
27/06/2014 20:30:00,0.0
27/06/2014 20:45:00,0.0
27/06/2014 21:00:00,0.0
27/06/2014 21:15:00,0.0
27/06/2014 21:30:00,0.0
27/06/2014 21:45:00,0.0
27/06/2014 22:00:00,0.0
27/06/2014 22:15:00,0.0
27/06/2014 22:30:00,0.0
27/06/2014 22:45:00,0.0
27/06/2014 23:00:00,0.0
27/06/2014 23:15:00,0.0
27/06/2014 23:30:00,0.0
27/06/2014 23:45:00,0.0
28/06/2014 00:00:00,0.0
28/06/2014 00:15:00,0.0
28/06/2014 00:30:00,0.0
28/06/2014 00:45:00,0.0
28/06/2014 01:00:00,0.0
28/06/2014 01:15:00,0.0
28/06/2014 01:30:00,0.0
28/06/2014 01:45:00,0.0
28/06/2014 02:00:00,0.0
28/06/2014 02:15:00,0.0
28/06/2014 02:30:00,0.0
28/06/2014 02:45:00,0.0
28/06/2014 03:00:00,0.0
28/06/2014 03:15:00,0.0
28/06/2014 03:30:00,0.0
28/06/2014 03:45:00,0.0
28/06/2014 04:00:00,0.0
28/06/2014 04:15:00,0.0
28/06/2014 04:30:00,0.0
28/06/2014 04:45:00,0.0
28/06/2014 05:00:00,0.0
28/06/2014 05:15:00,0.0
28/06/2014 05:30:00,0.0
28/06/2014 05:45:00,0.0
28/06/2014 06:00:00,0.0
28/06/2014 06:15:00,0.0
28/06/2014 06:30:00,0.0
28/06/2014 06:45:00,0.0
28/06/2014 07:00:00,0.0
28/06/2014 07:15:00,0.0
28/06/2014 07:30:00,0.0
28/06/2014 07:45:00,0.0
28/06/2014 08:00:00,0.0
28/06/2014 08:15:00,0.0
28/06/2014 08:30:00,0.0
28/06/2014 08:45:00,0.0
28/06/2014 09:00:00,0.0
28/06/2014 09:15:00,0.0
28/06/2014 09:30:00,0.0
28/06/2014 09:45:00,0.0
28/06/2014 10:00:00,0.0
28/06/2014 10:15:00,0.0
28/06/2014 10:30:00,0.0
28/06/2014 10:45:00,0.0
28/06/2014 11:00:00,0.0
28/06/2014 11:15:00,0.0
28/06/2014 11:30:00,0.0
28/06/2014 11:45:00,0.0
28/06/2014 12:00:00,0.357666666667
28/06/2014 12:15:00,0.3648
28/06/2014 12:30:00,0.0428666666667
28/06/2014 12:45:00,0.0
28/06/2014 13:00:00,0.0
28/06/2014 13:15:00,0.0
28/06/2014 13:30:00,0.0
28/06/2014 13:45:00,0.0
28/06/2014 14:00:00,0.0
28/06/2014 14:15:00,0.0
28/06/2014 14:30:00,0.0
28/06/2014 14:45:00,0.0
28/06/2014 15:00:00,0.0
28/06/2014 15:15:00,0.0
28/06/2014 15:30:00,0.0
28/06/2014 15:45:00,0.0
28/06/2014 16:00:00,0.0
28/06/2014 16:15:00,0.0
28/06/2014 16:30:00,0.0
28/06/2014 16:45:00,0.0
28/06/2014 17:00:00,0.0
28/06/2014 17:15:00,0.0
28/06/2014 17:30:00,0.0653333333333
28/06/2014 17:45:00,0.0290666666667
28/06/2014 18:00:00,0.0
28/06/2014 18:15:00,0.0
28/06/2014 18:30:00,0.283333333333
28/06/2014 18:45:00,0.181333333333
28/06/2014 19:00:00,0.313666666667
28/06/2014 19:15:00,0.284066666667
28/06/2014 19:30:00,0.0
28/06/2014 19:45:00,0.0
28/06/2014 20:00:00,0.0
28/06/2014 20:15:00,0.0
28/06/2014 20:30:00,0.0
28/06/2014 20:45:00,0.0
28/06/2014 21:00:00,0.167933333333
28/06/2014 21:15:00,0.299466666667
28/06/2014 21:30:00,0.385933333333
28/06/2014 21:45:00,0.0
28/06/2014 22:00:00,0.0
28/06/2014 22:15:00,0.0
28/06/2014 22:30:00,0.0
28/06/2014 22:45:00,0.0
28/06/2014 23:00:00,0.0
28/06/2014 23:15:00,0.0
28/06/2014 23:30:00,0.0
28/06/2014 23:45:00,0.0
29/06/2014 00:00:00,0.0
29/06/2014 00:15:00,0.0
29/06/2014 00:30:00,0.0
29/06/2014 00:45:00,0.0
29/06/2014 01:00:00,0.0
29/06/2014 01:15:00,0.0
29/06/2014 01:30:00,0.0
29/06/2014 01:45:00,0.0
29/06/2014 02:00:00,0.0
29/06/2014 02:15:00,0.0
29/06/2014 02:30:00,0.0
29/06/2014 02:45:00,0.0
29/06/2014 03:00:00,0.0
29/06/2014 03:15:00,0.0
29/06/2014 03:30:00,0.0
29/06/2014 03:45:00,0.0
29/06/2014 04:00:00,0.0
29/06/2014 04:15:00,0.0
29/06/2014 04:30:00,0.0
29/06/2014 04:45:00,0.0
29/06/2014 05:00:00,0.0
29/06/2014 05:15:00,0.0
29/06/2014 05:30:00,0.0
29/06/2014 05:45:00,0.0
29/06/2014 06:00:00,0.0
29/06/2014 06:15:00,0.0
29/06/2014 06:30:00,0.0
29/06/2014 06:45:00,0.0
29/06/2014 07:00:00,0.0
29/06/2014 07:15:00,0.0
29/06/2014 07:30:00,0.0
29/06/2014 07:45:00,0.0
29/06/2014 08:00:00,0.0
29/06/2014 08:15:00,0.0
29/06/2014 08:30:00,0.0
29/06/2014 08:45:00,0.0
29/06/2014 09:00:00,0.0
29/06/2014 09:15:00,0.0
29/06/2014 09:30:00,0.0
29/06/2014 09:45:00,0.0
29/06/2014 10:00:00,0.0
29/06/2014 10:15:00,0.0
29/06/2014 10:30:00,0.0
29/06/2014 10:45:00,0.0
29/06/2014 11:00:00,0.0
29/06/2014 11:15:00,0.0
29/06/2014 11:30:00,0.0
29/06/2014 11:45:00,0.0
29/06/2014 12:00:00,0.0
29/06/2014 12:15:00,0.0
29/06/2014 12:30:00,0.0
29/06/2014 12:45:00,0.0
29/06/2014 13:00:00,0.256733333333
29/06/2014 13:15:00,0.0261333333333
29/06/2014 13:30:00,0.0
29/06/2014 13:45:00,0.0
29/06/2014 14:00:00,0.0
29/06/2014 14:15:00,0.0
29/06/2014 14:30:00,0.0
29/06/2014 14:45:00,0.0
29/06/2014 15:00:00,0.0
29/06/2014 15:15:00,0.0
29/06/2014 15:30:00,0.0
29/06/2014 15:45:00,0.0
29/06/2014 16:00:00,0.0419333333333
29/06/2014 16:15:00,0.378133333333
29/06/2014 16:30:00,0.337933333333
29/06/2014 16:45:00,0.0
29/06/2014 17:00:00,0.0
29/06/2014 17:15:00,0.0
29/06/2014 17:30:00,0.0
29/06/2014 17:45:00,0.0
29/06/2014 18:00:00,0.0
29/06/2014 18:15:00,0.0
29/06/2014 18:30:00,0.0
29/06/2014 18:45:00,0.0
29/06/2014 19:00:00,0.0
29/06/2014 19:15:00,0.0
29/06/2014 19:30:00,0.0
29/06/2014 19:45:00,0.0
29/06/2014 20:00:00,0.0
29/06/2014 20:15:00,0.0
29/06/2014 20:30:00,0.0
29/06/2014 20:45:00,0.0
29/06/2014 21:00:00,0.0
29/06/2014 21:15:00,0.0
29/06/2014 21:30:00,0.0
29/06/2014 21:45:00,0.0
29/06/2014 22:00:00,0.0
29/06/2014 22:15:00,0.0
29/06/2014 22:30:00,0.0
29/06/2014 22:45:00,0.0
29/06/2014 23:00:00,0.0
29/06/2014 23:15:00,0.0
29/06/2014 23:30:00,0.0
29/06/2014 23:45:00,0.0
30/06/2014 00:00:00,0.0
30/06/2014 00:15:00,0.0
30/06/2014 00:30:00,0.0
30/06/2014 00:45:00,0.0
30/06/2014 01:00:00,0.0
30/06/2014 01:15:00,0.0
30/06/2014 01:30:00,0.0
30/06/2014 01:45:00,0.0
30/06/2014 02:00:00,0.0
30/06/2014 02:15:00,0.0
30/06/2014 02:30:00,0.0
30/06/2014 02:45:00,0.0
30/06/2014 03:00:00,0.0
30/06/2014 03:15:00,0.0
30/06/2014 03:30:00,0.0
30/06/2014 03:45:00,0.0
30/06/2014 04:00:00,0.0
30/06/2014 04:15:00,0.0
30/06/2014 04:30:00,0.0
30/06/2014 04:45:00,0.0
30/06/2014 05:00:00,0.0
30/06/2014 05:15:00,0.0
30/06/2014 05:30:00,0.0
30/06/2014 05:45:00,0.0
30/06/2014 06:00:00,0.0
30/06/2014 06:15:00,0.0
30/06/2014 06:30:00,0.0
30/06/2014 06:45:00,0.0
30/06/2014 07:00:00,0.0
30/06/2014 07:15:00,0.0
30/06/2014 07:30:00,0.0
30/06/2014 07:45:00,0.0
30/06/2014 08:00:00,0.0
30/06/2014 08:15:00,0.0
30/06/2014 08:30:00,0.0
30/06/2014 08:45:00,0.0
30/06/2014 09:00:00,0.0
30/06/2014 09:15:00,0.0
30/06/2014 09:30:00,0.0
30/06/2014 09:45:00,0.0
30/06/2014 10:00:00,0.0
30/06/2014 10:15:00,0.0
30/06/2014 10:30:00,0.0
30/06/2014 10:45:00,0.0
30/06/2014 11:00:00,0.0
30/06/2014 11:15:00,0.0
30/06/2014 11:30:00,0.0
30/06/2014 11:45:00,0.0
30/06/2014 12:00:00,0.0
30/06/2014 12:15:00,0.0
30/06/2014 12:30:00,0.0
30/06/2014 12:45:00,0.0
30/06/2014 13:00:00,0.0
30/06/2014 13:15:00,0.0
30/06/2014 13:30:00,0.0
30/06/2014 13:45:00,0.0
30/06/2014 14:00:00,0.0
30/06/2014 14:15:00,0.0
30/06/2014 14:30:00,0.0
30/06/2014 14:45:00,0.0
30/06/2014 15:00:00,0.0
30/06/2014 15:15:00,0.0
30/06/2014 15:30:00,0.0
30/06/2014 15:45:00,0.0
30/06/2014 16:00:00,0.0
30/06/2014 16:15:00,0.0
30/06/2014 16:30:00,0.0
30/06/2014 16:45:00,0.0
30/06/2014 17:00:00,0.0
30/06/2014 17:15:00,0.0
30/06/2014 17:30:00,0.0
30/06/2014 17:45:00,0.0
30/06/2014 18:00:00,0.0
30/06/2014 18:15:00,0.0
30/06/2014 18:30:00,0.0
30/06/2014 18:45:00,0.0
30/06/2014 19:00:00,0.0
30/06/2014 19:15:00,0.0
30/06/2014 19:30:00,0.0
30/06/2014 19:45:00,0.0
30/06/2014 20:00:00,0.0
30/06/2014 20:15:00,0.0
30/06/2014 20:30:00,0.0
30/06/2014 20:45:00,0.0
30/06/2014 21:00:00,0.0
30/06/2014 21:15:00,0.0
30/06/2014 21:30:00,0.0
30/06/2014 21:45:00,0.0
30/06/2014 22:00:00,0.0
30/06/2014 22:15:00,0.0
30/06/2014 22:30:00,0.0
30/06/2014 22:45:00,0.0
30/06/2014 23:00:00,0.0
30/06/2014 23:15:00,0.0
30/06/2014 23:30:00,0.0
30/06/2014 23:45:00,0.0
01/07/2014 00:00:00,0.0
01/07/2014 00:15:00,0.0
01/07/2014 00:30:00,0.0
01/07/2014 00:45:00,0.0
01/07/2014 01:00:00,0.0
01/07/2014 01:15:00,0.0
01/07/2014 01:30:00,0.0
01/07/2014 01:45:00,0.0
01/07/2014 02:00:00,0.0
01/07/2014 02:15:00,0.0
01/07/2014 02:30:00,0.0
01/07/2014 02:45:00,0.0
01/07/2014 03:00:00,0.0
01/07/2014 03:15:00,0.0
01/07/2014 03:30:00,0.0
01/07/2014 03:45:00,0.0
01/07/2014 04:00:00,0.0
01/07/2014 04:15:00,0.0
01/07/2014 04:30:00,0.0
01/07/2014 04:45:00,0.0
01/07/2014 05:00:00,0.0
01/07/2014 05:15:00,0.0
01/07/2014 05:30:00,0.0
01/07/2014 05:45:00,0.0
01/07/2014 06:00:00,0.0
01/07/2014 06:15:00,0.0
01/07/2014 06:30:00,0.0
01/07/2014 06:45:00,0.0
01/07/2014 07:00:00,0.0
01/07/2014 07:15:00,0.0
01/07/2014 07:30:00,0.0
01/07/2014 07:45:00,0.0
01/07/2014 08:00:00,0.0
01/07/2014 08:15:00,0.0
01/07/2014 08:30:00,0.0
01/07/2014 08:45:00,0.0
01/07/2014 09:00:00,0.0
01/07/2014 09:15:00,0.0
01/07/2014 09:30:00,0.0
01/07/2014 09:45:00,0.0
01/07/2014 10:00:00,0.0
01/07/2014 10:15:00,0.0
01/07/2014 10:30:00,0.0
01/07/2014 10:45:00,0.0
01/07/2014 11:00:00,0.0
01/07/2014 11:15:00,0.0
01/07/2014 11:30:00,0.0
01/07/2014 11:45:00,0.0
01/07/2014 12:00:00,0.0
01/07/2014 12:15:00,0.0
01/07/2014 12:30:00,0.0
01/07/2014 12:45:00,0.0
01/07/2014 13:00:00,0.0
01/07/2014 13:15:00,0.0
01/07/2014 13:30:00,0.0
01/07/2014 13:45:00,0.0
01/07/2014 14:00:00,0.0
01/07/2014 14:15:00,0.0
01/07/2014 14:30:00,0.0
01/07/2014 14:45:00,0.0
01/07/2014 15:00:00,0.0
01/07/2014 15:15:00,0.0
01/07/2014 15:30:00,0.0
01/07/2014 15:45:00,0.0
01/07/2014 16:00:00,0.0
01/07/2014 16:15:00,0.0
01/07/2014 16:30:00,0.0
01/07/2014 16:45:00,0.0
01/07/2014 17:00:00,0.0
01/07/2014 17:15:00,0.0
01/07/2014 17:30:00,0.0
01/07/2014 17:45:00,0.0
01/07/2014 18:00:00,0.0
01/07/2014 18:15:00,0.0
01/07/2014 18:30:00,0.0
01/07/2014 18:45:00,0.0
01/07/2014 19:00:00,0.0
01/07/2014 19:15:00,0.0
01/07/2014 19:30:00,0.0
01/07/2014 19:45:00,0.0
01/07/2014 20:00:00,0.0
01/07/2014 20:15:00,0.0
01/07/2014 20:30:00,0.0
01/07/2014 20:45:00,0.0
01/07/2014 21:00:00,0.0
01/07/2014 21:15:00,0.0
01/07/2014 21:30:00,0.0
01/07/2014 21:45:00,0.0
01/07/2014 22:00:00,0.0
01/07/2014 22:15:00,0.0
01/07/2014 22:30:00,0.0
01/07/2014 22:45:00,0.0
01/07/2014 23:00:00,0.0
01/07/2014 23:15:00,0.0
01/07/2014 23:30:00,0.0
01/07/2014 23:45:00,0.0
02/07/2014 00:00:00,0.0
02/07/2014 00:15:00,0.0
02/07/2014 00:30:00,0.0
02/07/2014 00:45:00,0.0
02/07/2014 01:00:00,0.0
02/07/2014 01:15:00,0.0
02/07/2014 01:30:00,0.0
02/07/2014 01:45:00,0.0
02/07/2014 02:00:00,0.0
02/07/2014 02:15:00,0.0
02/07/2014 02:30:00,0.0
02/07/2014 02:45:00,0.0
02/07/2014 03:00:00,0.0
02/07/2014 03:15:00,0.0
02/07/2014 03:30:00,0.0
02/07/2014 03:45:00,0.0
02/07/2014 04:00:00,0.0
02/07/2014 04:15:00,0.0
02/07/2014 04:30:00,0.0
02/07/2014 04:45:00,0.0
02/07/2014 05:00:00,0.0
02/07/2014 05:15:00,0.0
02/07/2014 05:30:00,0.0
02/07/2014 05:45:00,0.0
02/07/2014 06:00:00,0.0
02/07/2014 06:15:00,0.0
02/07/2014 06:30:00,0.0
02/07/2014 06:45:00,0.0
02/07/2014 07:00:00,0.0
02/07/2014 07:15:00,0.0
02/07/2014 07:30:00,0.0
02/07/2014 07:45:00,0.0
02/07/2014 08:00:00,0.0
02/07/2014 08:15:00,0.0
02/07/2014 08:30:00,0.0
02/07/2014 08:45:00,0.0
02/07/2014 09:00:00,0.0
02/07/2014 09:15:00,0.0
02/07/2014 09:30:00,0.0
02/07/2014 09:45:00,0.0
02/07/2014 10:00:00,0.0318
02/07/2014 10:15:00,0.3502
02/07/2014 10:30:00,0.330666666667
02/07/2014 10:45:00,0.3204
02/07/2014 11:00:00,0.0
02/07/2014 11:15:00,0.0
02/07/2014 11:30:00,0.0
02/07/2014 11:45:00,0.0
02/07/2014 12:00:00,0.0
02/07/2014 12:15:00,0.0
02/07/2014 12:30:00,0.0
02/07/2014 12:45:00,0.0
02/07/2014 13:00:00,0.0
02/07/2014 13:15:00,0.0
02/07/2014 13:30:00,0.0
02/07/2014 13:45:00,0.0
02/07/2014 14:00:00,0.0
02/07/2014 14:15:00,0.0
02/07/2014 14:30:00,0.205333333333
02/07/2014 14:45:00,0.385933333333
02/07/2014 15:00:00,0.187666666667
02/07/2014 15:15:00,0.0
02/07/2014 15:30:00,0.0
02/07/2014 15:45:00,0.0
02/07/2014 16:00:00,0.0
02/07/2014 16:15:00,0.0
02/07/2014 16:30:00,0.0
02/07/2014 16:45:00,0.0
02/07/2014 17:00:00,0.0
02/07/2014 17:15:00,0.0
02/07/2014 17:30:00,0.0
02/07/2014 17:45:00,0.0
02/07/2014 18:00:00,0.0
02/07/2014 18:15:00,0.0
02/07/2014 18:30:00,0.0
02/07/2014 18:45:00,0.0
02/07/2014 19:00:00,0.0
02/07/2014 19:15:00,0.0
02/07/2014 19:30:00,0.0
02/07/2014 19:45:00,0.0
02/07/2014 20:00:00,0.0
02/07/2014 20:15:00,0.0
02/07/2014 20:30:00,0.0
02/07/2014 20:45:00,0.0
02/07/2014 21:00:00,0.0
02/07/2014 21:15:00,0.0
02/07/2014 21:30:00,0.0
02/07/2014 21:45:00,0.0
02/07/2014 22:00:00,0.0
02/07/2014 22:15:00,0.0
02/07/2014 22:30:00,0.0
02/07/2014 22:45:00,0.0
02/07/2014 23:00:00,0.0
02/07/2014 23:15:00,0.0
02/07/2014 23:30:00,0.0
02/07/2014 23:45:00,0.0
03/07/2014 00:00:00,0.0
03/07/2014 00:15:00,0.0
03/07/2014 00:30:00,0.0
03/07/2014 00:45:00,0.0
03/07/2014 01:00:00,0.0
03/07/2014 01:15:00,0.0
03/07/2014 01:30:00,0.0
03/07/2014 01:45:00,0.0
03/07/2014 02:00:00,0.0
03/07/2014 02:15:00,0.0
03/07/2014 02:30:00,0.0
03/07/2014 02:45:00,0.0
03/07/2014 03:00:00,0.0
03/07/2014 03:15:00,0.0
03/07/2014 03:30:00,0.0
03/07/2014 03:45:00,0.0
03/07/2014 04:00:00,0.0
03/07/2014 04:15:00,0.0
03/07/2014 04:30:00,0.0
03/07/2014 04:45:00,0.0
03/07/2014 05:00:00,0.0
03/07/2014 05:15:00,0.0
03/07/2014 05:30:00,0.0
03/07/2014 05:45:00,0.0
03/07/2014 06:00:00,0.0
03/07/2014 06:15:00,0.0
03/07/2014 06:30:00,0.0
03/07/2014 06:45:00,0.0
03/07/2014 07:00:00,0.0
03/07/2014 07:15:00,0.0
03/07/2014 07:30:00,0.0
03/07/2014 07:45:00,0.0
03/07/2014 08:00:00,0.0
03/07/2014 08:15:00,0.0
03/07/2014 08:30:00,0.0
03/07/2014 08:45:00,0.0
03/07/2014 09:00:00,0.0
03/07/2014 09:15:00,0.0
03/07/2014 09:30:00,0.294933333333
03/07/2014 09:45:00,0.0
03/07/2014 10:00:00,0.0
03/07/2014 10:15:00,0.0
03/07/2014 10:30:00,0.0
03/07/2014 10:45:00,0.0
03/07/2014 11:00:00,0.0
03/07/2014 11:15:00,0.139533333333
03/07/2014 11:30:00,0.3656
03/07/2014 11:45:00,0.309333333333
03/07/2014 12:00:00,0.0
03/07/2014 12:15:00,0.0
03/07/2014 12:30:00,0.0
03/07/2014 12:45:00,0.0
03/07/2014 13:00:00,0.0
03/07/2014 13:15:00,0.0
03/07/2014 13:30:00,0.0
03/07/2014 13:45:00,0.0
03/07/2014 14:00:00,0.0
03/07/2014 14:15:00,0.0
03/07/2014 14:30:00,0.0
03/07/2014 14:45:00,0.0
03/07/2014 15:00:00,0.0
03/07/2014 15:15:00,0.0
03/07/2014 15:30:00,0.0
03/07/2014 15:45:00,0.0
03/07/2014 16:00:00,0.0
03/07/2014 16:15:00,0.0
03/07/2014 16:30:00,0.0
03/07/2014 16:45:00,0.0
03/07/2014 17:00:00,0.0
03/07/2014 17:15:00,0.0
03/07/2014 17:30:00,0.0
03/07/2014 17:45:00,0.0
03/07/2014 18:00:00,0.0
03/07/2014 18:15:00,0.0
03/07/2014 18:30:00,0.0
03/07/2014 18:45:00,0.0
03/07/2014 19:00:00,0.0
03/07/2014 19:15:00,0.0
03/07/2014 19:30:00,0.0
03/07/2014 19:45:00,0.0
03/07/2014 20:00:00,0.0
03/07/2014 20:15:00,0.0
03/07/2014 20:30:00,0.0
03/07/2014 20:45:00,0.0
03/07/2014 21:00:00,0.0
03/07/2014 21:15:00,0.0
03/07/2014 21:30:00,0.0
03/07/2014 21:45:00,0.0
03/07/2014 22:00:00,0.0
03/07/2014 22:15:00,0.0
03/07/2014 22:30:00,0.0
03/07/2014 22:45:00,0.0
03/07/2014 23:00:00,0.0
03/07/2014 23:15:00,0.0
03/07/2014 23:30:00,0.0
03/07/2014 23:45:00,0.0
04/07/2014 00:00:00,0.0
04/07/2014 00:15:00,0.0
04/07/2014 00:30:00,0.0
04/07/2014 00:45:00,0.0
04/07/2014 01:00:00,0.0
04/07/2014 01:15:00,0.0
04/07/2014 01:30:00,0.0
04/07/2014 01:45:00,0.0
04/07/2014 02:00:00,0.0
04/07/2014 02:15:00,0.0
04/07/2014 02:30:00,0.0
04/07/2014 02:45:00,0.0
04/07/2014 03:00:00,0.0
04/07/2014 03:15:00,0.0
04/07/2014 03:30:00,0.0
04/07/2014 03:45:00,0.0
04/07/2014 04:00:00,0.0
04/07/2014 04:15:00,0.0
04/07/2014 04:30:00,0.0
04/07/2014 04:45:00,0.0
04/07/2014 05:00:00,0.0
04/07/2014 05:15:00,0.0
04/07/2014 05:30:00,0.0
04/07/2014 05:45:00,0.0
04/07/2014 06:00:00,0.0
04/07/2014 06:15:00,0.0
04/07/2014 06:30:00,0.0
04/07/2014 06:45:00,0.0
04/07/2014 07:00:00,0.0
04/07/2014 07:15:00,0.0
04/07/2014 07:30:00,0.0
04/07/2014 07:45:00,0.0
04/07/2014 08:00:00,0.0
04/07/2014 08:15:00,0.0
04/07/2014 08:30:00,0.0
04/07/2014 08:45:00,0.0
04/07/2014 09:00:00,0.0
04/07/2014 09:15:00,0.0
04/07/2014 09:30:00,0.0
04/07/2014 09:45:00,0.0
04/07/2014 10:00:00,0.0
04/07/2014 10:15:00,0.0
04/07/2014 10:30:00,0.0
04/07/2014 10:45:00,0.0
04/07/2014 11:00:00,0.0
04/07/2014 11:15:00,0.0
04/07/2014 11:30:00,0.0
04/07/2014 11:45:00,0.0
04/07/2014 12:00:00,0.0
04/07/2014 12:15:00,0.0
04/07/2014 12:30:00,0.0
04/07/2014 12:45:00,0.0
04/07/2014 13:00:00,0.0
04/07/2014 13:15:00,0.0
04/07/2014 13:30:00,0.0
04/07/2014 13:45:00,0.0
04/07/2014 14:00:00,0.0
04/07/2014 14:15:00,0.0
04/07/2014 14:30:00,0.0
04/07/2014 14:45:00,0.0
04/07/2014 15:00:00,0.0
04/07/2014 15:15:00,0.0
04/07/2014 15:30:00,0.0
04/07/2014 15:45:00,0.0
04/07/2014 16:00:00,0.0
04/07/2014 16:15:00,0.0
04/07/2014 16:30:00,0.0
04/07/2014 16:45:00,0.0
04/07/2014 17:00:00,0.0
04/07/2014 17:15:00,0.0
04/07/2014 17:30:00,0.0
04/07/2014 17:45:00,0.0
04/07/2014 18:00:00,0.0
04/07/2014 18:15:00,0.0
04/07/2014 18:30:00,0.0
04/07/2014 18:45:00,0.0
04/07/2014 19:00:00,0.0
04/07/2014 19:15:00,0.0
04/07/2014 19:30:00,0.0
04/07/2014 19:45:00,0.0
04/07/2014 20:00:00,0.0
04/07/2014 20:15:00,0.0
04/07/2014 20:30:00,0.0
04/07/2014 20:45:00,0.0
04/07/2014 21:00:00,0.0
04/07/2014 21:15:00,0.0
04/07/2014 21:30:00,0.0
04/07/2014 21:45:00,0.0
04/07/2014 22:00:00,0.0
04/07/2014 22:15:00,0.0
04/07/2014 22:30:00,0.0
04/07/2014 22:45:00,0.0
04/07/2014 23:00:00,0.0
04/07/2014 23:15:00,0.0
04/07/2014 23:30:00,0.0
04/07/2014 23:45:00,0.0
05/07/2014 00:00:00,0.0
05/07/2014 00:15:00,0.0
05/07/2014 00:30:00,0.0
05/07/2014 00:45:00,0.0
05/07/2014 01:00:00,0.0
05/07/2014 01:15:00,0.0
05/07/2014 01:30:00,0.0
05/07/2014 01:45:00,0.0
05/07/2014 02:00:00,0.0
05/07/2014 02:15:00,0.0
05/07/2014 02:30:00,0.0
05/07/2014 02:45:00,0.0
05/07/2014 03:00:00,0.0
05/07/2014 03:15:00,0.0
05/07/2014 03:30:00,0.0
05/07/2014 03:45:00,0.0
05/07/2014 04:00:00,0.0
05/07/2014 04:15:00,0.0
05/07/2014 04:30:00,0.0
05/07/2014 04:45:00,0.0
05/07/2014 05:00:00,0.0
05/07/2014 05:15:00,0.0
05/07/2014 05:30:00,0.0
05/07/2014 05:45:00,0.0
05/07/2014 06:00:00,0.0
05/07/2014 06:15:00,0.0
05/07/2014 06:30:00,0.0
05/07/2014 06:45:00,0.0
05/07/2014 07:00:00,0.0
05/07/2014 07:15:00,0.0
05/07/2014 07:30:00,0.0
05/07/2014 07:45:00,0.0
05/07/2014 08:00:00,0.0
05/07/2014 08:15:00,0.0
05/07/2014 08:30:00,0.0
05/07/2014 08:45:00,0.0
05/07/2014 09:00:00,0.0
05/07/2014 09:15:00,0.0
05/07/2014 09:30:00,0.0
05/07/2014 09:45:00,0.0
05/07/2014 10:00:00,0.0
05/07/2014 10:15:00,0.0
05/07/2014 10:30:00,0.0
05/07/2014 10:45:00,0.0
05/07/2014 11:00:00,0.0
05/07/2014 11:15:00,0.0
05/07/2014 11:30:00,0.0
05/07/2014 11:45:00,0.0
05/07/2014 12:00:00,0.0
05/07/2014 12:15:00,0.0
05/07/2014 12:30:00,0.0
05/07/2014 12:45:00,0.0
05/07/2014 13:00:00,0.0
05/07/2014 13:15:00,0.0
05/07/2014 13:30:00,0.0
05/07/2014 13:45:00,0.0
05/07/2014 14:00:00,0.0
05/07/2014 14:15:00,0.0
05/07/2014 14:30:00,0.0
05/07/2014 14:45:00,0.0
05/07/2014 15:00:00,0.0
05/07/2014 15:15:00,0.0
05/07/2014 15:30:00,0.0
05/07/2014 15:45:00,0.0
05/07/2014 16:00:00,0.0
05/07/2014 16:15:00,0.0
05/07/2014 16:30:00,0.0
05/07/2014 16:45:00,0.0
05/07/2014 17:00:00,0.0
05/07/2014 17:15:00,0.0
05/07/2014 17:30:00,0.0
05/07/2014 17:45:00,0.0
05/07/2014 18:00:00,0.0
05/07/2014 18:15:00,0.0
05/07/2014 18:30:00,0.0
05/07/2014 18:45:00,0.0
05/07/2014 19:00:00,0.0
05/07/2014 19:15:00,0.0
05/07/2014 19:30:00,0.0
05/07/2014 19:45:00,0.0
05/07/2014 20:00:00,0.0
05/07/2014 20:15:00,0.0
05/07/2014 20:30:00,0.0
05/07/2014 20:45:00,0.0
05/07/2014 21:00:00,0.0
05/07/2014 21:15:00,0.0
05/07/2014 21:30:00,0.0
05/07/2014 21:45:00,0.0
05/07/2014 22:00:00,0.0
05/07/2014 22:15:00,0.0
05/07/2014 22:30:00,0.0
05/07/2014 22:45:00,0.0
05/07/2014 23:00:00,0.0
05/07/2014 23:15:00,0.0
05/07/2014 23:30:00,0.0
05/07/2014 23:45:00,0.0
06/07/2014 00:00:00,0.0
06/07/2014 00:15:00,0.0
06/07/2014 00:30:00,0.0
06/07/2014 00:45:00,0.0
06/07/2014 01:00:00,0.0
06/07/2014 01:15:00,0.0
06/07/2014 01:30:00,0.0
06/07/2014 01:45:00,0.0
06/07/2014 02:00:00,0.0
06/07/2014 02:15:00,0.0
06/07/2014 02:30:00,0.0
06/07/2014 02:45:00,0.0
06/07/2014 03:00:00,0.0
06/07/2014 03:15:00,0.0
06/07/2014 03:30:00,0.0
06/07/2014 03:45:00,0.0
06/07/2014 04:00:00,0.0
06/07/2014 04:15:00,0.0
06/07/2014 04:30:00,0.0
06/07/2014 04:45:00,0.0
06/07/2014 05:00:00,0.0
06/07/2014 05:15:00,0.0
06/07/2014 05:30:00,0.0
06/07/2014 05:45:00,0.0
06/07/2014 06:00:00,0.0
06/07/2014 06:15:00,0.0
06/07/2014 06:30:00,0.0
06/07/2014 06:45:00,0.0
06/07/2014 07:00:00,0.0
06/07/2014 07:15:00,0.0
06/07/2014 07:30:00,0.0
06/07/2014 07:45:00,0.0
06/07/2014 08:00:00,0.0
06/07/2014 08:15:00,0.0
06/07/2014 08:30:00,0.0
06/07/2014 08:45:00,0.0
06/07/2014 09:00:00,0.0
06/07/2014 09:15:00,0.0
06/07/2014 09:30:00,0.0
06/07/2014 09:45:00,0.0
06/07/2014 10:00:00,0.0
06/07/2014 10:15:00,0.0
06/07/2014 10:30:00,0.0
06/07/2014 10:45:00,0.0
06/07/2014 11:00:00,0.0
06/07/2014 11:15:00,0.0
06/07/2014 11:30:00,0.0
06/07/2014 11:45:00,0.0
06/07/2014 12:00:00,0.0
06/07/2014 12:15:00,0.0
06/07/2014 12:30:00,0.0
06/07/2014 12:45:00,0.0
06/07/2014 13:00:00,0.0
06/07/2014 13:15:00,0.0
06/07/2014 13:30:00,0.0
06/07/2014 13:45:00,0.0
06/07/2014 14:00:00,0.0
06/07/2014 14:15:00,0.0
06/07/2014 14:30:00,0.0
06/07/2014 14:45:00,0.0
06/07/2014 15:00:00,0.0
06/07/2014 15:15:00,0.0
06/07/2014 15:30:00,0.0
06/07/2014 15:45:00,0.0
06/07/2014 16:00:00,0.0
06/07/2014 16:15:00,0.0
06/07/2014 16:30:00,0.0
06/07/2014 16:45:00,0.0
06/07/2014 17:00:00,0.0
06/07/2014 17:15:00,0.0
06/07/2014 17:30:00,0.0
06/07/2014 17:45:00,0.0
06/07/2014 18:00:00,0.0
06/07/2014 18:15:00,0.0
06/07/2014 18:30:00,0.0
06/07/2014 18:45:00,0.0
06/07/2014 19:00:00,0.0
06/07/2014 19:15:00,0.0
06/07/2014 19:30:00,0.0
06/07/2014 19:45:00,0.0
06/07/2014 20:00:00,0.0
06/07/2014 20:15:00,0.0
06/07/2014 20:30:00,0.0
06/07/2014 20:45:00,0.0
06/07/2014 21:00:00,0.0
06/07/2014 21:15:00,0.0
06/07/2014 21:30:00,0.0
06/07/2014 21:45:00,0.0
06/07/2014 22:00:00,0.0
06/07/2014 22:15:00,0.0
06/07/2014 22:30:00,0.0
06/07/2014 22:45:00,0.0
06/07/2014 23:00:00,0.0
06/07/2014 23:15:00,0.0
06/07/2014 23:30:00,0.0
06/07/2014 23:45:00,0.0
07/07/2014 00:00:00,0.0
07/07/2014 00:15:00,0.0
07/07/2014 00:30:00,0.0
07/07/2014 00:45:00,0.0
07/07/2014 01:00:00,0.0
07/07/2014 01:15:00,0.0
07/07/2014 01:30:00,0.0
07/07/2014 01:45:00,0.0
07/07/2014 02:00:00,0.0
07/07/2014 02:15:00,0.0
07/07/2014 02:30:00,0.0
07/07/2014 02:45:00,0.0
07/07/2014 03:00:00,0.0
07/07/2014 03:15:00,0.0
07/07/2014 03:30:00,0.0
07/07/2014 03:45:00,0.0
07/07/2014 04:00:00,0.0
07/07/2014 04:15:00,0.0
07/07/2014 04:30:00,0.0
07/07/2014 04:45:00,0.0
07/07/2014 05:00:00,0.0
07/07/2014 05:15:00,0.0
07/07/2014 05:30:00,0.0
07/07/2014 05:45:00,0.0
07/07/2014 06:00:00,0.0
07/07/2014 06:15:00,0.0
07/07/2014 06:30:00,0.00153333333333
07/07/2014 06:45:00,0.439466666667
07/07/2014 07:00:00,0.342466666667
07/07/2014 07:15:00,0.0646666666667
07/07/2014 07:30:00,0.0
07/07/2014 07:45:00,0.0
07/07/2014 08:00:00,0.0
07/07/2014 08:15:00,0.0
07/07/2014 08:30:00,0.0
07/07/2014 08:45:00,0.0
07/07/2014 09:00:00,0.0
07/07/2014 09:15:00,0.0
07/07/2014 09:30:00,0.0
07/07/2014 09:45:00,0.0
07/07/2014 10:00:00,0.0
07/07/2014 10:15:00,0.0
07/07/2014 10:30:00,0.0
07/07/2014 10:45:00,0.0
07/07/2014 11:00:00,0.0
07/07/2014 11:15:00,0.0
07/07/2014 11:30:00,0.0
07/07/2014 11:45:00,0.0
07/07/2014 12:00:00,0.0
07/07/2014 12:15:00,0.0
07/07/2014 12:30:00,0.0
07/07/2014 12:45:00,0.0
07/07/2014 13:00:00,0.0
07/07/2014 13:15:00,0.0
07/07/2014 13:30:00,0.0
07/07/2014 13:45:00,0.0
07/07/2014 14:00:00,0.0
07/07/2014 14:15:00,0.0
07/07/2014 14:30:00,0.0
07/07/2014 14:45:00,0.0
07/07/2014 15:00:00,0.0
07/07/2014 15:15:00,0.0
07/07/2014 15:30:00,0.0
07/07/2014 15:45:00,0.0
07/07/2014 16:00:00,0.0
07/07/2014 16:15:00,0.0
07/07/2014 16:30:00,0.0
07/07/2014 16:45:00,0.0
07/07/2014 17:00:00,0.0
07/07/2014 17:15:00,0.0
07/07/2014 17:30:00,0.0
07/07/2014 17:45:00,0.0
07/07/2014 18:00:00,0.0
07/07/2014 18:15:00,0.0
07/07/2014 18:30:00,0.0
07/07/2014 18:45:00,0.0
07/07/2014 19:00:00,0.0
07/07/2014 19:15:00,0.0
07/07/2014 19:30:00,0.0
07/07/2014 19:45:00,0.0
07/07/2014 20:00:00,0.0
07/07/2014 20:15:00,0.0
07/07/2014 20:30:00,0.0
07/07/2014 20:45:00,0.0
07/07/2014 21:00:00,0.0
07/07/2014 21:15:00,0.0
07/07/2014 21:30:00,0.0
07/07/2014 21:45:00,0.1068
07/07/2014 22:00:00,0.395866666667
07/07/2014 22:15:00,0.4208
07/07/2014 22:30:00,0.0
07/07/2014 22:45:00,0.0
07/07/2014 23:00:00,0.000533333333333
07/07/2014 23:15:00,0.271466666667
07/07/2014 23:30:00,0.3156
07/07/2014 23:45:00,0.230733333333
08/07/2014 00:00:00,0.0
08/07/2014 00:15:00,0.0
08/07/2014 00:30:00,0.0
08/07/2014 00:45:00,0.0
08/07/2014 01:00:00,0.0
08/07/2014 01:15:00,0.0
08/07/2014 01:30:00,0.0
08/07/2014 01:45:00,0.0
08/07/2014 02:00:00,0.0
08/07/2014 02:15:00,0.0
08/07/2014 02:30:00,0.0
08/07/2014 02:45:00,0.0
08/07/2014 03:00:00,0.0
08/07/2014 03:15:00,0.0
08/07/2014 03:30:00,0.0
08/07/2014 03:45:00,0.0
08/07/2014 04:00:00,0.0
08/07/2014 04:15:00,0.0
08/07/2014 04:30:00,0.0
08/07/2014 04:45:00,0.0
08/07/2014 05:00:00,0.0
08/07/2014 05:15:00,0.0
08/07/2014 05:30:00,0.0
08/07/2014 05:45:00,0.0
08/07/2014 06:00:00,0.0
08/07/2014 06:15:00,0.0
08/07/2014 06:30:00,0.0
08/07/2014 06:45:00,0.0
08/07/2014 07:00:00,0.0
08/07/2014 07:15:00,0.0
08/07/2014 07:30:00,0.0
08/07/2014 07:45:00,0.0
08/07/2014 08:00:00,0.0
08/07/2014 08:15:00,0.0
08/07/2014 08:30:00,0.0
08/07/2014 08:45:00,0.0
08/07/2014 09:00:00,0.0
08/07/2014 09:15:00,0.0
08/07/2014 09:30:00,0.0
08/07/2014 09:45:00,0.0
08/07/2014 10:00:00,0.0
08/07/2014 10:15:00,0.0
08/07/2014 10:30:00,0.0
08/07/2014 10:45:00,0.0
08/07/2014 11:00:00,0.0
08/07/2014 11:15:00,0.0
08/07/2014 11:30:00,0.0
08/07/2014 11:45:00,0.0
08/07/2014 12:00:00,0.0
08/07/2014 12:15:00,0.0
08/07/2014 12:30:00,0.0
08/07/2014 12:45:00,0.0
08/07/2014 13:00:00,0.0
08/07/2014 13:15:00,0.0
08/07/2014 13:30:00,0.0
08/07/2014 13:45:00,0.0
08/07/2014 14:00:00,0.0
08/07/2014 14:15:00,0.0
08/07/2014 14:30:00,0.0
08/07/2014 14:45:00,0.0
08/07/2014 15:00:00,0.0
08/07/2014 15:15:00,0.0
08/07/2014 15:30:00,0.0
08/07/2014 15:45:00,0.0
08/07/2014 16:00:00,0.172533333333
08/07/2014 16:15:00,0.307133333333
08/07/2014 16:30:00,0.330666666667
08/07/2014 16:45:00,0.0
08/07/2014 17:00:00,0.0
08/07/2014 17:15:00,0.0
08/07/2014 17:30:00,0.0
08/07/2014 17:45:00,0.0
08/07/2014 18:00:00,0.0
08/07/2014 18:15:00,0.0
08/07/2014 18:30:00,0.0
08/07/2014 18:45:00,0.0
08/07/2014 19:00:00,0.0
08/07/2014 19:15:00,0.0
08/07/2014 19:30:00,0.0
08/07/2014 19:45:00,0.0
08/07/2014 20:00:00,0.0
08/07/2014 20:15:00,0.0
08/07/2014 20:30:00,0.0
08/07/2014 20:45:00,0.0
08/07/2014 21:00:00,0.0
08/07/2014 21:15:00,0.0
08/07/2014 21:30:00,0.0
08/07/2014 21:45:00,0.0
08/07/2014 22:00:00,0.0
08/07/2014 22:15:00,0.0
08/07/2014 22:30:00,0.0
08/07/2014 22:45:00,0.0
08/07/2014 23:00:00,0.0
08/07/2014 23:15:00,0.0
08/07/2014 23:30:00,0.0
08/07/2014 23:45:00,0.0
09/07/2014 00:00:00,0.0
09/07/2014 00:15:00,0.0
09/07/2014 00:30:00,0.0
09/07/2014 00:45:00,0.0
09/07/2014 01:00:00,0.0
09/07/2014 01:15:00,0.0
09/07/2014 01:30:00,0.0
09/07/2014 01:45:00,0.0
09/07/2014 02:00:00,0.0
09/07/2014 02:15:00,0.0
09/07/2014 02:30:00,0.0
09/07/2014 02:45:00,0.0
09/07/2014 03:00:00,0.0
09/07/2014 03:15:00,0.0
09/07/2014 03:30:00,0.0
09/07/2014 03:45:00,0.0
09/07/2014 04:00:00,0.0
09/07/2014 04:15:00,0.0
09/07/2014 04:30:00,0.0
09/07/2014 04:45:00,0.0
09/07/2014 05:00:00,0.0
09/07/2014 05:15:00,0.0
09/07/2014 05:30:00,0.0
09/07/2014 05:45:00,0.0
09/07/2014 06:00:00,0.0
09/07/2014 06:15:00,0.0
09/07/2014 06:30:00,0.0
09/07/2014 06:45:00,0.0
09/07/2014 07:00:00,0.0
09/07/2014 07:15:00,0.0
09/07/2014 07:30:00,0.0
09/07/2014 07:45:00,0.0
09/07/2014 08:00:00,0.0
09/07/2014 08:15:00,0.0
09/07/2014 08:30:00,0.0
09/07/2014 08:45:00,0.0
09/07/2014 09:00:00,0.0
09/07/2014 09:15:00,0.0
09/07/2014 09:30:00,0.0
09/07/2014 09:45:00,0.1176
09/07/2014 10:00:00,0.383133333333
09/07/2014 10:15:00,0.406733333333
09/07/2014 10:30:00,0.1668
09/07/2014 10:45:00,0.318066666667
09/07/2014 11:00:00,0.355466666667
09/07/2014 11:15:00,0.0
09/07/2014 11:30:00,0.0
09/07/2014 11:45:00,0.0
09/07/2014 12:00:00,0.0
09/07/2014 12:15:00,0.0
09/07/2014 12:30:00,0.2516
09/07/2014 12:45:00,0.323066666667
09/07/2014 13:00:00,0.241266666667
09/07/2014 13:15:00,0.0
09/07/2014 13:30:00,0.0
09/07/2014 13:45:00,0.0
09/07/2014 14:00:00,0.0
09/07/2014 14:15:00,0.0
09/07/2014 14:30:00,0.0
09/07/2014 14:45:00,0.0
09/07/2014 15:00:00,0.214
09/07/2014 15:15:00,0.301133333333
09/07/2014 15:30:00,0.335466666667
09/07/2014 15:45:00,0.0
09/07/2014 16:00:00,0.0
09/07/2014 16:15:00,0.0
09/07/2014 16:30:00,0.0
09/07/2014 16:45:00,0.0
09/07/2014 17:00:00,0.0
09/07/2014 17:15:00,0.0
09/07/2014 17:30:00,0.0
09/07/2014 17:45:00,0.0
09/07/2014 18:00:00,0.0
09/07/2014 18:15:00,0.0
09/07/2014 18:30:00,0.0
09/07/2014 18:45:00,0.0
09/07/2014 19:00:00,0.0
09/07/2014 19:15:00,0.0
09/07/2014 19:30:00,0.0
09/07/2014 19:45:00,0.0
09/07/2014 20:00:00,0.0
09/07/2014 20:15:00,0.0
09/07/2014 20:30:00,0.0
09/07/2014 20:45:00,0.0
09/07/2014 21:00:00,0.0
09/07/2014 21:15:00,0.0
09/07/2014 21:30:00,0.0
09/07/2014 21:45:00,0.0
09/07/2014 22:00:00,0.0
09/07/2014 22:15:00,0.0
09/07/2014 22:30:00,0.0
09/07/2014 22:45:00,0.0
09/07/2014 23:00:00,0.0
09/07/2014 23:15:00,0.0
09/07/2014 23:30:00,0.0
09/07/2014 23:45:00,0.0
10/07/2014 00:00:00,0.0
10/07/2014 00:15:00,0.0
10/07/2014 00:30:00,0.0
10/07/2014 00:45:00,0.0
10/07/2014 01:00:00,0.0
10/07/2014 01:15:00,0.0
10/07/2014 01:30:00,0.0
10/07/2014 01:45:00,0.0
10/07/2014 02:00:00,0.0
10/07/2014 02:15:00,0.0
10/07/2014 02:30:00,0.0
10/07/2014 02:45:00,0.0
10/07/2014 03:00:00,0.0
10/07/2014 03:15:00,0.0
10/07/2014 03:30:00,0.0
10/07/2014 03:45:00,0.0
10/07/2014 04:00:00,0.0
10/07/2014 04:15:00,0.0
10/07/2014 04:30:00,0.0
10/07/2014 04:45:00,0.0
10/07/2014 05:00:00,0.0
10/07/2014 05:15:00,0.0
10/07/2014 05:30:00,0.0
10/07/2014 05:45:00,0.0
10/07/2014 06:00:00,0.0
10/07/2014 06:15:00,0.0
10/07/2014 06:30:00,0.0
10/07/2014 06:45:00,0.0
10/07/2014 07:00:00,0.0
10/07/2014 07:15:00,0.0
10/07/2014 07:30:00,0.0
10/07/2014 07:45:00,0.0
10/07/2014 08:00:00,0.0
10/07/2014 08:15:00,0.0
10/07/2014 08:30:00,0.0
10/07/2014 08:45:00,0.0
10/07/2014 09:00:00,0.0
10/07/2014 09:15:00,0.0
10/07/2014 09:30:00,0.0
10/07/2014 09:45:00,0.0
10/07/2014 10:00:00,0.0
10/07/2014 10:15:00,0.0
10/07/2014 10:30:00,0.0
10/07/2014 10:45:00,0.0
10/07/2014 11:00:00,0.0
10/07/2014 11:15:00,0.0
10/07/2014 11:30:00,0.0
10/07/2014 11:45:00,0.0
10/07/2014 12:00:00,0.0
10/07/2014 12:15:00,0.0
10/07/2014 12:30:00,0.0
10/07/2014 12:45:00,0.0
10/07/2014 13:00:00,0.0
10/07/2014 13:15:00,0.0
10/07/2014 13:30:00,0.0
10/07/2014 13:45:00,0.0
10/07/2014 14:00:00,0.0
10/07/2014 14:15:00,0.0
10/07/2014 14:30:00,0.0
10/07/2014 14:45:00,0.0
10/07/2014 15:00:00,0.0
10/07/2014 15:15:00,0.0
10/07/2014 15:30:00,0.0
10/07/2014 15:45:00,0.0
10/07/2014 16:00:00,0.270533333333
10/07/2014 16:15:00,0.371533333333
10/07/2014 16:30:00,0.275
10/07/2014 16:45:00,0.0
10/07/2014 17:00:00,0.0
10/07/2014 17:15:00,0.0
10/07/2014 17:30:00,0.0
10/07/2014 17:45:00,0.0
10/07/2014 18:00:00,0.0
10/07/2014 18:15:00,0.0
10/07/2014 18:30:00,0.1724
10/07/2014 18:45:00,0.350733333333
10/07/2014 19:00:00,0.138533333333
10/07/2014 19:15:00,0.0
10/07/2014 19:30:00,0.0
10/07/2014 19:45:00,0.0
10/07/2014 20:00:00,0.0
10/07/2014 20:15:00,0.0
10/07/2014 20:30:00,0.0
10/07/2014 20:45:00,0.0
10/07/2014 21:00:00,0.0
10/07/2014 21:15:00,0.0
10/07/2014 21:30:00,0.0
10/07/2014 21:45:00,0.0
10/07/2014 22:00:00,0.0
10/07/2014 22:15:00,0.0
10/07/2014 22:30:00,0.0
10/07/2014 22:45:00,0.0
10/07/2014 23:00:00,0.0
10/07/2014 23:15:00,0.0
10/07/2014 23:30:00,0.0
10/07/2014 23:45:00,0.0
11/07/2014 00:00:00,0.0
11/07/2014 00:15:00,0.0
11/07/2014 00:30:00,0.0
11/07/2014 00:45:00,0.0
11/07/2014 01:00:00,0.0
11/07/2014 01:15:00,0.0
11/07/2014 01:30:00,0.0
11/07/2014 01:45:00,0.0
11/07/2014 02:00:00,0.0
11/07/2014 02:15:00,0.0
11/07/2014 02:30:00,0.0
11/07/2014 02:45:00,0.0
11/07/2014 03:00:00,0.0
11/07/2014 03:15:00,0.0
11/07/2014 03:30:00,0.0
11/07/2014 03:45:00,0.0
11/07/2014 04:00:00,0.0
11/07/2014 04:15:00,0.0
11/07/2014 04:30:00,0.0
11/07/2014 04:45:00,0.0
11/07/2014 05:00:00,0.0
11/07/2014 05:15:00,0.0
11/07/2014 05:30:00,0.0
11/07/2014 05:45:00,0.0
11/07/2014 06:00:00,0.0
11/07/2014 06:15:00,0.0
11/07/2014 06:30:00,0.0
11/07/2014 06:45:00,0.0
11/07/2014 07:00:00,0.0
11/07/2014 07:15:00,0.0
11/07/2014 07:30:00,0.0
11/07/2014 07:45:00,0.0
11/07/2014 08:00:00,0.0
11/07/2014 08:15:00,0.0
11/07/2014 08:30:00,0.0
11/07/2014 08:45:00,0.0
11/07/2014 09:00:00,0.0
11/07/2014 09:15:00,0.0
11/07/2014 09:30:00,0.0
11/07/2014 09:45:00,0.0
11/07/2014 10:00:00,0.0
11/07/2014 10:15:00,0.0
11/07/2014 10:30:00,0.0
11/07/2014 10:45:00,0.0
11/07/2014 11:00:00,0.0
11/07/2014 11:15:00,0.0
11/07/2014 11:30:00,0.0
11/07/2014 11:45:00,0.0
11/07/2014 12:00:00,0.0
11/07/2014 12:15:00,0.0
11/07/2014 12:30:00,0.0
11/07/2014 12:45:00,0.0
11/07/2014 13:00:00,0.0
11/07/2014 13:15:00,0.0
11/07/2014 13:30:00,0.0
11/07/2014 13:45:00,0.0
11/07/2014 14:00:00,0.0
11/07/2014 14:15:00,0.0
11/07/2014 14:30:00,0.0
11/07/2014 14:45:00,0.0
11/07/2014 15:00:00,0.0
11/07/2014 15:15:00,0.0
11/07/2014 15:30:00,0.0
11/07/2014 15:45:00,0.0
11/07/2014 16:00:00,0.0
11/07/2014 16:15:00,0.0
11/07/2014 16:30:00,0.0
11/07/2014 16:45:00,0.0
11/07/2014 17:00:00,0.0
11/07/2014 17:15:00,0.0
11/07/2014 17:30:00,0.0
11/07/2014 17:45:00,0.0
11/07/2014 18:00:00,0.0
11/07/2014 18:15:00,0.0
11/07/2014 18:30:00,0.0
11/07/2014 18:45:00,0.0
11/07/2014 19:00:00,0.0
11/07/2014 19:15:00,0.0
11/07/2014 19:30:00,0.0
11/07/2014 19:45:00,0.0
11/07/2014 20:00:00,0.0
11/07/2014 20:15:00,0.0
11/07/2014 20:30:00,0.0
11/07/2014 20:45:00,0.0
11/07/2014 21:00:00,0.0
11/07/2014 21:15:00,0.0
11/07/2014 21:30:00,0.0
11/07/2014 21:45:00,0.0
11/07/2014 22:00:00,0.0
11/07/2014 22:15:00,0.0
11/07/2014 22:30:00,0.0
11/07/2014 22:45:00,0.0
11/07/2014 23:00:00,0.0
11/07/2014 23:15:00,0.0
11/07/2014 23:30:00,0.0
11/07/2014 23:45:00,0.0
12/07/2014 00:00:00,0.0
12/07/2014 00:15:00,0.0
12/07/2014 00:30:00,0.0
12/07/2014 00:45:00,0.0
12/07/2014 01:00:00,0.0
12/07/2014 01:15:00,0.0
12/07/2014 01:30:00,0.0
12/07/2014 01:45:00,0.0
12/07/2014 02:00:00,0.0
12/07/2014 02:15:00,0.0
12/07/2014 02:30:00,0.0
12/07/2014 02:45:00,0.0
12/07/2014 03:00:00,0.0
12/07/2014 03:15:00,0.0
12/07/2014 03:30:00,0.0
12/07/2014 03:45:00,0.0
12/07/2014 04:00:00,0.0
12/07/2014 04:15:00,0.0
12/07/2014 04:30:00,0.0
12/07/2014 04:45:00,0.0
12/07/2014 05:00:00,0.0
12/07/2014 05:15:00,0.0
12/07/2014 05:30:00,0.0
12/07/2014 05:45:00,0.0
12/07/2014 06:00:00,0.0
12/07/2014 06:15:00,0.0
12/07/2014 06:30:00,0.0
12/07/2014 06:45:00,0.0
12/07/2014 07:00:00,0.0
12/07/2014 07:15:00,0.0
12/07/2014 07:30:00,0.0
12/07/2014 07:45:00,0.0
12/07/2014 08:00:00,0.0
12/07/2014 08:15:00,0.0
12/07/2014 08:30:00,0.0
12/07/2014 08:45:00,0.0
12/07/2014 09:00:00,0.0
12/07/2014 09:15:00,0.0
12/07/2014 09:30:00,0.0
12/07/2014 09:45:00,0.0
12/07/2014 10:00:00,0.0
12/07/2014 10:15:00,0.0
12/07/2014 10:30:00,0.0
12/07/2014 10:45:00,0.0
12/07/2014 11:00:00,0.0
12/07/2014 11:15:00,0.0
12/07/2014 11:30:00,0.0
12/07/2014 11:45:00,0.0
12/07/2014 12:00:00,0.0
12/07/2014 12:15:00,0.0
12/07/2014 12:30:00,0.0
12/07/2014 12:45:00,0.0
12/07/2014 13:00:00,0.0
12/07/2014 13:15:00,0.0
12/07/2014 13:30:00,0.0
12/07/2014 13:45:00,0.0
12/07/2014 14:00:00,0.0
12/07/2014 14:15:00,0.0
12/07/2014 14:30:00,0.0
12/07/2014 14:45:00,0.0
12/07/2014 15:00:00,0.0
12/07/2014 15:15:00,0.0
12/07/2014 15:30:00,0.0
12/07/2014 15:45:00,0.0
12/07/2014 16:00:00,0.0
12/07/2014 16:15:00,0.0
12/07/2014 16:30:00,0.0
12/07/2014 16:45:00,0.0
12/07/2014 17:00:00,0.0
12/07/2014 17:15:00,0.0
12/07/2014 17:30:00,0.0
12/07/2014 17:45:00,0.0
12/07/2014 18:00:00,0.0
12/07/2014 18:15:00,0.0
12/07/2014 18:30:00,0.0
12/07/2014 18:45:00,0.0
12/07/2014 19:00:00,0.0
12/07/2014 19:15:00,0.0
12/07/2014 19:30:00,0.0
12/07/2014 19:45:00,0.0
12/07/2014 20:00:00,0.0
12/07/2014 20:15:00,0.0
12/07/2014 20:30:00,0.0
12/07/2014 20:45:00,0.0
12/07/2014 21:00:00,0.0
12/07/2014 21:15:00,0.0
12/07/2014 21:30:00,0.0
12/07/2014 21:45:00,0.0
12/07/2014 22:00:00,0.0
12/07/2014 22:15:00,0.0
12/07/2014 22:30:00,0.0
12/07/2014 22:45:00,0.0
12/07/2014 23:00:00,0.0
12/07/2014 23:15:00,0.0
12/07/2014 23:30:00,0.0
12/07/2014 23:45:00,0.0
13/07/2014 00:00:00,0.0
13/07/2014 00:15:00,0.0
13/07/2014 00:30:00,0.0
13/07/2014 00:45:00,0.0
13/07/2014 01:00:00,0.0
13/07/2014 01:15:00,0.0
13/07/2014 01:30:00,0.0
13/07/2014 01:45:00,0.0
13/07/2014 02:00:00,0.0
13/07/2014 02:15:00,0.0
13/07/2014 02:30:00,0.0
13/07/2014 02:45:00,0.0
13/07/2014 03:00:00,0.0
13/07/2014 03:15:00,0.0
13/07/2014 03:30:00,0.0
13/07/2014 03:45:00,0.0
13/07/2014 04:00:00,0.0
13/07/2014 04:15:00,0.0
13/07/2014 04:30:00,0.0
13/07/2014 04:45:00,0.0
13/07/2014 05:00:00,0.0
13/07/2014 05:15:00,0.0
13/07/2014 05:30:00,0.0
13/07/2014 05:45:00,0.0
13/07/2014 06:00:00,0.0
13/07/2014 06:15:00,0.0
13/07/2014 06:30:00,0.0
13/07/2014 06:45:00,0.0
13/07/2014 07:00:00,0.0
13/07/2014 07:15:00,0.0
13/07/2014 07:30:00,0.0
13/07/2014 07:45:00,0.0
13/07/2014 08:00:00,0.0
13/07/2014 08:15:00,0.0
13/07/2014 08:30:00,0.0
13/07/2014 08:45:00,0.0
13/07/2014 09:00:00,0.0
13/07/2014 09:15:00,0.0
13/07/2014 09:30:00,0.0
13/07/2014 09:45:00,0.0
13/07/2014 10:00:00,0.0
13/07/2014 10:15:00,0.0
13/07/2014 10:30:00,0.0
13/07/2014 10:45:00,0.0
13/07/2014 11:00:00,0.0
13/07/2014 11:15:00,0.0
13/07/2014 11:30:00,0.0
13/07/2014 11:45:00,0.0
13/07/2014 12:00:00,0.0
13/07/2014 12:15:00,0.0
13/07/2014 12:30:00,0.0
13/07/2014 12:45:00,0.0
13/07/2014 13:00:00,0.0
13/07/2014 13:15:00,0.0
13/07/2014 13:30:00,0.0
13/07/2014 13:45:00,0.0
13/07/2014 14:00:00,0.0
13/07/2014 14:15:00,0.0
13/07/2014 14:30:00,0.0
13/07/2014 14:45:00,0.0
13/07/2014 15:00:00,0.0
13/07/2014 15:15:00,0.0
13/07/2014 15:30:00,0.0
13/07/2014 15:45:00,0.0
13/07/2014 16:00:00,0.0
13/07/2014 16:15:00,0.0
13/07/2014 16:30:00,0.0
13/07/2014 16:45:00,0.0
13/07/2014 17:00:00,0.0
13/07/2014 17:15:00,0.0
13/07/2014 17:30:00,0.0
13/07/2014 17:45:00,0.0
13/07/2014 18:00:00,0.0
13/07/2014 18:15:00,0.0
13/07/2014 18:30:00,0.0
13/07/2014 18:45:00,0.0
13/07/2014 19:00:00,0.0
13/07/2014 19:15:00,0.0
13/07/2014 19:30:00,0.0
13/07/2014 19:45:00,0.0
13/07/2014 20:00:00,0.0
13/07/2014 20:15:00,0.0
13/07/2014 20:30:00,0.0
13/07/2014 20:45:00,0.0
13/07/2014 21:00:00,0.0
13/07/2014 21:15:00,0.0
13/07/2014 21:30:00,0.0
13/07/2014 21:45:00,0.0
13/07/2014 22:00:00,0.0
13/07/2014 22:15:00,0.0
13/07/2014 22:30:00,0.3174
13/07/2014 22:45:00,0.331533333333
13/07/2014 23:00:00,0.261466666667
13/07/2014 23:15:00,0.0
13/07/2014 23:30:00,0.0
13/07/2014 23:45:00,0.0
14/07/2014 00:00:00,0.0
14/07/2014 00:15:00,0.0
14/07/2014 00:30:00,0.0
14/07/2014 00:45:00,0.0
14/07/2014 01:00:00,0.0
14/07/2014 01:15:00,0.0
14/07/2014 01:30:00,0.0
14/07/2014 01:45:00,0.0
14/07/2014 02:00:00,0.0
14/07/2014 02:15:00,0.0
14/07/2014 02:30:00,0.0
14/07/2014 02:45:00,0.0
14/07/2014 03:00:00,0.0
14/07/2014 03:15:00,0.0
14/07/2014 03:30:00,0.0
14/07/2014 03:45:00,0.0
14/07/2014 04:00:00,0.0
14/07/2014 04:15:00,0.0
14/07/2014 04:30:00,0.0
14/07/2014 04:45:00,0.0
14/07/2014 05:00:00,0.0
14/07/2014 05:15:00,0.0
14/07/2014 05:30:00,0.0
14/07/2014 05:45:00,0.0
14/07/2014 06:00:00,0.0
14/07/2014 06:15:00,0.0
14/07/2014 06:30:00,0.0
14/07/2014 06:45:00,0.0
14/07/2014 07:00:00,0.0
14/07/2014 07:15:00,0.0
14/07/2014 07:30:00,0.0
14/07/2014 07:45:00,0.0
14/07/2014 08:00:00,0.0
14/07/2014 08:15:00,0.0
14/07/2014 08:30:00,0.0
14/07/2014 08:45:00,0.0
14/07/2014 09:00:00,0.0
14/07/2014 09:15:00,0.0
14/07/2014 09:30:00,0.0
14/07/2014 09:45:00,0.0
14/07/2014 10:00:00,0.0
14/07/2014 10:15:00,0.0
14/07/2014 10:30:00,0.0
14/07/2014 10:45:00,0.0
14/07/2014 11:00:00,0.0
14/07/2014 11:15:00,0.0
14/07/2014 11:30:00,0.0
14/07/2014 11:45:00,0.0
14/07/2014 12:00:00,0.0
14/07/2014 12:15:00,0.0
14/07/2014 12:30:00,0.0
14/07/2014 12:45:00,0.0
14/07/2014 13:00:00,0.0
14/07/2014 13:15:00,0.0
14/07/2014 13:30:00,0.0
14/07/2014 13:45:00,0.0
14/07/2014 14:00:00,0.0
14/07/2014 14:15:00,0.0
14/07/2014 14:30:00,0.0
14/07/2014 14:45:00,0.0
14/07/2014 15:00:00,0.0
14/07/2014 15:15:00,0.0
14/07/2014 15:30:00,0.0
14/07/2014 15:45:00,0.0
14/07/2014 16:00:00,0.0
14/07/2014 16:15:00,0.0
14/07/2014 16:30:00,0.0
14/07/2014 16:45:00,0.0
14/07/2014 17:00:00,0.0
14/07/2014 17:15:00,0.0
14/07/2014 17:30:00,0.0
14/07/2014 17:45:00,0.0
14/07/2014 18:00:00,0.0
14/07/2014 18:15:00,0.0
14/07/2014 18:30:00,0.0
14/07/2014 18:45:00,0.0
14/07/2014 19:00:00,0.0
14/07/2014 19:15:00,0.0
14/07/2014 19:30:00,0.0
14/07/2014 19:45:00,0.0
14/07/2014 20:00:00,0.0
14/07/2014 20:15:00,0.0
14/07/2014 20:30:00,0.0
14/07/2014 20:45:00,0.0
14/07/2014 21:00:00,0.0
14/07/2014 21:15:00,0.0
14/07/2014 21:30:00,0.0
14/07/2014 21:45:00,0.0
14/07/2014 22:00:00,0.0
14/07/2014 22:15:00,0.0
14/07/2014 22:30:00,0.0
14/07/2014 22:45:00,0.0
14/07/2014 23:00:00,0.0
14/07/2014 23:15:00,0.0
14/07/2014 23:30:00,0.0
14/07/2014 23:45:00,0.0
15/07/2014 00:00:00,0.0
15/07/2014 00:15:00,0.0
15/07/2014 00:30:00,0.0
15/07/2014 00:45:00,0.0
15/07/2014 01:00:00,0.0
15/07/2014 01:15:00,0.0
15/07/2014 01:30:00,0.0
15/07/2014 01:45:00,0.0
15/07/2014 02:00:00,0.0
15/07/2014 02:15:00,0.0
15/07/2014 02:30:00,0.0
15/07/2014 02:45:00,0.0
15/07/2014 03:00:00,0.0
15/07/2014 03:15:00,0.0
15/07/2014 03:30:00,0.0
15/07/2014 03:45:00,0.0
15/07/2014 04:00:00,0.0
15/07/2014 04:15:00,0.0
15/07/2014 04:30:00,0.0
15/07/2014 04:45:00,0.0
15/07/2014 05:00:00,0.0
15/07/2014 05:15:00,0.0
15/07/2014 05:30:00,0.0
15/07/2014 05:45:00,0.0
15/07/2014 06:00:00,0.0
15/07/2014 06:15:00,0.0
15/07/2014 06:30:00,0.0
15/07/2014 06:45:00,0.0
15/07/2014 07:00:00,0.0
15/07/2014 07:15:00,0.0
15/07/2014 07:30:00,0.0
15/07/2014 07:45:00,0.0
15/07/2014 08:00:00,0.0
15/07/2014 08:15:00,0.0
15/07/2014 08:30:00,0.0
15/07/2014 08:45:00,0.0
15/07/2014 09:00:00,0.0
15/07/2014 09:15:00,0.0
15/07/2014 09:30:00,0.0
15/07/2014 09:45:00,0.0
15/07/2014 10:00:00,0.0
15/07/2014 10:15:00,0.0
15/07/2014 10:30:00,0.0
15/07/2014 10:45:00,0.0
15/07/2014 11:00:00,0.0
15/07/2014 11:15:00,0.0
15/07/2014 11:30:00,0.0
15/07/2014 11:45:00,0.0
15/07/2014 12:00:00,0.0
15/07/2014 12:15:00,0.0
15/07/2014 12:30:00,0.0
15/07/2014 12:45:00,0.0
15/07/2014 13:00:00,0.0
15/07/2014 13:15:00,0.0
15/07/2014 13:30:00,0.0
15/07/2014 13:45:00,0.0
15/07/2014 14:00:00,0.0
15/07/2014 14:15:00,0.0
15/07/2014 14:30:00,0.0
15/07/2014 14:45:00,0.0
15/07/2014 15:00:00,0.0
15/07/2014 15:15:00,0.0
15/07/2014 15:30:00,0.0
15/07/2014 15:45:00,0.0
15/07/2014 16:00:00,0.0
15/07/2014 16:15:00,0.0
15/07/2014 16:30:00,0.0
15/07/2014 16:45:00,0.0
15/07/2014 17:00:00,0.0
15/07/2014 17:15:00,0.0
15/07/2014 17:30:00,0.0
15/07/2014 17:45:00,0.0
15/07/2014 18:00:00,0.0
15/07/2014 18:15:00,0.0
15/07/2014 18:30:00,0.0
15/07/2014 18:45:00,0.0
15/07/2014 19:00:00,0.0
15/07/2014 19:15:00,0.0
15/07/2014 19:30:00,0.0
15/07/2014 19:45:00,0.0
15/07/2014 20:00:00,0.0
15/07/2014 20:15:00,0.0
15/07/2014 20:30:00,0.0
15/07/2014 20:45:00,0.0
15/07/2014 21:00:00,0.0
15/07/2014 21:15:00,0.0
15/07/2014 21:30:00,0.0
15/07/2014 21:45:00,0.0
15/07/2014 22:00:00,0.0
15/07/2014 22:15:00,0.0
15/07/2014 22:30:00,0.0
15/07/2014 22:45:00,0.0
15/07/2014 23:00:00,0.0
15/07/2014 23:15:00,0.0
15/07/2014 23:30:00,0.0
15/07/2014 23:45:00,0.0
16/07/2014 00:00:00,0.0
16/07/2014 00:15:00,0.0
16/07/2014 00:30:00,0.0
16/07/2014 00:45:00,0.0
16/07/2014 01:00:00,0.0
16/07/2014 01:15:00,0.0
16/07/2014 01:30:00,0.0
16/07/2014 01:45:00,0.0
16/07/2014 02:00:00,0.0
16/07/2014 02:15:00,0.0
16/07/2014 02:30:00,0.0
16/07/2014 02:45:00,0.0
16/07/2014 03:00:00,0.0
16/07/2014 03:15:00,0.0
16/07/2014 03:30:00,0.0
16/07/2014 03:45:00,0.0
16/07/2014 04:00:00,0.0
16/07/2014 04:15:00,0.0
16/07/2014 04:30:00,0.0
16/07/2014 04:45:00,0.0
16/07/2014 05:00:00,0.0
16/07/2014 05:15:00,0.0
16/07/2014 05:30:00,0.0
16/07/2014 05:45:00,0.0
16/07/2014 06:00:00,0.0
16/07/2014 06:15:00,0.0
16/07/2014 06:30:00,0.0
16/07/2014 06:45:00,0.0
16/07/2014 07:00:00,0.0
16/07/2014 07:15:00,0.0
16/07/2014 07:30:00,0.0
16/07/2014 07:45:00,0.0
16/07/2014 08:00:00,0.0
16/07/2014 08:15:00,0.0
16/07/2014 08:30:00,0.0
16/07/2014 08:45:00,0.0
16/07/2014 09:00:00,0.0
16/07/2014 09:15:00,0.0
16/07/2014 09:30:00,0.0
16/07/2014 09:45:00,0.0
16/07/2014 10:00:00,0.0
16/07/2014 10:15:00,0.0
16/07/2014 10:30:00,0.0
16/07/2014 10:45:00,0.0
16/07/2014 11:00:00,0.0
16/07/2014 11:15:00,0.0
16/07/2014 11:30:00,0.0
16/07/2014 11:45:00,0.0
16/07/2014 12:00:00,0.0
16/07/2014 12:15:00,0.0
16/07/2014 12:30:00,0.0
16/07/2014 12:45:00,0.0
16/07/2014 13:00:00,0.0
16/07/2014 13:15:00,0.0
16/07/2014 13:30:00,0.0
16/07/2014 13:45:00,0.0
16/07/2014 14:00:00,0.0
16/07/2014 14:15:00,0.0
16/07/2014 14:30:00,0.0
16/07/2014 14:45:00,0.0
16/07/2014 15:00:00,0.0
16/07/2014 15:15:00,0.0
16/07/2014 15:30:00,0.0
16/07/2014 15:45:00,0.0
16/07/2014 16:00:00,0.0
16/07/2014 16:15:00,0.0
16/07/2014 16:30:00,0.0
16/07/2014 16:45:00,0.0
16/07/2014 17:00:00,0.0
16/07/2014 17:15:00,0.0
16/07/2014 17:30:00,0.0
16/07/2014 17:45:00,0.0
16/07/2014 18:00:00,0.0
16/07/2014 18:15:00,0.0
16/07/2014 18:30:00,0.0
16/07/2014 18:45:00,0.0
16/07/2014 19:00:00,0.0
16/07/2014 19:15:00,0.0
16/07/2014 19:30:00,0.0
16/07/2014 19:45:00,0.0
16/07/2014 20:00:00,0.0
16/07/2014 20:15:00,0.0
16/07/2014 20:30:00,0.0
16/07/2014 20:45:00,0.0
16/07/2014 21:00:00,0.0
16/07/2014 21:15:00,0.0
16/07/2014 21:30:00,0.0
16/07/2014 21:45:00,0.0
16/07/2014 22:00:00,0.0
16/07/2014 22:15:00,0.0
16/07/2014 22:30:00,0.0
16/07/2014 22:45:00,0.0
16/07/2014 23:00:00,0.0
16/07/2014 23:15:00,0.0
16/07/2014 23:30:00,0.0
16/07/2014 23:45:00,0.0
17/07/2014 00:00:00,0.0
17/07/2014 00:15:00,0.0
17/07/2014 00:30:00,0.0
17/07/2014 00:45:00,0.0
17/07/2014 01:00:00,0.0
17/07/2014 01:15:00,0.0
17/07/2014 01:30:00,0.0
17/07/2014 01:45:00,0.0
17/07/2014 02:00:00,0.0
17/07/2014 02:15:00,0.0
17/07/2014 02:30:00,0.0
17/07/2014 02:45:00,0.0
17/07/2014 03:00:00,0.0
17/07/2014 03:15:00,0.0
17/07/2014 03:30:00,0.0
17/07/2014 03:45:00,0.0
17/07/2014 04:00:00,0.0
17/07/2014 04:15:00,0.0
17/07/2014 04:30:00,0.0
17/07/2014 04:45:00,0.0
17/07/2014 05:00:00,0.0
17/07/2014 05:15:00,0.0
17/07/2014 05:30:00,0.0
17/07/2014 05:45:00,0.0
17/07/2014 06:00:00,0.0
17/07/2014 06:15:00,0.0
17/07/2014 06:30:00,0.0
17/07/2014 06:45:00,0.0
17/07/2014 07:00:00,0.0
17/07/2014 07:15:00,0.0
17/07/2014 07:30:00,0.0
17/07/2014 07:45:00,0.0
17/07/2014 08:00:00,0.029
17/07/2014 08:15:00,0.4818
17/07/2014 08:30:00,0.375866666667
17/07/2014 08:45:00,0.0378666666667
17/07/2014 09:00:00,0.0
17/07/2014 09:15:00,0.0
17/07/2014 09:30:00,0.0
17/07/2014 09:45:00,0.0
17/07/2014 10:00:00,0.0
17/07/2014 10:15:00,0.0
17/07/2014 10:30:00,0.0
17/07/2014 10:45:00,0.0
17/07/2014 11:00:00,0.0
17/07/2014 11:15:00,0.0
17/07/2014 11:30:00,0.0
17/07/2014 11:45:00,0.0
17/07/2014 12:00:00,0.0
17/07/2014 12:15:00,0.0
17/07/2014 12:30:00,0.0
17/07/2014 12:45:00,0.0
17/07/2014 13:00:00,0.0
17/07/2014 13:15:00,0.0
17/07/2014 13:30:00,0.0
17/07/2014 13:45:00,0.0
17/07/2014 14:00:00,0.0
17/07/2014 14:15:00,0.0
17/07/2014 14:30:00,0.0
17/07/2014 14:45:00,0.0
17/07/2014 15:00:00,0.0
17/07/2014 15:15:00,0.0
17/07/2014 15:30:00,0.0
17/07/2014 15:45:00,0.0
17/07/2014 16:00:00,0.0
17/07/2014 16:15:00,0.0
17/07/2014 16:30:00,0.0
17/07/2014 16:45:00,0.0
17/07/2014 17:00:00,0.0
17/07/2014 17:15:00,0.0
17/07/2014 17:30:00,0.0
17/07/2014 17:45:00,0.0
17/07/2014 18:00:00,0.0
17/07/2014 18:15:00,0.0
17/07/2014 18:30:00,0.0
17/07/2014 18:45:00,0.0
17/07/2014 19:00:00,0.0
17/07/2014 19:15:00,0.0
17/07/2014 19:30:00,0.0
17/07/2014 19:45:00,0.0
17/07/2014 20:00:00,0.0
17/07/2014 20:15:00,0.0
17/07/2014 20:30:00,0.0
17/07/2014 20:45:00,0.0
17/07/2014 21:00:00,0.0
17/07/2014 21:15:00,0.0
17/07/2014 21:30:00,0.0
17/07/2014 21:45:00,0.0
17/07/2014 22:00:00,0.0
17/07/2014 22:15:00,0.0
17/07/2014 22:30:00,0.0
17/07/2014 22:45:00,0.0
17/07/2014 23:00:00,0.0
17/07/2014 23:15:00,0.0
17/07/2014 23:30:00,0.0
17/07/2014 23:45:00,0.0
18/07/2014 00:00:00,0.0
18/07/2014 00:15:00,0.0
18/07/2014 00:30:00,0.0
18/07/2014 00:45:00,0.0
18/07/2014 01:00:00,0.0
18/07/2014 01:15:00,0.0
18/07/2014 01:30:00,0.0
18/07/2014 01:45:00,0.0
18/07/2014 02:00:00,0.0
18/07/2014 02:15:00,0.0
18/07/2014 02:30:00,0.0
18/07/2014 02:45:00,0.0
18/07/2014 03:00:00,0.0
18/07/2014 03:15:00,0.0
18/07/2014 03:30:00,0.0
18/07/2014 03:45:00,0.0
18/07/2014 04:00:00,0.0
18/07/2014 04:15:00,0.0
18/07/2014 04:30:00,0.0
18/07/2014 04:45:00,0.0
18/07/2014 05:00:00,0.0
18/07/2014 05:15:00,0.0
18/07/2014 05:30:00,0.0
18/07/2014 05:45:00,0.0
18/07/2014 06:00:00,0.0
18/07/2014 06:15:00,0.0
18/07/2014 06:30:00,0.0
18/07/2014 06:45:00,0.0
18/07/2014 07:00:00,0.0
18/07/2014 07:15:00,0.0
18/07/2014 07:30:00,0.0
18/07/2014 07:45:00,0.0
18/07/2014 08:00:00,0.0
18/07/2014 08:15:00,0.0
18/07/2014 08:30:00,0.0
18/07/2014 08:45:00,0.0
18/07/2014 09:00:00,0.0
18/07/2014 09:15:00,0.0
18/07/2014 09:30:00,0.0
18/07/2014 09:45:00,0.0
18/07/2014 10:00:00,0.0
18/07/2014 10:15:00,0.0
18/07/2014 10:30:00,0.0
18/07/2014 10:45:00,0.0
18/07/2014 11:00:00,0.0
18/07/2014 11:15:00,0.0
18/07/2014 11:30:00,0.0
18/07/2014 11:45:00,0.0
18/07/2014 12:00:00,0.0
18/07/2014 12:15:00,0.0
18/07/2014 12:30:00,0.0
18/07/2014 12:45:00,0.156266666667
18/07/2014 13:00:00,0.350066666667
18/07/2014 13:15:00,0.4322
18/07/2014 13:30:00,0.0
18/07/2014 13:45:00,0.0
18/07/2014 14:00:00,0.0
18/07/2014 14:15:00,0.0
18/07/2014 14:30:00,0.0
18/07/2014 14:45:00,0.0
18/07/2014 15:00:00,0.0
18/07/2014 15:15:00,0.0
18/07/2014 15:30:00,0.0
18/07/2014 15:45:00,0.0
18/07/2014 16:00:00,0.0
18/07/2014 16:15:00,0.0
18/07/2014 16:30:00,0.0
18/07/2014 16:45:00,0.0
18/07/2014 17:00:00,0.0
18/07/2014 17:15:00,0.0
18/07/2014 17:30:00,0.0
18/07/2014 17:45:00,0.0
18/07/2014 18:00:00,0.0
18/07/2014 18:15:00,0.0
18/07/2014 18:30:00,0.0
18/07/2014 18:45:00,0.0
18/07/2014 19:00:00,0.0
18/07/2014 19:15:00,0.0
18/07/2014 19:30:00,0.0
18/07/2014 19:45:00,0.0
18/07/2014 20:00:00,0.0
18/07/2014 20:15:00,0.0
18/07/2014 20:30:00,0.0
18/07/2014 20:45:00,0.0
18/07/2014 21:00:00,0.0
18/07/2014 21:15:00,0.0
18/07/2014 21:30:00,0.0
18/07/2014 21:45:00,0.0
18/07/2014 22:00:00,0.0
18/07/2014 22:15:00,0.0
18/07/2014 22:30:00,0.0
18/07/2014 22:45:00,0.0
18/07/2014 23:00:00,0.0
18/07/2014 23:15:00,0.0
18/07/2014 23:30:00,0.0
18/07/2014 23:45:00,0.0
19/07/2014 00:00:00,0.0
19/07/2014 00:15:00,0.0
19/07/2014 00:30:00,0.0
19/07/2014 00:45:00,0.0
19/07/2014 01:00:00,0.0
19/07/2014 01:15:00,0.0
19/07/2014 01:30:00,0.0
19/07/2014 01:45:00,0.0
19/07/2014 02:00:00,0.0
19/07/2014 02:15:00,0.0
19/07/2014 02:30:00,0.0
19/07/2014 02:45:00,0.0
19/07/2014 03:00:00,0.0
19/07/2014 03:15:00,0.0
19/07/2014 03:30:00,0.0
19/07/2014 03:45:00,0.0
19/07/2014 04:00:00,0.0
19/07/2014 04:15:00,0.0
19/07/2014 04:30:00,0.0
19/07/2014 04:45:00,0.0
19/07/2014 05:00:00,0.0
19/07/2014 05:15:00,0.0
19/07/2014 05:30:00,0.0
19/07/2014 05:45:00,0.0
19/07/2014 06:00:00,0.0
19/07/2014 06:15:00,0.0
19/07/2014 06:30:00,0.0
19/07/2014 06:45:00,0.0
19/07/2014 07:00:00,0.0
19/07/2014 07:15:00,0.0
19/07/2014 07:30:00,0.0
19/07/2014 07:45:00,0.0
19/07/2014 08:00:00,0.0
19/07/2014 08:15:00,0.0
19/07/2014 08:30:00,0.0
19/07/2014 08:45:00,0.0
19/07/2014 09:00:00,0.0
19/07/2014 09:15:00,0.0
19/07/2014 09:30:00,0.0
19/07/2014 09:45:00,0.0
19/07/2014 10:00:00,0.0
19/07/2014 10:15:00,0.0
19/07/2014 10:30:00,0.0
19/07/2014 10:45:00,0.0
19/07/2014 11:00:00,0.0
19/07/2014 11:15:00,0.0
19/07/2014 11:30:00,0.0
19/07/2014 11:45:00,0.0
19/07/2014 12:00:00,0.0
19/07/2014 12:15:00,0.0
19/07/2014 12:30:00,0.0
19/07/2014 12:45:00,0.0
19/07/2014 13:00:00,0.0
19/07/2014 13:15:00,0.0
19/07/2014 13:30:00,0.0
19/07/2014 13:45:00,0.0
19/07/2014 14:00:00,0.0
19/07/2014 14:15:00,0.0
19/07/2014 14:30:00,0.0
19/07/2014 14:45:00,0.0
19/07/2014 15:00:00,0.0
19/07/2014 15:15:00,0.0
19/07/2014 15:30:00,0.0
19/07/2014 15:45:00,0.0
19/07/2014 16:00:00,0.0
19/07/2014 16:15:00,0.0
19/07/2014 16:30:00,0.0
19/07/2014 16:45:00,0.0
19/07/2014 17:00:00,0.0
19/07/2014 17:15:00,0.0
19/07/2014 17:30:00,0.0
19/07/2014 17:45:00,0.0
19/07/2014 18:00:00,0.0
19/07/2014 18:15:00,0.0
19/07/2014 18:30:00,0.0
19/07/2014 18:45:00,0.0
19/07/2014 19:00:00,0.0
19/07/2014 19:15:00,0.0
19/07/2014 19:30:00,0.0
19/07/2014 19:45:00,0.0
19/07/2014 20:00:00,0.0
19/07/2014 20:15:00,0.0
19/07/2014 20:30:00,0.0
19/07/2014 20:45:00,0.0
19/07/2014 21:00:00,0.0
19/07/2014 21:15:00,0.0
19/07/2014 21:30:00,0.0
19/07/2014 21:45:00,0.0
19/07/2014 22:00:00,0.0
19/07/2014 22:15:00,0.0
19/07/2014 22:30:00,0.0
19/07/2014 22:45:00,0.0
19/07/2014 23:00:00,0.0
19/07/2014 23:15:00,0.0
19/07/2014 23:30:00,0.0
19/07/2014 23:45:00,0.0
20/07/2014 00:00:00,0.0
20/07/2014 00:15:00,0.0
20/07/2014 00:30:00,0.0
20/07/2014 00:45:00,0.0
20/07/2014 01:00:00,0.0
20/07/2014 01:15:00,0.0
20/07/2014 01:30:00,0.0
20/07/2014 01:45:00,0.0
20/07/2014 02:00:00,0.0
20/07/2014 02:15:00,0.0
20/07/2014 02:30:00,0.0
20/07/2014 02:45:00,0.0
20/07/2014 03:00:00,0.0
20/07/2014 03:15:00,0.0
20/07/2014 03:30:00,0.0
20/07/2014 03:45:00,0.0
20/07/2014 04:00:00,0.0
20/07/2014 04:15:00,0.0
20/07/2014 04:30:00,0.0
20/07/2014 04:45:00,0.0
20/07/2014 05:00:00,0.0
20/07/2014 05:15:00,0.0
20/07/2014 05:30:00,0.0
20/07/2014 05:45:00,0.0
20/07/2014 06:00:00,0.0
20/07/2014 06:15:00,0.0
20/07/2014 06:30:00,0.0
20/07/2014 06:45:00,0.0
20/07/2014 07:00:00,0.0
20/07/2014 07:15:00,0.0
20/07/2014 07:30:00,0.0
20/07/2014 07:45:00,0.0
20/07/2014 08:00:00,0.0
20/07/2014 08:15:00,0.0
20/07/2014 08:30:00,0.0
20/07/2014 08:45:00,0.000533333333333
20/07/2014 09:00:00,0.263066666667
20/07/2014 09:15:00,0.365933333333
20/07/2014 09:30:00,0.290333333333
20/07/2014 09:45:00,0.0
20/07/2014 10:00:00,0.0944
20/07/2014 10:15:00,0.3642
20/07/2014 10:30:00,0.417533333333
20/07/2014 10:45:00,0.0
20/07/2014 11:00:00,0.0
20/07/2014 11:15:00,0.0
20/07/2014 11:30:00,0.0
20/07/2014 11:45:00,0.0
20/07/2014 12:00:00,0.0
20/07/2014 12:15:00,0.0
20/07/2014 12:30:00,0.0
20/07/2014 12:45:00,0.0002
20/07/2014 13:00:00,0.0
20/07/2014 13:15:00,0.0
20/07/2014 13:30:00,0.0
20/07/2014 13:45:00,0.0
20/07/2014 14:00:00,0.0
20/07/2014 14:15:00,0.0
20/07/2014 14:30:00,0.0
20/07/2014 14:45:00,0.0
20/07/2014 15:00:00,0.0
20/07/2014 15:15:00,0.0
20/07/2014 15:30:00,0.0
20/07/2014 15:45:00,0.0
20/07/2014 16:00:00,0.0
20/07/2014 16:15:00,0.0
20/07/2014 16:30:00,0.0
20/07/2014 16:45:00,0.0
20/07/2014 17:00:00,0.00213333333333
20/07/2014 17:15:00,0.3966
20/07/2014 17:30:00,0.4034
20/07/2014 17:45:00,0.1068
20/07/2014 18:00:00,0.0
20/07/2014 18:15:00,0.0
20/07/2014 18:30:00,0.0
20/07/2014 18:45:00,0.0
20/07/2014 19:00:00,0.0
20/07/2014 19:15:00,0.0
20/07/2014 19:30:00,0.0
20/07/2014 19:45:00,0.0
20/07/2014 20:00:00,0.0
20/07/2014 20:15:00,0.0
20/07/2014 20:30:00,0.0
20/07/2014 20:45:00,0.0
20/07/2014 21:00:00,0.0
20/07/2014 21:15:00,0.0
20/07/2014 21:30:00,0.0
20/07/2014 21:45:00,0.0
20/07/2014 22:00:00,0.186266666667
20/07/2014 22:15:00,0.375733333333
20/07/2014 22:30:00,0.357466666667
20/07/2014 22:45:00,0.0
20/07/2014 23:00:00,0.0
20/07/2014 23:15:00,0.0
20/07/2014 23:30:00,0.0
20/07/2014 23:45:00,0.0
21/07/2014 00:00:00,0.0
21/07/2014 00:15:00,0.0
21/07/2014 00:30:00,0.0
21/07/2014 00:45:00,0.0
21/07/2014 01:00:00,0.0
21/07/2014 01:15:00,0.0
21/07/2014 01:30:00,0.0
21/07/2014 01:45:00,0.0
21/07/2014 02:00:00,0.0
21/07/2014 02:15:00,0.0
21/07/2014 02:30:00,0.0
21/07/2014 02:45:00,0.0
21/07/2014 03:00:00,0.0
21/07/2014 03:15:00,0.0
21/07/2014 03:30:00,0.0
21/07/2014 03:45:00,0.0
21/07/2014 04:00:00,0.0
21/07/2014 04:15:00,0.0
21/07/2014 04:30:00,0.0
21/07/2014 04:45:00,0.0
21/07/2014 05:00:00,0.0
21/07/2014 05:15:00,0.0
21/07/2014 05:30:00,0.0
21/07/2014 05:45:00,0.0
21/07/2014 06:00:00,0.0
21/07/2014 06:15:00,0.0
21/07/2014 06:30:00,0.0
21/07/2014 06:45:00,0.0
21/07/2014 07:00:00,0.0
21/07/2014 07:15:00,0.0
21/07/2014 07:30:00,0.0
21/07/2014 07:45:00,0.0
21/07/2014 08:00:00,0.0
21/07/2014 08:15:00,0.0
21/07/2014 08:30:00,0.0
21/07/2014 08:45:00,0.0
21/07/2014 09:00:00,0.0
21/07/2014 09:15:00,0.0
21/07/2014 09:30:00,0.0
21/07/2014 09:45:00,0.0
21/07/2014 10:00:00,0.0
21/07/2014 10:15:00,0.0
21/07/2014 10:30:00,0.0
21/07/2014 10:45:00,0.0
21/07/2014 11:00:00,0.0
21/07/2014 11:15:00,0.0
21/07/2014 11:30:00,0.0
21/07/2014 11:45:00,0.0
21/07/2014 12:00:00,0.0
21/07/2014 12:15:00,0.0
21/07/2014 12:30:00,0.0
21/07/2014 12:45:00,0.0
21/07/2014 13:00:00,0.0
21/07/2014 13:15:00,0.0
21/07/2014 13:30:00,0.0
21/07/2014 13:45:00,0.0
21/07/2014 14:00:00,0.0
21/07/2014 14:15:00,0.0
21/07/2014 14:30:00,0.0
21/07/2014 14:45:00,0.0
21/07/2014 15:00:00,0.0
21/07/2014 15:15:00,0.0
21/07/2014 15:30:00,0.0
21/07/2014 15:45:00,0.0
21/07/2014 16:00:00,0.0
21/07/2014 16:15:00,0.0
21/07/2014 16:30:00,0.0
21/07/2014 16:45:00,0.0
21/07/2014 17:00:00,0.0
21/07/2014 17:15:00,0.0
21/07/2014 17:30:00,0.0
21/07/2014 17:45:00,0.0
21/07/2014 18:00:00,0.0
21/07/2014 18:15:00,0.0
21/07/2014 18:30:00,0.0
21/07/2014 18:45:00,0.0
21/07/2014 19:00:00,0.0
21/07/2014 19:15:00,0.0
21/07/2014 19:30:00,0.0
21/07/2014 19:45:00,0.0
21/07/2014 20:00:00,0.0
21/07/2014 20:15:00,0.0
21/07/2014 20:30:00,0.0
21/07/2014 20:45:00,0.0
21/07/2014 21:00:00,0.0
21/07/2014 21:15:00,0.0
21/07/2014 21:30:00,0.0
21/07/2014 21:45:00,0.0
21/07/2014 22:00:00,0.0
21/07/2014 22:15:00,0.0
21/07/2014 22:30:00,0.0
21/07/2014 22:45:00,0.0
21/07/2014 23:00:00,0.0
21/07/2014 23:15:00,0.0
21/07/2014 23:30:00,0.0
21/07/2014 23:45:00,0.0
22/07/2014 00:00:00,0.0
22/07/2014 00:15:00,0.0
22/07/2014 00:30:00,0.0
22/07/2014 00:45:00,0.0
22/07/2014 01:00:00,0.0
22/07/2014 01:15:00,0.0
22/07/2014 01:30:00,0.0
22/07/2014 01:45:00,0.0
22/07/2014 02:00:00,0.0
22/07/2014 02:15:00,0.0
22/07/2014 02:30:00,0.0
22/07/2014 02:45:00,0.0
22/07/2014 03:00:00,0.0
22/07/2014 03:15:00,0.0
22/07/2014 03:30:00,0.0
22/07/2014 03:45:00,0.0
22/07/2014 04:00:00,0.0
22/07/2014 04:15:00,0.0
22/07/2014 04:30:00,0.0
22/07/2014 04:45:00,0.0
22/07/2014 05:00:00,0.0
22/07/2014 05:15:00,0.0
22/07/2014 05:30:00,0.0
22/07/2014 05:45:00,0.0
22/07/2014 06:00:00,0.0
22/07/2014 06:15:00,0.0
22/07/2014 06:30:00,0.0
22/07/2014 06:45:00,0.0
22/07/2014 07:00:00,0.0
22/07/2014 07:15:00,0.0
22/07/2014 07:30:00,0.0
22/07/2014 07:45:00,0.0
22/07/2014 08:00:00,0.0
22/07/2014 08:15:00,0.0
22/07/2014 08:30:00,0.0
22/07/2014 08:45:00,0.0
22/07/2014 09:00:00,0.0
22/07/2014 09:15:00,0.0
22/07/2014 09:30:00,0.0
22/07/2014 09:45:00,0.0
22/07/2014 10:00:00,0.0
22/07/2014 10:15:00,0.0
22/07/2014 10:30:00,0.0
22/07/2014 10:45:00,0.0
22/07/2014 11:00:00,0.0
22/07/2014 11:15:00,0.0
22/07/2014 11:30:00,0.0
22/07/2014 11:45:00,0.0
22/07/2014 12:00:00,0.0
22/07/2014 12:15:00,0.0
22/07/2014 12:30:00,0.0
22/07/2014 12:45:00,0.0
22/07/2014 13:00:00,0.0
22/07/2014 13:15:00,0.0
22/07/2014 13:30:00,0.0
22/07/2014 13:45:00,0.0
22/07/2014 14:00:00,0.0
22/07/2014 14:15:00,0.0
22/07/2014 14:30:00,0.0
22/07/2014 14:45:00,0.0
22/07/2014 15:00:00,0.0
22/07/2014 15:15:00,0.0
22/07/2014 15:30:00,0.0
22/07/2014 15:45:00,0.0
22/07/2014 16:00:00,0.0
22/07/2014 16:15:00,0.0
22/07/2014 16:30:00,0.0
22/07/2014 16:45:00,0.0
22/07/2014 17:00:00,0.0
22/07/2014 17:15:00,0.0
22/07/2014 17:30:00,0.0
22/07/2014 17:45:00,0.0
22/07/2014 18:00:00,0.0
22/07/2014 18:15:00,0.0
22/07/2014 18:30:00,0.0
22/07/2014 18:45:00,0.0
22/07/2014 19:00:00,0.0
22/07/2014 19:15:00,0.0
22/07/2014 19:30:00,0.0
22/07/2014 19:45:00,0.0
22/07/2014 20:00:00,0.0
22/07/2014 20:15:00,0.0
22/07/2014 20:30:00,0.0
22/07/2014 20:45:00,0.0
22/07/2014 21:00:00,0.0
22/07/2014 21:15:00,0.0
22/07/2014 21:30:00,0.0
22/07/2014 21:45:00,0.0
22/07/2014 22:00:00,0.0
22/07/2014 22:15:00,0.0
22/07/2014 22:30:00,0.0
22/07/2014 22:45:00,0.0
22/07/2014 23:00:00,0.0
22/07/2014 23:15:00,0.0
22/07/2014 23:30:00,0.0
22/07/2014 23:45:00,0.0
23/07/2014 00:00:00,0.0
23/07/2014 00:15:00,0.0
23/07/2014 00:30:00,0.0
23/07/2014 00:45:00,0.0
23/07/2014 01:00:00,0.0
23/07/2014 01:15:00,0.0
23/07/2014 01:30:00,0.0
23/07/2014 01:45:00,0.0
23/07/2014 02:00:00,0.0
23/07/2014 02:15:00,0.0
23/07/2014 02:30:00,0.0
23/07/2014 02:45:00,0.0
23/07/2014 03:00:00,0.0
23/07/2014 03:15:00,0.0
23/07/2014 03:30:00,0.0
23/07/2014 03:45:00,0.0
23/07/2014 04:00:00,0.0
23/07/2014 04:15:00,0.0
23/07/2014 04:30:00,0.0
23/07/2014 04:45:00,0.0
23/07/2014 05:00:00,0.0
23/07/2014 05:15:00,0.0
23/07/2014 05:30:00,0.0
23/07/2014 05:45:00,0.0
23/07/2014 06:00:00,0.0
23/07/2014 06:15:00,0.0
23/07/2014 06:30:00,0.0
23/07/2014 06:45:00,0.0
23/07/2014 07:00:00,0.0
23/07/2014 07:15:00,0.0
23/07/2014 07:30:00,0.0
23/07/2014 07:45:00,0.0
23/07/2014 08:00:00,0.0
23/07/2014 08:15:00,0.0
23/07/2014 08:30:00,0.0
23/07/2014 08:45:00,0.302866666667
23/07/2014 09:00:00,0.2882
23/07/2014 09:15:00,0.381266666667
23/07/2014 09:30:00,0.022
23/07/2014 09:45:00,0.0
23/07/2014 10:00:00,0.0
23/07/2014 10:15:00,0.0
23/07/2014 10:30:00,0.0
23/07/2014 10:45:00,0.0
23/07/2014 11:00:00,0.0
23/07/2014 11:15:00,0.0
23/07/2014 11:30:00,0.0
23/07/2014 11:45:00,0.0
23/07/2014 12:00:00,0.0
23/07/2014 12:15:00,0.0
23/07/2014 12:30:00,0.0
23/07/2014 12:45:00,0.0
23/07/2014 13:00:00,0.0
23/07/2014 13:15:00,0.0
23/07/2014 13:30:00,0.0
23/07/2014 13:45:00,0.0
23/07/2014 14:00:00,0.0
23/07/2014 14:15:00,0.0
23/07/2014 14:30:00,0.0
23/07/2014 14:45:00,0.0
23/07/2014 15:00:00,0.0
23/07/2014 15:15:00,0.0
23/07/2014 15:30:00,0.0
23/07/2014 15:45:00,0.0
23/07/2014 16:00:00,0.0
23/07/2014 16:15:00,0.0
23/07/2014 16:30:00,0.0
23/07/2014 16:45:00,0.0
23/07/2014 17:00:00,0.0
23/07/2014 17:15:00,0.0
23/07/2014 17:30:00,0.0
23/07/2014 17:45:00,0.0
23/07/2014 18:00:00,0.0
23/07/2014 18:15:00,0.0
23/07/2014 18:30:00,0.0
23/07/2014 18:45:00,0.0
23/07/2014 19:00:00,0.0
23/07/2014 19:15:00,0.0
23/07/2014 19:30:00,0.0
23/07/2014 19:45:00,0.0
23/07/2014 20:00:00,0.0
23/07/2014 20:15:00,0.0
23/07/2014 20:30:00,0.0
23/07/2014 20:45:00,0.0
23/07/2014 21:00:00,0.0
23/07/2014 21:15:00,0.0
23/07/2014 21:30:00,0.0
23/07/2014 21:45:00,0.0
23/07/2014 22:00:00,0.0
23/07/2014 22:15:00,0.0
23/07/2014 22:30:00,0.0
23/07/2014 22:45:00,0.0
23/07/2014 23:00:00,0.0
23/07/2014 23:15:00,0.0
23/07/2014 23:30:00,0.0
23/07/2014 23:45:00,0.0
24/07/2014 00:00:00,0.0
24/07/2014 00:15:00,0.0
24/07/2014 00:30:00,0.0
24/07/2014 00:45:00,0.0
24/07/2014 01:00:00,0.0
24/07/2014 01:15:00,0.0
24/07/2014 01:30:00,0.0
24/07/2014 01:45:00,0.0
24/07/2014 02:00:00,0.0
24/07/2014 02:15:00,0.0
24/07/2014 02:30:00,0.0
24/07/2014 02:45:00,0.0
24/07/2014 03:00:00,0.0
24/07/2014 03:15:00,0.0
24/07/2014 03:30:00,0.0
24/07/2014 03:45:00,0.0
24/07/2014 04:00:00,0.0
24/07/2014 04:15:00,0.0
24/07/2014 04:30:00,0.0
24/07/2014 04:45:00,0.0
24/07/2014 05:00:00,0.0
24/07/2014 05:15:00,0.0
24/07/2014 05:30:00,0.0
24/07/2014 05:45:00,0.0
24/07/2014 06:00:00,0.0
24/07/2014 06:15:00,0.0
24/07/2014 06:30:00,0.0
24/07/2014 06:45:00,0.0
24/07/2014 07:00:00,0.0
24/07/2014 07:15:00,0.0
24/07/2014 07:30:00,0.0
24/07/2014 07:45:00,0.0
24/07/2014 08:00:00,0.0
24/07/2014 08:15:00,0.0
24/07/2014 08:30:00,0.0
24/07/2014 08:45:00,0.0
24/07/2014 09:00:00,0.0
24/07/2014 09:15:00,0.0
24/07/2014 09:30:00,0.0
24/07/2014 09:45:00,0.0
24/07/2014 10:00:00,0.0
24/07/2014 10:15:00,0.0
24/07/2014 10:30:00,0.0
24/07/2014 10:45:00,0.0
24/07/2014 11:00:00,0.0
24/07/2014 11:15:00,0.0
24/07/2014 11:30:00,0.0
24/07/2014 11:45:00,0.0
24/07/2014 12:00:00,0.0
24/07/2014 12:15:00,0.0
24/07/2014 12:30:00,0.0
24/07/2014 12:45:00,0.0
24/07/2014 13:00:00,0.0
24/07/2014 13:15:00,0.0
24/07/2014 13:30:00,0.0
24/07/2014 13:45:00,0.0
24/07/2014 14:00:00,0.0
24/07/2014 14:15:00,0.199733333333
24/07/2014 14:30:00,0.380066666667
24/07/2014 14:45:00,0.309933333333
24/07/2014 15:00:00,0.0
24/07/2014 15:15:00,0.0
24/07/2014 15:30:00,0.0
24/07/2014 15:45:00,0.0
24/07/2014 16:00:00,0.130533333333
24/07/2014 16:15:00,0.3058
24/07/2014 16:30:00,0.4052
24/07/2014 16:45:00,0.0
24/07/2014 17:00:00,0.0
24/07/2014 17:15:00,0.0
24/07/2014 17:30:00,0.0
24/07/2014 17:45:00,0.0
24/07/2014 18:00:00,0.0
24/07/2014 18:15:00,0.0
24/07/2014 18:30:00,0.0414
24/07/2014 18:45:00,0.390733333333
24/07/2014 19:00:00,0.399533333333
24/07/2014 19:15:00,0.0108
24/07/2014 19:30:00,0.0
24/07/2014 19:45:00,0.0
24/07/2014 20:00:00,0.0
24/07/2014 20:15:00,0.0
24/07/2014 20:30:00,0.0
24/07/2014 20:45:00,0.0
24/07/2014 21:00:00,0.0
24/07/2014 21:15:00,0.0
24/07/2014 21:30:00,0.0
24/07/2014 21:45:00,0.0
24/07/2014 22:00:00,0.0
24/07/2014 22:15:00,0.0
24/07/2014 22:30:00,0.0
24/07/2014 22:45:00,0.0
24/07/2014 23:00:00,0.0
24/07/2014 23:15:00,0.0
24/07/2014 23:30:00,0.0
24/07/2014 23:45:00,0.0
25/07/2014 00:00:00,0.0
25/07/2014 00:15:00,0.0
25/07/2014 00:30:00,0.0
25/07/2014 00:45:00,0.0
25/07/2014 01:00:00,0.0
25/07/2014 01:15:00,0.0
25/07/2014 01:30:00,0.0
25/07/2014 01:45:00,0.0
25/07/2014 02:00:00,0.0
25/07/2014 02:15:00,0.0
25/07/2014 02:30:00,0.0
25/07/2014 02:45:00,0.0
25/07/2014 03:00:00,0.0
25/07/2014 03:15:00,0.0
25/07/2014 03:30:00,0.0
25/07/2014 03:45:00,0.0
25/07/2014 04:00:00,0.0
25/07/2014 04:15:00,0.0
25/07/2014 04:30:00,0.0
25/07/2014 04:45:00,0.0
25/07/2014 05:00:00,0.0
25/07/2014 05:15:00,0.0
25/07/2014 05:30:00,0.0
25/07/2014 05:45:00,0.0
25/07/2014 06:00:00,0.0
25/07/2014 06:15:00,0.0
25/07/2014 06:30:00,0.0
25/07/2014 06:45:00,0.0
25/07/2014 07:00:00,0.0
25/07/2014 07:15:00,0.0
25/07/2014 07:30:00,0.0
25/07/2014 07:45:00,0.0
25/07/2014 08:00:00,0.0
25/07/2014 08:15:00,0.0
25/07/2014 08:30:00,0.0
25/07/2014 08:45:00,0.0
25/07/2014 09:00:00,0.0
25/07/2014 09:15:00,0.0
25/07/2014 09:30:00,0.0
25/07/2014 09:45:00,0.0
25/07/2014 10:00:00,0.0
25/07/2014 10:15:00,0.0
25/07/2014 10:30:00,0.0
25/07/2014 10:45:00,0.0
25/07/2014 11:00:00,0.0
25/07/2014 11:15:00,0.0
25/07/2014 11:30:00,0.321133333333
25/07/2014 11:45:00,0.3788
25/07/2014 12:00:00,0.0936
25/07/2014 12:15:00,0.0
25/07/2014 12:30:00,0.0
25/07/2014 12:45:00,0.0
25/07/2014 13:00:00,0.0
25/07/2014 13:15:00,0.0
25/07/2014 13:30:00,0.0
25/07/2014 13:45:00,0.0
25/07/2014 14:00:00,0.0
25/07/2014 14:15:00,0.0
25/07/2014 14:30:00,0.0
25/07/2014 14:45:00,0.0
25/07/2014 15:00:00,0.0
25/07/2014 15:15:00,0.0
25/07/2014 15:30:00,0.0
25/07/2014 15:45:00,0.0
25/07/2014 16:00:00,0.0
25/07/2014 16:15:00,0.0
25/07/2014 16:30:00,0.0
25/07/2014 16:45:00,0.0
25/07/2014 17:00:00,0.0
25/07/2014 17:15:00,0.0
25/07/2014 17:30:00,0.0
25/07/2014 17:45:00,0.0
25/07/2014 18:00:00,0.0
25/07/2014 18:15:00,0.0
25/07/2014 18:30:00,0.0
25/07/2014 18:45:00,0.0
25/07/2014 19:00:00,0.0
25/07/2014 19:15:00,0.0
25/07/2014 19:30:00,0.0
25/07/2014 19:45:00,0.0
25/07/2014 20:00:00,0.0
25/07/2014 20:15:00,0.0
25/07/2014 20:30:00,0.0
25/07/2014 20:45:00,0.0
25/07/2014 21:00:00,0.0
25/07/2014 21:15:00,0.0
25/07/2014 21:30:00,0.0
25/07/2014 21:45:00,0.0
25/07/2014 22:00:00,0.0
25/07/2014 22:15:00,0.0
25/07/2014 22:30:00,0.0
25/07/2014 22:45:00,0.0
25/07/2014 23:00:00,0.0
25/07/2014 23:15:00,0.0
25/07/2014 23:30:00,0.0
25/07/2014 23:45:00,0.0
26/07/2014 00:00:00,0.0
26/07/2014 00:15:00,0.0
26/07/2014 00:30:00,0.0
26/07/2014 00:45:00,0.0
26/07/2014 01:00:00,0.0
26/07/2014 01:15:00,0.0
26/07/2014 01:30:00,0.0
26/07/2014 01:45:00,0.0
26/07/2014 02:00:00,0.0
26/07/2014 02:15:00,0.0
26/07/2014 02:30:00,0.0
26/07/2014 02:45:00,0.0
26/07/2014 03:00:00,0.0
26/07/2014 03:15:00,0.0
26/07/2014 03:30:00,0.0
26/07/2014 03:45:00,0.0
26/07/2014 04:00:00,0.0
26/07/2014 04:15:00,0.0
26/07/2014 04:30:00,0.0
26/07/2014 04:45:00,0.0
26/07/2014 05:00:00,0.0
26/07/2014 05:15:00,0.0
26/07/2014 05:30:00,0.0
26/07/2014 05:45:00,0.0
26/07/2014 06:00:00,0.0
26/07/2014 06:15:00,0.0
26/07/2014 06:30:00,0.0
26/07/2014 06:45:00,0.0
26/07/2014 07:00:00,0.0
26/07/2014 07:15:00,0.0
26/07/2014 07:30:00,0.0
26/07/2014 07:45:00,0.0
26/07/2014 08:00:00,0.0
26/07/2014 08:15:00,0.0
26/07/2014 08:30:00,0.0
26/07/2014 08:45:00,0.0
26/07/2014 09:00:00,0.0
26/07/2014 09:15:00,0.0
26/07/2014 09:30:00,0.0
26/07/2014 09:45:00,0.0
26/07/2014 10:00:00,0.0
26/07/2014 10:15:00,0.0
26/07/2014 10:30:00,0.0
26/07/2014 10:45:00,0.0
26/07/2014 11:00:00,0.0
26/07/2014 11:15:00,0.0
26/07/2014 11:30:00,0.0
26/07/2014 11:45:00,0.0
26/07/2014 12:00:00,0.0
26/07/2014 12:15:00,0.0
26/07/2014 12:30:00,0.0
26/07/2014 12:45:00,0.0
26/07/2014 13:00:00,0.0
26/07/2014 13:15:00,0.0
26/07/2014 13:30:00,0.0
26/07/2014 13:45:00,0.0
26/07/2014 14:00:00,0.0
26/07/2014 14:15:00,0.0
26/07/2014 14:30:00,0.0
26/07/2014 14:45:00,0.0
26/07/2014 15:00:00,0.0
26/07/2014 15:15:00,0.0
26/07/2014 15:30:00,0.0
26/07/2014 15:45:00,0.0
26/07/2014 16:00:00,0.0
26/07/2014 16:15:00,0.0
26/07/2014 16:30:00,0.0
26/07/2014 16:45:00,0.0
26/07/2014 17:00:00,0.0
26/07/2014 17:15:00,0.0
26/07/2014 17:30:00,0.0
26/07/2014 17:45:00,0.0
26/07/2014 18:00:00,0.0
26/07/2014 18:15:00,0.0
26/07/2014 18:30:00,0.0
26/07/2014 18:45:00,0.0
26/07/2014 19:00:00,0.0
26/07/2014 19:15:00,0.0
26/07/2014 19:30:00,0.0
26/07/2014 19:45:00,0.0
26/07/2014 20:00:00,0.0
26/07/2014 20:15:00,0.0
26/07/2014 20:30:00,0.0
26/07/2014 20:45:00,0.0
26/07/2014 21:00:00,0.0
26/07/2014 21:15:00,0.0
26/07/2014 21:30:00,0.0
26/07/2014 21:45:00,0.0
26/07/2014 22:00:00,0.0
26/07/2014 22:15:00,0.0
26/07/2014 22:30:00,0.0
26/07/2014 22:45:00,0.0
26/07/2014 23:00:00,0.0
26/07/2014 23:15:00,0.0
26/07/2014 23:30:00,0.0
26/07/2014 23:45:00,0.0
27/07/2014 00:00:00,0.0
27/07/2014 00:15:00,0.0
27/07/2014 00:30:00,0.0
27/07/2014 00:45:00,0.0
27/07/2014 01:00:00,0.0
27/07/2014 01:15:00,0.0
27/07/2014 01:30:00,0.0
27/07/2014 01:45:00,0.0
27/07/2014 02:00:00,0.0
27/07/2014 02:15:00,0.0
27/07/2014 02:30:00,0.0
27/07/2014 02:45:00,0.0
27/07/2014 03:00:00,0.0
27/07/2014 03:15:00,0.0
27/07/2014 03:30:00,0.0
27/07/2014 03:45:00,0.0
27/07/2014 04:00:00,0.0
27/07/2014 04:15:00,0.0
27/07/2014 04:30:00,0.0
27/07/2014 04:45:00,0.0
27/07/2014 05:00:00,0.0
27/07/2014 05:15:00,0.0
27/07/2014 05:30:00,0.0
27/07/2014 05:45:00,0.0
27/07/2014 06:00:00,0.0
27/07/2014 06:15:00,0.0
27/07/2014 06:30:00,0.0
27/07/2014 06:45:00,0.0
27/07/2014 07:00:00,0.0
27/07/2014 07:15:00,0.0
27/07/2014 07:30:00,0.0
27/07/2014 07:45:00,0.0
27/07/2014 08:00:00,0.0
27/07/2014 08:15:00,0.0
27/07/2014 08:30:00,0.0
27/07/2014 08:45:00,0.0
27/07/2014 09:00:00,0.0
27/07/2014 09:15:00,0.0
27/07/2014 09:30:00,0.0
27/07/2014 09:45:00,0.0
27/07/2014 10:00:00,0.0
27/07/2014 10:15:00,0.0
27/07/2014 10:30:00,0.0
27/07/2014 10:45:00,0.0
27/07/2014 11:00:00,0.0
27/07/2014 11:15:00,0.0
27/07/2014 11:30:00,0.0
27/07/2014 11:45:00,0.0
27/07/2014 12:00:00,0.0
27/07/2014 12:15:00,0.0
27/07/2014 12:30:00,0.0
27/07/2014 12:45:00,0.0
27/07/2014 13:00:00,0.0
27/07/2014 13:15:00,0.0
27/07/2014 13:30:00,0.0
27/07/2014 13:45:00,0.0
27/07/2014 14:00:00,0.0
27/07/2014 14:15:00,0.0
27/07/2014 14:30:00,0.0
27/07/2014 14:45:00,0.0
27/07/2014 15:00:00,0.0
27/07/2014 15:15:00,0.0
27/07/2014 15:30:00,0.0
27/07/2014 15:45:00,0.0
27/07/2014 16:00:00,0.0
27/07/2014 16:15:00,0.0
27/07/2014 16:30:00,0.0
27/07/2014 16:45:00,0.0
27/07/2014 17:00:00,0.0
27/07/2014 17:15:00,0.0
27/07/2014 17:30:00,0.0
27/07/2014 17:45:00,0.0
27/07/2014 18:00:00,0.0
27/07/2014 18:15:00,0.0
27/07/2014 18:30:00,0.0
27/07/2014 18:45:00,0.0
27/07/2014 19:00:00,0.0
27/07/2014 19:15:00,0.0656
27/07/2014 19:30:00,0.380933333333
27/07/2014 19:45:00,0.3936
27/07/2014 20:00:00,0.0
27/07/2014 20:15:00,0.0
27/07/2014 20:30:00,0.0
27/07/2014 20:45:00,0.0
27/07/2014 21:00:00,0.0
27/07/2014 21:15:00,0.0
27/07/2014 21:30:00,0.0
27/07/2014 21:45:00,0.0
27/07/2014 22:00:00,0.0
27/07/2014 22:15:00,0.0
27/07/2014 22:30:00,0.0
27/07/2014 22:45:00,0.0
27/07/2014 23:00:00,0.0
27/07/2014 23:15:00,0.0
27/07/2014 23:30:00,0.0
27/07/2014 23:45:00,0.0
28/07/2014 00:00:00,0.0
28/07/2014 00:15:00,0.0
28/07/2014 00:30:00,0.0
28/07/2014 00:45:00,0.0
28/07/2014 01:00:00,0.0
28/07/2014 01:15:00,0.0
28/07/2014 01:30:00,0.0
28/07/2014 01:45:00,0.0
28/07/2014 02:00:00,0.0
28/07/2014 02:15:00,0.0
28/07/2014 02:30:00,0.0
28/07/2014 02:45:00,0.0
28/07/2014 03:00:00,0.0
28/07/2014 03:15:00,0.0
28/07/2014 03:30:00,0.0
28/07/2014 03:45:00,0.0
28/07/2014 04:00:00,0.0
28/07/2014 04:15:00,0.0
28/07/2014 04:30:00,0.0
28/07/2014 04:45:00,0.0
28/07/2014 05:00:00,0.0
28/07/2014 05:15:00,0.0
28/07/2014 05:30:00,0.0
28/07/2014 05:45:00,0.0
28/07/2014 06:00:00,0.0
28/07/2014 06:15:00,0.0
28/07/2014 06:30:00,0.0
28/07/2014 06:45:00,0.0
28/07/2014 07:00:00,0.0
28/07/2014 07:15:00,0.0
28/07/2014 07:30:00,0.0
28/07/2014 07:45:00,0.0
28/07/2014 08:00:00,0.0
28/07/2014 08:15:00,0.0
28/07/2014 08:30:00,0.0
28/07/2014 08:45:00,0.0
28/07/2014 09:00:00,0.0
28/07/2014 09:15:00,0.0
28/07/2014 09:30:00,0.0
28/07/2014 09:45:00,0.0
28/07/2014 10:00:00,0.0
28/07/2014 10:15:00,0.0
28/07/2014 10:30:00,0.0
28/07/2014 10:45:00,0.0
28/07/2014 11:00:00,0.0
28/07/2014 11:15:00,0.0
28/07/2014 11:30:00,0.0
28/07/2014 11:45:00,0.0
28/07/2014 12:00:00,0.0
28/07/2014 12:15:00,0.0
28/07/2014 12:30:00,0.0
28/07/2014 12:45:00,0.0
28/07/2014 13:00:00,0.0
28/07/2014 13:15:00,0.0
28/07/2014 13:30:00,0.0
28/07/2014 13:45:00,0.0
28/07/2014 14:00:00,0.0
28/07/2014 14:15:00,0.0
28/07/2014 14:30:00,0.0
28/07/2014 14:45:00,0.0
28/07/2014 15:00:00,0.0
28/07/2014 15:15:00,0.0
28/07/2014 15:30:00,0.0
28/07/2014 15:45:00,0.0
28/07/2014 16:00:00,0.0
28/07/2014 16:15:00,0.0
28/07/2014 16:30:00,0.0
28/07/2014 16:45:00,0.0
28/07/2014 17:00:00,0.0
28/07/2014 17:15:00,0.0
28/07/2014 17:30:00,0.0
28/07/2014 17:45:00,0.0
28/07/2014 18:00:00,0.0
28/07/2014 18:15:00,0.0
28/07/2014 18:30:00,0.0
28/07/2014 18:45:00,0.0
28/07/2014 19:00:00,0.0
28/07/2014 19:15:00,0.0
28/07/2014 19:30:00,0.0
28/07/2014 19:45:00,0.0
28/07/2014 20:00:00,0.251466666667
28/07/2014 20:15:00,0.3734
28/07/2014 20:30:00,0.309333333333
28/07/2014 20:45:00,0.0
28/07/2014 21:00:00,0.0
28/07/2014 21:15:00,0.0
28/07/2014 21:30:00,0.0
28/07/2014 21:45:00,0.0
28/07/2014 22:00:00,0.0
28/07/2014 22:15:00,0.0
28/07/2014 22:30:00,0.0
28/07/2014 22:45:00,0.0
28/07/2014 23:00:00,0.0
28/07/2014 23:15:00,0.0
28/07/2014 23:30:00,0.0
28/07/2014 23:45:00,0.0
29/07/2014 00:00:00,0.0
29/07/2014 00:15:00,0.0
29/07/2014 00:30:00,0.0
29/07/2014 00:45:00,0.0
29/07/2014 01:00:00,0.0
29/07/2014 01:15:00,0.0
29/07/2014 01:30:00,0.0
29/07/2014 01:45:00,0.0
29/07/2014 02:00:00,0.0
29/07/2014 02:15:00,0.0
29/07/2014 02:30:00,0.0
29/07/2014 02:45:00,0.0
29/07/2014 03:00:00,0.0
29/07/2014 03:15:00,0.0
29/07/2014 03:30:00,0.0
29/07/2014 03:45:00,0.0
29/07/2014 04:00:00,0.0
29/07/2014 04:15:00,0.0
29/07/2014 04:30:00,0.0
29/07/2014 04:45:00,0.0
29/07/2014 05:00:00,0.0
29/07/2014 05:15:00,0.0
29/07/2014 05:30:00,0.0
29/07/2014 05:45:00,0.0
29/07/2014 06:00:00,0.0
29/07/2014 06:15:00,0.0
29/07/2014 06:30:00,0.0
29/07/2014 06:45:00,0.0
29/07/2014 07:00:00,0.0
29/07/2014 07:15:00,0.0
29/07/2014 07:30:00,0.0
29/07/2014 07:45:00,0.0
29/07/2014 08:00:00,0.0
29/07/2014 08:15:00,0.0
29/07/2014 08:30:00,0.0
29/07/2014 08:45:00,0.0
29/07/2014 09:00:00,0.0
29/07/2014 09:15:00,0.0
29/07/2014 09:30:00,0.0
29/07/2014 09:45:00,0.0
29/07/2014 10:00:00,0.0
29/07/2014 10:15:00,0.0
29/07/2014 10:30:00,0.0
29/07/2014 10:45:00,0.0
29/07/2014 11:00:00,0.0
29/07/2014 11:15:00,0.0
29/07/2014 11:30:00,0.0
29/07/2014 11:45:00,0.0
29/07/2014 12:00:00,0.0
29/07/2014 12:15:00,0.0
29/07/2014 12:30:00,0.0
29/07/2014 12:45:00,0.0
29/07/2014 13:00:00,0.0
29/07/2014 13:15:00,0.0
29/07/2014 13:30:00,0.0
29/07/2014 13:45:00,0.0
29/07/2014 14:00:00,0.0
29/07/2014 14:15:00,0.0
29/07/2014 14:30:00,0.0
29/07/2014 14:45:00,0.0
29/07/2014 15:00:00,0.0
29/07/2014 15:15:00,0.0
29/07/2014 15:30:00,0.0
29/07/2014 15:45:00,0.0
29/07/2014 16:00:00,0.0
29/07/2014 16:15:00,0.0
29/07/2014 16:30:00,0.0
29/07/2014 16:45:00,0.0
29/07/2014 17:00:00,0.0
29/07/2014 17:15:00,0.0
29/07/2014 17:30:00,0.0
29/07/2014 17:45:00,0.0
29/07/2014 18:00:00,0.0
29/07/2014 18:15:00,0.0
29/07/2014 18:30:00,0.0
29/07/2014 18:45:00,0.0
29/07/2014 19:00:00,0.0
29/07/2014 19:15:00,0.0
29/07/2014 19:30:00,0.0
29/07/2014 19:45:00,0.0
29/07/2014 20:00:00,0.0
29/07/2014 20:15:00,0.0
29/07/2014 20:30:00,0.0
29/07/2014 20:45:00,0.0
29/07/2014 21:00:00,0.0
29/07/2014 21:15:00,0.0
29/07/2014 21:30:00,0.0
29/07/2014 21:45:00,0.0
29/07/2014 22:00:00,0.0
29/07/2014 22:15:00,0.0
29/07/2014 22:30:00,0.0
29/07/2014 22:45:00,0.0
29/07/2014 23:00:00,0.0
29/07/2014 23:15:00,0.0
29/07/2014 23:30:00,0.0
29/07/2014 23:45:00,0.0
30/07/2014 00:00:00,0.0
30/07/2014 00:15:00,0.0
30/07/2014 00:30:00,0.0
30/07/2014 00:45:00,0.0
30/07/2014 01:00:00,0.0
30/07/2014 01:15:00,0.0
30/07/2014 01:30:00,0.0
30/07/2014 01:45:00,0.0
30/07/2014 02:00:00,0.0
30/07/2014 02:15:00,0.0
30/07/2014 02:30:00,0.0
30/07/2014 02:45:00,0.0
30/07/2014 03:00:00,0.0
30/07/2014 03:15:00,0.0
30/07/2014 03:30:00,0.0
30/07/2014 03:45:00,0.0
30/07/2014 04:00:00,0.0
30/07/2014 04:15:00,0.0
30/07/2014 04:30:00,0.0
30/07/2014 04:45:00,0.0
30/07/2014 05:00:00,0.0
30/07/2014 05:15:00,0.0
30/07/2014 05:30:00,0.0
30/07/2014 05:45:00,0.0
30/07/2014 06:00:00,0.0
30/07/2014 06:15:00,0.0
30/07/2014 06:30:00,0.0
30/07/2014 06:45:00,0.0
30/07/2014 07:00:00,0.0
30/07/2014 07:15:00,0.0
30/07/2014 07:30:00,0.0
30/07/2014 07:45:00,0.0
30/07/2014 08:00:00,0.0
30/07/2014 08:15:00,0.0
30/07/2014 08:30:00,0.0
30/07/2014 08:45:00,0.0
30/07/2014 09:00:00,0.0
30/07/2014 09:15:00,0.0
30/07/2014 09:30:00,0.0
30/07/2014 09:45:00,0.0
30/07/2014 10:00:00,0.0
30/07/2014 10:15:00,0.0
30/07/2014 10:30:00,0.0
30/07/2014 10:45:00,0.0
30/07/2014 11:00:00,0.0
30/07/2014 11:15:00,0.0
30/07/2014 11:30:00,0.0
30/07/2014 11:45:00,0.0
30/07/2014 12:00:00,0.0
30/07/2014 12:15:00,0.0
30/07/2014 12:30:00,0.0
30/07/2014 12:45:00,0.0
30/07/2014 13:00:00,0.0
30/07/2014 13:15:00,0.0
30/07/2014 13:30:00,0.0
30/07/2014 13:45:00,0.0
30/07/2014 14:00:00,0.0
30/07/2014 14:15:00,0.0
30/07/2014 14:30:00,0.0
30/07/2014 14:45:00,0.0
30/07/2014 15:00:00,0.0
30/07/2014 15:15:00,0.0
30/07/2014 15:30:00,0.0
30/07/2014 15:45:00,0.0
30/07/2014 16:00:00,0.0
30/07/2014 16:15:00,0.0
30/07/2014 16:30:00,0.0
30/07/2014 16:45:00,0.0
30/07/2014 17:00:00,0.0
30/07/2014 17:15:00,0.0
30/07/2014 17:30:00,0.0
30/07/2014 17:45:00,0.0
30/07/2014 18:00:00,0.0
30/07/2014 18:15:00,0.0
30/07/2014 18:30:00,0.0
30/07/2014 18:45:00,0.0
30/07/2014 19:00:00,0.0
30/07/2014 19:15:00,0.0
30/07/2014 19:30:00,0.0
30/07/2014 19:45:00,0.0
30/07/2014 20:00:00,0.0
30/07/2014 20:15:00,0.0
30/07/2014 20:30:00,0.0
30/07/2014 20:45:00,0.0
30/07/2014 21:00:00,0.0
30/07/2014 21:15:00,0.0
30/07/2014 21:30:00,0.0
30/07/2014 21:45:00,0.0
30/07/2014 22:00:00,0.0
30/07/2014 22:15:00,0.0
30/07/2014 22:30:00,0.0
30/07/2014 22:45:00,0.0
30/07/2014 23:00:00,0.0
30/07/2014 23:15:00,0.0
30/07/2014 23:30:00,0.0
30/07/2014 23:45:00,0.0
31/07/2014 00:00:00,0.0
31/07/2014 00:15:00,0.0
31/07/2014 00:30:00,0.0
31/07/2014 00:45:00,0.0
31/07/2014 01:00:00,0.0
31/07/2014 01:15:00,0.0
31/07/2014 01:30:00,0.0
31/07/2014 01:45:00,0.0
31/07/2014 02:00:00,0.0
31/07/2014 02:15:00,0.0
31/07/2014 02:30:00,0.0
31/07/2014 02:45:00,0.0
31/07/2014 03:00:00,0.0
31/07/2014 03:15:00,0.0
31/07/2014 03:30:00,0.0
31/07/2014 03:45:00,0.0
31/07/2014 04:00:00,0.0
31/07/2014 04:15:00,0.0
31/07/2014 04:30:00,0.0
31/07/2014 04:45:00,0.0
31/07/2014 05:00:00,0.0
31/07/2014 05:15:00,0.0
31/07/2014 05:30:00,0.0
31/07/2014 05:45:00,0.0
31/07/2014 06:00:00,0.0
31/07/2014 06:15:00,0.0
31/07/2014 06:30:00,0.0
31/07/2014 06:45:00,0.0
31/07/2014 07:00:00,0.0
31/07/2014 07:15:00,0.0
31/07/2014 07:30:00,0.0
31/07/2014 07:45:00,0.0
31/07/2014 08:00:00,0.0
31/07/2014 08:15:00,0.0
31/07/2014 08:30:00,0.0
31/07/2014 08:45:00,0.0
31/07/2014 09:00:00,0.0
31/07/2014 09:15:00,0.0
31/07/2014 09:30:00,0.0
31/07/2014 09:45:00,0.0
31/07/2014 10:00:00,0.0
31/07/2014 10:15:00,0.0
31/07/2014 10:30:00,0.0
31/07/2014 10:45:00,0.0
31/07/2014 11:00:00,0.0
31/07/2014 11:15:00,0.0
31/07/2014 11:30:00,0.0
31/07/2014 11:45:00,0.0
31/07/2014 12:00:00,0.0
31/07/2014 12:15:00,0.0
31/07/2014 12:30:00,0.0
31/07/2014 12:45:00,0.0
31/07/2014 13:00:00,0.0
31/07/2014 13:15:00,0.0
31/07/2014 13:30:00,0.0
31/07/2014 13:45:00,0.0
31/07/2014 14:00:00,0.0
31/07/2014 14:15:00,0.0
31/07/2014 14:30:00,0.0
31/07/2014 14:45:00,0.0
31/07/2014 15:00:00,0.0
31/07/2014 15:15:00,0.0
31/07/2014 15:30:00,0.0
31/07/2014 15:45:00,0.0
31/07/2014 16:00:00,0.0
31/07/2014 16:15:00,0.0
31/07/2014 16:30:00,0.0
31/07/2014 16:45:00,0.0
31/07/2014 17:00:00,0.0
31/07/2014 17:15:00,0.0
31/07/2014 17:30:00,0.0
31/07/2014 17:45:00,0.0
31/07/2014 18:00:00,0.0
31/07/2014 18:15:00,0.0
31/07/2014 18:30:00,0.0
31/07/2014 18:45:00,0.0
31/07/2014 19:00:00,0.0
31/07/2014 19:15:00,0.0
31/07/2014 19:30:00,0.0
31/07/2014 19:45:00,0.0
31/07/2014 20:00:00,0.0
31/07/2014 20:15:00,0.0
31/07/2014 20:30:00,0.0
31/07/2014 20:45:00,0.0
31/07/2014 21:00:00,0.0
31/07/2014 21:15:00,0.0
31/07/2014 21:30:00,0.0
31/07/2014 21:45:00,0.0
31/07/2014 22:00:00,0.0
31/07/2014 22:15:00,0.0
31/07/2014 22:30:00,0.0
31/07/2014 22:45:00,0.0
31/07/2014 23:00:00,0.0
31/07/2014 23:15:00,0.0
31/07/2014 23:30:00,0.0
31/07/2014 23:45:00,0.0
01/08/2014 00:00:00,0.0
01/08/2014 00:15:00,0.0
01/08/2014 00:30:00,0.0
01/08/2014 00:45:00,0.0
01/08/2014 01:00:00,0.0
01/08/2014 01:15:00,0.0
01/08/2014 01:30:00,0.0
01/08/2014 01:45:00,0.0
01/08/2014 02:00:00,0.0
01/08/2014 02:15:00,0.0
01/08/2014 02:30:00,0.0
01/08/2014 02:45:00,0.0
01/08/2014 03:00:00,0.0
01/08/2014 03:15:00,0.0
01/08/2014 03:30:00,0.0
01/08/2014 03:45:00,0.0
01/08/2014 04:00:00,0.0
01/08/2014 04:15:00,0.0
01/08/2014 04:30:00,0.0
01/08/2014 04:45:00,0.0
01/08/2014 05:00:00,0.0
01/08/2014 05:15:00,0.0
01/08/2014 05:30:00,0.0
01/08/2014 05:45:00,0.0
01/08/2014 06:00:00,0.0
01/08/2014 06:15:00,0.0
01/08/2014 06:30:00,0.0
01/08/2014 06:45:00,0.0
01/08/2014 07:00:00,0.0
01/08/2014 07:15:00,0.0
01/08/2014 07:30:00,0.0
01/08/2014 07:45:00,0.0
01/08/2014 08:00:00,0.0
01/08/2014 08:15:00,0.0
01/08/2014 08:30:00,0.0
01/08/2014 08:45:00,0.0
01/08/2014 09:00:00,0.0
01/08/2014 09:15:00,0.0
01/08/2014 09:30:00,0.0
01/08/2014 09:45:00,0.0
01/08/2014 10:00:00,0.0
01/08/2014 10:15:00,0.0
01/08/2014 10:30:00,0.0
01/08/2014 10:45:00,0.0
01/08/2014 11:00:00,0.0
01/08/2014 11:15:00,0.0
01/08/2014 11:30:00,0.0
01/08/2014 11:45:00,0.0
01/08/2014 12:00:00,0.0
01/08/2014 12:15:00,0.0
01/08/2014 12:30:00,0.0
01/08/2014 12:45:00,0.0
01/08/2014 13:00:00,0.0
01/08/2014 13:15:00,0.114533333333
01/08/2014 13:30:00,0.181133333333
01/08/2014 13:45:00,0.0
01/08/2014 14:00:00,0.0
01/08/2014 14:15:00,0.0
01/08/2014 14:30:00,0.0
01/08/2014 14:45:00,0.0
01/08/2014 15:00:00,0.0
01/08/2014 15:15:00,0.0
01/08/2014 15:30:00,0.0
01/08/2014 15:45:00,0.0
01/08/2014 16:00:00,0.0
01/08/2014 16:15:00,0.0
01/08/2014 16:30:00,0.0
01/08/2014 16:45:00,0.0
01/08/2014 17:00:00,0.0
01/08/2014 17:15:00,0.0
01/08/2014 17:30:00,0.0
01/08/2014 17:45:00,0.0
01/08/2014 18:00:00,0.0
01/08/2014 18:15:00,0.0
01/08/2014 18:30:00,0.0
01/08/2014 18:45:00,0.0
01/08/2014 19:00:00,0.0
01/08/2014 19:15:00,0.0
01/08/2014 19:30:00,0.0
01/08/2014 19:45:00,0.0
01/08/2014 20:00:00,0.0
01/08/2014 20:15:00,0.0
01/08/2014 20:30:00,0.0
01/08/2014 20:45:00,0.0
01/08/2014 21:00:00,0.0
01/08/2014 21:15:00,0.0
01/08/2014 21:30:00,0.0
01/08/2014 21:45:00,0.0
01/08/2014 22:00:00,0.0
01/08/2014 22:15:00,0.0
01/08/2014 22:30:00,0.0
01/08/2014 22:45:00,0.0
01/08/2014 23:00:00,0.0
01/08/2014 23:15:00,0.0
01/08/2014 23:30:00,0.0
01/08/2014 23:45:00,0.0
02/08/2014 00:00:00,0.0
02/08/2014 00:15:00,0.0
02/08/2014 00:30:00,0.0
02/08/2014 00:45:00,0.0
02/08/2014 01:00:00,0.0
02/08/2014 01:15:00,0.0
02/08/2014 01:30:00,0.0
02/08/2014 01:45:00,0.0
02/08/2014 02:00:00,0.0
02/08/2014 02:15:00,0.0
02/08/2014 02:30:00,0.0
02/08/2014 02:45:00,0.0
02/08/2014 03:00:00,0.0
02/08/2014 03:15:00,0.0
02/08/2014 03:30:00,0.0
02/08/2014 03:45:00,0.0
02/08/2014 04:00:00,0.0
02/08/2014 04:15:00,0.0
02/08/2014 04:30:00,0.0
02/08/2014 04:45:00,0.0
02/08/2014 05:00:00,0.0
02/08/2014 05:15:00,0.0
02/08/2014 05:30:00,0.0
02/08/2014 05:45:00,0.0
02/08/2014 06:00:00,0.0
02/08/2014 06:15:00,0.0
02/08/2014 06:30:00,0.0
02/08/2014 06:45:00,0.0
02/08/2014 07:00:00,0.0
02/08/2014 07:15:00,0.0
02/08/2014 07:30:00,0.0
02/08/2014 07:45:00,0.0
02/08/2014 08:00:00,0.0
02/08/2014 08:15:00,0.0
02/08/2014 08:30:00,0.0
02/08/2014 08:45:00,0.0
02/08/2014 09:00:00,0.0
02/08/2014 09:15:00,0.0
02/08/2014 09:30:00,0.0
02/08/2014 09:45:00,0.0
02/08/2014 10:00:00,0.0
02/08/2014 10:15:00,0.0
02/08/2014 10:30:00,0.0
02/08/2014 10:45:00,0.0
02/08/2014 11:00:00,0.0
02/08/2014 11:15:00,0.0
02/08/2014 11:30:00,0.0
02/08/2014 11:45:00,0.0
02/08/2014 12:00:00,0.0
02/08/2014 12:15:00,0.0
02/08/2014 12:30:00,0.0
02/08/2014 12:45:00,0.0
02/08/2014 13:00:00,0.0
02/08/2014 13:15:00,0.0
02/08/2014 13:30:00,0.0
02/08/2014 13:45:00,0.0
02/08/2014 14:00:00,0.0
02/08/2014 14:15:00,0.0
02/08/2014 14:30:00,0.0
02/08/2014 14:45:00,0.0
02/08/2014 15:00:00,0.0
02/08/2014 15:15:00,0.0
02/08/2014 15:30:00,0.0
02/08/2014 15:45:00,0.0
02/08/2014 16:00:00,0.0
02/08/2014 16:15:00,0.0
02/08/2014 16:30:00,0.0
02/08/2014 16:45:00,0.0
02/08/2014 17:00:00,0.0
02/08/2014 17:15:00,0.0
02/08/2014 17:30:00,0.0
02/08/2014 17:45:00,0.0
02/08/2014 18:00:00,0.0
02/08/2014 18:15:00,0.0
02/08/2014 18:30:00,0.0
02/08/2014 18:45:00,0.0
02/08/2014 19:00:00,0.0
02/08/2014 19:15:00,0.0
02/08/2014 19:30:00,0.0
02/08/2014 19:45:00,0.0
02/08/2014 20:00:00,0.0
02/08/2014 20:15:00,0.0
02/08/2014 20:30:00,0.0
02/08/2014 20:45:00,0.0
02/08/2014 21:00:00,0.0
02/08/2014 21:15:00,0.0
02/08/2014 21:30:00,0.0
02/08/2014 21:45:00,0.0
02/08/2014 22:00:00,0.0
02/08/2014 22:15:00,0.0
02/08/2014 22:30:00,0.0
02/08/2014 22:45:00,0.0
02/08/2014 23:00:00,0.0
02/08/2014 23:15:00,0.0
02/08/2014 23:30:00,0.0
02/08/2014 23:45:00,0.0
03/08/2014 00:00:00,0.0
03/08/2014 00:15:00,0.0
03/08/2014 00:30:00,0.0
03/08/2014 00:45:00,0.0
03/08/2014 01:00:00,0.0
03/08/2014 01:15:00,0.0
03/08/2014 01:30:00,0.0
03/08/2014 01:45:00,0.0
03/08/2014 02:00:00,0.0
03/08/2014 02:15:00,0.0
03/08/2014 02:30:00,0.0
03/08/2014 02:45:00,0.0
03/08/2014 03:00:00,0.0
03/08/2014 03:15:00,0.0
03/08/2014 03:30:00,0.0
03/08/2014 03:45:00,0.0
03/08/2014 04:00:00,0.0
03/08/2014 04:15:00,0.0
03/08/2014 04:30:00,0.0
03/08/2014 04:45:00,0.0
03/08/2014 05:00:00,0.0
03/08/2014 05:15:00,0.0
03/08/2014 05:30:00,0.0
03/08/2014 05:45:00,0.0
03/08/2014 06:00:00,0.0
03/08/2014 06:15:00,0.0
03/08/2014 06:30:00,0.0
03/08/2014 06:45:00,0.0
03/08/2014 07:00:00,0.0
03/08/2014 07:15:00,0.0
03/08/2014 07:30:00,0.0
03/08/2014 07:45:00,0.0
03/08/2014 08:00:00,0.0
03/08/2014 08:15:00,0.0
03/08/2014 08:30:00,0.0
03/08/2014 08:45:00,0.0
03/08/2014 09:00:00,0.0
03/08/2014 09:15:00,0.0
03/08/2014 09:30:00,0.0
03/08/2014 09:45:00,0.0
03/08/2014 10:00:00,0.0
03/08/2014 10:15:00,0.0
03/08/2014 10:30:00,0.0
03/08/2014 10:45:00,0.0
03/08/2014 11:00:00,0.0
03/08/2014 11:15:00,0.0
03/08/2014 11:30:00,0.0
03/08/2014 11:45:00,0.0
03/08/2014 12:00:00,0.0
03/08/2014 12:15:00,0.0
03/08/2014 12:30:00,0.0
03/08/2014 12:45:00,0.0
03/08/2014 13:00:00,0.0
03/08/2014 13:15:00,0.0
03/08/2014 13:30:00,0.0
03/08/2014 13:45:00,0.0
03/08/2014 14:00:00,0.0
03/08/2014 14:15:00,0.0
03/08/2014 14:30:00,0.0
03/08/2014 14:45:00,0.0
03/08/2014 15:00:00,0.0
03/08/2014 15:15:00,0.0
03/08/2014 15:30:00,0.0
03/08/2014 15:45:00,0.0
03/08/2014 16:00:00,0.0
03/08/2014 16:15:00,0.0
03/08/2014 16:30:00,0.0
03/08/2014 16:45:00,0.0
03/08/2014 17:00:00,0.0
03/08/2014 17:15:00,0.0
03/08/2014 17:30:00,0.0
03/08/2014 17:45:00,0.0
03/08/2014 18:00:00,0.0
03/08/2014 18:15:00,0.0
03/08/2014 18:30:00,0.0
03/08/2014 18:45:00,0.0
03/08/2014 19:00:00,0.0
03/08/2014 19:15:00,0.0
03/08/2014 19:30:00,0.0
03/08/2014 19:45:00,0.0
03/08/2014 20:00:00,0.0
03/08/2014 20:15:00,0.0
03/08/2014 20:30:00,0.0
03/08/2014 20:45:00,0.0
03/08/2014 21:00:00,0.0
03/08/2014 21:15:00,0.0
03/08/2014 21:30:00,0.0
03/08/2014 21:45:00,0.0
03/08/2014 22:00:00,0.0
03/08/2014 22:15:00,0.0
03/08/2014 22:30:00,0.0
03/08/2014 22:45:00,0.0
03/08/2014 23:00:00,0.0
03/08/2014 23:15:00,0.0
03/08/2014 23:30:00,0.0
03/08/2014 23:45:00,0.0
04/08/2014 00:00:00,0.0
04/08/2014 00:15:00,0.0
04/08/2014 00:30:00,0.0
04/08/2014 00:45:00,0.0
04/08/2014 01:00:00,0.0
04/08/2014 01:15:00,0.0
04/08/2014 01:30:00,0.0
04/08/2014 01:45:00,0.0
04/08/2014 02:00:00,0.0
04/08/2014 02:15:00,0.0
04/08/2014 02:30:00,0.0
04/08/2014 02:45:00,0.0
04/08/2014 03:00:00,0.0
04/08/2014 03:15:00,0.0
04/08/2014 03:30:00,0.0
04/08/2014 03:45:00,0.0
04/08/2014 04:00:00,0.0
04/08/2014 04:15:00,0.0
04/08/2014 04:30:00,0.0
04/08/2014 04:45:00,0.0
04/08/2014 05:00:00,0.0
04/08/2014 05:15:00,0.0
04/08/2014 05:30:00,0.0
04/08/2014 05:45:00,0.0
04/08/2014 06:00:00,0.0
04/08/2014 06:15:00,0.0
04/08/2014 06:30:00,0.0
04/08/2014 06:45:00,0.0
04/08/2014 07:00:00,0.0
04/08/2014 07:15:00,0.0
04/08/2014 07:30:00,0.0
04/08/2014 07:45:00,0.0
04/08/2014 08:00:00,0.0
04/08/2014 08:15:00,0.0
04/08/2014 08:30:00,0.0
04/08/2014 08:45:00,0.0
04/08/2014 09:00:00,0.0
04/08/2014 09:15:00,0.0
04/08/2014 09:30:00,0.0
04/08/2014 09:45:00,0.0
04/08/2014 10:00:00,0.0
04/08/2014 10:15:00,0.0
04/08/2014 10:30:00,0.0
04/08/2014 10:45:00,0.0
04/08/2014 11:00:00,0.0
04/08/2014 11:15:00,0.0
04/08/2014 11:30:00,0.0
04/08/2014 11:45:00,0.0
04/08/2014 12:00:00,0.0
04/08/2014 12:15:00,0.0
04/08/2014 12:30:00,0.0
04/08/2014 12:45:00,0.0
04/08/2014 13:00:00,0.0
04/08/2014 13:15:00,0.0
04/08/2014 13:30:00,0.0
04/08/2014 13:45:00,0.0
04/08/2014 14:00:00,0.0
04/08/2014 14:15:00,0.0
04/08/2014 14:30:00,0.0
04/08/2014 14:45:00,0.0
04/08/2014 15:00:00,0.0
04/08/2014 15:15:00,0.0
04/08/2014 15:30:00,0.0
04/08/2014 15:45:00,0.1616
04/08/2014 16:00:00,0.375266666667
04/08/2014 16:15:00,0.352466666667
04/08/2014 16:30:00,0.0
04/08/2014 16:45:00,0.0
04/08/2014 17:00:00,0.0
04/08/2014 17:15:00,0.0
04/08/2014 17:30:00,0.0
04/08/2014 17:45:00,0.0
04/08/2014 18:00:00,0.0
04/08/2014 18:15:00,0.0
04/08/2014 18:30:00,0.0
04/08/2014 18:45:00,0.0
04/08/2014 19:00:00,0.107466666667
04/08/2014 19:15:00,0.434066666667
04/08/2014 19:30:00,0.409666666667
04/08/2014 19:45:00,0.0
04/08/2014 20:00:00,0.0
04/08/2014 20:15:00,0.0
04/08/2014 20:30:00,0.0
04/08/2014 20:45:00,0.0
04/08/2014 21:00:00,0.0
04/08/2014 21:15:00,0.0
04/08/2014 21:30:00,0.0
04/08/2014 21:45:00,0.0
04/08/2014 22:00:00,0.0
04/08/2014 22:15:00,0.0
04/08/2014 22:30:00,0.0
04/08/2014 22:45:00,0.0
04/08/2014 23:00:00,0.0
04/08/2014 23:15:00,0.0
04/08/2014 23:30:00,0.0
04/08/2014 23:45:00,0.0
05/08/2014 00:00:00,0.0
05/08/2014 00:15:00,0.0
05/08/2014 00:30:00,0.0
05/08/2014 00:45:00,0.0
05/08/2014 01:00:00,0.0
05/08/2014 01:15:00,0.0
05/08/2014 01:30:00,0.0
05/08/2014 01:45:00,0.0
05/08/2014 02:00:00,0.0
05/08/2014 02:15:00,0.0
05/08/2014 02:30:00,0.0
05/08/2014 02:45:00,0.0
05/08/2014 03:00:00,0.0
05/08/2014 03:15:00,0.0
05/08/2014 03:30:00,0.0
05/08/2014 03:45:00,0.0
05/08/2014 04:00:00,0.0
05/08/2014 04:15:00,0.0
05/08/2014 04:30:00,0.0
05/08/2014 04:45:00,0.0
05/08/2014 05:00:00,0.0
05/08/2014 05:15:00,0.0
05/08/2014 05:30:00,0.0
05/08/2014 05:45:00,0.0
05/08/2014 06:00:00,0.0
05/08/2014 06:15:00,0.0
05/08/2014 06:30:00,0.0
05/08/2014 06:45:00,0.0
05/08/2014 07:00:00,0.0
05/08/2014 07:15:00,0.0
05/08/2014 07:30:00,0.0
05/08/2014 07:45:00,0.0
05/08/2014 08:00:00,0.0
05/08/2014 08:15:00,0.0
05/08/2014 08:30:00,0.0
05/08/2014 08:45:00,0.0
05/08/2014 09:00:00,0.0
05/08/2014 09:15:00,0.0
05/08/2014 09:30:00,0.0
05/08/2014 09:45:00,0.0
05/08/2014 10:00:00,0.0
05/08/2014 10:15:00,0.0
05/08/2014 10:30:00,0.0
05/08/2014 10:45:00,0.0
05/08/2014 11:00:00,0.0
05/08/2014 11:15:00,0.0
05/08/2014 11:30:00,0.0
05/08/2014 11:45:00,0.0
05/08/2014 12:00:00,0.0
05/08/2014 12:15:00,0.0
05/08/2014 12:30:00,0.0
05/08/2014 12:45:00,0.0
05/08/2014 13:00:00,0.0
05/08/2014 13:15:00,0.0
05/08/2014 13:30:00,0.0
05/08/2014 13:45:00,0.0
05/08/2014 14:00:00,0.0
05/08/2014 14:15:00,0.0
05/08/2014 14:30:00,0.0
05/08/2014 14:45:00,0.0
05/08/2014 15:00:00,0.0
05/08/2014 15:15:00,0.0
05/08/2014 15:30:00,0.0
05/08/2014 15:45:00,0.0
05/08/2014 16:00:00,0.0
05/08/2014 16:15:00,0.0
05/08/2014 16:30:00,0.0
05/08/2014 16:45:00,0.0
05/08/2014 17:00:00,0.0
05/08/2014 17:15:00,0.0
05/08/2014 17:30:00,0.0
05/08/2014 17:45:00,0.0
05/08/2014 18:00:00,0.0
05/08/2014 18:15:00,0.0
05/08/2014 18:30:00,0.0
05/08/2014 18:45:00,0.0
05/08/2014 19:00:00,0.0
05/08/2014 19:15:00,0.0
05/08/2014 19:30:00,0.0
05/08/2014 19:45:00,0.0
05/08/2014 20:00:00,0.0
05/08/2014 20:15:00,0.0
05/08/2014 20:30:00,0.0
05/08/2014 20:45:00,0.0
05/08/2014 21:00:00,0.0
05/08/2014 21:15:00,0.0
05/08/2014 21:30:00,0.0
05/08/2014 21:45:00,0.0
05/08/2014 22:00:00,0.0
05/08/2014 22:15:00,0.0
05/08/2014 22:30:00,0.0
05/08/2014 22:45:00,0.0
05/08/2014 23:00:00,0.0
05/08/2014 23:15:00,0.0
05/08/2014 23:30:00,0.0
05/08/2014 23:45:00,0.0
06/08/2014 00:00:00,0.0
06/08/2014 00:15:00,0.0
06/08/2014 00:30:00,0.0
06/08/2014 00:45:00,0.0
06/08/2014 01:00:00,0.0
06/08/2014 01:15:00,0.0
06/08/2014 01:30:00,0.0
06/08/2014 01:45:00,0.0
06/08/2014 02:00:00,0.0
06/08/2014 02:15:00,0.0
06/08/2014 02:30:00,0.0
06/08/2014 02:45:00,0.0
06/08/2014 03:00:00,0.0
06/08/2014 03:15:00,0.0
06/08/2014 03:30:00,0.0
06/08/2014 03:45:00,0.0
06/08/2014 04:00:00,0.0
06/08/2014 04:15:00,0.0
06/08/2014 04:30:00,0.0
06/08/2014 04:45:00,0.0
06/08/2014 05:00:00,0.0
06/08/2014 05:15:00,0.0
06/08/2014 05:30:00,0.0
06/08/2014 05:45:00,0.0
06/08/2014 06:00:00,0.0
06/08/2014 06:15:00,0.0
06/08/2014 06:30:00,0.0
06/08/2014 06:45:00,0.0
06/08/2014 07:00:00,0.0
06/08/2014 07:15:00,0.0
06/08/2014 07:30:00,0.0
06/08/2014 07:45:00,0.0
06/08/2014 08:00:00,0.0
06/08/2014 08:15:00,0.0
06/08/2014 08:30:00,0.0
06/08/2014 08:45:00,0.0
06/08/2014 09:00:00,0.0
06/08/2014 09:15:00,0.0
06/08/2014 09:30:00,0.0
06/08/2014 09:45:00,0.0
06/08/2014 10:00:00,0.0
06/08/2014 10:15:00,0.0
06/08/2014 10:30:00,0.0
06/08/2014 10:45:00,0.0
06/08/2014 11:00:00,0.0
06/08/2014 11:15:00,0.0
06/08/2014 11:30:00,0.0
06/08/2014 11:45:00,0.0
06/08/2014 12:00:00,0.0
06/08/2014 12:15:00,0.0
06/08/2014 12:30:00,0.0
06/08/2014 12:45:00,0.0
06/08/2014 13:00:00,0.0
06/08/2014 13:15:00,0.0
06/08/2014 13:30:00,0.0
06/08/2014 13:45:00,0.0
06/08/2014 14:00:00,0.0
06/08/2014 14:15:00,0.0
06/08/2014 14:30:00,0.0
06/08/2014 14:45:00,0.0
06/08/2014 15:00:00,0.0
06/08/2014 15:15:00,0.0
06/08/2014 15:30:00,0.0
06/08/2014 15:45:00,0.0
06/08/2014 16:00:00,0.0
06/08/2014 16:15:00,0.0
06/08/2014 16:30:00,0.0
06/08/2014 16:45:00,0.0
06/08/2014 17:00:00,0.0
06/08/2014 17:15:00,0.0
06/08/2014 17:30:00,0.00426666666667
06/08/2014 17:45:00,0.397333333333
06/08/2014 18:00:00,0.305933333333
06/08/2014 18:15:00,0.0
06/08/2014 18:30:00,0.0
06/08/2014 18:45:00,0.0
06/08/2014 19:00:00,0.0
06/08/2014 19:15:00,0.0
06/08/2014 19:30:00,0.0
06/08/2014 19:45:00,0.0
06/08/2014 20:00:00,0.0
06/08/2014 20:15:00,0.0
06/08/2014 20:30:00,0.0
06/08/2014 20:45:00,0.0
06/08/2014 21:00:00,0.0
06/08/2014 21:15:00,0.0
06/08/2014 21:30:00,0.0
06/08/2014 21:45:00,0.0
06/08/2014 22:00:00,0.0
06/08/2014 22:15:00,0.0
06/08/2014 22:30:00,0.0
06/08/2014 22:45:00,0.0
06/08/2014 23:00:00,0.0
06/08/2014 23:15:00,0.0
06/08/2014 23:30:00,0.0
06/08/2014 23:45:00,0.0
07/08/2014 00:00:00,0.0
07/08/2014 00:15:00,0.0
07/08/2014 00:30:00,0.0
07/08/2014 00:45:00,0.0
07/08/2014 01:00:00,0.0
07/08/2014 01:15:00,0.0
07/08/2014 01:30:00,0.0
07/08/2014 01:45:00,0.0
07/08/2014 02:00:00,0.0
07/08/2014 02:15:00,0.0
07/08/2014 02:30:00,0.0
07/08/2014 02:45:00,0.0
07/08/2014 03:00:00,0.0
07/08/2014 03:15:00,0.0
07/08/2014 03:30:00,0.0
07/08/2014 03:45:00,0.0
07/08/2014 04:00:00,0.0
07/08/2014 04:15:00,0.0
07/08/2014 04:30:00,0.0
07/08/2014 04:45:00,0.0
07/08/2014 05:00:00,0.0
07/08/2014 05:15:00,0.0
07/08/2014 05:30:00,0.0
07/08/2014 05:45:00,0.0
07/08/2014 06:00:00,0.0
07/08/2014 06:15:00,0.0
07/08/2014 06:30:00,0.0
07/08/2014 06:45:00,0.0675333333333
07/08/2014 07:00:00,0.433133333333
07/08/2014 07:15:00,0.405133333333
07/08/2014 07:30:00,0.0
07/08/2014 07:45:00,0.0
07/08/2014 08:00:00,0.0
07/08/2014 08:15:00,0.0
07/08/2014 08:30:00,0.0
07/08/2014 08:45:00,0.0
07/08/2014 09:00:00,0.0
07/08/2014 09:15:00,0.0
07/08/2014 09:30:00,0.0
07/08/2014 09:45:00,0.0
07/08/2014 10:00:00,0.0
07/08/2014 10:15:00,0.0
07/08/2014 10:30:00,0.0
07/08/2014 10:45:00,0.0
07/08/2014 11:00:00,0.0
07/08/2014 11:15:00,0.2528
07/08/2014 11:30:00,0.394533333333
07/08/2014 11:45:00,0.239666666667
07/08/2014 12:00:00,0.0798666666667
07/08/2014 12:15:00,0.316
07/08/2014 12:30:00,0.373066666667
07/08/2014 12:45:00,0.0
07/08/2014 13:00:00,0.286466666667
07/08/2014 13:15:00,0.317133333333
07/08/2014 13:30:00,0.1998
07/08/2014 13:45:00,0.0
07/08/2014 14:00:00,0.000866666666667
07/08/2014 14:15:00,0.366666666667
07/08/2014 14:30:00,0.335933333333
07/08/2014 14:45:00,0.0438
07/08/2014 15:00:00,0.0
07/08/2014 15:15:00,0.0
07/08/2014 15:30:00,0.0
07/08/2014 15:45:00,0.0
07/08/2014 16:00:00,0.0
07/08/2014 16:15:00,0.0
07/08/2014 16:30:00,0.0
07/08/2014 16:45:00,0.0
07/08/2014 17:00:00,0.0
07/08/2014 17:15:00,0.0
07/08/2014 17:30:00,0.0
07/08/2014 17:45:00,0.0
07/08/2014 18:00:00,0.0
07/08/2014 18:15:00,0.0
07/08/2014 18:30:00,0.0
07/08/2014 18:45:00,0.0
07/08/2014 19:00:00,0.0
07/08/2014 19:15:00,0.0
07/08/2014 19:30:00,0.0
07/08/2014 19:45:00,0.0
07/08/2014 20:00:00,0.0
07/08/2014 20:15:00,0.0
07/08/2014 20:30:00,0.0
07/08/2014 20:45:00,0.0
07/08/2014 21:00:00,0.0
07/08/2014 21:15:00,0.0
07/08/2014 21:30:00,0.0
07/08/2014 21:45:00,0.0
07/08/2014 22:00:00,0.0
07/08/2014 22:15:00,0.0
07/08/2014 22:30:00,0.0
07/08/2014 22:45:00,0.0
07/08/2014 23:00:00,0.0
07/08/2014 23:15:00,0.0
07/08/2014 23:30:00,0.0
07/08/2014 23:45:00,0.0
08/08/2014 00:00:00,0.0
08/08/2014 00:15:00,0.0
08/08/2014 00:30:00,0.0
08/08/2014 00:45:00,0.0
08/08/2014 01:00:00,0.0
08/08/2014 01:15:00,0.0
08/08/2014 01:30:00,0.0
08/08/2014 01:45:00,0.0
08/08/2014 02:00:00,0.0
08/08/2014 02:15:00,0.0
08/08/2014 02:30:00,0.0
08/08/2014 02:45:00,0.0
08/08/2014 03:00:00,0.0
08/08/2014 03:15:00,0.0
08/08/2014 03:30:00,0.0
08/08/2014 03:45:00,0.0
08/08/2014 04:00:00,0.0
08/08/2014 04:15:00,0.0
08/08/2014 04:30:00,0.0
08/08/2014 04:45:00,0.0
08/08/2014 05:00:00,0.0
08/08/2014 05:15:00,0.0
08/08/2014 05:30:00,0.0
08/08/2014 05:45:00,0.0
08/08/2014 06:00:00,0.0
08/08/2014 06:15:00,0.0
08/08/2014 06:30:00,0.0
08/08/2014 06:45:00,0.0
08/08/2014 07:00:00,0.0
08/08/2014 07:15:00,0.0
08/08/2014 07:30:00,0.0
08/08/2014 07:45:00,0.0
08/08/2014 08:00:00,0.0
08/08/2014 08:15:00,0.0
08/08/2014 08:30:00,0.0
08/08/2014 08:45:00,0.0
08/08/2014 09:00:00,0.0
08/08/2014 09:15:00,0.0
08/08/2014 09:30:00,0.0
08/08/2014 09:45:00,0.0
08/08/2014 10:00:00,0.0
08/08/2014 10:15:00,0.0
08/08/2014 10:30:00,0.0
08/08/2014 10:45:00,0.0
08/08/2014 11:00:00,0.0
08/08/2014 11:15:00,0.0
08/08/2014 11:30:00,0.0
08/08/2014 11:45:00,0.0
08/08/2014 12:00:00,0.0
08/08/2014 12:15:00,0.0
08/08/2014 12:30:00,0.0
08/08/2014 12:45:00,0.0
08/08/2014 13:00:00,0.0
08/08/2014 13:15:00,0.0
08/08/2014 13:30:00,0.0
08/08/2014 13:45:00,0.0
08/08/2014 14:00:00,0.0
08/08/2014 14:15:00,0.0
08/08/2014 14:30:00,0.0
08/08/2014 14:45:00,0.0
08/08/2014 15:00:00,0.0
08/08/2014 15:15:00,0.0
08/08/2014 15:30:00,0.0
08/08/2014 15:45:00,0.0
08/08/2014 16:00:00,0.0
08/08/2014 16:15:00,0.102666666667
08/08/2014 16:30:00,0.3364
08/08/2014 16:45:00,0.2906
08/08/2014 17:00:00,0.0
08/08/2014 17:15:00,0.0
08/08/2014 17:30:00,0.0
08/08/2014 17:45:00,0.0
08/08/2014 18:00:00,0.0
08/08/2014 18:15:00,0.0
08/08/2014 18:30:00,0.0
08/08/2014 18:45:00,0.0
08/08/2014 19:00:00,0.0
08/08/2014 19:15:00,0.0
08/08/2014 19:30:00,0.0
08/08/2014 19:45:00,0.0
08/08/2014 20:00:00,0.0
08/08/2014 20:15:00,0.0
08/08/2014 20:30:00,0.0
08/08/2014 20:45:00,0.0
08/08/2014 21:00:00,0.0
08/08/2014 21:15:00,0.0
08/08/2014 21:30:00,0.0
08/08/2014 21:45:00,0.0
08/08/2014 22:00:00,0.0
08/08/2014 22:15:00,0.0
08/08/2014 22:30:00,0.0
08/08/2014 22:45:00,0.0
08/08/2014 23:00:00,0.0
08/08/2014 23:15:00,0.0
08/08/2014 23:30:00,0.0
08/08/2014 23:45:00,0.0
09/08/2014 00:00:00,0.0
09/08/2014 00:15:00,0.0
09/08/2014 00:30:00,0.0
09/08/2014 00:45:00,0.0
09/08/2014 01:00:00,0.0
09/08/2014 01:15:00,0.0
09/08/2014 01:30:00,0.0
09/08/2014 01:45:00,0.0
09/08/2014 02:00:00,0.0
09/08/2014 02:15:00,0.0
09/08/2014 02:30:00,0.0
09/08/2014 02:45:00,0.0
09/08/2014 03:00:00,0.0
09/08/2014 03:15:00,0.0
09/08/2014 03:30:00,0.0
09/08/2014 03:45:00,0.0
09/08/2014 04:00:00,0.0
09/08/2014 04:15:00,0.0
09/08/2014 04:30:00,0.0
09/08/2014 04:45:00,0.0
09/08/2014 05:00:00,0.0
09/08/2014 05:15:00,0.0
09/08/2014 05:30:00,0.0
09/08/2014 05:45:00,0.0
09/08/2014 06:00:00,0.0
09/08/2014 06:15:00,0.0
09/08/2014 06:30:00,0.0
09/08/2014 06:45:00,0.0
09/08/2014 07:00:00,0.0
09/08/2014 07:15:00,0.0
09/08/2014 07:30:00,0.0
09/08/2014 07:45:00,0.0
09/08/2014 08:00:00,0.0
09/08/2014 08:15:00,0.0
09/08/2014 08:30:00,0.0
09/08/2014 08:45:00,0.0
09/08/2014 09:00:00,0.0
09/08/2014 09:15:00,0.0
09/08/2014 09:30:00,0.0
09/08/2014 09:45:00,0.0
09/08/2014 10:00:00,0.0
09/08/2014 10:15:00,0.0
09/08/2014 10:30:00,0.0
09/08/2014 10:45:00,0.0
09/08/2014 11:00:00,0.0
09/08/2014 11:15:00,0.0
09/08/2014 11:30:00,0.0
09/08/2014 11:45:00,0.0
09/08/2014 12:00:00,0.0
09/08/2014 12:15:00,0.0
09/08/2014 12:30:00,0.0
09/08/2014 12:45:00,0.0
09/08/2014 13:00:00,0.0
09/08/2014 13:15:00,0.0
09/08/2014 13:30:00,0.0
09/08/2014 13:45:00,0.0
09/08/2014 14:00:00,0.0
09/08/2014 14:15:00,0.0
09/08/2014 14:30:00,0.0
09/08/2014 14:45:00,0.0
09/08/2014 15:00:00,0.0
09/08/2014 15:15:00,0.0
09/08/2014 15:30:00,0.0
09/08/2014 15:45:00,0.0
09/08/2014 16:00:00,0.0
09/08/2014 16:15:00,0.0
09/08/2014 16:30:00,0.0
09/08/2014 16:45:00,0.0
09/08/2014 17:00:00,0.0
09/08/2014 17:15:00,0.0
09/08/2014 17:30:00,0.0
09/08/2014 17:45:00,0.0
09/08/2014 18:00:00,0.0
09/08/2014 18:15:00,0.0
09/08/2014 18:30:00,0.0
09/08/2014 18:45:00,0.0
09/08/2014 19:00:00,0.0
09/08/2014 19:15:00,0.0
09/08/2014 19:30:00,0.0
09/08/2014 19:45:00,0.0
09/08/2014 20:00:00,0.0
09/08/2014 20:15:00,0.0
09/08/2014 20:30:00,0.0
09/08/2014 20:45:00,0.0
09/08/2014 21:00:00,0.0
09/08/2014 21:15:00,0.0
09/08/2014 21:30:00,0.0
09/08/2014 21:45:00,0.0
09/08/2014 22:00:00,0.0
09/08/2014 22:15:00,0.0
09/08/2014 22:30:00,0.0
09/08/2014 22:45:00,0.0
09/08/2014 23:00:00,0.0
09/08/2014 23:15:00,0.0
09/08/2014 23:30:00,0.0
09/08/2014 23:45:00,0.0
10/08/2014 00:00:00,0.0
10/08/2014 00:15:00,0.0
10/08/2014 00:30:00,0.0
10/08/2014 00:45:00,0.0
10/08/2014 01:00:00,0.0
10/08/2014 01:15:00,0.0
10/08/2014 01:30:00,0.0
10/08/2014 01:45:00,0.0
10/08/2014 02:00:00,0.0
10/08/2014 02:15:00,0.0
10/08/2014 02:30:00,0.0
10/08/2014 02:45:00,0.0
10/08/2014 03:00:00,0.0
10/08/2014 03:15:00,0.0
10/08/2014 03:30:00,0.0
10/08/2014 03:45:00,0.0
10/08/2014 04:00:00,0.0
10/08/2014 04:15:00,0.0
10/08/2014 04:30:00,0.0
10/08/2014 04:45:00,0.0
10/08/2014 05:00:00,0.0
10/08/2014 05:15:00,0.0
10/08/2014 05:30:00,0.0
10/08/2014 05:45:00,0.0
10/08/2014 06:00:00,0.0
10/08/2014 06:15:00,0.0
10/08/2014 06:30:00,0.0
10/08/2014 06:45:00,0.0
10/08/2014 07:00:00,0.0
10/08/2014 07:15:00,0.0
10/08/2014 07:30:00,0.0
10/08/2014 07:45:00,0.0
10/08/2014 08:00:00,0.0
10/08/2014 08:15:00,0.0
10/08/2014 08:30:00,0.0
10/08/2014 08:45:00,0.0
10/08/2014 09:00:00,0.0
10/08/2014 09:15:00,0.0
10/08/2014 09:30:00,0.0
10/08/2014 09:45:00,0.0
10/08/2014 10:00:00,0.0
10/08/2014 10:15:00,0.0
10/08/2014 10:30:00,0.0
10/08/2014 10:45:00,0.0
10/08/2014 11:00:00,0.0
10/08/2014 11:15:00,0.0
10/08/2014 11:30:00,0.0
10/08/2014 11:45:00,0.0
10/08/2014 12:00:00,0.0
10/08/2014 12:15:00,0.0
10/08/2014 12:30:00,0.0
10/08/2014 12:45:00,0.0
10/08/2014 13:00:00,0.0
10/08/2014 13:15:00,0.0
10/08/2014 13:30:00,0.0
10/08/2014 13:45:00,0.0
10/08/2014 14:00:00,0.0
10/08/2014 14:15:00,0.0
10/08/2014 14:30:00,0.0
10/08/2014 14:45:00,0.0
10/08/2014 15:00:00,0.0
10/08/2014 15:15:00,0.0
10/08/2014 15:30:00,0.0
10/08/2014 15:45:00,0.0
10/08/2014 16:00:00,0.0
10/08/2014 16:15:00,0.0
10/08/2014 16:30:00,0.0
10/08/2014 16:45:00,0.0
10/08/2014 17:00:00,0.0
10/08/2014 17:15:00,0.0
10/08/2014 17:30:00,0.0
10/08/2014 17:45:00,0.0
10/08/2014 18:00:00,0.0
10/08/2014 18:15:00,0.0
10/08/2014 18:30:00,0.0
10/08/2014 18:45:00,0.0
10/08/2014 19:00:00,0.0
10/08/2014 19:15:00,0.0
10/08/2014 19:30:00,0.0
10/08/2014 19:45:00,0.0
10/08/2014 20:00:00,0.0
10/08/2014 20:15:00,0.0
10/08/2014 20:30:00,0.0
10/08/2014 20:45:00,0.0
10/08/2014 21:00:00,0.0
10/08/2014 21:15:00,0.0
10/08/2014 21:30:00,0.0
10/08/2014 21:45:00,0.0
10/08/2014 22:00:00,0.0
10/08/2014 22:15:00,0.0
10/08/2014 22:30:00,0.0
10/08/2014 22:45:00,0.0
10/08/2014 23:00:00,0.0
10/08/2014 23:15:00,0.0
10/08/2014 23:30:00,0.0
10/08/2014 23:45:00,0.0
11/08/2014 00:00:00,0.0
11/08/2014 00:15:00,0.0
11/08/2014 00:30:00,0.0
11/08/2014 00:45:00,0.0
11/08/2014 01:00:00,0.0
11/08/2014 01:15:00,0.0
11/08/2014 01:30:00,0.0
11/08/2014 01:45:00,0.0
11/08/2014 02:00:00,0.0
11/08/2014 02:15:00,0.0
11/08/2014 02:30:00,0.0
11/08/2014 02:45:00,0.0
11/08/2014 03:00:00,0.0
11/08/2014 03:15:00,0.0
11/08/2014 03:30:00,0.0
11/08/2014 03:45:00,0.0
11/08/2014 04:00:00,0.0
11/08/2014 04:15:00,0.0
11/08/2014 04:30:00,0.0
11/08/2014 04:45:00,0.0
11/08/2014 05:00:00,0.0
11/08/2014 05:15:00,0.0
11/08/2014 05:30:00,0.0
11/08/2014 05:45:00,0.0
11/08/2014 06:00:00,0.0
11/08/2014 06:15:00,0.0
11/08/2014 06:30:00,0.0
11/08/2014 06:45:00,0.0
11/08/2014 07:00:00,0.0
11/08/2014 07:15:00,0.0
11/08/2014 07:30:00,0.0
11/08/2014 07:45:00,0.0
11/08/2014 08:00:00,0.0
11/08/2014 08:15:00,0.0
11/08/2014 08:30:00,0.0
11/08/2014 08:45:00,0.0
11/08/2014 09:00:00,0.0
11/08/2014 09:15:00,0.0
11/08/2014 09:30:00,0.0
11/08/2014 09:45:00,0.0
11/08/2014 10:00:00,0.0
11/08/2014 10:15:00,0.0
11/08/2014 10:30:00,0.0
11/08/2014 10:45:00,0.0
11/08/2014 11:00:00,0.0
11/08/2014 11:15:00,0.0
11/08/2014 11:30:00,0.0
11/08/2014 11:45:00,0.0
11/08/2014 12:00:00,0.0
11/08/2014 12:15:00,0.0
11/08/2014 12:30:00,0.0
11/08/2014 12:45:00,0.0
11/08/2014 13:00:00,0.0
11/08/2014 13:15:00,0.0
11/08/2014 13:30:00,0.0
11/08/2014 13:45:00,0.0
11/08/2014 14:00:00,0.0
11/08/2014 14:15:00,0.0
11/08/2014 14:30:00,0.0
11/08/2014 14:45:00,0.0
11/08/2014 15:00:00,0.0
11/08/2014 15:15:00,0.0
11/08/2014 15:30:00,0.0
11/08/2014 15:45:00,0.0
11/08/2014 16:00:00,0.0
11/08/2014 16:15:00,0.0
11/08/2014 16:30:00,0.0
11/08/2014 16:45:00,0.0
11/08/2014 17:00:00,0.0
11/08/2014 17:15:00,0.0
11/08/2014 17:30:00,0.0
11/08/2014 17:45:00,0.0
11/08/2014 18:00:00,0.0
11/08/2014 18:15:00,0.0
11/08/2014 18:30:00,0.0
11/08/2014 18:45:00,0.0
11/08/2014 19:00:00,0.0
11/08/2014 19:15:00,0.0
11/08/2014 19:30:00,0.0
11/08/2014 19:45:00,0.0
11/08/2014 20:00:00,0.0
11/08/2014 20:15:00,0.0
11/08/2014 20:30:00,0.0
11/08/2014 20:45:00,0.0
11/08/2014 21:00:00,0.0
11/08/2014 21:15:00,0.0
11/08/2014 21:30:00,0.0
11/08/2014 21:45:00,0.0
11/08/2014 22:00:00,0.0
11/08/2014 22:15:00,0.0
11/08/2014 22:30:00,0.0
11/08/2014 22:45:00,0.0
11/08/2014 23:00:00,0.0
11/08/2014 23:15:00,0.0
11/08/2014 23:30:00,0.0
11/08/2014 23:45:00,0.0
12/08/2014 00:00:00,0.0
12/08/2014 00:15:00,0.0
12/08/2014 00:30:00,0.0
12/08/2014 00:45:00,0.0
12/08/2014 01:00:00,0.0
12/08/2014 01:15:00,0.0
12/08/2014 01:30:00,0.0
12/08/2014 01:45:00,0.0
12/08/2014 02:00:00,0.0
12/08/2014 02:15:00,0.0
12/08/2014 02:30:00,0.0
12/08/2014 02:45:00,0.0
12/08/2014 03:00:00,0.0
12/08/2014 03:15:00,0.0
12/08/2014 03:30:00,0.0
12/08/2014 03:45:00,0.0
12/08/2014 04:00:00,0.0
12/08/2014 04:15:00,0.0
12/08/2014 04:30:00,0.0
12/08/2014 04:45:00,0.0
12/08/2014 05:00:00,0.0
12/08/2014 05:15:00,0.0
12/08/2014 05:30:00,0.0
12/08/2014 05:45:00,0.0
12/08/2014 06:00:00,0.0
12/08/2014 06:15:00,0.0
12/08/2014 06:30:00,0.0
12/08/2014 06:45:00,0.0
12/08/2014 07:00:00,0.0
12/08/2014 07:15:00,0.0
12/08/2014 07:30:00,0.0
12/08/2014 07:45:00,0.1704
12/08/2014 08:00:00,0.406933333333
12/08/2014 08:15:00,0.298466666667
12/08/2014 08:30:00,0.0
12/08/2014 08:45:00,0.0
12/08/2014 09:00:00,0.0
12/08/2014 09:15:00,0.0
12/08/2014 09:30:00,0.0
12/08/2014 09:45:00,0.0
12/08/2014 10:00:00,0.0
12/08/2014 10:15:00,0.0
12/08/2014 10:30:00,0.0
12/08/2014 10:45:00,0.0
12/08/2014 11:00:00,0.0
12/08/2014 11:15:00,0.0
12/08/2014 11:30:00,0.0
12/08/2014 11:45:00,0.0
12/08/2014 12:00:00,0.0
12/08/2014 12:15:00,0.0
12/08/2014 12:30:00,0.0
12/08/2014 12:45:00,0.0
12/08/2014 13:00:00,0.0
12/08/2014 13:15:00,0.0
12/08/2014 13:30:00,0.0
12/08/2014 13:45:00,0.0
12/08/2014 14:00:00,0.0
12/08/2014 14:15:00,0.0
12/08/2014 14:30:00,0.0
12/08/2014 14:45:00,0.0
12/08/2014 15:00:00,0.0
12/08/2014 15:15:00,0.0
12/08/2014 15:30:00,0.0
12/08/2014 15:45:00,0.0
12/08/2014 16:00:00,0.0
12/08/2014 16:15:00,0.0
12/08/2014 16:30:00,0.0
12/08/2014 16:45:00,0.0
12/08/2014 17:00:00,0.0
12/08/2014 17:15:00,0.0
12/08/2014 17:30:00,0.0
12/08/2014 17:45:00,0.0
12/08/2014 18:00:00,0.0
12/08/2014 18:15:00,0.0
12/08/2014 18:30:00,0.0
12/08/2014 18:45:00,0.0
12/08/2014 19:00:00,0.0
12/08/2014 19:15:00,0.0
12/08/2014 19:30:00,0.0
12/08/2014 19:45:00,0.0
12/08/2014 20:00:00,0.0
12/08/2014 20:15:00,0.0
12/08/2014 20:30:00,0.0
12/08/2014 20:45:00,0.0
12/08/2014 21:00:00,0.0
12/08/2014 21:15:00,0.0
12/08/2014 21:30:00,0.0
12/08/2014 21:45:00,0.0
12/08/2014 22:00:00,0.0
12/08/2014 22:15:00,0.0
12/08/2014 22:30:00,0.0
12/08/2014 22:45:00,0.0
12/08/2014 23:00:00,0.0
12/08/2014 23:15:00,0.0
12/08/2014 23:30:00,0.0
12/08/2014 23:45:00,0.0
13/08/2014 00:00:00,0.0
13/08/2014 00:15:00,0.0
13/08/2014 00:30:00,0.0
13/08/2014 00:45:00,0.0
13/08/2014 01:00:00,0.0
13/08/2014 01:15:00,0.0
13/08/2014 01:30:00,0.0
13/08/2014 01:45:00,0.0
13/08/2014 02:00:00,0.0
13/08/2014 02:15:00,0.0
13/08/2014 02:30:00,0.0
13/08/2014 02:45:00,0.0
13/08/2014 03:00:00,0.0
13/08/2014 03:15:00,0.0
13/08/2014 03:30:00,0.0
13/08/2014 03:45:00,0.0
13/08/2014 04:00:00,0.0
13/08/2014 04:15:00,0.0
13/08/2014 04:30:00,0.0
13/08/2014 04:45:00,0.0
13/08/2014 05:00:00,0.0
13/08/2014 05:15:00,0.0
13/08/2014 05:30:00,0.0
13/08/2014 05:45:00,0.0
13/08/2014 06:00:00,0.0
13/08/2014 06:15:00,0.0
13/08/2014 06:30:00,0.0
13/08/2014 06:45:00,0.0
13/08/2014 07:00:00,0.0
13/08/2014 07:15:00,0.0
13/08/2014 07:30:00,0.0
13/08/2014 07:45:00,0.0
13/08/2014 08:00:00,0.0
13/08/2014 08:15:00,0.0
13/08/2014 08:30:00,0.0
13/08/2014 08:45:00,0.0
13/08/2014 09:00:00,0.0
13/08/2014 09:15:00,0.0
13/08/2014 09:30:00,0.0
13/08/2014 09:45:00,0.0
13/08/2014 10:00:00,0.0
13/08/2014 10:15:00,0.0
13/08/2014 10:30:00,0.0
13/08/2014 10:45:00,0.0012
13/08/2014 11:00:00,0.367733333333
13/08/2014 11:15:00,0.400866666667
13/08/2014 11:30:00,0.243
13/08/2014 11:45:00,0.0
13/08/2014 12:00:00,0.0
13/08/2014 12:15:00,0.0
13/08/2014 12:30:00,0.0
13/08/2014 12:45:00,0.0
13/08/2014 13:00:00,0.0
13/08/2014 13:15:00,0.0
13/08/2014 13:30:00,0.0
13/08/2014 13:45:00,0.0
13/08/2014 14:00:00,0.0
13/08/2014 14:15:00,0.0
13/08/2014 14:30:00,0.0
13/08/2014 14:45:00,0.0
13/08/2014 15:00:00,0.0
13/08/2014 15:15:00,0.0
13/08/2014 15:30:00,0.0
13/08/2014 15:45:00,0.0
13/08/2014 16:00:00,0.0
13/08/2014 16:15:00,0.0
13/08/2014 16:30:00,0.0
13/08/2014 16:45:00,0.0
13/08/2014 17:00:00,0.0
13/08/2014 17:15:00,0.0
13/08/2014 17:30:00,0.0
13/08/2014 17:45:00,0.0
13/08/2014 18:00:00,0.0
13/08/2014 18:15:00,0.0
13/08/2014 18:30:00,0.0
13/08/2014 18:45:00,0.0
13/08/2014 19:00:00,0.0
13/08/2014 19:15:00,0.0
13/08/2014 19:30:00,0.0
13/08/2014 19:45:00,0.0
13/08/2014 20:00:00,0.0
13/08/2014 20:15:00,0.0
13/08/2014 20:30:00,0.0
13/08/2014 20:45:00,0.0
13/08/2014 21:00:00,0.0
13/08/2014 21:15:00,0.0
13/08/2014 21:30:00,0.0
13/08/2014 21:45:00,0.0
13/08/2014 22:00:00,0.0
13/08/2014 22:15:00,0.0
13/08/2014 22:30:00,0.0
13/08/2014 22:45:00,0.0
13/08/2014 23:00:00,0.0
13/08/2014 23:15:00,0.0
13/08/2014 23:30:00,0.0
13/08/2014 23:45:00,0.0
14/08/2014 00:00:00,0.0
14/08/2014 00:15:00,0.0
14/08/2014 00:30:00,0.0
14/08/2014 00:45:00,0.0
14/08/2014 01:00:00,0.0
14/08/2014 01:15:00,0.0
14/08/2014 01:30:00,0.0
14/08/2014 01:45:00,0.0
14/08/2014 02:00:00,0.0
14/08/2014 02:15:00,0.0
14/08/2014 02:30:00,0.0
14/08/2014 02:45:00,0.0
14/08/2014 03:00:00,0.0
14/08/2014 03:15:00,0.0
14/08/2014 03:30:00,0.0
14/08/2014 03:45:00,0.0
14/08/2014 04:00:00,0.0
14/08/2014 04:15:00,0.0
14/08/2014 04:30:00,0.0
14/08/2014 04:45:00,0.0
14/08/2014 05:00:00,0.0
14/08/2014 05:15:00,0.0
14/08/2014 05:30:00,0.0
14/08/2014 05:45:00,0.0
14/08/2014 06:00:00,0.0
14/08/2014 06:15:00,0.0
14/08/2014 06:30:00,0.0
14/08/2014 06:45:00,0.0
14/08/2014 07:00:00,0.0
14/08/2014 07:15:00,0.0
14/08/2014 07:30:00,0.0
14/08/2014 07:45:00,0.0
14/08/2014 08:00:00,0.0
14/08/2014 08:15:00,0.0
14/08/2014 08:30:00,0.0
14/08/2014 08:45:00,0.0
14/08/2014 09:00:00,0.0
14/08/2014 09:15:00,0.0
14/08/2014 09:30:00,0.0
14/08/2014 09:45:00,0.0
14/08/2014 10:00:00,0.0
14/08/2014 10:15:00,0.0
14/08/2014 10:30:00,0.0
14/08/2014 10:45:00,0.0
14/08/2014 11:00:00,0.0
14/08/2014 11:15:00,0.0
14/08/2014 11:30:00,0.0
14/08/2014 11:45:00,0.0
14/08/2014 12:00:00,0.0
14/08/2014 12:15:00,0.0
14/08/2014 12:30:00,0.0
14/08/2014 12:45:00,0.0
14/08/2014 13:00:00,0.0
14/08/2014 13:15:00,0.0
14/08/2014 13:30:00,0.0
14/08/2014 13:45:00,0.0
14/08/2014 14:00:00,0.0
14/08/2014 14:15:00,0.0
14/08/2014 14:30:00,0.0
14/08/2014 14:45:00,0.0
14/08/2014 15:00:00,0.0
14/08/2014 15:15:00,0.0
14/08/2014 15:30:00,0.0
14/08/2014 15:45:00,0.0
14/08/2014 16:00:00,0.0
14/08/2014 16:15:00,0.0
14/08/2014 16:30:00,0.0
14/08/2014 16:45:00,0.0
14/08/2014 17:00:00,0.0
14/08/2014 17:15:00,0.0
14/08/2014 17:30:00,0.0
14/08/2014 17:45:00,0.0
14/08/2014 18:00:00,0.0
14/08/2014 18:15:00,0.0
14/08/2014 18:30:00,0.0
14/08/2014 18:45:00,0.0
14/08/2014 19:00:00,0.0
14/08/2014 19:15:00,0.0
14/08/2014 19:30:00,0.0
14/08/2014 19:45:00,0.0
14/08/2014 20:00:00,0.0
14/08/2014 20:15:00,0.0
14/08/2014 20:30:00,0.0
14/08/2014 20:45:00,0.0
14/08/2014 21:00:00,0.0
14/08/2014 21:15:00,0.0
14/08/2014 21:30:00,0.0
14/08/2014 21:45:00,0.0
14/08/2014 22:00:00,0.0
14/08/2014 22:15:00,0.0
14/08/2014 22:30:00,0.0
14/08/2014 22:45:00,0.0
14/08/2014 23:00:00,0.0
14/08/2014 23:15:00,0.0
14/08/2014 23:30:00,0.0
14/08/2014 23:45:00,0.0
15/08/2014 00:00:00,0.0
15/08/2014 00:15:00,0.0
15/08/2014 00:30:00,0.0
15/08/2014 00:45:00,0.0
15/08/2014 01:00:00,0.0
15/08/2014 01:15:00,0.0
15/08/2014 01:30:00,0.0
15/08/2014 01:45:00,0.0
15/08/2014 02:00:00,0.0
15/08/2014 02:15:00,0.0
15/08/2014 02:30:00,0.0
15/08/2014 02:45:00,0.0
15/08/2014 03:00:00,0.0
15/08/2014 03:15:00,0.0
15/08/2014 03:30:00,0.0
15/08/2014 03:45:00,0.0
15/08/2014 04:00:00,0.0
15/08/2014 04:15:00,0.0
15/08/2014 04:30:00,0.0
15/08/2014 04:45:00,0.0
15/08/2014 05:00:00,0.0
15/08/2014 05:15:00,0.0
15/08/2014 05:30:00,0.0
15/08/2014 05:45:00,0.0
15/08/2014 06:00:00,0.0
15/08/2014 06:15:00,0.0
15/08/2014 06:30:00,0.0
15/08/2014 06:45:00,0.0
15/08/2014 07:00:00,0.0
15/08/2014 07:15:00,0.0
15/08/2014 07:30:00,0.0
15/08/2014 07:45:00,0.0
15/08/2014 08:00:00,0.0
15/08/2014 08:15:00,0.0
15/08/2014 08:30:00,0.0
15/08/2014 08:45:00,0.0
15/08/2014 09:00:00,0.0
15/08/2014 09:15:00,0.0
15/08/2014 09:30:00,0.0
15/08/2014 09:45:00,0.0
15/08/2014 10:00:00,0.0
15/08/2014 10:15:00,0.0
15/08/2014 10:30:00,0.0
15/08/2014 10:45:00,0.0
15/08/2014 11:00:00,0.0
15/08/2014 11:15:00,0.0
15/08/2014 11:30:00,0.0
15/08/2014 11:45:00,0.0
15/08/2014 12:00:00,0.0
15/08/2014 12:15:00,0.0
15/08/2014 12:30:00,0.0
15/08/2014 12:45:00,0.0
15/08/2014 13:00:00,0.0
15/08/2014 13:15:00,0.0
15/08/2014 13:30:00,0.0
15/08/2014 13:45:00,0.0
15/08/2014 14:00:00,0.0
15/08/2014 14:15:00,0.0
15/08/2014 14:30:00,0.0
15/08/2014 14:45:00,0.0
15/08/2014 15:00:00,0.0
15/08/2014 15:15:00,0.0
15/08/2014 15:30:00,0.0
15/08/2014 15:45:00,0.0
15/08/2014 16:00:00,0.0
15/08/2014 16:15:00,0.0
15/08/2014 16:30:00,0.0
15/08/2014 16:45:00,0.0
15/08/2014 17:00:00,0.0
15/08/2014 17:15:00,0.0
15/08/2014 17:30:00,0.0
15/08/2014 17:45:00,0.0
15/08/2014 18:00:00,0.0
15/08/2014 18:15:00,0.0
15/08/2014 18:30:00,0.0
15/08/2014 18:45:00,0.0
15/08/2014 19:00:00,0.0
15/08/2014 19:15:00,0.0
15/08/2014 19:30:00,0.0
15/08/2014 19:45:00,0.0
15/08/2014 20:00:00,0.0
15/08/2014 20:15:00,0.0
15/08/2014 20:30:00,0.0
15/08/2014 20:45:00,0.0
15/08/2014 21:00:00,0.0
15/08/2014 21:15:00,0.0
15/08/2014 21:30:00,0.0
15/08/2014 21:45:00,0.0
15/08/2014 22:00:00,0.0
15/08/2014 22:15:00,0.0
15/08/2014 22:30:00,0.0
15/08/2014 22:45:00,0.0
15/08/2014 23:00:00,0.0
15/08/2014 23:15:00,0.0
15/08/2014 23:30:00,0.0
15/08/2014 23:45:00,0.0
16/08/2014 00:00:00,0.0
16/08/2014 00:15:00,0.0
16/08/2014 00:30:00,0.0
16/08/2014 00:45:00,0.0
16/08/2014 01:00:00,0.0
16/08/2014 01:15:00,0.0
16/08/2014 01:30:00,0.0
16/08/2014 01:45:00,0.0
16/08/2014 02:00:00,0.0
16/08/2014 02:15:00,0.0
16/08/2014 02:30:00,0.0
16/08/2014 02:45:00,0.0
16/08/2014 03:00:00,0.0
16/08/2014 03:15:00,0.0
16/08/2014 03:30:00,0.0
16/08/2014 03:45:00,0.0
16/08/2014 04:00:00,0.0
16/08/2014 04:15:00,0.0
16/08/2014 04:30:00,0.0
16/08/2014 04:45:00,0.0
16/08/2014 05:00:00,0.0
16/08/2014 05:15:00,0.0
16/08/2014 05:30:00,0.0
16/08/2014 05:45:00,0.0
16/08/2014 06:00:00,0.0
16/08/2014 06:15:00,0.0
16/08/2014 06:30:00,0.0
16/08/2014 06:45:00,0.0
16/08/2014 07:00:00,0.0
16/08/2014 07:15:00,0.00106666666667
16/08/2014 07:30:00,0.479266666667
16/08/2014 07:45:00,0.377533333333
16/08/2014 08:00:00,0.150933333333
16/08/2014 08:15:00,0.440266666667
16/08/2014 08:30:00,0.3814
16/08/2014 08:45:00,0.0325333333333
16/08/2014 09:00:00,0.422333333333
16/08/2014 09:15:00,0.3872
16/08/2014 09:30:00,0.0
16/08/2014 09:45:00,0.0
16/08/2014 10:00:00,0.0
16/08/2014 10:15:00,0.0
16/08/2014 10:30:00,0.0
16/08/2014 10:45:00,0.0
16/08/2014 11:00:00,0.0
16/08/2014 11:15:00,0.0
16/08/2014 11:30:00,0.0
16/08/2014 11:45:00,0.0
16/08/2014 12:00:00,0.0
16/08/2014 12:15:00,0.0
16/08/2014 12:30:00,0.0
16/08/2014 12:45:00,0.0
16/08/2014 13:00:00,0.0
16/08/2014 13:15:00,0.0
16/08/2014 13:30:00,0.0
16/08/2014 13:45:00,0.0
16/08/2014 14:00:00,0.0
16/08/2014 14:15:00,0.0
16/08/2014 14:30:00,0.0
16/08/2014 14:45:00,0.0
16/08/2014 15:00:00,0.0
16/08/2014 15:15:00,0.0
16/08/2014 15:30:00,0.0
16/08/2014 15:45:00,0.0
16/08/2014 16:00:00,0.0
16/08/2014 16:15:00,0.0
16/08/2014 16:30:00,0.0
16/08/2014 16:45:00,0.0
16/08/2014 17:00:00,0.0
16/08/2014 17:15:00,0.0
16/08/2014 17:30:00,0.0
16/08/2014 17:45:00,0.0
16/08/2014 18:00:00,0.0
16/08/2014 18:15:00,0.0
16/08/2014 18:30:00,0.0
16/08/2014 18:45:00,0.0
16/08/2014 19:00:00,0.0
16/08/2014 19:15:00,0.0
16/08/2014 19:30:00,0.0
16/08/2014 19:45:00,0.0
16/08/2014 20:00:00,0.0
16/08/2014 20:15:00,0.0
16/08/2014 20:30:00,0.0
16/08/2014 20:45:00,0.0
16/08/2014 21:00:00,0.0
16/08/2014 21:15:00,0.0
16/08/2014 21:30:00,0.0
16/08/2014 21:45:00,0.0
16/08/2014 22:00:00,0.0
16/08/2014 22:15:00,0.0
16/08/2014 22:30:00,0.0
16/08/2014 22:45:00,0.0
16/08/2014 23:00:00,0.0
16/08/2014 23:15:00,0.0
16/08/2014 23:30:00,0.0
16/08/2014 23:45:00,0.0
17/08/2014 00:00:00,0.0
17/08/2014 00:15:00,0.0
17/08/2014 00:30:00,0.0
17/08/2014 00:45:00,0.0
17/08/2014 01:00:00,0.0
17/08/2014 01:15:00,0.0
17/08/2014 01:30:00,0.0
17/08/2014 01:45:00,0.0
17/08/2014 02:00:00,0.0
17/08/2014 02:15:00,0.0
17/08/2014 02:30:00,0.0
17/08/2014 02:45:00,0.0
17/08/2014 03:00:00,0.0
17/08/2014 03:15:00,0.0
17/08/2014 03:30:00,0.0
17/08/2014 03:45:00,0.0
17/08/2014 04:00:00,0.0
17/08/2014 04:15:00,0.0
17/08/2014 04:30:00,0.0
17/08/2014 04:45:00,0.0
17/08/2014 05:00:00,0.0
17/08/2014 05:15:00,0.0
17/08/2014 05:30:00,0.0
17/08/2014 05:45:00,0.0
17/08/2014 06:00:00,0.0
17/08/2014 06:15:00,0.0
17/08/2014 06:30:00,0.0
17/08/2014 06:45:00,0.0
17/08/2014 07:00:00,0.0
17/08/2014 07:15:00,0.0
17/08/2014 07:30:00,0.0
17/08/2014 07:45:00,0.0
17/08/2014 08:00:00,0.0
17/08/2014 08:15:00,0.0
17/08/2014 08:30:00,0.0
17/08/2014 08:45:00,0.0
17/08/2014 09:00:00,0.0
17/08/2014 09:15:00,0.0
17/08/2014 09:30:00,0.0
17/08/2014 09:45:00,0.0
17/08/2014 10:00:00,0.0
17/08/2014 10:15:00,0.0
17/08/2014 10:30:00,0.0
17/08/2014 10:45:00,0.0
17/08/2014 11:00:00,0.0
17/08/2014 11:15:00,0.0
17/08/2014 11:30:00,0.0
17/08/2014 11:45:00,0.0
17/08/2014 12:00:00,0.0
17/08/2014 12:15:00,0.0
17/08/2014 12:30:00,0.0
17/08/2014 12:45:00,0.0
17/08/2014 13:00:00,0.0
17/08/2014 13:15:00,0.0
17/08/2014 13:30:00,0.0
17/08/2014 13:45:00,0.0
17/08/2014 14:00:00,0.0
17/08/2014 14:15:00,0.0
17/08/2014 14:30:00,0.0
17/08/2014 14:45:00,0.0
17/08/2014 15:00:00,0.0
17/08/2014 15:15:00,0.0
17/08/2014 15:30:00,0.0
17/08/2014 15:45:00,0.0
17/08/2014 16:00:00,0.0
17/08/2014 16:15:00,0.0
17/08/2014 16:30:00,0.0
17/08/2014 16:45:00,0.0
17/08/2014 17:00:00,0.0
17/08/2014 17:15:00,0.0
17/08/2014 17:30:00,0.0
17/08/2014 17:45:00,0.0
17/08/2014 18:00:00,0.0
17/08/2014 18:15:00,0.0
17/08/2014 18:30:00,0.0
17/08/2014 18:45:00,0.0
17/08/2014 19:00:00,0.0
17/08/2014 19:15:00,0.0
17/08/2014 19:30:00,0.0
17/08/2014 19:45:00,0.0
17/08/2014 20:00:00,0.0
17/08/2014 20:15:00,0.0
17/08/2014 20:30:00,0.0
17/08/2014 20:45:00,0.0
17/08/2014 21:00:00,0.0
17/08/2014 21:15:00,0.137933333333
17/08/2014 21:30:00,0.341666666667
17/08/2014 21:45:00,0.3324
17/08/2014 22:00:00,0.0
17/08/2014 22:15:00,0.2508
17/08/2014 22:30:00,0.385066666667
17/08/2014 22:45:00,0.2202
17/08/2014 23:00:00,0.0
17/08/2014 23:15:00,0.0
17/08/2014 23:30:00,0.0
17/08/2014 23:45:00,0.0
18/08/2014 00:00:00,0.0
18/08/2014 00:15:00,0.0
18/08/2014 00:30:00,0.0
18/08/2014 00:45:00,0.0
18/08/2014 01:00:00,0.0
18/08/2014 01:15:00,0.0
18/08/2014 01:30:00,0.0
18/08/2014 01:45:00,0.0
18/08/2014 02:00:00,0.0
18/08/2014 02:15:00,0.0
18/08/2014 02:30:00,0.0
18/08/2014 02:45:00,0.0
18/08/2014 03:00:00,0.0
18/08/2014 03:15:00,0.0
18/08/2014 03:30:00,0.0
18/08/2014 03:45:00,0.0
18/08/2014 04:00:00,0.0
18/08/2014 04:15:00,0.0
18/08/2014 04:30:00,0.0
18/08/2014 04:45:00,0.0
18/08/2014 05:00:00,0.0
18/08/2014 05:15:00,0.0
18/08/2014 05:30:00,0.0
18/08/2014 05:45:00,0.0
18/08/2014 06:00:00,0.0
18/08/2014 06:15:00,0.0
18/08/2014 06:30:00,0.0
18/08/2014 06:45:00,0.0
18/08/2014 07:00:00,0.0
18/08/2014 07:15:00,0.0
18/08/2014 07:30:00,0.0
18/08/2014 07:45:00,0.0
18/08/2014 08:00:00,0.0
18/08/2014 08:15:00,0.0
18/08/2014 08:30:00,0.0
18/08/2014 08:45:00,0.0
18/08/2014 09:00:00,0.0
18/08/2014 09:15:00,0.0
18/08/2014 09:30:00,0.0
18/08/2014 09:45:00,0.0
18/08/2014 10:00:00,0.0
18/08/2014 10:15:00,0.0
18/08/2014 10:30:00,0.0
18/08/2014 10:45:00,0.0
18/08/2014 11:00:00,0.0
18/08/2014 11:15:00,0.0
18/08/2014 11:30:00,0.0
18/08/2014 11:45:00,0.0
18/08/2014 12:00:00,0.0
18/08/2014 12:15:00,0.0
18/08/2014 12:30:00,0.0
18/08/2014 12:45:00,0.0
18/08/2014 13:00:00,0.0
18/08/2014 13:15:00,0.0
18/08/2014 13:30:00,0.0
18/08/2014 13:45:00,0.0
18/08/2014 14:00:00,0.0
18/08/2014 14:15:00,0.0
18/08/2014 14:30:00,0.0
18/08/2014 14:45:00,0.0
18/08/2014 15:00:00,0.0
18/08/2014 15:15:00,0.0
18/08/2014 15:30:00,0.0
18/08/2014 15:45:00,0.0
18/08/2014 16:00:00,0.0
18/08/2014 16:15:00,0.0
18/08/2014 16:30:00,0.0
18/08/2014 16:45:00,0.0
18/08/2014 17:00:00,0.0
18/08/2014 17:15:00,0.0
18/08/2014 17:30:00,0.0
18/08/2014 17:45:00,0.0008
18/08/2014 18:00:00,0.4154
18/08/2014 18:15:00,0.3666
18/08/2014 18:30:00,0.0678666666667
18/08/2014 18:45:00,0.0
18/08/2014 19:00:00,0.0
18/08/2014 19:15:00,0.0
18/08/2014 19:30:00,0.0
18/08/2014 19:45:00,0.0
18/08/2014 20:00:00,0.0
18/08/2014 20:15:00,0.0
18/08/2014 20:30:00,0.0
18/08/2014 20:45:00,0.0
18/08/2014 21:00:00,0.0
18/08/2014 21:15:00,0.0
18/08/2014 21:30:00,0.0
18/08/2014 21:45:00,0.0
18/08/2014 22:00:00,0.0
18/08/2014 22:15:00,0.0
18/08/2014 22:30:00,0.0
18/08/2014 22:45:00,0.0
18/08/2014 23:00:00,0.0
18/08/2014 23:15:00,0.0
18/08/2014 23:30:00,0.0
18/08/2014 23:45:00,0.0
19/08/2014 00:00:00,0.0
19/08/2014 00:15:00,0.0
19/08/2014 00:30:00,0.0
19/08/2014 00:45:00,0.0
19/08/2014 01:00:00,0.0
19/08/2014 01:15:00,0.0
19/08/2014 01:30:00,0.0
19/08/2014 01:45:00,0.0
19/08/2014 02:00:00,0.0
19/08/2014 02:15:00,0.0
19/08/2014 02:30:00,0.0
19/08/2014 02:45:00,0.0
19/08/2014 03:00:00,0.0
19/08/2014 03:15:00,0.0
19/08/2014 03:30:00,0.0
19/08/2014 03:45:00,0.0
19/08/2014 04:00:00,0.0
19/08/2014 04:15:00,0.0
19/08/2014 04:30:00,0.0
19/08/2014 04:45:00,0.0
19/08/2014 05:00:00,0.0
19/08/2014 05:15:00,0.0
19/08/2014 05:30:00,0.0
19/08/2014 05:45:00,0.0
19/08/2014 06:00:00,0.0
19/08/2014 06:15:00,0.0
19/08/2014 06:30:00,0.0
19/08/2014 06:45:00,0.0
19/08/2014 07:00:00,0.0
19/08/2014 07:15:00,0.0
19/08/2014 07:30:00,0.0
19/08/2014 07:45:00,0.0
19/08/2014 08:00:00,0.0
19/08/2014 08:15:00,0.162666666667
19/08/2014 08:30:00,0.386
19/08/2014 08:45:00,0.295533333333
19/08/2014 09:00:00,0.0
19/08/2014 09:15:00,0.0
19/08/2014 09:30:00,0.0
19/08/2014 09:45:00,0.0
19/08/2014 10:00:00,0.0
19/08/2014 10:15:00,0.0
19/08/2014 10:30:00,0.0
19/08/2014 10:45:00,0.0
19/08/2014 11:00:00,0.0
19/08/2014 11:15:00,0.0
19/08/2014 11:30:00,0.0
19/08/2014 11:45:00,0.0
19/08/2014 12:00:00,0.0
19/08/2014 12:15:00,0.0
19/08/2014 12:30:00,0.0
19/08/2014 12:45:00,0.0
19/08/2014 13:00:00,0.0
19/08/2014 13:15:00,0.0
19/08/2014 13:30:00,0.0
19/08/2014 13:45:00,0.0
19/08/2014 14:00:00,0.0
19/08/2014 14:15:00,0.0
19/08/2014 14:30:00,0.0
19/08/2014 14:45:00,0.0
19/08/2014 15:00:00,0.0
19/08/2014 15:15:00,0.0
19/08/2014 15:30:00,0.0
19/08/2014 15:45:00,0.0
19/08/2014 16:00:00,0.0
19/08/2014 16:15:00,0.0
19/08/2014 16:30:00,0.0
19/08/2014 16:45:00,0.0
19/08/2014 17:00:00,0.0
19/08/2014 17:15:00,0.0
19/08/2014 17:30:00,0.0
19/08/2014 17:45:00,0.0
19/08/2014 18:00:00,0.0
19/08/2014 18:15:00,0.0
19/08/2014 18:30:00,0.0
19/08/2014 18:45:00,0.0
19/08/2014 19:00:00,0.0
19/08/2014 19:15:00,0.0
19/08/2014 19:30:00,0.0
19/08/2014 19:45:00,0.0
19/08/2014 20:00:00,0.0
19/08/2014 20:15:00,0.0
19/08/2014 20:30:00,0.0
19/08/2014 20:45:00,0.0
19/08/2014 21:00:00,0.0
19/08/2014 21:15:00,0.0
19/08/2014 21:30:00,0.0
19/08/2014 21:45:00,0.0
19/08/2014 22:00:00,0.0
19/08/2014 22:15:00,0.0
19/08/2014 22:30:00,0.0
19/08/2014 22:45:00,0.0
19/08/2014 23:00:00,0.0
19/08/2014 23:15:00,0.0
19/08/2014 23:30:00,0.0
19/08/2014 23:45:00,0.0
20/08/2014 00:00:00,0.0
20/08/2014 00:15:00,0.0
20/08/2014 00:30:00,0.0
20/08/2014 00:45:00,0.0
20/08/2014 01:00:00,0.0
20/08/2014 01:15:00,0.0
20/08/2014 01:30:00,0.0
20/08/2014 01:45:00,0.0
20/08/2014 02:00:00,0.0
20/08/2014 02:15:00,0.0
20/08/2014 02:30:00,0.0
20/08/2014 02:45:00,0.0
20/08/2014 03:00:00,0.0
20/08/2014 03:15:00,0.0
20/08/2014 03:30:00,0.0
20/08/2014 03:45:00,0.0
20/08/2014 04:00:00,0.0
20/08/2014 04:15:00,0.0
20/08/2014 04:30:00,0.0
20/08/2014 04:45:00,0.0
20/08/2014 05:00:00,0.0
20/08/2014 05:15:00,0.0
20/08/2014 05:30:00,0.0
20/08/2014 05:45:00,0.0
20/08/2014 06:00:00,0.0
20/08/2014 06:15:00,0.0
20/08/2014 06:30:00,0.0
20/08/2014 06:45:00,0.0
20/08/2014 07:00:00,0.0
20/08/2014 07:15:00,0.0
20/08/2014 07:30:00,0.0
20/08/2014 07:45:00,0.0
20/08/2014 08:00:00,0.0
20/08/2014 08:15:00,0.0
20/08/2014 08:30:00,0.0
20/08/2014 08:45:00,0.0008
20/08/2014 09:00:00,0.447933333333
20/08/2014 09:15:00,0.359
20/08/2014 09:30:00,0.0448666666667
20/08/2014 09:45:00,0.0
20/08/2014 10:00:00,0.0
20/08/2014 10:15:00,0.0
20/08/2014 10:30:00,0.0
20/08/2014 10:45:00,0.0
20/08/2014 11:00:00,0.0
20/08/2014 11:15:00,0.0
20/08/2014 11:30:00,0.0
20/08/2014 11:45:00,0.0
20/08/2014 12:00:00,0.0
20/08/2014 12:15:00,0.0
20/08/2014 12:30:00,0.0
20/08/2014 12:45:00,0.0
20/08/2014 13:00:00,0.0
20/08/2014 13:15:00,0.0
20/08/2014 13:30:00,0.0
20/08/2014 13:45:00,0.0
20/08/2014 14:00:00,0.0
20/08/2014 14:15:00,0.0
20/08/2014 14:30:00,0.0
20/08/2014 14:45:00,0.0
20/08/2014 15:00:00,0.0
20/08/2014 15:15:00,0.0
20/08/2014 15:30:00,0.0
20/08/2014 15:45:00,0.0
20/08/2014 16:00:00,0.0
20/08/2014 16:15:00,0.0
20/08/2014 16:30:00,0.0
20/08/2014 16:45:00,0.0
20/08/2014 17:00:00,0.0
20/08/2014 17:15:00,0.0
20/08/2014 17:30:00,0.0
20/08/2014 17:45:00,0.0
20/08/2014 18:00:00,0.0
20/08/2014 18:15:00,0.0
20/08/2014 18:30:00,0.0
20/08/2014 18:45:00,0.0
20/08/2014 19:00:00,0.0
20/08/2014 19:15:00,0.0
20/08/2014 19:30:00,0.0
20/08/2014 19:45:00,0.0
20/08/2014 20:00:00,0.0
20/08/2014 20:15:00,0.0
20/08/2014 20:30:00,0.0
20/08/2014 20:45:00,0.0
20/08/2014 21:00:00,0.0
20/08/2014 21:15:00,0.0
20/08/2014 21:30:00,0.0
20/08/2014 21:45:00,0.0
20/08/2014 22:00:00,0.0
20/08/2014 22:15:00,0.0
20/08/2014 22:30:00,0.0
20/08/2014 22:45:00,0.0
20/08/2014 23:00:00,0.0
20/08/2014 23:15:00,0.0
20/08/2014 23:30:00,0.0
20/08/2014 23:45:00,0.0
21/08/2014 00:00:00,0.0
21/08/2014 00:15:00,0.0
21/08/2014 00:30:00,0.0
21/08/2014 00:45:00,0.0
21/08/2014 01:00:00,0.0
21/08/2014 01:15:00,0.0
21/08/2014 01:30:00,0.0
21/08/2014 01:45:00,0.0
21/08/2014 02:00:00,0.0
21/08/2014 02:15:00,0.0
21/08/2014 02:30:00,0.0
21/08/2014 02:45:00,0.0
21/08/2014 03:00:00,0.0
21/08/2014 03:15:00,0.0
21/08/2014 03:30:00,0.0
21/08/2014 03:45:00,0.0
21/08/2014 04:00:00,0.0
21/08/2014 04:15:00,0.0
21/08/2014 04:30:00,0.0
21/08/2014 04:45:00,0.0
21/08/2014 05:00:00,0.0
21/08/2014 05:15:00,0.0
21/08/2014 05:30:00,0.0
21/08/2014 05:45:00,0.0
21/08/2014 06:00:00,0.0
21/08/2014 06:15:00,0.0
21/08/2014 06:30:00,0.0
21/08/2014 06:45:00,0.0
21/08/2014 07:00:00,0.0
21/08/2014 07:15:00,0.0
21/08/2014 07:30:00,0.0
21/08/2014 07:45:00,0.0
21/08/2014 08:00:00,0.0
21/08/2014 08:15:00,0.0
21/08/2014 08:30:00,0.0
21/08/2014 08:45:00,0.0
21/08/2014 09:00:00,0.0
21/08/2014 09:15:00,0.0
21/08/2014 09:30:00,0.0
21/08/2014 09:45:00,0.0
21/08/2014 10:00:00,0.0
21/08/2014 10:15:00,0.0
21/08/2014 10:30:00,0.0
21/08/2014 10:45:00,0.0
21/08/2014 11:00:00,0.0
21/08/2014 11:15:00,0.0
21/08/2014 11:30:00,0.0
21/08/2014 11:45:00,0.0
21/08/2014 12:00:00,0.0
21/08/2014 12:15:00,0.0
21/08/2014 12:30:00,0.0
21/08/2014 12:45:00,0.0
21/08/2014 13:00:00,0.0
21/08/2014 13:15:00,0.0
21/08/2014 13:30:00,0.0
21/08/2014 13:45:00,0.0
21/08/2014 14:00:00,0.0
21/08/2014 14:15:00,0.0
21/08/2014 14:30:00,0.0
21/08/2014 14:45:00,0.0
21/08/2014 15:00:00,0.0
21/08/2014 15:15:00,0.0
21/08/2014 15:30:00,0.0
21/08/2014 15:45:00,0.0
21/08/2014 16:00:00,0.0
21/08/2014 16:15:00,0.0
21/08/2014 16:30:00,0.0
21/08/2014 16:45:00,0.0
21/08/2014 17:00:00,0.0
21/08/2014 17:15:00,0.0
21/08/2014 17:30:00,0.0
21/08/2014 17:45:00,0.0
21/08/2014 18:00:00,0.0
21/08/2014 18:15:00,0.0
21/08/2014 18:30:00,0.0
21/08/2014 18:45:00,0.0
21/08/2014 19:00:00,0.0
21/08/2014 19:15:00,0.0
21/08/2014 19:30:00,0.0
21/08/2014 19:45:00,0.0
21/08/2014 20:00:00,0.0
21/08/2014 20:15:00,0.0
21/08/2014 20:30:00,0.0
21/08/2014 20:45:00,0.0
21/08/2014 21:00:00,0.0
21/08/2014 21:15:00,0.0
21/08/2014 21:30:00,0.0
21/08/2014 21:45:00,0.0
21/08/2014 22:00:00,0.0
21/08/2014 22:15:00,0.0
21/08/2014 22:30:00,0.0
21/08/2014 22:45:00,0.0
21/08/2014 23:00:00,0.0
21/08/2014 23:15:00,0.0
21/08/2014 23:30:00,0.0
21/08/2014 23:45:00,0.0
22/08/2014 00:00:00,0.0
22/08/2014 00:15:00,0.0
22/08/2014 00:30:00,0.0
22/08/2014 00:45:00,0.0
22/08/2014 01:00:00,0.0
22/08/2014 01:15:00,0.0
22/08/2014 01:30:00,0.0
22/08/2014 01:45:00,0.0
22/08/2014 02:00:00,0.0
22/08/2014 02:15:00,0.0
22/08/2014 02:30:00,0.0
22/08/2014 02:45:00,0.0
22/08/2014 03:00:00,0.0
22/08/2014 03:15:00,0.0
22/08/2014 03:30:00,0.0
22/08/2014 03:45:00,0.0
22/08/2014 04:00:00,0.0
22/08/2014 04:15:00,0.0
22/08/2014 04:30:00,0.0
22/08/2014 04:45:00,0.0
22/08/2014 05:00:00,0.0
22/08/2014 05:15:00,0.0
22/08/2014 05:30:00,0.0
22/08/2014 05:45:00,0.0
22/08/2014 06:00:00,0.0
22/08/2014 06:15:00,0.0
22/08/2014 06:30:00,0.0
22/08/2014 06:45:00,0.0
22/08/2014 07:00:00,0.0
22/08/2014 07:15:00,0.0
22/08/2014 07:30:00,0.0
22/08/2014 07:45:00,0.0
22/08/2014 08:00:00,0.0
22/08/2014 08:15:00,0.0
22/08/2014 08:30:00,0.0
22/08/2014 08:45:00,0.0
22/08/2014 09:00:00,0.0
22/08/2014 09:15:00,0.0
22/08/2014 09:30:00,0.0
22/08/2014 09:45:00,0.0
22/08/2014 10:00:00,0.0
22/08/2014 10:15:00,0.0
22/08/2014 10:30:00,0.0
22/08/2014 10:45:00,0.0
22/08/2014 11:00:00,0.0
22/08/2014 11:15:00,0.0
22/08/2014 11:30:00,0.0
22/08/2014 11:45:00,0.0
22/08/2014 12:00:00,0.0
22/08/2014 12:15:00,0.0
22/08/2014 12:30:00,0.0
22/08/2014 12:45:00,0.0
22/08/2014 13:00:00,0.0
22/08/2014 13:15:00,0.0
22/08/2014 13:30:00,0.0
22/08/2014 13:45:00,0.0
22/08/2014 14:00:00,0.0
22/08/2014 14:15:00,0.0
22/08/2014 14:30:00,0.0
22/08/2014 14:45:00,0.0
22/08/2014 15:00:00,0.0
22/08/2014 15:15:00,0.0
22/08/2014 15:30:00,0.0
22/08/2014 15:45:00,0.0
22/08/2014 16:00:00,0.0
22/08/2014 16:15:00,0.0
22/08/2014 16:30:00,0.0
22/08/2014 16:45:00,0.0
22/08/2014 17:00:00,0.0
22/08/2014 17:15:00,0.0
22/08/2014 17:30:00,0.0
22/08/2014 17:45:00,0.0
22/08/2014 18:00:00,0.0
22/08/2014 18:15:00,0.0
22/08/2014 18:30:00,0.0
22/08/2014 18:45:00,0.0
22/08/2014 19:00:00,0.0
22/08/2014 19:15:00,0.0
22/08/2014 19:30:00,0.0
22/08/2014 19:45:00,0.0
22/08/2014 20:00:00,0.0
22/08/2014 20:15:00,0.0
22/08/2014 20:30:00,0.0
22/08/2014 20:45:00,0.0
22/08/2014 21:00:00,0.0
22/08/2014 21:15:00,0.0
22/08/2014 21:30:00,0.0
22/08/2014 21:45:00,0.0
22/08/2014 22:00:00,0.0
22/08/2014 22:15:00,0.0
22/08/2014 22:30:00,0.0
22/08/2014 22:45:00,0.0
22/08/2014 23:00:00,0.0
22/08/2014 23:15:00,0.0
22/08/2014 23:30:00,0.0
22/08/2014 23:45:00,0.0
23/08/2014 00:00:00,0.0
23/08/2014 00:15:00,0.0
23/08/2014 00:30:00,0.0
23/08/2014 00:45:00,0.0
23/08/2014 01:00:00,0.0
23/08/2014 01:15:00,0.0
23/08/2014 01:30:00,0.0
23/08/2014 01:45:00,0.0
23/08/2014 02:00:00,0.0
23/08/2014 02:15:00,0.0
23/08/2014 02:30:00,0.0
23/08/2014 02:45:00,0.0
23/08/2014 03:00:00,0.0
23/08/2014 03:15:00,0.0
23/08/2014 03:30:00,0.0
23/08/2014 03:45:00,0.0
23/08/2014 04:00:00,0.0
23/08/2014 04:15:00,0.0
23/08/2014 04:30:00,0.0
23/08/2014 04:45:00,0.0
23/08/2014 05:00:00,0.0
23/08/2014 05:15:00,0.0
23/08/2014 05:30:00,0.0
23/08/2014 05:45:00,0.0
23/08/2014 06:00:00,0.0
23/08/2014 06:15:00,0.0
23/08/2014 06:30:00,0.0
23/08/2014 06:45:00,0.0
23/08/2014 07:00:00,0.0
23/08/2014 07:15:00,0.0
23/08/2014 07:30:00,0.0
23/08/2014 07:45:00,0.0
23/08/2014 08:00:00,0.0
23/08/2014 08:15:00,0.0
23/08/2014 08:30:00,0.0
23/08/2014 08:45:00,0.0
23/08/2014 09:00:00,0.0
23/08/2014 09:15:00,0.0
23/08/2014 09:30:00,0.271733333333
23/08/2014 09:45:00,0.4094
23/08/2014 10:00:00,0.0920666666667
23/08/2014 10:15:00,0.0
23/08/2014 10:30:00,0.0
23/08/2014 10:45:00,0.0
23/08/2014 11:00:00,0.0
23/08/2014 11:15:00,0.0
23/08/2014 11:30:00,0.0
23/08/2014 11:45:00,0.0
23/08/2014 12:00:00,0.0
23/08/2014 12:15:00,0.0
23/08/2014 12:30:00,0.0
23/08/2014 12:45:00,0.0
23/08/2014 13:00:00,0.0
23/08/2014 13:15:00,0.0
23/08/2014 13:30:00,0.0
23/08/2014 13:45:00,0.0
23/08/2014 14:00:00,0.0
23/08/2014 14:15:00,0.0
23/08/2014 14:30:00,0.0
23/08/2014 14:45:00,0.0
23/08/2014 15:00:00,0.0
23/08/2014 15:15:00,0.0
23/08/2014 15:30:00,0.0
23/08/2014 15:45:00,0.0
23/08/2014 16:00:00,0.0
23/08/2014 16:15:00,0.0
23/08/2014 16:30:00,0.0
23/08/2014 16:45:00,0.0
23/08/2014 17:00:00,0.0
23/08/2014 17:15:00,0.0
23/08/2014 17:30:00,0.0
23/08/2014 17:45:00,0.0
23/08/2014 18:00:00,0.0
23/08/2014 18:15:00,0.0
23/08/2014 18:30:00,0.0
23/08/2014 18:45:00,0.0
23/08/2014 19:00:00,0.0
23/08/2014 19:15:00,0.0
23/08/2014 19:30:00,0.0
23/08/2014 19:45:00,0.0
23/08/2014 20:00:00,0.0
23/08/2014 20:15:00,0.0
23/08/2014 20:30:00,0.0
23/08/2014 20:45:00,0.0
23/08/2014 21:00:00,0.0
23/08/2014 21:15:00,0.0
23/08/2014 21:30:00,0.0
23/08/2014 21:45:00,0.0
23/08/2014 22:00:00,0.0
23/08/2014 22:15:00,0.0
23/08/2014 22:30:00,0.0
23/08/2014 22:45:00,0.0
23/08/2014 23:00:00,0.0
23/08/2014 23:15:00,0.0
23/08/2014 23:30:00,0.0
23/08/2014 23:45:00,0.0
24/08/2014 00:00:00,0.0
24/08/2014 00:15:00,0.0
24/08/2014 00:30:00,0.0
24/08/2014 00:45:00,0.0
24/08/2014 01:00:00,0.0
24/08/2014 01:15:00,0.0
24/08/2014 01:30:00,0.0
24/08/2014 01:45:00,0.0
24/08/2014 02:00:00,0.0
24/08/2014 02:15:00,0.0
24/08/2014 02:30:00,0.0
24/08/2014 02:45:00,0.0
24/08/2014 03:00:00,0.0
24/08/2014 03:15:00,0.0
24/08/2014 03:30:00,0.0
24/08/2014 03:45:00,0.0
24/08/2014 04:00:00,0.0
24/08/2014 04:15:00,0.0
24/08/2014 04:30:00,0.0
24/08/2014 04:45:00,0.0
24/08/2014 05:00:00,0.0
24/08/2014 05:15:00,0.0
24/08/2014 05:30:00,0.0
24/08/2014 05:45:00,0.0
24/08/2014 06:00:00,0.0
24/08/2014 06:15:00,0.0
24/08/2014 06:30:00,0.0
24/08/2014 06:45:00,0.0
24/08/2014 07:00:00,0.0
24/08/2014 07:15:00,0.0
24/08/2014 07:30:00,0.0
24/08/2014 07:45:00,0.0
24/08/2014 08:00:00,0.0
24/08/2014 08:15:00,0.0
24/08/2014 08:30:00,0.0
24/08/2014 08:45:00,0.0
24/08/2014 09:00:00,0.0
24/08/2014 09:15:00,0.0
24/08/2014 09:30:00,0.000266666666667
24/08/2014 09:45:00,0.368533333333
24/08/2014 10:00:00,0.389533333333
24/08/2014 10:15:00,0.141533333333
24/08/2014 10:30:00,0.0
24/08/2014 10:45:00,0.0
24/08/2014 11:00:00,0.0
24/08/2014 11:15:00,0.0
24/08/2014 11:30:00,0.0
24/08/2014 11:45:00,0.0
24/08/2014 12:00:00,0.0
24/08/2014 12:15:00,0.0
24/08/2014 12:30:00,0.0
24/08/2014 12:45:00,0.0
24/08/2014 13:00:00,0.0
24/08/2014 13:15:00,0.0
24/08/2014 13:30:00,0.0
24/08/2014 13:45:00,0.0
24/08/2014 14:00:00,0.0
24/08/2014 14:15:00,0.0
24/08/2014 14:30:00,0.0
24/08/2014 14:45:00,0.0
24/08/2014 15:00:00,0.0
24/08/2014 15:15:00,0.0
24/08/2014 15:30:00,0.0
24/08/2014 15:45:00,0.0
24/08/2014 16:00:00,0.0
24/08/2014 16:15:00,0.0
24/08/2014 16:30:00,0.0
24/08/2014 16:45:00,0.0
24/08/2014 17:00:00,0.0
24/08/2014 17:15:00,0.0
24/08/2014 17:30:00,0.0
24/08/2014 17:45:00,0.0
24/08/2014 18:00:00,0.0
24/08/2014 18:15:00,0.0
24/08/2014 18:30:00,0.0
24/08/2014 18:45:00,0.0
24/08/2014 19:00:00,0.0
24/08/2014 19:15:00,0.0
24/08/2014 19:30:00,0.0
24/08/2014 19:45:00,0.0
24/08/2014 20:00:00,0.0
24/08/2014 20:15:00,0.0
24/08/2014 20:30:00,0.0
24/08/2014 20:45:00,0.0
24/08/2014 21:00:00,0.0
24/08/2014 21:15:00,0.0
24/08/2014 21:30:00,0.0
24/08/2014 21:45:00,0.0
24/08/2014 22:00:00,0.0
24/08/2014 22:15:00,0.0
24/08/2014 22:30:00,0.0
24/08/2014 22:45:00,0.0
24/08/2014 23:00:00,0.0
24/08/2014 23:15:00,0.0
24/08/2014 23:30:00,0.0
24/08/2014 23:45:00,0.0
25/08/2014 00:00:00,0.0
25/08/2014 00:15:00,0.0
25/08/2014 00:30:00,0.0
25/08/2014 00:45:00,0.0
25/08/2014 01:00:00,0.0
25/08/2014 01:15:00,0.0
25/08/2014 01:30:00,0.0
25/08/2014 01:45:00,0.0
25/08/2014 02:00:00,0.0
25/08/2014 02:15:00,0.0
25/08/2014 02:30:00,0.0
25/08/2014 02:45:00,0.0
25/08/2014 03:00:00,0.0
25/08/2014 03:15:00,0.0
25/08/2014 03:30:00,0.0
25/08/2014 03:45:00,0.0
25/08/2014 04:00:00,0.0
25/08/2014 04:15:00,0.0
25/08/2014 04:30:00,0.0
25/08/2014 04:45:00,0.0
25/08/2014 05:00:00,0.0
25/08/2014 05:15:00,0.0
25/08/2014 05:30:00,0.0
25/08/2014 05:45:00,0.0
25/08/2014 06:00:00,0.0
25/08/2014 06:15:00,0.0
25/08/2014 06:30:00,0.0
25/08/2014 06:45:00,0.0
25/08/2014 07:00:00,0.0
25/08/2014 07:15:00,0.0
25/08/2014 07:30:00,0.0
25/08/2014 07:45:00,0.0
25/08/2014 08:00:00,0.0
25/08/2014 08:15:00,0.0
25/08/2014 08:30:00,0.0
25/08/2014 08:45:00,0.0
25/08/2014 09:00:00,0.0
25/08/2014 09:15:00,0.0
25/08/2014 09:30:00,0.0
25/08/2014 09:45:00,0.0
25/08/2014 10:00:00,0.0
25/08/2014 10:15:00,0.0
25/08/2014 10:30:00,0.0
25/08/2014 10:45:00,0.0
25/08/2014 11:00:00,0.0
25/08/2014 11:15:00,0.0
25/08/2014 11:30:00,0.0
25/08/2014 11:45:00,0.0
25/08/2014 12:00:00,0.0
25/08/2014 12:15:00,0.0
25/08/2014 12:30:00,0.0
25/08/2014 12:45:00,0.0
25/08/2014 13:00:00,0.0
25/08/2014 13:15:00,0.0
25/08/2014 13:30:00,0.0
25/08/2014 13:45:00,0.0
25/08/2014 14:00:00,0.0
25/08/2014 14:15:00,0.0
25/08/2014 14:30:00,0.0
25/08/2014 14:45:00,0.0
25/08/2014 15:00:00,0.0
25/08/2014 15:15:00,0.0
25/08/2014 15:30:00,0.0
25/08/2014 15:45:00,0.0
25/08/2014 16:00:00,0.0
25/08/2014 16:15:00,0.0
25/08/2014 16:30:00,0.0
25/08/2014 16:45:00,0.0
25/08/2014 17:00:00,0.0
25/08/2014 17:15:00,0.0
25/08/2014 17:30:00,0.0
25/08/2014 17:45:00,0.0
25/08/2014 18:00:00,0.0
25/08/2014 18:15:00,0.0
25/08/2014 18:30:00,0.0
25/08/2014 18:45:00,0.0
25/08/2014 19:00:00,0.0
25/08/2014 19:15:00,0.0
25/08/2014 19:30:00,0.0
25/08/2014 19:45:00,0.0
25/08/2014 20:00:00,0.0
25/08/2014 20:15:00,0.0
25/08/2014 20:30:00,0.0
25/08/2014 20:45:00,0.0
25/08/2014 21:00:00,0.0
25/08/2014 21:15:00,0.0
25/08/2014 21:30:00,0.0
25/08/2014 21:45:00,0.0
25/08/2014 22:00:00,0.0
25/08/2014 22:15:00,0.0
25/08/2014 22:30:00,0.0
25/08/2014 22:45:00,0.0
25/08/2014 23:00:00,0.0
25/08/2014 23:15:00,0.0
25/08/2014 23:30:00,0.0
25/08/2014 23:45:00,0.0
26/08/2014 00:00:00,0.0
26/08/2014 00:15:00,0.0
26/08/2014 00:30:00,0.0
26/08/2014 00:45:00,0.0
26/08/2014 01:00:00,0.0
26/08/2014 01:15:00,0.0
26/08/2014 01:30:00,0.0
26/08/2014 01:45:00,0.0
26/08/2014 02:00:00,0.0
26/08/2014 02:15:00,0.0
26/08/2014 02:30:00,0.0
26/08/2014 02:45:00,0.0
26/08/2014 03:00:00,0.0
26/08/2014 03:15:00,0.0
26/08/2014 03:30:00,0.0
26/08/2014 03:45:00,0.0
26/08/2014 04:00:00,0.0
26/08/2014 04:15:00,0.0
26/08/2014 04:30:00,0.0
26/08/2014 04:45:00,0.0
26/08/2014 05:00:00,0.0
26/08/2014 05:15:00,0.0
26/08/2014 05:30:00,0.0
26/08/2014 05:45:00,0.0
26/08/2014 06:00:00,0.0
26/08/2014 06:15:00,0.0
26/08/2014 06:30:00,0.0
26/08/2014 06:45:00,0.0
26/08/2014 07:00:00,0.0
26/08/2014 07:15:00,0.0
26/08/2014 07:30:00,0.0
26/08/2014 07:45:00,0.0
26/08/2014 08:00:00,0.0
26/08/2014 08:15:00,0.0
26/08/2014 08:30:00,0.0
26/08/2014 08:45:00,0.0
26/08/2014 09:00:00,0.0
26/08/2014 09:15:00,0.0
26/08/2014 09:30:00,0.0
26/08/2014 09:45:00,0.0
26/08/2014 10:00:00,0.0
26/08/2014 10:15:00,0.0
26/08/2014 10:30:00,0.0
26/08/2014 10:45:00,0.0
26/08/2014 11:00:00,0.0
26/08/2014 11:15:00,0.0
26/08/2014 11:30:00,0.0
26/08/2014 11:45:00,0.0
26/08/2014 12:00:00,0.0
26/08/2014 12:15:00,0.0
26/08/2014 12:30:00,0.0
26/08/2014 12:45:00,0.0
26/08/2014 13:00:00,0.0
26/08/2014 13:15:00,0.0
26/08/2014 13:30:00,0.0
26/08/2014 13:45:00,0.0
26/08/2014 14:00:00,0.0
26/08/2014 14:15:00,0.0
26/08/2014 14:30:00,0.0
26/08/2014 14:45:00,0.0
26/08/2014 15:00:00,0.0
26/08/2014 15:15:00,0.0
26/08/2014 15:30:00,0.0
26/08/2014 15:45:00,0.0
26/08/2014 16:00:00,0.0
26/08/2014 16:15:00,0.0
26/08/2014 16:30:00,0.0
26/08/2014 16:45:00,0.0
26/08/2014 17:00:00,0.0
26/08/2014 17:15:00,0.0
26/08/2014 17:30:00,0.0
26/08/2014 17:45:00,0.0
26/08/2014 18:00:00,0.0
26/08/2014 18:15:00,0.0
26/08/2014 18:30:00,0.0
26/08/2014 18:45:00,0.0
26/08/2014 19:00:00,0.0
26/08/2014 19:15:00,0.0
26/08/2014 19:30:00,0.0
26/08/2014 19:45:00,0.0
26/08/2014 20:00:00,0.0
26/08/2014 20:15:00,0.0
26/08/2014 20:30:00,0.0
26/08/2014 20:45:00,0.0
26/08/2014 21:00:00,0.0
26/08/2014 21:15:00,0.0
26/08/2014 21:30:00,0.0
26/08/2014 21:45:00,0.0
26/08/2014 22:00:00,0.0
26/08/2014 22:15:00,0.0
26/08/2014 22:30:00,0.0
26/08/2014 22:45:00,0.0
26/08/2014 23:00:00,0.0
26/08/2014 23:15:00,0.0
26/08/2014 23:30:00,0.0
26/08/2014 23:45:00,0.0
27/08/2014 00:00:00,0.0
27/08/2014 00:15:00,0.0
27/08/2014 00:30:00,0.0
27/08/2014 00:45:00,0.0
27/08/2014 01:00:00,0.0
27/08/2014 01:15:00,0.0
27/08/2014 01:30:00,0.0
27/08/2014 01:45:00,0.0
27/08/2014 02:00:00,0.0
27/08/2014 02:15:00,0.0
27/08/2014 02:30:00,0.0
27/08/2014 02:45:00,0.0
27/08/2014 03:00:00,0.0
27/08/2014 03:15:00,0.0
27/08/2014 03:30:00,0.0
27/08/2014 03:45:00,0.0
27/08/2014 04:00:00,0.0
27/08/2014 04:15:00,0.0
27/08/2014 04:30:00,0.0
27/08/2014 04:45:00,0.0
27/08/2014 05:00:00,0.0
27/08/2014 05:15:00,0.0
27/08/2014 05:30:00,0.0
27/08/2014 05:45:00,0.0
27/08/2014 06:00:00,0.0
27/08/2014 06:15:00,0.0
27/08/2014 06:30:00,0.0
27/08/2014 06:45:00,0.0
27/08/2014 07:00:00,0.0
27/08/2014 07:15:00,0.0
27/08/2014 07:30:00,0.0
27/08/2014 07:45:00,0.0
27/08/2014 08:00:00,0.0
27/08/2014 08:15:00,0.0
27/08/2014 08:30:00,0.0
27/08/2014 08:45:00,0.0
27/08/2014 09:00:00,0.0
27/08/2014 09:15:00,0.0
27/08/2014 09:30:00,0.0
27/08/2014 09:45:00,0.0
27/08/2014 10:00:00,0.0
27/08/2014 10:15:00,0.0
27/08/2014 10:30:00,0.0
27/08/2014 10:45:00,0.0
27/08/2014 11:00:00,0.0
27/08/2014 11:15:00,0.0
27/08/2014 11:30:00,0.0
27/08/2014 11:45:00,0.0
27/08/2014 12:00:00,0.0
27/08/2014 12:15:00,0.0
27/08/2014 12:30:00,0.0
27/08/2014 12:45:00,0.0
27/08/2014 13:00:00,0.0
27/08/2014 13:15:00,0.0
27/08/2014 13:30:00,0.0
27/08/2014 13:45:00,0.0
27/08/2014 14:00:00,0.0
27/08/2014 14:15:00,0.0
27/08/2014 14:30:00,0.0
27/08/2014 14:45:00,0.0
27/08/2014 15:00:00,0.0
27/08/2014 15:15:00,0.0
27/08/2014 15:30:00,0.0
27/08/2014 15:45:00,0.0
27/08/2014 16:00:00,0.0
27/08/2014 16:15:00,0.0
27/08/2014 16:30:00,0.0
27/08/2014 16:45:00,0.0
27/08/2014 17:00:00,0.0
27/08/2014 17:15:00,0.0
27/08/2014 17:30:00,0.0
27/08/2014 17:45:00,0.0
27/08/2014 18:00:00,0.0
27/08/2014 18:15:00,0.0
27/08/2014 18:30:00,0.0
27/08/2014 18:45:00,0.0
27/08/2014 19:00:00,0.0
27/08/2014 19:15:00,0.0
27/08/2014 19:30:00,0.0
27/08/2014 19:45:00,0.0
27/08/2014 20:00:00,0.0
27/08/2014 20:15:00,0.0
27/08/2014 20:30:00,0.0
27/08/2014 20:45:00,0.0
27/08/2014 21:00:00,0.0
27/08/2014 21:15:00,0.0
27/08/2014 21:30:00,0.0
27/08/2014 21:45:00,0.0
27/08/2014 22:00:00,0.0
27/08/2014 22:15:00,0.0
27/08/2014 22:30:00,0.0
27/08/2014 22:45:00,0.0
27/08/2014 23:00:00,0.0
27/08/2014 23:15:00,0.0
27/08/2014 23:30:00,0.0
27/08/2014 23:45:00,0.0
28/08/2014 00:00:00,0.0
28/08/2014 00:15:00,0.0
28/08/2014 00:30:00,0.0
28/08/2014 00:45:00,0.0
28/08/2014 01:00:00,0.0
28/08/2014 01:15:00,0.0
28/08/2014 01:30:00,0.0
28/08/2014 01:45:00,0.0
28/08/2014 02:00:00,0.0
28/08/2014 02:15:00,0.0
28/08/2014 02:30:00,0.0
28/08/2014 02:45:00,0.0
28/08/2014 03:00:00,0.0
28/08/2014 03:15:00,0.0
28/08/2014 03:30:00,0.0
28/08/2014 03:45:00,0.0
28/08/2014 04:00:00,0.0
28/08/2014 04:15:00,0.0
28/08/2014 04:30:00,0.0
28/08/2014 04:45:00,0.0
28/08/2014 05:00:00,0.0
28/08/2014 05:15:00,0.0
28/08/2014 05:30:00,0.0
28/08/2014 05:45:00,0.0
28/08/2014 06:00:00,0.0
28/08/2014 06:15:00,0.109066666667
28/08/2014 06:30:00,0.340933333333
28/08/2014 06:45:00,0.4182
28/08/2014 07:00:00,0.0
28/08/2014 07:15:00,0.0
28/08/2014 07:30:00,0.0
28/08/2014 07:45:00,0.0
28/08/2014 08:00:00,0.0
28/08/2014 08:15:00,0.0
28/08/2014 08:30:00,0.0
28/08/2014 08:45:00,0.0
28/08/2014 09:00:00,0.0
28/08/2014 09:15:00,0.0
28/08/2014 09:30:00,0.0
28/08/2014 09:45:00,0.0
28/08/2014 10:00:00,0.0
28/08/2014 10:15:00,0.0
28/08/2014 10:30:00,0.0
28/08/2014 10:45:00,0.0
28/08/2014 11:00:00,0.0
28/08/2014 11:15:00,0.0
28/08/2014 11:30:00,0.0
28/08/2014 11:45:00,0.0
28/08/2014 12:00:00,0.0
28/08/2014 12:15:00,0.0
28/08/2014 12:30:00,0.0
28/08/2014 12:45:00,0.0
28/08/2014 13:00:00,0.0
28/08/2014 13:15:00,0.00106666666667
28/08/2014 13:30:00,0.363666666667
28/08/2014 13:45:00,0.347666666667
28/08/2014 14:00:00,0.129066666667
28/08/2014 14:15:00,0.0
28/08/2014 14:30:00,0.0
28/08/2014 14:45:00,0.0
28/08/2014 15:00:00,0.0
28/08/2014 15:15:00,0.0
28/08/2014 15:30:00,0.0
28/08/2014 15:45:00,0.0
28/08/2014 16:00:00,0.1082
28/08/2014 16:15:00,0.317933333333
28/08/2014 16:30:00,0.382866666667
28/08/2014 16:45:00,0.123533333333
28/08/2014 17:00:00,0.315933333333
28/08/2014 17:15:00,0.404733333333
28/08/2014 17:30:00,0.274933333333
28/08/2014 17:45:00,0.359866666667
28/08/2014 18:00:00,0.228333333333
28/08/2014 18:15:00,0.000333333333333
28/08/2014 18:30:00,0.366466666667
28/08/2014 18:45:00,0.3794
28/08/2014 19:00:00,0.0
28/08/2014 19:15:00,0.0
28/08/2014 19:30:00,0.0
28/08/2014 19:45:00,0.0
28/08/2014 20:00:00,0.0
28/08/2014 20:15:00,0.0
28/08/2014 20:30:00,0.0
28/08/2014 20:45:00,0.0
28/08/2014 21:00:00,0.0
28/08/2014 21:15:00,0.0
28/08/2014 21:30:00,0.0
28/08/2014 21:45:00,0.0
28/08/2014 22:00:00,0.0
28/08/2014 22:15:00,0.0
28/08/2014 22:30:00,0.0
28/08/2014 22:45:00,0.0
28/08/2014 23:00:00,0.0
28/08/2014 23:15:00,0.0
28/08/2014 23:30:00,0.0
28/08/2014 23:45:00,0.0
29/08/2014 00:00:00,0.0
29/08/2014 00:15:00,0.0
29/08/2014 00:30:00,0.0
29/08/2014 00:45:00,0.0
29/08/2014 01:00:00,0.0
29/08/2014 01:15:00,0.0
29/08/2014 01:30:00,0.0
29/08/2014 01:45:00,0.0
29/08/2014 02:00:00,0.0
29/08/2014 02:15:00,0.0
29/08/2014 02:30:00,0.0
29/08/2014 02:45:00,0.0
29/08/2014 03:00:00,0.0
29/08/2014 03:15:00,0.0
29/08/2014 03:30:00,0.0
29/08/2014 03:45:00,0.0
29/08/2014 04:00:00,0.0
29/08/2014 04:15:00,0.0
29/08/2014 04:30:00,0.0
29/08/2014 04:45:00,0.0
29/08/2014 05:00:00,0.0
29/08/2014 05:15:00,0.0
29/08/2014 05:30:00,0.0
29/08/2014 05:45:00,0.0
29/08/2014 06:00:00,0.0
29/08/2014 06:15:00,0.0
29/08/2014 06:30:00,0.0
29/08/2014 06:45:00,0.0
29/08/2014 07:00:00,0.0
29/08/2014 07:15:00,0.0
29/08/2014 07:30:00,0.0
29/08/2014 07:45:00,0.0
29/08/2014 08:00:00,0.0
29/08/2014 08:15:00,0.0
29/08/2014 08:30:00,0.0
29/08/2014 08:45:00,0.0
29/08/2014 09:00:00,0.0
29/08/2014 09:15:00,0.0
29/08/2014 09:30:00,0.0
29/08/2014 09:45:00,0.0
29/08/2014 10:00:00,0.0
29/08/2014 10:15:00,0.0
29/08/2014 10:30:00,0.0
29/08/2014 10:45:00,0.0
29/08/2014 11:00:00,0.0
29/08/2014 11:15:00,0.0
29/08/2014 11:30:00,0.0
29/08/2014 11:45:00,0.0
29/08/2014 12:00:00,0.0
29/08/2014 12:15:00,0.0
29/08/2014 12:30:00,0.0
29/08/2014 12:45:00,0.0
29/08/2014 13:00:00,0.0
29/08/2014 13:15:00,0.0
29/08/2014 13:30:00,0.0
29/08/2014 13:45:00,0.0
29/08/2014 14:00:00,0.0
29/08/2014 14:15:00,0.0
29/08/2014 14:30:00,0.0789333333333
29/08/2014 14:45:00,0.1776
29/08/2014 15:00:00,0.0
29/08/2014 15:15:00,0.0
29/08/2014 15:30:00,0.153266666667
29/08/2014 15:45:00,0.321666666667
29/08/2014 16:00:00,0.2328
29/08/2014 16:15:00,0.0
29/08/2014 16:30:00,0.000266666666667
29/08/2014 16:45:00,0.2622
29/08/2014 17:00:00,0.335066666667
29/08/2014 17:15:00,0.0
29/08/2014 17:30:00,0.0
29/08/2014 17:45:00,0.0
29/08/2014 18:00:00,0.0
29/08/2014 18:15:00,0.0
29/08/2014 18:30:00,0.0
29/08/2014 18:45:00,0.0
29/08/2014 19:00:00,0.0
29/08/2014 19:15:00,0.0
29/08/2014 19:30:00,0.0
29/08/2014 19:45:00,0.0
29/08/2014 20:00:00,0.0
29/08/2014 20:15:00,0.0
29/08/2014 20:30:00,0.0
29/08/2014 20:45:00,0.0
29/08/2014 21:00:00,0.0
29/08/2014 21:15:00,0.0
29/08/2014 21:30:00,0.0
29/08/2014 21:45:00,0.0
29/08/2014 22:00:00,0.0
29/08/2014 22:15:00,0.0
29/08/2014 22:30:00,0.0
29/08/2014 22:45:00,0.0
29/08/2014 23:00:00,0.0
29/08/2014 23:15:00,0.0
29/08/2014 23:30:00,0.0
29/08/2014 23:45:00,0.0
30/08/2014 00:00:00,0.0
30/08/2014 00:15:00,0.0
30/08/2014 00:30:00,0.0
30/08/2014 00:45:00,0.0
30/08/2014 01:00:00,0.0
30/08/2014 01:15:00,0.0
30/08/2014 01:30:00,0.0
30/08/2014 01:45:00,0.0
30/08/2014 02:00:00,0.0
30/08/2014 02:15:00,0.0
30/08/2014 02:30:00,0.0
30/08/2014 02:45:00,0.0
30/08/2014 03:00:00,0.0
30/08/2014 03:15:00,0.0
30/08/2014 03:30:00,0.0
30/08/2014 03:45:00,0.0
30/08/2014 04:00:00,0.0
30/08/2014 04:15:00,0.0
30/08/2014 04:30:00,0.0
30/08/2014 04:45:00,0.0
30/08/2014 05:00:00,0.0
30/08/2014 05:15:00,0.0
30/08/2014 05:30:00,0.0
30/08/2014 05:45:00,0.0
30/08/2014 06:00:00,0.0
30/08/2014 06:15:00,0.0
30/08/2014 06:30:00,0.0
30/08/2014 06:45:00,0.0
30/08/2014 07:00:00,0.0
30/08/2014 07:15:00,0.0
30/08/2014 07:30:00,0.0
30/08/2014 07:45:00,0.0
30/08/2014 08:00:00,0.0
30/08/2014 08:15:00,0.0
30/08/2014 08:30:00,0.0
30/08/2014 08:45:00,0.0
30/08/2014 09:00:00,0.0
30/08/2014 09:15:00,0.0
30/08/2014 09:30:00,0.0
30/08/2014 09:45:00,0.0
30/08/2014 10:00:00,0.0
30/08/2014 10:15:00,0.0
30/08/2014 10:30:00,0.0
30/08/2014 10:45:00,0.000266666666667
30/08/2014 11:00:00,0.338866666667
30/08/2014 11:15:00,0.354133333333
30/08/2014 11:30:00,0.3462
30/08/2014 11:45:00,0.3028
30/08/2014 12:00:00,0.0
30/08/2014 12:15:00,0.0
30/08/2014 12:30:00,0.0
30/08/2014 12:45:00,0.0
30/08/2014 13:00:00,0.0
30/08/2014 13:15:00,0.0
30/08/2014 13:30:00,0.0
30/08/2014 13:45:00,0.0
30/08/2014 14:00:00,0.0
30/08/2014 14:15:00,0.0
30/08/2014 14:30:00,0.0
30/08/2014 14:45:00,0.0
30/08/2014 15:00:00,0.0
30/08/2014 15:15:00,0.0
30/08/2014 15:30:00,0.0
30/08/2014 15:45:00,0.0
30/08/2014 16:00:00,0.0
30/08/2014 16:15:00,0.0
30/08/2014 16:30:00,0.0
30/08/2014 16:45:00,0.0
30/08/2014 17:00:00,0.0
30/08/2014 17:15:00,0.0
30/08/2014 17:30:00,0.0
30/08/2014 17:45:00,0.0
30/08/2014 18:00:00,0.0
30/08/2014 18:15:00,0.0
30/08/2014 18:30:00,0.0
30/08/2014 18:45:00,0.0
30/08/2014 19:00:00,0.0
30/08/2014 19:15:00,0.0
30/08/2014 19:30:00,0.0
30/08/2014 19:45:00,0.0
30/08/2014 20:00:00,0.0
30/08/2014 20:15:00,0.0
30/08/2014 20:30:00,0.0
30/08/2014 20:45:00,0.0
30/08/2014 21:00:00,0.0
30/08/2014 21:15:00,0.0
30/08/2014 21:30:00,0.0
30/08/2014 21:45:00,0.0
30/08/2014 22:00:00,0.0
30/08/2014 22:15:00,0.0
30/08/2014 22:30:00,0.0
30/08/2014 22:45:00,0.0
30/08/2014 23:00:00,0.0
30/08/2014 23:15:00,0.0
30/08/2014 23:30:00,0.0
30/08/2014 23:45:00,0.0
31/08/2014 00:00:00,0.0
31/08/2014 00:15:00,0.0
31/08/2014 00:30:00,0.0
31/08/2014 00:45:00,0.0
31/08/2014 01:00:00,0.0
31/08/2014 01:15:00,0.0
31/08/2014 01:30:00,0.0
31/08/2014 01:45:00,0.0
31/08/2014 02:00:00,0.0
31/08/2014 02:15:00,0.0
31/08/2014 02:30:00,0.0
31/08/2014 02:45:00,0.0
31/08/2014 03:00:00,0.0
31/08/2014 03:15:00,0.0
31/08/2014 03:30:00,0.0
31/08/2014 03:45:00,0.0
31/08/2014 04:00:00,0.0
31/08/2014 04:15:00,0.0
31/08/2014 04:30:00,0.0
31/08/2014 04:45:00,0.0
31/08/2014 05:00:00,0.0
31/08/2014 05:15:00,0.0
31/08/2014 05:30:00,0.0
31/08/2014 05:45:00,0.0
31/08/2014 06:00:00,0.0
31/08/2014 06:15:00,0.0
31/08/2014 06:30:00,0.0
31/08/2014 06:45:00,0.0
31/08/2014 07:00:00,0.0
31/08/2014 07:15:00,0.0
31/08/2014 07:30:00,0.0
31/08/2014 07:45:00,0.0
31/08/2014 08:00:00,0.0
31/08/2014 08:15:00,0.0
31/08/2014 08:30:00,0.0
31/08/2014 08:45:00,0.0
31/08/2014 09:00:00,0.0
31/08/2014 09:15:00,0.0
31/08/2014 09:30:00,0.0
31/08/2014 09:45:00,0.0
31/08/2014 10:00:00,0.0
31/08/2014 10:15:00,0.0
31/08/2014 10:30:00,0.0
31/08/2014 10:45:00,0.0
31/08/2014 11:00:00,0.0
31/08/2014 11:15:00,0.0
31/08/2014 11:30:00,0.0
31/08/2014 11:45:00,0.0
31/08/2014 12:00:00,0.0
31/08/2014 12:15:00,0.0
31/08/2014 12:30:00,0.0
31/08/2014 12:45:00,0.0
31/08/2014 13:00:00,0.0
31/08/2014 13:15:00,0.0
31/08/2014 13:30:00,0.0
31/08/2014 13:45:00,0.0
31/08/2014 14:00:00,0.0
31/08/2014 14:15:00,0.0
31/08/2014 14:30:00,0.0
31/08/2014 14:45:00,0.0
31/08/2014 15:00:00,0.0
31/08/2014 15:15:00,0.0
31/08/2014 15:30:00,0.0
31/08/2014 15:45:00,0.0
31/08/2014 16:00:00,0.0
31/08/2014 16:15:00,0.0
31/08/2014 16:30:00,0.0
31/08/2014 16:45:00,0.0
31/08/2014 17:00:00,0.0
31/08/2014 17:15:00,0.0
31/08/2014 17:30:00,0.0
31/08/2014 17:45:00,0.0
31/08/2014 18:00:00,0.0
31/08/2014 18:15:00,0.0
31/08/2014 18:30:00,0.0
31/08/2014 18:45:00,0.0
31/08/2014 19:00:00,0.0
31/08/2014 19:15:00,0.0
31/08/2014 19:30:00,0.0
31/08/2014 19:45:00,0.0
31/08/2014 20:00:00,0.0
31/08/2014 20:15:00,0.0
31/08/2014 20:30:00,0.0
31/08/2014 20:45:00,0.0
31/08/2014 21:00:00,0.0
31/08/2014 21:15:00,0.0
31/08/2014 21:30:00,0.0
31/08/2014 21:45:00,0.0
31/08/2014 22:00:00,0.0
31/08/2014 22:15:00,0.0
31/08/2014 22:30:00,0.0
31/08/2014 22:45:00,0.0
31/08/2014 23:00:00,0.0
31/08/2014 23:15:00,0.0
31/08/2014 23:30:00,0.0
31/08/2014 23:45:00,0.0
01/09/2014 00:00:00,0.0
01/09/2014 00:15:00,0.0
01/09/2014 00:30:00,0.0
01/09/2014 00:45:00,0.0
01/09/2014 01:00:00,0.0
01/09/2014 01:15:00,0.0
01/09/2014 01:30:00,0.0
01/09/2014 01:45:00,0.0
01/09/2014 02:00:00,0.0
01/09/2014 02:15:00,0.0
01/09/2014 02:30:00,0.0
01/09/2014 02:45:00,0.0
01/09/2014 03:00:00,0.0
01/09/2014 03:15:00,0.0
01/09/2014 03:30:00,0.0
01/09/2014 03:45:00,0.0
01/09/2014 04:00:00,0.0
01/09/2014 04:15:00,0.0
01/09/2014 04:30:00,0.0
01/09/2014 04:45:00,0.0
01/09/2014 05:00:00,0.0
01/09/2014 05:15:00,0.0
01/09/2014 05:30:00,0.0
01/09/2014 05:45:00,0.0
01/09/2014 06:00:00,0.0
01/09/2014 06:15:00,0.0
01/09/2014 06:30:00,0.0
01/09/2014 06:45:00,0.0
01/09/2014 07:00:00,0.0
01/09/2014 07:15:00,0.0
01/09/2014 07:30:00,0.0
01/09/2014 07:45:00,0.0
01/09/2014 08:00:00,0.0
01/09/2014 08:15:00,0.0
01/09/2014 08:30:00,0.0
01/09/2014 08:45:00,0.0
01/09/2014 09:00:00,0.0
01/09/2014 09:15:00,0.0
01/09/2014 09:30:00,0.0
01/09/2014 09:45:00,0.0
01/09/2014 10:00:00,0.0
01/09/2014 10:15:00,0.0
01/09/2014 10:30:00,0.0
01/09/2014 10:45:00,0.0
01/09/2014 11:00:00,0.0
01/09/2014 11:15:00,0.0
01/09/2014 11:30:00,0.0
01/09/2014 11:45:00,0.0
01/09/2014 12:00:00,0.0
01/09/2014 12:15:00,0.0
01/09/2014 12:30:00,0.0
01/09/2014 12:45:00,0.0
01/09/2014 13:00:00,0.0
01/09/2014 13:15:00,0.0
01/09/2014 13:30:00,0.0
01/09/2014 13:45:00,0.0
01/09/2014 14:00:00,0.0
01/09/2014 14:15:00,0.0
01/09/2014 14:30:00,0.0
01/09/2014 14:45:00,0.0
01/09/2014 15:00:00,0.0
01/09/2014 15:15:00,0.0
01/09/2014 15:30:00,0.0
01/09/2014 15:45:00,0.0
01/09/2014 16:00:00,0.0
01/09/2014 16:15:00,0.0
01/09/2014 16:30:00,0.0
01/09/2014 16:45:00,0.0
01/09/2014 17:00:00,0.0
01/09/2014 17:15:00,0.0
01/09/2014 17:30:00,0.0
01/09/2014 17:45:00,0.0
01/09/2014 18:00:00,0.0
01/09/2014 18:15:00,0.0
01/09/2014 18:30:00,0.0
01/09/2014 18:45:00,0.0
01/09/2014 19:00:00,0.0
01/09/2014 19:15:00,0.0
01/09/2014 19:30:00,0.0
01/09/2014 19:45:00,0.0
01/09/2014 20:00:00,0.0
01/09/2014 20:15:00,0.0
01/09/2014 20:30:00,0.0
01/09/2014 20:45:00,0.0
01/09/2014 21:00:00,0.0
01/09/2014 21:15:00,0.0
01/09/2014 21:30:00,0.0
01/09/2014 21:45:00,0.0
01/09/2014 22:00:00,0.0
01/09/2014 22:15:00,0.0
01/09/2014 22:30:00,0.0
01/09/2014 22:45:00,0.0
01/09/2014 23:00:00,0.0
01/09/2014 23:15:00,0.0
01/09/2014 23:30:00,0.0
01/09/2014 23:45:00,0.0
02/09/2014 00:00:00,0.0
02/09/2014 00:15:00,0.0
02/09/2014 00:30:00,0.0
02/09/2014 00:45:00,0.0
02/09/2014 01:00:00,0.0
02/09/2014 01:15:00,0.0
02/09/2014 01:30:00,0.0
02/09/2014 01:45:00,0.0
02/09/2014 02:00:00,0.0
02/09/2014 02:15:00,0.0
02/09/2014 02:30:00,0.0
02/09/2014 02:45:00,0.0
02/09/2014 03:00:00,0.0
02/09/2014 03:15:00,0.0
02/09/2014 03:30:00,0.0
02/09/2014 03:45:00,0.0
02/09/2014 04:00:00,0.0
02/09/2014 04:15:00,0.0
02/09/2014 04:30:00,0.0
02/09/2014 04:45:00,0.0
02/09/2014 05:00:00,0.0
02/09/2014 05:15:00,0.0
02/09/2014 05:30:00,0.0
02/09/2014 05:45:00,0.0
02/09/2014 06:00:00,0.0
02/09/2014 06:15:00,0.0
02/09/2014 06:30:00,0.0
02/09/2014 06:45:00,0.0
02/09/2014 07:00:00,0.0
02/09/2014 07:15:00,0.0
02/09/2014 07:30:00,0.0
02/09/2014 07:45:00,0.0
02/09/2014 08:00:00,0.0
02/09/2014 08:15:00,0.0
02/09/2014 08:30:00,0.0
02/09/2014 08:45:00,0.0
02/09/2014 09:00:00,0.0
02/09/2014 09:15:00,0.0
02/09/2014 09:30:00,0.0
02/09/2014 09:45:00,0.0
02/09/2014 10:00:00,0.0
02/09/2014 10:15:00,0.0
02/09/2014 10:30:00,0.0
02/09/2014 10:45:00,0.0
02/09/2014 11:00:00,0.0
02/09/2014 11:15:00,0.0
02/09/2014 11:30:00,0.0
02/09/2014 11:45:00,0.0
02/09/2014 12:00:00,0.0
02/09/2014 12:15:00,0.0
02/09/2014 12:30:00,0.0
02/09/2014 12:45:00,0.0
02/09/2014 13:00:00,0.0
02/09/2014 13:15:00,0.0
02/09/2014 13:30:00,0.0
02/09/2014 13:45:00,0.0
02/09/2014 14:00:00,0.0
02/09/2014 14:15:00,0.0
02/09/2014 14:30:00,0.0
02/09/2014 14:45:00,0.0
02/09/2014 15:00:00,0.0
02/09/2014 15:15:00,0.0
02/09/2014 15:30:00,0.2924
02/09/2014 15:45:00,0.0
02/09/2014 16:00:00,0.0
02/09/2014 16:15:00,0.0
02/09/2014 16:30:00,0.0
02/09/2014 16:45:00,0.0
02/09/2014 17:00:00,0.0434666666667
02/09/2014 17:15:00,0.3374
02/09/2014 17:30:00,0.350933333333
02/09/2014 17:45:00,0.0
02/09/2014 18:00:00,0.0
02/09/2014 18:15:00,0.0
02/09/2014 18:30:00,0.0
02/09/2014 18:45:00,0.0
02/09/2014 19:00:00,0.0
02/09/2014 19:15:00,0.0
02/09/2014 19:30:00,0.0
02/09/2014 19:45:00,0.0
02/09/2014 20:00:00,0.0
02/09/2014 20:15:00,0.0
02/09/2014 20:30:00,0.0
02/09/2014 20:45:00,0.0
02/09/2014 21:00:00,0.0
02/09/2014 21:15:00,0.0
02/09/2014 21:30:00,0.0
02/09/2014 21:45:00,0.0
02/09/2014 22:00:00,0.0
02/09/2014 22:15:00,0.0
02/09/2014 22:30:00,0.0
02/09/2014 22:45:00,0.0
02/09/2014 23:00:00,0.0
02/09/2014 23:15:00,0.0
02/09/2014 23:30:00,0.0
02/09/2014 23:45:00,0.0
03/09/2014 00:00:00,0.0
03/09/2014 00:15:00,0.0
03/09/2014 00:30:00,0.0
03/09/2014 00:45:00,0.0
03/09/2014 01:00:00,0.0
03/09/2014 01:15:00,0.0
03/09/2014 01:30:00,0.0
03/09/2014 01:45:00,0.0
03/09/2014 02:00:00,0.0
03/09/2014 02:15:00,0.0
03/09/2014 02:30:00,0.0
03/09/2014 02:45:00,0.0
03/09/2014 03:00:00,0.0
03/09/2014 03:15:00,0.0
03/09/2014 03:30:00,0.0
03/09/2014 03:45:00,0.0
03/09/2014 04:00:00,0.0
03/09/2014 04:15:00,0.0
03/09/2014 04:30:00,0.0
03/09/2014 04:45:00,0.0
03/09/2014 05:00:00,0.0
03/09/2014 05:15:00,0.0
03/09/2014 05:30:00,0.0
03/09/2014 05:45:00,0.0
03/09/2014 06:00:00,0.0
03/09/2014 06:15:00,0.0
03/09/2014 06:30:00,0.0
03/09/2014 06:45:00,0.0
03/09/2014 07:00:00,0.0
03/09/2014 07:15:00,0.0
03/09/2014 07:30:00,0.0
03/09/2014 07:45:00,0.0
03/09/2014 08:00:00,0.0
03/09/2014 08:15:00,0.0
03/09/2014 08:30:00,0.0
03/09/2014 08:45:00,0.0
03/09/2014 09:00:00,0.0
03/09/2014 09:15:00,0.0
03/09/2014 09:30:00,0.0
03/09/2014 09:45:00,0.0
03/09/2014 10:00:00,0.0
03/09/2014 10:15:00,0.0
03/09/2014 10:30:00,0.0
03/09/2014 10:45:00,0.0
03/09/2014 11:00:00,0.0
03/09/2014 11:15:00,0.0
03/09/2014 11:30:00,0.0
03/09/2014 11:45:00,0.0
03/09/2014 12:00:00,0.0
03/09/2014 12:15:00,0.0
03/09/2014 12:30:00,0.0
03/09/2014 12:45:00,0.0
03/09/2014 13:00:00,0.0
03/09/2014 13:15:00,0.0
03/09/2014 13:30:00,0.0
03/09/2014 13:45:00,0.0
03/09/2014 14:00:00,0.0
03/09/2014 14:15:00,0.0
03/09/2014 14:30:00,0.0
03/09/2014 14:45:00,0.0
03/09/2014 15:00:00,0.0
03/09/2014 15:15:00,0.0
03/09/2014 15:30:00,0.0
03/09/2014 15:45:00,0.0
03/09/2014 16:00:00,0.0
03/09/2014 16:15:00,0.0
03/09/2014 16:30:00,0.0
03/09/2014 16:45:00,0.0
03/09/2014 17:00:00,0.0
03/09/2014 17:15:00,0.0
03/09/2014 17:30:00,0.0
03/09/2014 17:45:00,0.0
03/09/2014 18:00:00,0.0
03/09/2014 18:15:00,0.0
03/09/2014 18:30:00,0.0
03/09/2014 18:45:00,0.0
03/09/2014 19:00:00,0.0
03/09/2014 19:15:00,0.0
03/09/2014 19:30:00,0.0
03/09/2014 19:45:00,0.0
03/09/2014 20:00:00,0.0
03/09/2014 20:15:00,0.0
03/09/2014 20:30:00,0.0
03/09/2014 20:45:00,0.0
03/09/2014 21:00:00,0.0
03/09/2014 21:15:00,0.0
03/09/2014 21:30:00,0.0
03/09/2014 21:45:00,0.0
03/09/2014 22:00:00,0.0
03/09/2014 22:15:00,0.0
03/09/2014 22:30:00,0.0
03/09/2014 22:45:00,0.0
03/09/2014 23:00:00,0.0
03/09/2014 23:15:00,0.0
03/09/2014 23:30:00,0.0
03/09/2014 23:45:00,0.0
04/09/2014 00:00:00,0.0
04/09/2014 00:15:00,0.0
04/09/2014 00:30:00,0.0
04/09/2014 00:45:00,0.0
04/09/2014 01:00:00,0.0
04/09/2014 01:15:00,0.0
04/09/2014 01:30:00,0.0
04/09/2014 01:45:00,0.0
04/09/2014 02:00:00,0.0
04/09/2014 02:15:00,0.0
04/09/2014 02:30:00,0.0
04/09/2014 02:45:00,0.0
04/09/2014 03:00:00,0.0
04/09/2014 03:15:00,0.0
04/09/2014 03:30:00,0.0
04/09/2014 03:45:00,0.0
04/09/2014 04:00:00,0.0
04/09/2014 04:15:00,0.0
04/09/2014 04:30:00,0.0
04/09/2014 04:45:00,0.0
04/09/2014 05:00:00,0.0
04/09/2014 05:15:00,0.0
04/09/2014 05:30:00,0.0
04/09/2014 05:45:00,0.0
04/09/2014 06:00:00,0.0
04/09/2014 06:15:00,0.0
04/09/2014 06:30:00,0.0
04/09/2014 06:45:00,0.0
04/09/2014 07:00:00,0.0
04/09/2014 07:15:00,0.0
04/09/2014 07:30:00,0.0
04/09/2014 07:45:00,0.0
04/09/2014 08:00:00,0.0
04/09/2014 08:15:00,0.0
04/09/2014 08:30:00,0.0
04/09/2014 08:45:00,0.0978666666667
04/09/2014 09:00:00,0.322
04/09/2014 09:15:00,0.212266666667
04/09/2014 09:30:00,0.0
04/09/2014 09:45:00,0.0
04/09/2014 10:00:00,0.0
04/09/2014 10:15:00,0.0
04/09/2014 10:30:00,0.0
04/09/2014 10:45:00,0.0
04/09/2014 11:00:00,0.0
04/09/2014 11:15:00,0.0
04/09/2014 11:30:00,0.0
04/09/2014 11:45:00,0.0
04/09/2014 12:00:00,0.0
04/09/2014 12:15:00,0.0
04/09/2014 12:30:00,0.0
04/09/2014 12:45:00,0.0
04/09/2014 13:00:00,0.0
04/09/2014 13:15:00,0.0
04/09/2014 13:30:00,0.0
04/09/2014 13:45:00,0.0
04/09/2014 14:00:00,0.0
04/09/2014 14:15:00,0.0
04/09/2014 14:30:00,0.0
04/09/2014 14:45:00,0.0
04/09/2014 15:00:00,0.0
04/09/2014 15:15:00,0.0
04/09/2014 15:30:00,0.0
04/09/2014 15:45:00,0.0
04/09/2014 16:00:00,0.0
04/09/2014 16:15:00,0.0
04/09/2014 16:30:00,0.0
04/09/2014 16:45:00,0.0
04/09/2014 17:00:00,0.0
04/09/2014 17:15:00,0.0
04/09/2014 17:30:00,0.0
04/09/2014 17:45:00,0.0
04/09/2014 18:00:00,0.0
04/09/2014 18:15:00,0.0
04/09/2014 18:30:00,0.0
04/09/2014 18:45:00,0.0
04/09/2014 19:00:00,0.0
04/09/2014 19:15:00,0.0
04/09/2014 19:30:00,0.0
04/09/2014 19:45:00,0.0
04/09/2014 20:00:00,0.0
04/09/2014 20:15:00,0.0
04/09/2014 20:30:00,0.0
04/09/2014 20:45:00,0.0
04/09/2014 21:00:00,0.0
04/09/2014 21:15:00,0.0
04/09/2014 21:30:00,0.0
04/09/2014 21:45:00,0.0
04/09/2014 22:00:00,0.0
04/09/2014 22:15:00,0.0
04/09/2014 22:30:00,0.0
04/09/2014 22:45:00,0.0
04/09/2014 23:00:00,0.0
04/09/2014 23:15:00,0.0
04/09/2014 23:30:00,0.0
04/09/2014 23:45:00,0.0
05/09/2014 00:00:00,0.0
05/09/2014 00:15:00,0.0
05/09/2014 00:30:00,0.0
05/09/2014 00:45:00,0.0
05/09/2014 01:00:00,0.0
05/09/2014 01:15:00,0.0
05/09/2014 01:30:00,0.0
05/09/2014 01:45:00,0.0
05/09/2014 02:00:00,0.0
05/09/2014 02:15:00,0.0
05/09/2014 02:30:00,0.0
05/09/2014 02:45:00,0.0
05/09/2014 03:00:00,0.0
05/09/2014 03:15:00,0.0
05/09/2014 03:30:00,0.0
05/09/2014 03:45:00,0.0
05/09/2014 04:00:00,0.0
05/09/2014 04:15:00,0.0
05/09/2014 04:30:00,0.0
05/09/2014 04:45:00,0.0
05/09/2014 05:00:00,0.0
05/09/2014 05:15:00,0.0
05/09/2014 05:30:00,0.0
05/09/2014 05:45:00,0.0
05/09/2014 06:00:00,0.0
05/09/2014 06:15:00,0.0
05/09/2014 06:30:00,0.0
05/09/2014 06:45:00,0.0
05/09/2014 07:00:00,0.0
05/09/2014 07:15:00,0.0
05/09/2014 07:30:00,0.0
05/09/2014 07:45:00,0.0
05/09/2014 08:00:00,0.0
05/09/2014 08:15:00,0.0
05/09/2014 08:30:00,0.0
05/09/2014 08:45:00,0.0
05/09/2014 09:00:00,0.0
05/09/2014 09:15:00,0.0
05/09/2014 09:30:00,0.0
05/09/2014 09:45:00,0.0
05/09/2014 10:00:00,0.0
05/09/2014 10:15:00,0.0
05/09/2014 10:30:00,0.0
05/09/2014 10:45:00,0.0
05/09/2014 11:00:00,0.0
05/09/2014 11:15:00,0.0
05/09/2014 11:30:00,0.0
05/09/2014 11:45:00,0.0
05/09/2014 12:00:00,0.0
05/09/2014 12:15:00,0.0
05/09/2014 12:30:00,0.0
05/09/2014 12:45:00,0.0
05/09/2014 13:00:00,0.0
05/09/2014 13:15:00,0.0
05/09/2014 13:30:00,0.0
05/09/2014 13:45:00,0.0
05/09/2014 14:00:00,0.0
05/09/2014 14:15:00,0.0
05/09/2014 14:30:00,0.0
05/09/2014 14:45:00,0.0
05/09/2014 15:00:00,0.0
05/09/2014 15:15:00,0.0
05/09/2014 15:30:00,0.0
05/09/2014 15:45:00,0.0
05/09/2014 16:00:00,0.0
05/09/2014 16:15:00,0.0
05/09/2014 16:30:00,0.0
05/09/2014 16:45:00,0.0
05/09/2014 17:00:00,0.0
05/09/2014 17:15:00,0.0
05/09/2014 17:30:00,0.0
05/09/2014 17:45:00,0.0
05/09/2014 18:00:00,0.0
05/09/2014 18:15:00,0.0
05/09/2014 18:30:00,0.0
05/09/2014 18:45:00,0.0
05/09/2014 19:00:00,0.0
05/09/2014 19:15:00,0.0
05/09/2014 19:30:00,0.0
05/09/2014 19:45:00,0.0
05/09/2014 20:00:00,0.0
05/09/2014 20:15:00,0.0
05/09/2014 20:30:00,0.0
05/09/2014 20:45:00,0.0
05/09/2014 21:00:00,0.0
05/09/2014 21:15:00,0.0
05/09/2014 21:30:00,0.0
05/09/2014 21:45:00,0.0
05/09/2014 22:00:00,0.0
05/09/2014 22:15:00,0.0
05/09/2014 22:30:00,0.0
05/09/2014 22:45:00,0.0
05/09/2014 23:00:00,0.0
05/09/2014 23:15:00,0.0
05/09/2014 23:30:00,0.0
05/09/2014 23:45:00,0.0
06/09/2014 00:00:00,0.0
06/09/2014 00:15:00,0.0
06/09/2014 00:30:00,0.0
06/09/2014 00:45:00,0.0
06/09/2014 01:00:00,0.0
06/09/2014 01:15:00,0.0
06/09/2014 01:30:00,0.0
06/09/2014 01:45:00,0.0
06/09/2014 02:00:00,0.0
06/09/2014 02:15:00,0.0
06/09/2014 02:30:00,0.0
06/09/2014 02:45:00,0.0
06/09/2014 03:00:00,0.0
06/09/2014 03:15:00,0.0
06/09/2014 03:30:00,0.0
06/09/2014 03:45:00,0.0
06/09/2014 04:00:00,0.0
06/09/2014 04:15:00,0.0
06/09/2014 04:30:00,0.0
06/09/2014 04:45:00,0.0
06/09/2014 05:00:00,0.0
06/09/2014 05:15:00,0.0
06/09/2014 05:30:00,0.0
06/09/2014 05:45:00,0.0
06/09/2014 06:00:00,0.0
06/09/2014 06:15:00,0.0
06/09/2014 06:30:00,0.0
06/09/2014 06:45:00,0.0
06/09/2014 07:00:00,0.0
06/09/2014 07:15:00,0.0
06/09/2014 07:30:00,0.0
06/09/2014 07:45:00,0.0
06/09/2014 08:00:00,0.0
06/09/2014 08:15:00,0.0
06/09/2014 08:30:00,0.0
06/09/2014 08:45:00,0.0
06/09/2014 09:00:00,0.0
06/09/2014 09:15:00,0.0
06/09/2014 09:30:00,0.0
06/09/2014 09:45:00,0.0
06/09/2014 10:00:00,0.0
06/09/2014 10:15:00,0.0
06/09/2014 10:30:00,0.0
06/09/2014 10:45:00,0.0
06/09/2014 11:00:00,0.0
06/09/2014 11:15:00,0.0
06/09/2014 11:30:00,0.0
06/09/2014 11:45:00,0.0
06/09/2014 12:00:00,0.0
06/09/2014 12:15:00,0.0
06/09/2014 12:30:00,0.0
06/09/2014 12:45:00,0.0
06/09/2014 13:00:00,0.0
06/09/2014 13:15:00,0.0
06/09/2014 13:30:00,0.0
06/09/2014 13:45:00,0.0
06/09/2014 14:00:00,0.0
06/09/2014 14:15:00,0.0
06/09/2014 14:30:00,0.0
06/09/2014 14:45:00,0.0
06/09/2014 15:00:00,0.0
06/09/2014 15:15:00,0.0
06/09/2014 15:30:00,0.0
06/09/2014 15:45:00,0.0
06/09/2014 16:00:00,0.0
06/09/2014 16:15:00,0.0
06/09/2014 16:30:00,0.0
06/09/2014 16:45:00,0.0
06/09/2014 17:00:00,0.0
06/09/2014 17:15:00,0.0
06/09/2014 17:30:00,0.0
06/09/2014 17:45:00,0.0
06/09/2014 18:00:00,0.0
06/09/2014 18:15:00,0.0
06/09/2014 18:30:00,0.0
06/09/2014 18:45:00,0.0
06/09/2014 19:00:00,0.0
06/09/2014 19:15:00,0.0
06/09/2014 19:30:00,0.0
06/09/2014 19:45:00,0.0
06/09/2014 20:00:00,0.0
06/09/2014 20:15:00,0.0
06/09/2014 20:30:00,0.0
06/09/2014 20:45:00,0.0
06/09/2014 21:00:00,0.0
06/09/2014 21:15:00,0.0
06/09/2014 21:30:00,0.0
06/09/2014 21:45:00,0.0
06/09/2014 22:00:00,0.0
06/09/2014 22:15:00,0.0
06/09/2014 22:30:00,0.0
06/09/2014 22:45:00,0.0
06/09/2014 23:00:00,0.0
06/09/2014 23:15:00,0.0
06/09/2014 23:30:00,0.0
06/09/2014 23:45:00,0.0
07/09/2014 00:00:00,0.0
07/09/2014 00:15:00,0.0
07/09/2014 00:30:00,0.0
07/09/2014 00:45:00,0.0
07/09/2014 01:00:00,0.0
07/09/2014 01:15:00,0.0
07/09/2014 01:30:00,0.0
07/09/2014 01:45:00,0.0
07/09/2014 02:00:00,0.0
07/09/2014 02:15:00,0.0
07/09/2014 02:30:00,0.0
07/09/2014 02:45:00,0.0
07/09/2014 03:00:00,0.0
07/09/2014 03:15:00,0.0
07/09/2014 03:30:00,0.0
07/09/2014 03:45:00,0.0
07/09/2014 04:00:00,0.0
07/09/2014 04:15:00,0.0
07/09/2014 04:30:00,0.0
07/09/2014 04:45:00,0.0
07/09/2014 05:00:00,0.0
07/09/2014 05:15:00,0.0
07/09/2014 05:30:00,0.0
07/09/2014 05:45:00,0.0
07/09/2014 06:00:00,0.0
07/09/2014 06:15:00,0.0
07/09/2014 06:30:00,0.0
07/09/2014 06:45:00,0.0
07/09/2014 07:00:00,0.0
07/09/2014 07:15:00,0.0
07/09/2014 07:30:00,0.0
07/09/2014 07:45:00,0.0
07/09/2014 08:00:00,0.0
07/09/2014 08:15:00,0.0
07/09/2014 08:30:00,0.0
07/09/2014 08:45:00,0.0
07/09/2014 09:00:00,0.0
07/09/2014 09:15:00,0.0
07/09/2014 09:30:00,0.0
07/09/2014 09:45:00,0.0
07/09/2014 10:00:00,0.0
07/09/2014 10:15:00,0.0
07/09/2014 10:30:00,0.0
07/09/2014 10:45:00,0.0
07/09/2014 11:00:00,0.0
07/09/2014 11:15:00,0.0
07/09/2014 11:30:00,0.0
07/09/2014 11:45:00,0.0
07/09/2014 12:00:00,0.0
07/09/2014 12:15:00,0.0
07/09/2014 12:30:00,0.0
07/09/2014 12:45:00,0.0
07/09/2014 13:00:00,0.0
07/09/2014 13:15:00,0.0
07/09/2014 13:30:00,0.0
07/09/2014 13:45:00,0.0
07/09/2014 14:00:00,0.0
07/09/2014 14:15:00,0.0
07/09/2014 14:30:00,0.0
07/09/2014 14:45:00,0.0
07/09/2014 15:00:00,0.0
07/09/2014 15:15:00,0.0
07/09/2014 15:30:00,0.0
07/09/2014 15:45:00,0.0
07/09/2014 16:00:00,0.0
07/09/2014 16:15:00,0.0
07/09/2014 16:30:00,0.0
07/09/2014 16:45:00,0.0
07/09/2014 17:00:00,0.0
07/09/2014 17:15:00,0.0
07/09/2014 17:30:00,0.0
07/09/2014 17:45:00,0.0
07/09/2014 18:00:00,0.0
07/09/2014 18:15:00,0.0
07/09/2014 18:30:00,0.0
07/09/2014 18:45:00,0.0
07/09/2014 19:00:00,0.0
07/09/2014 19:15:00,0.0
07/09/2014 19:30:00,0.0
07/09/2014 19:45:00,0.0
07/09/2014 20:00:00,0.0
07/09/2014 20:15:00,0.0
07/09/2014 20:30:00,0.0
07/09/2014 20:45:00,0.0
07/09/2014 21:00:00,0.0
07/09/2014 21:15:00,0.0
07/09/2014 21:30:00,0.0
07/09/2014 21:45:00,0.0
07/09/2014 22:00:00,0.0
07/09/2014 22:15:00,0.0
07/09/2014 22:30:00,0.111333333333
07/09/2014 22:45:00,0.453466666667
07/09/2014 23:00:00,0.352866666667
07/09/2014 23:15:00,0.0
07/09/2014 23:30:00,0.0
07/09/2014 23:45:00,0.0
08/09/2014 00:00:00,0.0
08/09/2014 00:15:00,0.0
08/09/2014 00:30:00,0.0
08/09/2014 00:45:00,0.0
08/09/2014 01:00:00,0.0
08/09/2014 01:15:00,0.0
08/09/2014 01:30:00,0.0
08/09/2014 01:45:00,0.0
08/09/2014 02:00:00,0.0
08/09/2014 02:15:00,0.0
08/09/2014 02:30:00,0.0
08/09/2014 02:45:00,0.0
08/09/2014 03:00:00,0.0
08/09/2014 03:15:00,0.0
08/09/2014 03:30:00,0.0
08/09/2014 03:45:00,0.0
08/09/2014 04:00:00,0.0
08/09/2014 04:15:00,0.0
08/09/2014 04:30:00,0.0
08/09/2014 04:45:00,0.0
08/09/2014 05:00:00,0.0
08/09/2014 05:15:00,0.0
08/09/2014 05:30:00,0.0
08/09/2014 05:45:00,0.0
08/09/2014 06:00:00,0.0
08/09/2014 06:15:00,0.0
08/09/2014 06:30:00,0.0
08/09/2014 06:45:00,0.0
08/09/2014 07:00:00,0.0
08/09/2014 07:15:00,0.0
08/09/2014 07:30:00,0.0
08/09/2014 07:45:00,0.0
08/09/2014 08:00:00,0.0
08/09/2014 08:15:00,0.0
08/09/2014 08:30:00,0.0
08/09/2014 08:45:00,0.0
08/09/2014 09:00:00,0.0
08/09/2014 09:15:00,0.0
08/09/2014 09:30:00,0.0
08/09/2014 09:45:00,0.0
08/09/2014 10:00:00,0.0
08/09/2014 10:15:00,0.0
08/09/2014 10:30:00,0.0
08/09/2014 10:45:00,0.0
08/09/2014 11:00:00,0.0
08/09/2014 11:15:00,0.0
08/09/2014 11:30:00,0.0
08/09/2014 11:45:00,0.0
08/09/2014 12:00:00,0.0
08/09/2014 12:15:00,0.0
08/09/2014 12:30:00,0.0
08/09/2014 12:45:00,0.0
08/09/2014 13:00:00,0.0
08/09/2014 13:15:00,0.0
08/09/2014 13:30:00,0.0
08/09/2014 13:45:00,0.0
08/09/2014 14:00:00,0.0
08/09/2014 14:15:00,0.0
08/09/2014 14:30:00,0.0
08/09/2014 14:45:00,0.0
08/09/2014 15:00:00,0.0
08/09/2014 15:15:00,0.0
08/09/2014 15:30:00,0.0
08/09/2014 15:45:00,0.0
08/09/2014 16:00:00,0.0
08/09/2014 16:15:00,0.0
08/09/2014 16:30:00,0.0
08/09/2014 16:45:00,0.0
08/09/2014 17:00:00,0.0
08/09/2014 17:15:00,0.0
08/09/2014 17:30:00,0.0
08/09/2014 17:45:00,0.0
08/09/2014 18:00:00,0.0
08/09/2014 18:15:00,0.0
08/09/2014 18:30:00,0.0
08/09/2014 18:45:00,0.0
08/09/2014 19:00:00,0.0
08/09/2014 19:15:00,0.0
08/09/2014 19:30:00,0.0
08/09/2014 19:45:00,0.0
08/09/2014 20:00:00,0.0
08/09/2014 20:15:00,0.0
08/09/2014 20:30:00,0.0
08/09/2014 20:45:00,0.0
08/09/2014 21:00:00,0.0
08/09/2014 21:15:00,0.0
08/09/2014 21:30:00,0.0
08/09/2014 21:45:00,0.0
08/09/2014 22:00:00,0.0
08/09/2014 22:15:00,0.0
08/09/2014 22:30:00,0.0
08/09/2014 22:45:00,0.0
08/09/2014 23:00:00,0.0
08/09/2014 23:15:00,0.0
08/09/2014 23:30:00,0.0
08/09/2014 23:45:00,0.0
09/09/2014 00:00:00,0.0
09/09/2014 00:15:00,0.0
09/09/2014 00:30:00,0.0
09/09/2014 00:45:00,0.0
09/09/2014 01:00:00,0.0
09/09/2014 01:15:00,0.0
09/09/2014 01:30:00,0.0
09/09/2014 01:45:00,0.0
09/09/2014 02:00:00,0.0
09/09/2014 02:15:00,0.0
09/09/2014 02:30:00,0.0
09/09/2014 02:45:00,0.0
09/09/2014 03:00:00,0.0
09/09/2014 03:15:00,0.0
09/09/2014 03:30:00,0.0
09/09/2014 03:45:00,0.0
09/09/2014 04:00:00,0.0
09/09/2014 04:15:00,0.0
09/09/2014 04:30:00,0.0
09/09/2014 04:45:00,0.0
09/09/2014 05:00:00,0.0
09/09/2014 05:15:00,0.0
09/09/2014 05:30:00,0.0
09/09/2014 05:45:00,0.0
09/09/2014 06:00:00,0.0
09/09/2014 06:15:00,0.0
09/09/2014 06:30:00,0.0
09/09/2014 06:45:00,0.0
09/09/2014 07:00:00,0.0
09/09/2014 07:15:00,0.0
09/09/2014 07:30:00,0.0
09/09/2014 07:45:00,0.0
09/09/2014 08:00:00,0.0
09/09/2014 08:15:00,0.0
09/09/2014 08:30:00,0.0
09/09/2014 08:45:00,0.0
09/09/2014 09:00:00,0.0
09/09/2014 09:15:00,0.0
09/09/2014 09:30:00,0.0
09/09/2014 09:45:00,0.0
09/09/2014 10:00:00,0.0
09/09/2014 10:15:00,0.0
09/09/2014 10:30:00,0.0
09/09/2014 10:45:00,0.0
09/09/2014 11:00:00,0.0
09/09/2014 11:15:00,0.0
09/09/2014 11:30:00,0.0
09/09/2014 11:45:00,0.0
09/09/2014 12:00:00,0.0
09/09/2014 12:15:00,0.0
09/09/2014 12:30:00,0.0
09/09/2014 12:45:00,0.0
09/09/2014 13:00:00,0.0
09/09/2014 13:15:00,0.0
09/09/2014 13:30:00,0.0
09/09/2014 13:45:00,0.0
09/09/2014 14:00:00,0.0
09/09/2014 14:15:00,0.0
09/09/2014 14:30:00,0.0
09/09/2014 14:45:00,0.0
09/09/2014 15:00:00,0.0
09/09/2014 15:15:00,0.0
09/09/2014 15:30:00,0.0
09/09/2014 15:45:00,0.0
09/09/2014 16:00:00,0.0
09/09/2014 16:15:00,0.0
09/09/2014 16:30:00,0.0
09/09/2014 16:45:00,0.0
09/09/2014 17:00:00,0.0
09/09/2014 17:15:00,0.0
09/09/2014 17:30:00,0.0
09/09/2014 17:45:00,0.0
09/09/2014 18:00:00,0.0
09/09/2014 18:15:00,0.0
09/09/2014 18:30:00,0.0
09/09/2014 18:45:00,0.0
09/09/2014 19:00:00,0.0
09/09/2014 19:15:00,0.0
09/09/2014 19:30:00,0.0
09/09/2014 19:45:00,0.0
09/09/2014 20:00:00,0.0
09/09/2014 20:15:00,0.0
09/09/2014 20:30:00,0.0
09/09/2014 20:45:00,0.0
09/09/2014 21:00:00,0.0
09/09/2014 21:15:00,0.0
09/09/2014 21:30:00,0.0
09/09/2014 21:45:00,0.0
09/09/2014 22:00:00,0.0
09/09/2014 22:15:00,0.0
09/09/2014 22:30:00,0.0
09/09/2014 22:45:00,0.0
09/09/2014 23:00:00,0.0
09/09/2014 23:15:00,0.0
09/09/2014 23:30:00,0.0
09/09/2014 23:45:00,0.0
10/09/2014 00:00:00,0.0
10/09/2014 00:15:00,0.0
10/09/2014 00:30:00,0.0
10/09/2014 00:45:00,0.0
10/09/2014 01:00:00,0.0
10/09/2014 01:15:00,0.0
10/09/2014 01:30:00,0.0
10/09/2014 01:45:00,0.0
10/09/2014 02:00:00,0.0
10/09/2014 02:15:00,0.0
10/09/2014 02:30:00,0.0
10/09/2014 02:45:00,0.0
10/09/2014 03:00:00,0.0
10/09/2014 03:15:00,0.0
10/09/2014 03:30:00,0.0
10/09/2014 03:45:00,0.0
10/09/2014 04:00:00,0.0
10/09/2014 04:15:00,0.0
10/09/2014 04:30:00,0.0
10/09/2014 04:45:00,0.0
10/09/2014 05:00:00,0.0
10/09/2014 05:15:00,0.0
10/09/2014 05:30:00,0.0
10/09/2014 05:45:00,0.0
10/09/2014 06:00:00,0.0
10/09/2014 06:15:00,0.0
10/09/2014 06:30:00,0.0
10/09/2014 06:45:00,0.0
10/09/2014 07:00:00,0.0
10/09/2014 07:15:00,0.0
10/09/2014 07:30:00,0.0
10/09/2014 07:45:00,0.0
10/09/2014 08:00:00,0.0
10/09/2014 08:15:00,0.0
10/09/2014 08:30:00,0.0
10/09/2014 08:45:00,0.0
10/09/2014 09:00:00,0.0
10/09/2014 09:15:00,0.0
10/09/2014 09:30:00,0.0
10/09/2014 09:45:00,0.0
10/09/2014 10:00:00,0.0
10/09/2014 10:15:00,0.0
10/09/2014 10:30:00,0.0
10/09/2014 10:45:00,0.0
10/09/2014 11:00:00,0.0
10/09/2014 11:15:00,0.0
10/09/2014 11:30:00,0.0
10/09/2014 11:45:00,0.0
10/09/2014 12:00:00,0.0
10/09/2014 12:15:00,0.0
10/09/2014 12:30:00,0.0
10/09/2014 12:45:00,0.0
10/09/2014 13:00:00,0.0
10/09/2014 13:15:00,0.0
10/09/2014 13:30:00,0.0
10/09/2014 13:45:00,0.0
10/09/2014 14:00:00,0.0
10/09/2014 14:15:00,0.0
10/09/2014 14:30:00,0.0
10/09/2014 14:45:00,0.0
10/09/2014 15:00:00,0.0
10/09/2014 15:15:00,0.0
10/09/2014 15:30:00,0.0
10/09/2014 15:45:00,0.0
10/09/2014 16:00:00,0.0
10/09/2014 16:15:00,0.0
10/09/2014 16:30:00,0.0
10/09/2014 16:45:00,0.0
10/09/2014 17:00:00,0.0
10/09/2014 17:15:00,0.0
10/09/2014 17:30:00,0.0
10/09/2014 17:45:00,0.0
10/09/2014 18:00:00,0.0
10/09/2014 18:15:00,0.0
10/09/2014 18:30:00,0.0
10/09/2014 18:45:00,0.0
10/09/2014 19:00:00,0.0
10/09/2014 19:15:00,0.0
10/09/2014 19:30:00,0.0
10/09/2014 19:45:00,0.0
10/09/2014 20:00:00,0.0
10/09/2014 20:15:00,0.0
10/09/2014 20:30:00,0.0
10/09/2014 20:45:00,0.0
10/09/2014 21:00:00,0.0
10/09/2014 21:15:00,0.0
10/09/2014 21:30:00,0.0
10/09/2014 21:45:00,0.0
10/09/2014 22:00:00,0.0
10/09/2014 22:15:00,0.0
10/09/2014 22:30:00,0.0
10/09/2014 22:45:00,0.0
10/09/2014 23:00:00,0.0
10/09/2014 23:15:00,0.0
10/09/2014 23:30:00,0.0
10/09/2014 23:45:00,0.0
11/09/2014 00:00:00,0.0
11/09/2014 00:15:00,0.0
11/09/2014 00:30:00,0.0
11/09/2014 00:45:00,0.0
11/09/2014 01:00:00,0.0
11/09/2014 01:15:00,0.0
11/09/2014 01:30:00,0.0
11/09/2014 01:45:00,0.0
11/09/2014 02:00:00,0.0
11/09/2014 02:15:00,0.0
11/09/2014 02:30:00,0.0
11/09/2014 02:45:00,0.0
11/09/2014 03:00:00,0.0
11/09/2014 03:15:00,0.0
11/09/2014 03:30:00,0.0
11/09/2014 03:45:00,0.0
11/09/2014 04:00:00,0.0
11/09/2014 04:15:00,0.0
11/09/2014 04:30:00,0.0
11/09/2014 04:45:00,0.0
11/09/2014 05:00:00,0.0
11/09/2014 05:15:00,0.0
11/09/2014 05:30:00,0.0
11/09/2014 05:45:00,0.0
11/09/2014 06:00:00,0.0
11/09/2014 06:15:00,0.0
11/09/2014 06:30:00,0.0
11/09/2014 06:45:00,0.0653333333333
11/09/2014 07:00:00,0.437733333333
11/09/2014 07:15:00,0.399533333333
11/09/2014 07:30:00,0.0
11/09/2014 07:45:00,0.0
11/09/2014 08:00:00,0.0
11/09/2014 08:15:00,0.0
11/09/2014 08:30:00,0.0
11/09/2014 08:45:00,0.0
11/09/2014 09:00:00,0.0
11/09/2014 09:15:00,0.0
11/09/2014 09:30:00,0.0
11/09/2014 09:45:00,0.0
11/09/2014 10:00:00,0.0
11/09/2014 10:15:00,0.215133333333
11/09/2014 10:30:00,0.316266666667
11/09/2014 10:45:00,0.320266666667
11/09/2014 11:00:00,0.0
11/09/2014 11:15:00,0.0
11/09/2014 11:30:00,0.0
11/09/2014 11:45:00,0.000533333333333
11/09/2014 12:00:00,0.356533333333
11/09/2014 12:15:00,0.360466666667
11/09/2014 12:30:00,0.2938
11/09/2014 12:45:00,0.312666666667
11/09/2014 13:00:00,0.258733333333
11/09/2014 13:15:00,0.0
11/09/2014 13:30:00,0.0
11/09/2014 13:45:00,0.0008
11/09/2014 14:00:00,0.423533333333
11/09/2014 14:15:00,0.3456
11/09/2014 14:30:00,0.0608666666667
11/09/2014 14:45:00,0.0
11/09/2014 15:00:00,0.0
11/09/2014 15:15:00,0.0
11/09/2014 15:30:00,0.0
11/09/2014 15:45:00,0.0
11/09/2014 16:00:00,0.0
11/09/2014 16:15:00,0.0
11/09/2014 16:30:00,0.0
11/09/2014 16:45:00,0.0
11/09/2014 17:00:00,0.0
11/09/2014 17:15:00,0.0
11/09/2014 17:30:00,0.0
11/09/2014 17:45:00,0.0
11/09/2014 18:00:00,0.0
11/09/2014 18:15:00,0.0
11/09/2014 18:30:00,0.0
11/09/2014 18:45:00,0.0
11/09/2014 19:00:00,0.0
11/09/2014 19:15:00,0.0
11/09/2014 19:30:00,0.0
11/09/2014 19:45:00,0.0
11/09/2014 20:00:00,0.0
11/09/2014 20:15:00,0.0
11/09/2014 20:30:00,0.0
11/09/2014 20:45:00,0.0
11/09/2014 21:00:00,0.0
11/09/2014 21:15:00,0.0
11/09/2014 21:30:00,0.0
11/09/2014 21:45:00,0.0
11/09/2014 22:00:00,0.0
11/09/2014 22:15:00,0.0
11/09/2014 22:30:00,0.0
11/09/2014 22:45:00,0.0
11/09/2014 23:00:00,0.0
11/09/2014 23:15:00,0.0
11/09/2014 23:30:00,0.0
11/09/2014 23:45:00,0.0
12/09/2014 00:00:00,0.0
12/09/2014 00:15:00,0.0
12/09/2014 00:30:00,0.0
12/09/2014 00:45:00,0.0
12/09/2014 01:00:00,0.0
12/09/2014 01:15:00,0.0
12/09/2014 01:30:00,0.0
12/09/2014 01:45:00,0.0
12/09/2014 02:00:00,0.0
12/09/2014 02:15:00,0.0
12/09/2014 02:30:00,0.0
12/09/2014 02:45:00,0.0
12/09/2014 03:00:00,0.0
12/09/2014 03:15:00,0.0
12/09/2014 03:30:00,0.0
12/09/2014 03:45:00,0.0
12/09/2014 04:00:00,0.0
12/09/2014 04:15:00,0.0
12/09/2014 04:30:00,0.0
12/09/2014 04:45:00,0.0
12/09/2014 05:00:00,0.0
12/09/2014 05:15:00,0.0
12/09/2014 05:30:00,0.0
12/09/2014 05:45:00,0.0
12/09/2014 06:00:00,0.0
12/09/2014 06:15:00,0.0
12/09/2014 06:30:00,0.0
12/09/2014 06:45:00,0.0
12/09/2014 07:00:00,0.0
12/09/2014 07:15:00,0.0
12/09/2014 07:30:00,0.0
12/09/2014 07:45:00,0.0
12/09/2014 08:00:00,0.0
12/09/2014 08:15:00,0.0
12/09/2014 08:30:00,0.0
12/09/2014 08:45:00,0.0
12/09/2014 09:00:00,0.0
12/09/2014 09:15:00,0.0
12/09/2014 09:30:00,0.0
12/09/2014 09:45:00,0.0
12/09/2014 10:00:00,0.0
12/09/2014 10:15:00,0.0
12/09/2014 10:30:00,0.0
12/09/2014 10:45:00,0.0
12/09/2014 11:00:00,0.0
12/09/2014 11:15:00,0.0
12/09/2014 11:30:00,0.0
12/09/2014 11:45:00,0.0
12/09/2014 12:00:00,0.0
12/09/2014 12:15:00,0.0
12/09/2014 12:30:00,0.0
12/09/2014 12:45:00,0.0
12/09/2014 13:00:00,0.0
12/09/2014 13:15:00,0.0
12/09/2014 13:30:00,0.0
12/09/2014 13:45:00,0.0
12/09/2014 14:00:00,0.0
12/09/2014 14:15:00,0.0
12/09/2014 14:30:00,0.0
12/09/2014 14:45:00,0.0
12/09/2014 15:00:00,0.0
12/09/2014 15:15:00,0.0
12/09/2014 15:30:00,0.0
12/09/2014 15:45:00,0.0
12/09/2014 16:00:00,0.0
12/09/2014 16:15:00,0.0
12/09/2014 16:30:00,0.0
12/09/2014 16:45:00,0.0
12/09/2014 17:00:00,0.0
12/09/2014 17:15:00,0.0
12/09/2014 17:30:00,0.0
12/09/2014 17:45:00,0.0
12/09/2014 18:00:00,0.0
12/09/2014 18:15:00,0.0
12/09/2014 18:30:00,0.0
12/09/2014 18:45:00,0.0
12/09/2014 19:00:00,0.0
12/09/2014 19:15:00,0.0
12/09/2014 19:30:00,0.0
12/09/2014 19:45:00,0.0
12/09/2014 20:00:00,0.0
12/09/2014 20:15:00,0.0
12/09/2014 20:30:00,0.0
12/09/2014 20:45:00,0.0
12/09/2014 21:00:00,0.0
12/09/2014 21:15:00,0.0
12/09/2014 21:30:00,0.0
12/09/2014 21:45:00,0.0
12/09/2014 22:00:00,0.0
12/09/2014 22:15:00,0.0
12/09/2014 22:30:00,0.0
12/09/2014 22:45:00,0.0
12/09/2014 23:00:00,0.0
12/09/2014 23:15:00,0.0
12/09/2014 23:30:00,0.0
12/09/2014 23:45:00,0.0
13/09/2014 00:00:00,0.0
13/09/2014 00:15:00,0.0
13/09/2014 00:30:00,0.0
13/09/2014 00:45:00,0.0
13/09/2014 01:00:00,0.0
13/09/2014 01:15:00,0.0
13/09/2014 01:30:00,0.0
13/09/2014 01:45:00,0.0
13/09/2014 02:00:00,0.0
13/09/2014 02:15:00,0.0
13/09/2014 02:30:00,0.0
13/09/2014 02:45:00,0.0
13/09/2014 03:00:00,0.0
13/09/2014 03:15:00,0.0
13/09/2014 03:30:00,0.0
13/09/2014 03:45:00,0.0
13/09/2014 04:00:00,0.0
13/09/2014 04:15:00,0.0
13/09/2014 04:30:00,0.0
13/09/2014 04:45:00,0.0
13/09/2014 05:00:00,0.0
13/09/2014 05:15:00,0.0
13/09/2014 05:30:00,0.0
13/09/2014 05:45:00,0.0
13/09/2014 06:00:00,0.0
13/09/2014 06:15:00,0.0
13/09/2014 06:30:00,0.0
13/09/2014 06:45:00,0.0
13/09/2014 07:00:00,0.0
13/09/2014 07:15:00,0.0
13/09/2014 07:30:00,0.0
13/09/2014 07:45:00,0.0
13/09/2014 08:00:00,0.0
13/09/2014 08:15:00,0.0
13/09/2014 08:30:00,0.0
13/09/2014 08:45:00,0.0
13/09/2014 09:00:00,0.0
13/09/2014 09:15:00,0.0
13/09/2014 09:30:00,0.0
13/09/2014 09:45:00,0.0
13/09/2014 10:00:00,0.0
13/09/2014 10:15:00,0.0
13/09/2014 10:30:00,0.0
13/09/2014 10:45:00,0.0
13/09/2014 11:00:00,0.0
13/09/2014 11:15:00,0.0
13/09/2014 11:30:00,0.222866666667
13/09/2014 11:45:00,0.395666666667
13/09/2014 12:00:00,0.279333333333
13/09/2014 12:15:00,0.0
13/09/2014 12:30:00,0.0
13/09/2014 12:45:00,0.0
13/09/2014 13:00:00,0.0
13/09/2014 13:15:00,0.0
13/09/2014 13:30:00,0.0
13/09/2014 13:45:00,0.0
13/09/2014 14:00:00,0.0
13/09/2014 14:15:00,0.0
13/09/2014 14:30:00,0.0
13/09/2014 14:45:00,0.0
13/09/2014 15:00:00,0.0
13/09/2014 15:15:00,0.0
13/09/2014 15:30:00,0.0
13/09/2014 15:45:00,0.0
13/09/2014 16:00:00,0.0
13/09/2014 16:15:00,0.0
13/09/2014 16:30:00,0.0
13/09/2014 16:45:00,0.0
13/09/2014 17:00:00,0.0
13/09/2014 17:15:00,0.0
13/09/2014 17:30:00,0.0
13/09/2014 17:45:00,0.0
13/09/2014 18:00:00,0.0
13/09/2014 18:15:00,0.0
13/09/2014 18:30:00,0.0
13/09/2014 18:45:00,0.0
13/09/2014 19:00:00,0.0
13/09/2014 19:15:00,0.0
13/09/2014 19:30:00,0.0
13/09/2014 19:45:00,0.0
13/09/2014 20:00:00,0.0
13/09/2014 20:15:00,0.0
13/09/2014 20:30:00,0.0
13/09/2014 20:45:00,0.0
13/09/2014 21:00:00,0.0
13/09/2014 21:15:00,0.0
13/09/2014 21:30:00,0.0
13/09/2014 21:45:00,0.0
13/09/2014 22:00:00,0.0
13/09/2014 22:15:00,0.0
13/09/2014 22:30:00,0.0
13/09/2014 22:45:00,0.0
13/09/2014 23:00:00,0.0
13/09/2014 23:15:00,0.0
13/09/2014 23:30:00,0.0
13/09/2014 23:45:00,0.0
14/09/2014 00:00:00,0.0
14/09/2014 00:15:00,0.0
14/09/2014 00:30:00,0.0
14/09/2014 00:45:00,0.0
14/09/2014 01:00:00,0.0
14/09/2014 01:15:00,0.0
14/09/2014 01:30:00,0.0
14/09/2014 01:45:00,0.0
14/09/2014 02:00:00,0.0
14/09/2014 02:15:00,0.0
14/09/2014 02:30:00,0.0
14/09/2014 02:45:00,0.0
14/09/2014 03:00:00,0.0
14/09/2014 03:15:00,0.0
14/09/2014 03:30:00,0.0
14/09/2014 03:45:00,0.0
14/09/2014 04:00:00,0.0
14/09/2014 04:15:00,0.0
14/09/2014 04:30:00,0.0
14/09/2014 04:45:00,0.0
14/09/2014 05:00:00,0.0
14/09/2014 05:15:00,0.0
14/09/2014 05:30:00,0.0
14/09/2014 05:45:00,0.0
14/09/2014 06:00:00,0.0
14/09/2014 06:15:00,0.0
14/09/2014 06:30:00,0.0
14/09/2014 06:45:00,0.0
14/09/2014 07:00:00,0.0
14/09/2014 07:15:00,0.0
14/09/2014 07:30:00,0.0
14/09/2014 07:45:00,0.0
14/09/2014 08:00:00,0.0
14/09/2014 08:15:00,0.0
14/09/2014 08:30:00,0.0
14/09/2014 08:45:00,0.0
14/09/2014 09:00:00,0.0
14/09/2014 09:15:00,0.0
14/09/2014 09:30:00,0.0
14/09/2014 09:45:00,0.0
14/09/2014 10:00:00,0.0
14/09/2014 10:15:00,0.0
14/09/2014 10:30:00,0.0
14/09/2014 10:45:00,0.0
14/09/2014 11:00:00,0.0
14/09/2014 11:15:00,0.0
14/09/2014 11:30:00,0.0
14/09/2014 11:45:00,0.0
14/09/2014 12:00:00,0.0
14/09/2014 12:15:00,0.0
14/09/2014 12:30:00,0.0
14/09/2014 12:45:00,0.0
14/09/2014 13:00:00,0.0
14/09/2014 13:15:00,0.0
14/09/2014 13:30:00,0.0
14/09/2014 13:45:00,0.0
14/09/2014 14:00:00,0.0
14/09/2014 14:15:00,0.0
14/09/2014 14:30:00,0.0
14/09/2014 14:45:00,0.0
14/09/2014 15:00:00,0.0
14/09/2014 15:15:00,0.0
14/09/2014 15:30:00,0.0
14/09/2014 15:45:00,0.0
14/09/2014 16:00:00,0.0
14/09/2014 16:15:00,0.0
14/09/2014 16:30:00,0.0
14/09/2014 16:45:00,0.0
14/09/2014 17:00:00,0.0
14/09/2014 17:15:00,0.0
14/09/2014 17:30:00,0.0
14/09/2014 17:45:00,0.0
14/09/2014 18:00:00,0.0
14/09/2014 18:15:00,0.0
14/09/2014 18:30:00,0.0
14/09/2014 18:45:00,0.0
14/09/2014 19:00:00,0.0
14/09/2014 19:15:00,0.0
14/09/2014 19:30:00,0.0
14/09/2014 19:45:00,0.0
14/09/2014 20:00:00,0.0
14/09/2014 20:15:00,0.0
14/09/2014 20:30:00,0.0
14/09/2014 20:45:00,0.0
14/09/2014 21:00:00,0.0
14/09/2014 21:15:00,0.0
14/09/2014 21:30:00,0.170266666667
14/09/2014 21:45:00,0.400933333333
14/09/2014 22:00:00,0.2524
14/09/2014 22:15:00,0.0
14/09/2014 22:30:00,0.0
14/09/2014 22:45:00,0.0
14/09/2014 23:00:00,0.0
14/09/2014 23:15:00,0.0
14/09/2014 23:30:00,0.0
14/09/2014 23:45:00,0.0
15/09/2014 00:00:00,0.0
15/09/2014 00:15:00,0.0
15/09/2014 00:30:00,0.0
15/09/2014 00:45:00,0.0
15/09/2014 01:00:00,0.0
15/09/2014 01:15:00,0.0
15/09/2014 01:30:00,0.0
15/09/2014 01:45:00,0.0
15/09/2014 02:00:00,0.0
15/09/2014 02:15:00,0.0
15/09/2014 02:30:00,0.0
15/09/2014 02:45:00,0.0
15/09/2014 03:00:00,0.0
15/09/2014 03:15:00,0.0
15/09/2014 03:30:00,0.0
15/09/2014 03:45:00,0.0
15/09/2014 04:00:00,0.0
15/09/2014 04:15:00,0.0
15/09/2014 04:30:00,0.0
15/09/2014 04:45:00,0.0
15/09/2014 05:00:00,0.0
15/09/2014 05:15:00,0.0
15/09/2014 05:30:00,0.0
15/09/2014 05:45:00,0.0
15/09/2014 06:00:00,0.0
15/09/2014 06:15:00,0.0
15/09/2014 06:30:00,0.0
15/09/2014 06:45:00,0.0
15/09/2014 07:00:00,0.0
15/09/2014 07:15:00,0.0
15/09/2014 07:30:00,0.0
15/09/2014 07:45:00,0.0
15/09/2014 08:00:00,0.0
15/09/2014 08:15:00,0.0
15/09/2014 08:30:00,0.0
15/09/2014 08:45:00,0.0
15/09/2014 09:00:00,0.0
15/09/2014 09:15:00,0.0
15/09/2014 09:30:00,0.0
15/09/2014 09:45:00,0.0
15/09/2014 10:00:00,0.0
15/09/2014 10:15:00,0.0
15/09/2014 10:30:00,0.0
15/09/2014 10:45:00,0.0
15/09/2014 11:00:00,0.0
15/09/2014 11:15:00,0.0
15/09/2014 11:30:00,0.0
15/09/2014 11:45:00,0.0
15/09/2014 12:00:00,0.0
15/09/2014 12:15:00,0.1486
15/09/2014 12:30:00,0.148666666667
15/09/2014 12:45:00,0.0
15/09/2014 13:00:00,0.0
15/09/2014 13:15:00,0.0
15/09/2014 13:30:00,0.0
15/09/2014 13:45:00,0.0
15/09/2014 14:00:00,0.0
15/09/2014 14:15:00,0.0
15/09/2014 14:30:00,0.0
15/09/2014 14:45:00,0.0
15/09/2014 15:00:00,0.0
15/09/2014 15:15:00,0.0
15/09/2014 15:30:00,0.0
15/09/2014 15:45:00,0.0
15/09/2014 16:00:00,0.0
15/09/2014 16:15:00,0.0
15/09/2014 16:30:00,0.0
15/09/2014 16:45:00,0.0
15/09/2014 17:00:00,0.0
15/09/2014 17:15:00,0.0
15/09/2014 17:30:00,0.0
15/09/2014 17:45:00,0.0
15/09/2014 18:00:00,0.0
15/09/2014 18:15:00,0.0
15/09/2014 18:30:00,0.0
15/09/2014 18:45:00,0.0
15/09/2014 19:00:00,0.0
15/09/2014 19:15:00,0.0
15/09/2014 19:30:00,0.0
15/09/2014 19:45:00,0.0
15/09/2014 20:00:00,0.0
15/09/2014 20:15:00,0.0
15/09/2014 20:30:00,0.0
15/09/2014 20:45:00,0.0
15/09/2014 21:00:00,0.0
15/09/2014 21:15:00,0.0
15/09/2014 21:30:00,0.0
15/09/2014 21:45:00,0.0
15/09/2014 22:00:00,0.0
15/09/2014 22:15:00,0.0
15/09/2014 22:30:00,0.0
15/09/2014 22:45:00,0.0
15/09/2014 23:00:00,0.0
15/09/2014 23:15:00,0.0
15/09/2014 23:30:00,0.0
15/09/2014 23:45:00,0.0
16/09/2014 00:00:00,0.0
16/09/2014 00:15:00,0.0
16/09/2014 00:30:00,0.0
16/09/2014 00:45:00,0.0
16/09/2014 01:00:00,0.0
16/09/2014 01:15:00,0.0
16/09/2014 01:30:00,0.0
16/09/2014 01:45:00,0.0
16/09/2014 02:00:00,0.0
16/09/2014 02:15:00,0.0
16/09/2014 02:30:00,0.0
16/09/2014 02:45:00,0.0
16/09/2014 03:00:00,0.0
16/09/2014 03:15:00,0.0
16/09/2014 03:30:00,0.0
16/09/2014 03:45:00,0.0
16/09/2014 04:00:00,0.0
16/09/2014 04:15:00,0.0
16/09/2014 04:30:00,0.0
16/09/2014 04:45:00,0.0
16/09/2014 05:00:00,0.0
16/09/2014 05:15:00,0.0
16/09/2014 05:30:00,0.0
16/09/2014 05:45:00,0.0
16/09/2014 06:00:00,0.0
16/09/2014 06:15:00,0.0
16/09/2014 06:30:00,0.0
16/09/2014 06:45:00,0.0
16/09/2014 07:00:00,0.0
16/09/2014 07:15:00,0.0
16/09/2014 07:30:00,0.0
16/09/2014 07:45:00,0.0
16/09/2014 08:00:00,0.0
16/09/2014 08:15:00,0.0
16/09/2014 08:30:00,0.0
16/09/2014 08:45:00,0.0
16/09/2014 09:00:00,0.0
16/09/2014 09:15:00,0.0
16/09/2014 09:30:00,0.0
16/09/2014 09:45:00,0.0
16/09/2014 10:00:00,0.0
16/09/2014 10:15:00,0.0
16/09/2014 10:30:00,0.0
16/09/2014 10:45:00,0.0
16/09/2014 11:00:00,0.0
16/09/2014 11:15:00,0.0
16/09/2014 11:30:00,0.0
16/09/2014 11:45:00,0.0
16/09/2014 12:00:00,0.0
16/09/2014 12:15:00,0.0
16/09/2014 12:30:00,0.0
16/09/2014 12:45:00,0.0
16/09/2014 13:00:00,0.0
16/09/2014 13:15:00,0.0
16/09/2014 13:30:00,0.0
16/09/2014 13:45:00,0.0
16/09/2014 14:00:00,0.0
16/09/2014 14:15:00,0.0
16/09/2014 14:30:00,0.0
16/09/2014 14:45:00,0.0
16/09/2014 15:00:00,0.0
16/09/2014 15:15:00,0.0
16/09/2014 15:30:00,0.0
16/09/2014 15:45:00,0.0
16/09/2014 16:00:00,0.0
16/09/2014 16:15:00,0.0
16/09/2014 16:30:00,0.0
16/09/2014 16:45:00,0.0
16/09/2014 17:00:00,0.0
16/09/2014 17:15:00,0.0
16/09/2014 17:30:00,0.000533333333333
16/09/2014 17:45:00,0.0941333333333
16/09/2014 18:00:00,0.0
16/09/2014 18:15:00,0.0
16/09/2014 18:30:00,0.0
16/09/2014 18:45:00,0.0
16/09/2014 19:00:00,0.0
16/09/2014 19:15:00,0.0
16/09/2014 19:30:00,0.0
16/09/2014 19:45:00,0.0
16/09/2014 20:00:00,0.0
16/09/2014 20:15:00,0.0
16/09/2014 20:30:00,0.0
16/09/2014 20:45:00,0.0
16/09/2014 21:00:00,0.0
16/09/2014 21:15:00,0.0
16/09/2014 21:30:00,0.0
16/09/2014 21:45:00,0.0
16/09/2014 22:00:00,0.0
16/09/2014 22:15:00,0.0
16/09/2014 22:30:00,0.0
16/09/2014 22:45:00,0.0
16/09/2014 23:00:00,0.0
16/09/2014 23:15:00,0.0
16/09/2014 23:30:00,0.0
16/09/2014 23:45:00,0.0
17/09/2014 00:00:00,0.0
17/09/2014 00:15:00,0.0
17/09/2014 00:30:00,0.0
17/09/2014 00:45:00,0.0
17/09/2014 01:00:00,0.0
17/09/2014 01:15:00,0.0
17/09/2014 01:30:00,0.0
17/09/2014 01:45:00,0.0
17/09/2014 02:00:00,0.0
17/09/2014 02:15:00,0.0
17/09/2014 02:30:00,0.0
17/09/2014 02:45:00,0.0
17/09/2014 03:00:00,0.0
17/09/2014 03:15:00,0.0
17/09/2014 03:30:00,0.0
17/09/2014 03:45:00,0.0
17/09/2014 04:00:00,0.0
17/09/2014 04:15:00,0.0
17/09/2014 04:30:00,0.0
17/09/2014 04:45:00,0.0
17/09/2014 05:00:00,0.0
17/09/2014 05:15:00,0.0
17/09/2014 05:30:00,0.0
17/09/2014 05:45:00,0.0
17/09/2014 06:00:00,0.0
17/09/2014 06:15:00,0.0
17/09/2014 06:30:00,0.0
17/09/2014 06:45:00,0.0
17/09/2014 07:00:00,0.0
17/09/2014 07:15:00,0.0
17/09/2014 07:30:00,0.0
17/09/2014 07:45:00,0.0
17/09/2014 08:00:00,0.0
17/09/2014 08:15:00,0.0
17/09/2014 08:30:00,0.0
17/09/2014 08:45:00,0.0
17/09/2014 09:00:00,0.0
17/09/2014 09:15:00,0.0
17/09/2014 09:30:00,0.0
17/09/2014 09:45:00,0.0
17/09/2014 10:00:00,0.0
17/09/2014 10:15:00,0.0
17/09/2014 10:30:00,0.0
17/09/2014 10:45:00,0.0
17/09/2014 11:00:00,0.0
17/09/2014 11:15:00,0.0
17/09/2014 11:30:00,0.0
17/09/2014 11:45:00,0.0
17/09/2014 12:00:00,0.0
17/09/2014 12:15:00,0.0
17/09/2014 12:30:00,0.0
17/09/2014 12:45:00,0.0
17/09/2014 13:00:00,0.0
17/09/2014 13:15:00,0.0
17/09/2014 13:30:00,0.0
17/09/2014 13:45:00,0.0
17/09/2014 14:00:00,0.0
17/09/2014 14:15:00,0.0
17/09/2014 14:30:00,0.0
17/09/2014 14:45:00,0.0
17/09/2014 15:00:00,0.0
17/09/2014 15:15:00,0.0
17/09/2014 15:30:00,0.0
17/09/2014 15:45:00,0.0
17/09/2014 16:00:00,0.0
17/09/2014 16:15:00,0.0
17/09/2014 16:30:00,0.0
17/09/2014 16:45:00,0.0
17/09/2014 17:00:00,0.0
17/09/2014 17:15:00,0.0
17/09/2014 17:30:00,0.0
17/09/2014 17:45:00,0.0
17/09/2014 18:00:00,0.0
17/09/2014 18:15:00,0.0
17/09/2014 18:30:00,0.0
17/09/2014 18:45:00,0.0
17/09/2014 19:00:00,0.0
17/09/2014 19:15:00,0.0
17/09/2014 19:30:00,0.0
17/09/2014 19:45:00,0.0
17/09/2014 20:00:00,0.0
17/09/2014 20:15:00,0.0
17/09/2014 20:30:00,0.0
17/09/2014 20:45:00,0.0
17/09/2014 21:00:00,0.0
17/09/2014 21:15:00,0.0
17/09/2014 21:30:00,0.0
17/09/2014 21:45:00,0.0
17/09/2014 22:00:00,0.0
17/09/2014 22:15:00,0.0
17/09/2014 22:30:00,0.0
17/09/2014 22:45:00,0.0
17/09/2014 23:00:00,0.0
17/09/2014 23:15:00,0.0
17/09/2014 23:30:00,0.0
17/09/2014 23:45:00,0.0
18/09/2014 00:00:00,0.0
18/09/2014 00:15:00,0.0
18/09/2014 00:30:00,0.0
18/09/2014 00:45:00,0.0
18/09/2014 01:00:00,0.0
18/09/2014 01:15:00,0.0
18/09/2014 01:30:00,0.0
18/09/2014 01:45:00,0.0
18/09/2014 02:00:00,0.0
18/09/2014 02:15:00,0.0
18/09/2014 02:30:00,0.0
18/09/2014 02:45:00,0.0
18/09/2014 03:00:00,0.0
18/09/2014 03:15:00,0.0
18/09/2014 03:30:00,0.0
18/09/2014 03:45:00,0.0
18/09/2014 04:00:00,0.0
18/09/2014 04:15:00,0.0
18/09/2014 04:30:00,0.0
18/09/2014 04:45:00,0.0
18/09/2014 05:00:00,0.0
18/09/2014 05:15:00,0.0
18/09/2014 05:30:00,0.0
18/09/2014 05:45:00,0.0
18/09/2014 06:00:00,0.0
18/09/2014 06:15:00,0.0
18/09/2014 06:30:00,0.0
18/09/2014 06:45:00,0.1866
18/09/2014 07:00:00,0.173466666667
18/09/2014 07:15:00,0.3298
18/09/2014 07:30:00,0.291066666667
18/09/2014 07:45:00,0.0
18/09/2014 08:00:00,0.0
18/09/2014 08:15:00,0.0
18/09/2014 08:30:00,0.0
18/09/2014 08:45:00,0.0
18/09/2014 09:00:00,0.0
18/09/2014 09:15:00,0.0
18/09/2014 09:30:00,0.0
18/09/2014 09:45:00,0.0
18/09/2014 10:00:00,0.0368666666667
18/09/2014 10:15:00,0.3852
18/09/2014 10:30:00,0.3934
18/09/2014 10:45:00,0.0
18/09/2014 11:00:00,0.0
18/09/2014 11:15:00,0.0
18/09/2014 11:30:00,0.0
18/09/2014 11:45:00,0.0
18/09/2014 12:00:00,0.0
18/09/2014 12:15:00,0.0
18/09/2014 12:30:00,0.0
18/09/2014 12:45:00,0.0
18/09/2014 13:00:00,0.0
18/09/2014 13:15:00,0.0
18/09/2014 13:30:00,0.0
18/09/2014 13:45:00,0.0
18/09/2014 14:00:00,0.0
18/09/2014 14:15:00,0.0
18/09/2014 14:30:00,0.0
18/09/2014 14:45:00,0.0
18/09/2014 15:00:00,0.265266666667
18/09/2014 15:15:00,0.409133333333
18/09/2014 15:30:00,0.142666666667
18/09/2014 15:45:00,0.0
18/09/2014 16:00:00,0.0
18/09/2014 16:15:00,0.201666666667
18/09/2014 16:30:00,0.213066666667
18/09/2014 16:45:00,0.374133333333
18/09/2014 17:00:00,0.0
18/09/2014 17:15:00,0.0
18/09/2014 17:30:00,0.0867333333333
18/09/2014 17:45:00,0.342333333333
18/09/2014 18:00:00,0.390866666667
18/09/2014 18:15:00,0.0
18/09/2014 18:30:00,0.0
18/09/2014 18:45:00,0.0
18/09/2014 19:00:00,0.0
18/09/2014 19:15:00,0.0
18/09/2014 19:30:00,0.0
18/09/2014 19:45:00,0.0
18/09/2014 20:00:00,0.0
18/09/2014 20:15:00,0.0
18/09/2014 20:30:00,0.0
18/09/2014 20:45:00,0.0
18/09/2014 21:00:00,0.0
18/09/2014 21:15:00,0.0
18/09/2014 21:30:00,0.0
18/09/2014 21:45:00,0.0
18/09/2014 22:00:00,0.0
18/09/2014 22:15:00,0.0
18/09/2014 22:30:00,0.0
18/09/2014 22:45:00,0.0
18/09/2014 23:00:00,0.0
18/09/2014 23:15:00,0.0
18/09/2014 23:30:00,0.0
18/09/2014 23:45:00,0.0
19/09/2014 00:00:00,0.0
19/09/2014 00:15:00,0.0
19/09/2014 00:30:00,0.0
19/09/2014 00:45:00,0.0
19/09/2014 01:00:00,0.0
19/09/2014 01:15:00,0.0
19/09/2014 01:30:00,0.0
19/09/2014 01:45:00,0.0
19/09/2014 02:00:00,0.0
19/09/2014 02:15:00,0.0
19/09/2014 02:30:00,0.0
19/09/2014 02:45:00,0.0
19/09/2014 03:00:00,0.0
19/09/2014 03:15:00,0.0
19/09/2014 03:30:00,0.0
19/09/2014 03:45:00,0.0
19/09/2014 04:00:00,0.0
19/09/2014 04:15:00,0.0
19/09/2014 04:30:00,0.0
19/09/2014 04:45:00,0.0
19/09/2014 05:00:00,0.0
19/09/2014 05:15:00,0.0
19/09/2014 05:30:00,0.0
19/09/2014 05:45:00,0.0
19/09/2014 06:00:00,0.0
19/09/2014 06:15:00,0.0
19/09/2014 06:30:00,0.0
19/09/2014 06:45:00,0.0
19/09/2014 07:00:00,0.0
19/09/2014 07:15:00,0.0
19/09/2014 07:30:00,0.0
19/09/2014 07:45:00,0.0
19/09/2014 08:00:00,0.0
19/09/2014 08:15:00,0.0
19/09/2014 08:30:00,0.0
19/09/2014 08:45:00,0.0
19/09/2014 09:00:00,0.0
19/09/2014 09:15:00,0.0
19/09/2014 09:30:00,0.0
19/09/2014 09:45:00,0.0
19/09/2014 10:00:00,0.0
19/09/2014 10:15:00,0.0
19/09/2014 10:30:00,0.0
19/09/2014 10:45:00,0.0
19/09/2014 11:00:00,0.0
19/09/2014 11:15:00,0.0
19/09/2014 11:30:00,0.0
19/09/2014 11:45:00,0.0
19/09/2014 12:00:00,0.0
19/09/2014 12:15:00,0.0
19/09/2014 12:30:00,0.0
19/09/2014 12:45:00,0.0
19/09/2014 13:00:00,0.0
19/09/2014 13:15:00,0.0
19/09/2014 13:30:00,0.0
19/09/2014 13:45:00,0.0
19/09/2014 14:00:00,0.0
19/09/2014 14:15:00,0.0
19/09/2014 14:30:00,0.0
19/09/2014 14:45:00,0.0
19/09/2014 15:00:00,0.0
19/09/2014 15:15:00,0.0
19/09/2014 15:30:00,0.0
19/09/2014 15:45:00,0.0
19/09/2014 16:00:00,0.0
19/09/2014 16:15:00,0.0
19/09/2014 16:30:00,0.0
19/09/2014 16:45:00,0.0
19/09/2014 17:00:00,0.0
19/09/2014 17:15:00,0.0
19/09/2014 17:30:00,0.0
19/09/2014 17:45:00,0.0
19/09/2014 18:00:00,0.0
19/09/2014 18:15:00,0.0
19/09/2014 18:30:00,0.0
19/09/2014 18:45:00,0.0
19/09/2014 19:00:00,0.0
19/09/2014 19:15:00,0.0
19/09/2014 19:30:00,0.0
19/09/2014 19:45:00,0.0
19/09/2014 20:00:00,0.0
19/09/2014 20:15:00,0.0
19/09/2014 20:30:00,0.0
19/09/2014 20:45:00,0.0
19/09/2014 21:00:00,0.0
19/09/2014 21:15:00,0.0
19/09/2014 21:30:00,0.0
19/09/2014 21:45:00,0.0
19/09/2014 22:00:00,0.0
19/09/2014 22:15:00,0.0
19/09/2014 22:30:00,0.0
19/09/2014 22:45:00,0.0
19/09/2014 23:00:00,0.0
19/09/2014 23:15:00,0.0
19/09/2014 23:30:00,0.0
19/09/2014 23:45:00,0.0
20/09/2014 00:00:00,0.0
20/09/2014 00:15:00,0.0
20/09/2014 00:30:00,0.0
20/09/2014 00:45:00,0.0
20/09/2014 01:00:00,0.0
20/09/2014 01:15:00,0.0
20/09/2014 01:30:00,0.0
20/09/2014 01:45:00,0.0
20/09/2014 02:00:00,0.0
20/09/2014 02:15:00,0.0
20/09/2014 02:30:00,0.0
20/09/2014 02:45:00,0.0
20/09/2014 03:00:00,0.0
20/09/2014 03:15:00,0.0
20/09/2014 03:30:00,0.0
20/09/2014 03:45:00,0.0
20/09/2014 04:00:00,0.0
20/09/2014 04:15:00,0.0
20/09/2014 04:30:00,0.0
20/09/2014 04:45:00,0.0
20/09/2014 05:00:00,0.0
20/09/2014 05:15:00,0.0
20/09/2014 05:30:00,0.0
20/09/2014 05:45:00,0.0
20/09/2014 06:00:00,0.0
20/09/2014 06:15:00,0.0
20/09/2014 06:30:00,0.0
20/09/2014 06:45:00,0.0
20/09/2014 07:00:00,0.0
20/09/2014 07:15:00,0.0
20/09/2014 07:30:00,0.0
20/09/2014 07:45:00,0.0
20/09/2014 08:00:00,0.0
20/09/2014 08:15:00,0.0
20/09/2014 08:30:00,0.0
20/09/2014 08:45:00,0.0
20/09/2014 09:00:00,0.0
20/09/2014 09:15:00,0.0
20/09/2014 09:30:00,0.0
20/09/2014 09:45:00,0.0
20/09/2014 10:00:00,0.0
20/09/2014 10:15:00,0.0
20/09/2014 10:30:00,0.0
20/09/2014 10:45:00,0.0
20/09/2014 11:00:00,0.0
20/09/2014 11:15:00,0.0
20/09/2014 11:30:00,0.0
20/09/2014 11:45:00,0.0
20/09/2014 12:00:00,0.0
20/09/2014 12:15:00,0.0
20/09/2014 12:30:00,0.0
20/09/2014 12:45:00,0.0
20/09/2014 13:00:00,0.0
20/09/2014 13:15:00,0.0
20/09/2014 13:30:00,0.0
20/09/2014 13:45:00,0.0
20/09/2014 14:00:00,0.0
20/09/2014 14:15:00,0.0
20/09/2014 14:30:00,0.0
20/09/2014 14:45:00,0.0
20/09/2014 15:00:00,0.0
20/09/2014 15:15:00,0.0
20/09/2014 15:30:00,0.0
20/09/2014 15:45:00,0.0
20/09/2014 16:00:00,0.0
20/09/2014 16:15:00,0.0
20/09/2014 16:30:00,0.0
20/09/2014 16:45:00,0.0
20/09/2014 17:00:00,0.0
20/09/2014 17:15:00,0.0
20/09/2014 17:30:00,0.0
20/09/2014 17:45:00,0.0
20/09/2014 18:00:00,0.0
20/09/2014 18:15:00,0.0
20/09/2014 18:30:00,0.0
20/09/2014 18:45:00,0.0
20/09/2014 19:00:00,0.0
20/09/2014 19:15:00,0.0
20/09/2014 19:30:00,0.0
20/09/2014 19:45:00,0.0
20/09/2014 20:00:00,0.0
20/09/2014 20:15:00,0.0
20/09/2014 20:30:00,0.0
20/09/2014 20:45:00,0.0
20/09/2014 21:00:00,0.0
20/09/2014 21:15:00,0.0
20/09/2014 21:30:00,0.0
20/09/2014 21:45:00,0.0
20/09/2014 22:00:00,0.0
20/09/2014 22:15:00,0.0
20/09/2014 22:30:00,0.0
20/09/2014 22:45:00,0.0
20/09/2014 23:00:00,0.0
20/09/2014 23:15:00,0.0
20/09/2014 23:30:00,0.0
20/09/2014 23:45:00,0.0
21/09/2014 00:00:00,0.0
21/09/2014 00:15:00,0.0
21/09/2014 00:30:00,0.0
21/09/2014 00:45:00,0.0
21/09/2014 01:00:00,0.0
21/09/2014 01:15:00,0.0
21/09/2014 01:30:00,0.0
21/09/2014 01:45:00,0.0
21/09/2014 02:00:00,0.0
21/09/2014 02:15:00,0.0
21/09/2014 02:30:00,0.0
21/09/2014 02:45:00,0.0
21/09/2014 03:00:00,0.0
21/09/2014 03:15:00,0.0
21/09/2014 03:30:00,0.0
21/09/2014 03:45:00,0.0
21/09/2014 04:00:00,0.0
21/09/2014 04:15:00,0.0
21/09/2014 04:30:00,0.0
21/09/2014 04:45:00,0.0
21/09/2014 05:00:00,0.0
21/09/2014 05:15:00,0.0
21/09/2014 05:30:00,0.0
21/09/2014 05:45:00,0.0
21/09/2014 06:00:00,0.0
21/09/2014 06:15:00,0.0
21/09/2014 06:30:00,0.0
21/09/2014 06:45:00,0.0
21/09/2014 07:00:00,0.0
21/09/2014 07:15:00,0.0
21/09/2014 07:30:00,0.0
21/09/2014 07:45:00,0.0
21/09/2014 08:00:00,0.0
21/09/2014 08:15:00,0.0
21/09/2014 08:30:00,0.0
21/09/2014 08:45:00,0.0
21/09/2014 09:00:00,0.0
21/09/2014 09:15:00,0.0
21/09/2014 09:30:00,0.0
21/09/2014 09:45:00,0.0
21/09/2014 10:00:00,0.0
21/09/2014 10:15:00,0.0
21/09/2014 10:30:00,0.0
21/09/2014 10:45:00,0.0
21/09/2014 11:00:00,0.0
21/09/2014 11:15:00,0.0
21/09/2014 11:30:00,0.0
21/09/2014 11:45:00,0.0
21/09/2014 12:00:00,0.0
21/09/2014 12:15:00,0.0
21/09/2014 12:30:00,0.0
21/09/2014 12:45:00,0.0
21/09/2014 13:00:00,0.0
21/09/2014 13:15:00,0.0
21/09/2014 13:30:00,0.0
21/09/2014 13:45:00,0.0
21/09/2014 14:00:00,0.0
21/09/2014 14:15:00,0.0
21/09/2014 14:30:00,0.0
21/09/2014 14:45:00,0.0
21/09/2014 15:00:00,0.0
21/09/2014 15:15:00,0.0
21/09/2014 15:30:00,0.0
21/09/2014 15:45:00,0.0
21/09/2014 16:00:00,0.0
21/09/2014 16:15:00,0.0
21/09/2014 16:30:00,0.0
21/09/2014 16:45:00,0.0
21/09/2014 17:00:00,0.0
21/09/2014 17:15:00,0.0
21/09/2014 17:30:00,0.0
21/09/2014 17:45:00,0.0
21/09/2014 18:00:00,0.0
21/09/2014 18:15:00,0.0
21/09/2014 18:30:00,0.0
21/09/2014 18:45:00,0.0
21/09/2014 19:00:00,0.0
21/09/2014 19:15:00,0.0
21/09/2014 19:30:00,0.0
21/09/2014 19:45:00,0.0
21/09/2014 20:00:00,0.0
21/09/2014 20:15:00,0.0
21/09/2014 20:30:00,0.0
21/09/2014 20:45:00,0.0
21/09/2014 21:00:00,0.0
21/09/2014 21:15:00,0.0
21/09/2014 21:30:00,0.0
21/09/2014 21:45:00,0.0
21/09/2014 22:00:00,0.0
21/09/2014 22:15:00,0.0714
21/09/2014 22:30:00,0.4122
21/09/2014 22:45:00,0.386866666667
21/09/2014 23:00:00,0.0
21/09/2014 23:15:00,0.0
21/09/2014 23:30:00,0.0
21/09/2014 23:45:00,0.0
22/09/2014 00:00:00,0.0
22/09/2014 00:15:00,0.0
22/09/2014 00:30:00,0.0
22/09/2014 00:45:00,0.0
22/09/2014 01:00:00,0.0
22/09/2014 01:15:00,0.0
22/09/2014 01:30:00,0.0
22/09/2014 01:45:00,0.0
22/09/2014 02:00:00,0.0
22/09/2014 02:15:00,0.0
22/09/2014 02:30:00,0.0
22/09/2014 02:45:00,0.0
22/09/2014 03:00:00,0.0
22/09/2014 03:15:00,0.0
22/09/2014 03:30:00,0.0
22/09/2014 03:45:00,0.0
22/09/2014 04:00:00,0.0
22/09/2014 04:15:00,0.0
22/09/2014 04:30:00,0.0
22/09/2014 04:45:00,0.0
22/09/2014 05:00:00,0.0
22/09/2014 05:15:00,0.0
22/09/2014 05:30:00,0.0
22/09/2014 05:45:00,0.0
22/09/2014 06:00:00,0.0
22/09/2014 06:15:00,0.0
22/09/2014 06:30:00,0.0
22/09/2014 06:45:00,0.0
22/09/2014 07:00:00,0.0
22/09/2014 07:15:00,0.0
22/09/2014 07:30:00,0.0
22/09/2014 07:45:00,0.0
22/09/2014 08:00:00,0.0
22/09/2014 08:15:00,0.0
22/09/2014 08:30:00,0.0
22/09/2014 08:45:00,0.0
22/09/2014 09:00:00,0.0
22/09/2014 09:15:00,0.0
22/09/2014 09:30:00,0.0
22/09/2014 09:45:00,0.0
22/09/2014 10:00:00,0.0
22/09/2014 10:15:00,0.0
22/09/2014 10:30:00,0.0
22/09/2014 10:45:00,0.0
22/09/2014 11:00:00,0.0
22/09/2014 11:15:00,0.0
22/09/2014 11:30:00,0.0
22/09/2014 11:45:00,0.0
22/09/2014 12:00:00,0.0
22/09/2014 12:15:00,0.0
22/09/2014 12:30:00,0.0
22/09/2014 12:45:00,0.0
22/09/2014 13:00:00,0.0
22/09/2014 13:15:00,0.0
22/09/2014 13:30:00,0.0
22/09/2014 13:45:00,0.0
22/09/2014 14:00:00,0.0
22/09/2014 14:15:00,0.0
22/09/2014 14:30:00,0.0
22/09/2014 14:45:00,0.0
22/09/2014 15:00:00,0.0
22/09/2014 15:15:00,0.0
22/09/2014 15:30:00,0.0
22/09/2014 15:45:00,0.0
22/09/2014 16:00:00,0.0
22/09/2014 16:15:00,0.0
22/09/2014 16:30:00,0.0622666666667
22/09/2014 16:45:00,0.3766
22/09/2014 17:00:00,0.238333333333
22/09/2014 17:15:00,0.3228
22/09/2014 17:30:00,0.354
22/09/2014 17:45:00,0.000466666666667
22/09/2014 18:00:00,0.0
22/09/2014 18:15:00,0.0
22/09/2014 18:30:00,0.0
22/09/2014 18:45:00,0.0
22/09/2014 19:00:00,0.0
22/09/2014 19:15:00,0.0
22/09/2014 19:30:00,0.0
22/09/2014 19:45:00,0.0
22/09/2014 20:00:00,0.0
22/09/2014 20:15:00,0.0
22/09/2014 20:30:00,0.0
22/09/2014 20:45:00,0.0
22/09/2014 21:00:00,0.0
22/09/2014 21:15:00,0.0
22/09/2014 21:30:00,0.0
22/09/2014 21:45:00,0.0
22/09/2014 22:00:00,0.0
22/09/2014 22:15:00,0.0
22/09/2014 22:30:00,0.0
22/09/2014 22:45:00,0.0
22/09/2014 23:00:00,0.0
22/09/2014 23:15:00,0.0
22/09/2014 23:30:00,0.0
22/09/2014 23:45:00,0.0
23/09/2014 00:00:00,0.0
23/09/2014 00:15:00,0.0
23/09/2014 00:30:00,0.0
23/09/2014 00:45:00,0.0
23/09/2014 01:00:00,0.0
23/09/2014 01:15:00,0.0
23/09/2014 01:30:00,0.0
23/09/2014 01:45:00,0.0
23/09/2014 02:00:00,0.0
23/09/2014 02:15:00,0.0
23/09/2014 02:30:00,0.0
23/09/2014 02:45:00,0.0
23/09/2014 03:00:00,0.0
23/09/2014 03:15:00,0.0
23/09/2014 03:30:00,0.0
23/09/2014 03:45:00,0.0
23/09/2014 04:00:00,0.0
23/09/2014 04:15:00,0.0
23/09/2014 04:30:00,0.0
23/09/2014 04:45:00,0.0
23/09/2014 05:00:00,0.0
23/09/2014 05:15:00,0.0
23/09/2014 05:30:00,0.0
23/09/2014 05:45:00,0.0
23/09/2014 06:00:00,0.0
23/09/2014 06:15:00,0.0
23/09/2014 06:30:00,0.0
23/09/2014 06:45:00,0.0
23/09/2014 07:00:00,0.0
23/09/2014 07:15:00,0.0
23/09/2014 07:30:00,0.0
23/09/2014 07:45:00,0.0
23/09/2014 08:00:00,0.0
23/09/2014 08:15:00,0.0
23/09/2014 08:30:00,0.0
23/09/2014 08:45:00,0.0
23/09/2014 09:00:00,0.0
23/09/2014 09:15:00,0.0
23/09/2014 09:30:00,0.0
23/09/2014 09:45:00,0.0
23/09/2014 10:00:00,0.0
23/09/2014 10:15:00,0.0
23/09/2014 10:30:00,0.0
23/09/2014 10:45:00,0.0
23/09/2014 11:00:00,0.0
23/09/2014 11:15:00,0.0
23/09/2014 11:30:00,0.0
23/09/2014 11:45:00,0.0
23/09/2014 12:00:00,0.0
23/09/2014 12:15:00,0.0
23/09/2014 12:30:00,0.0
23/09/2014 12:45:00,0.0
23/09/2014 13:00:00,0.0
23/09/2014 13:15:00,0.0
23/09/2014 13:30:00,0.0
23/09/2014 13:45:00,0.0
23/09/2014 14:00:00,0.0
23/09/2014 14:15:00,0.0
23/09/2014 14:30:00,0.0
23/09/2014 14:45:00,0.0
23/09/2014 15:00:00,0.0
23/09/2014 15:15:00,0.0
23/09/2014 15:30:00,0.0
23/09/2014 15:45:00,0.0
23/09/2014 16:00:00,0.0
23/09/2014 16:15:00,0.0
23/09/2014 16:30:00,0.0
23/09/2014 16:45:00,0.0
23/09/2014 17:00:00,0.0
23/09/2014 17:15:00,0.0
23/09/2014 17:30:00,0.0
23/09/2014 17:45:00,0.0
23/09/2014 18:00:00,0.0
23/09/2014 18:15:00,0.0
23/09/2014 18:30:00,0.0
23/09/2014 18:45:00,0.0
23/09/2014 19:00:00,0.0
23/09/2014 19:15:00,0.0
23/09/2014 19:30:00,0.0
23/09/2014 19:45:00,0.0
23/09/2014 20:00:00,0.0
23/09/2014 20:15:00,0.0
23/09/2014 20:30:00,0.0
23/09/2014 20:45:00,0.0
23/09/2014 21:00:00,0.0
23/09/2014 21:15:00,0.0
23/09/2014 21:30:00,0.0
23/09/2014 21:45:00,0.0
23/09/2014 22:00:00,0.0
23/09/2014 22:15:00,0.0
23/09/2014 22:30:00,0.0
23/09/2014 22:45:00,0.0
23/09/2014 23:00:00,0.0
23/09/2014 23:15:00,0.0
23/09/2014 23:30:00,0.0
23/09/2014 23:45:00,0.0
24/09/2014 00:00:00,0.0
24/09/2014 00:15:00,0.0
24/09/2014 00:30:00,0.0
24/09/2014 00:45:00,0.0
24/09/2014 01:00:00,0.0
24/09/2014 01:15:00,0.0
24/09/2014 01:30:00,0.0
24/09/2014 01:45:00,0.0
24/09/2014 02:00:00,0.0
24/09/2014 02:15:00,0.0
24/09/2014 02:30:00,0.0
24/09/2014 02:45:00,0.0
24/09/2014 03:00:00,0.0
24/09/2014 03:15:00,0.0
24/09/2014 03:30:00,0.0
24/09/2014 03:45:00,0.0
24/09/2014 04:00:00,0.0
24/09/2014 04:15:00,0.0
24/09/2014 04:30:00,0.0
24/09/2014 04:45:00,0.0
24/09/2014 05:00:00,0.0
24/09/2014 05:15:00,0.0
24/09/2014 05:30:00,0.0
24/09/2014 05:45:00,0.0
24/09/2014 06:00:00,0.0
24/09/2014 06:15:00,0.0
24/09/2014 06:30:00,0.0
24/09/2014 06:45:00,0.0
24/09/2014 07:00:00,0.0
24/09/2014 07:15:00,0.213866666667
24/09/2014 07:30:00,0.398266666667
24/09/2014 07:45:00,0.1486
24/09/2014 08:00:00,0.0
24/09/2014 08:15:00,0.0
24/09/2014 08:30:00,0.0
24/09/2014 08:45:00,0.0
24/09/2014 09:00:00,0.0
24/09/2014 09:15:00,0.0
24/09/2014 09:30:00,0.0
24/09/2014 09:45:00,0.0
24/09/2014 10:00:00,0.0
24/09/2014 10:15:00,0.0
24/09/2014 10:30:00,0.0
24/09/2014 10:45:00,0.0
24/09/2014 11:00:00,0.0
24/09/2014 11:15:00,0.0
24/09/2014 11:30:00,0.0
24/09/2014 11:45:00,0.0
24/09/2014 12:00:00,0.0
24/09/2014 12:15:00,0.0
24/09/2014 12:30:00,0.0
24/09/2014 12:45:00,0.0
24/09/2014 13:00:00,0.0
24/09/2014 13:15:00,0.0
24/09/2014 13:30:00,0.0
24/09/2014 13:45:00,0.0
24/09/2014 14:00:00,0.0
24/09/2014 14:15:00,0.0
24/09/2014 14:30:00,0.0
24/09/2014 14:45:00,0.0
24/09/2014 15:00:00,0.0
24/09/2014 15:15:00,0.0
24/09/2014 15:30:00,0.0
24/09/2014 15:45:00,0.0
24/09/2014 16:00:00,0.0
24/09/2014 16:15:00,0.0
24/09/2014 16:30:00,0.0
24/09/2014 16:45:00,0.0
24/09/2014 17:00:00,0.0
24/09/2014 17:15:00,0.0
24/09/2014 17:30:00,0.0
24/09/2014 17:45:00,0.0
24/09/2014 18:00:00,0.0
24/09/2014 18:15:00,0.0
24/09/2014 18:30:00,0.0
24/09/2014 18:45:00,0.0
24/09/2014 19:00:00,0.0
24/09/2014 19:15:00,0.0
24/09/2014 19:30:00,0.0
24/09/2014 19:45:00,0.0
24/09/2014 20:00:00,0.0
24/09/2014 20:15:00,0.0
24/09/2014 20:30:00,0.0
24/09/2014 20:45:00,0.0
24/09/2014 21:00:00,0.0
24/09/2014 21:15:00,0.0
24/09/2014 21:30:00,0.0
24/09/2014 21:45:00,0.0
24/09/2014 22:00:00,0.0
24/09/2014 22:15:00,0.0
24/09/2014 22:30:00,0.0
24/09/2014 22:45:00,0.0
24/09/2014 23:00:00,0.0
24/09/2014 23:15:00,0.0
24/09/2014 23:30:00,0.0
24/09/2014 23:45:00,0.0
25/09/2014 00:00:00,0.0
25/09/2014 00:15:00,0.0
25/09/2014 00:30:00,0.0
25/09/2014 00:45:00,0.0
25/09/2014 01:00:00,0.0
25/09/2014 01:15:00,0.0
25/09/2014 01:30:00,0.0
25/09/2014 01:45:00,0.0
25/09/2014 02:00:00,0.0
25/09/2014 02:15:00,0.0
25/09/2014 02:30:00,0.0
25/09/2014 02:45:00,0.0
25/09/2014 03:00:00,0.0
25/09/2014 03:15:00,0.0
25/09/2014 03:30:00,0.0
25/09/2014 03:45:00,0.0
25/09/2014 04:00:00,0.0
25/09/2014 04:15:00,0.0
25/09/2014 04:30:00,0.0
25/09/2014 04:45:00,0.0
25/09/2014 05:00:00,0.0
25/09/2014 05:15:00,0.0
25/09/2014 05:30:00,0.0
25/09/2014 05:45:00,0.0
25/09/2014 06:00:00,0.0
25/09/2014 06:15:00,0.0
25/09/2014 06:30:00,0.0
25/09/2014 06:45:00,0.0
25/09/2014 07:00:00,0.0
25/09/2014 07:15:00,0.0
25/09/2014 07:30:00,0.0
25/09/2014 07:45:00,0.0
25/09/2014 08:00:00,0.0
25/09/2014 08:15:00,0.0
25/09/2014 08:30:00,0.0
25/09/2014 08:45:00,0.0
25/09/2014 09:00:00,0.0
25/09/2014 09:15:00,0.0
25/09/2014 09:30:00,0.0
25/09/2014 09:45:00,0.0
25/09/2014 10:00:00,0.0
25/09/2014 10:15:00,0.0
25/09/2014 10:30:00,0.0
25/09/2014 10:45:00,0.0
25/09/2014 11:00:00,0.0
25/09/2014 11:15:00,0.0
25/09/2014 11:30:00,0.0
25/09/2014 11:45:00,0.0
25/09/2014 12:00:00,0.0
25/09/2014 12:15:00,0.0
25/09/2014 12:30:00,0.0
25/09/2014 12:45:00,0.0
25/09/2014 13:00:00,0.0
25/09/2014 13:15:00,0.0
25/09/2014 13:30:00,0.0
25/09/2014 13:45:00,0.0
25/09/2014 14:00:00,0.0
25/09/2014 14:15:00,0.0
25/09/2014 14:30:00,0.0
25/09/2014 14:45:00,0.0
25/09/2014 15:00:00,0.0
25/09/2014 15:15:00,0.0
25/09/2014 15:30:00,0.0
25/09/2014 15:45:00,0.0
25/09/2014 16:00:00,0.0
25/09/2014 16:15:00,0.0
25/09/2014 16:30:00,0.0
25/09/2014 16:45:00,0.0
25/09/2014 17:00:00,0.0
25/09/2014 17:15:00,0.0
25/09/2014 17:30:00,0.0
25/09/2014 17:45:00,0.0
25/09/2014 18:00:00,0.0
25/09/2014 18:15:00,0.0
25/09/2014 18:30:00,0.0
25/09/2014 18:45:00,0.0
25/09/2014 19:00:00,0.0
25/09/2014 19:15:00,0.0
25/09/2014 19:30:00,0.0
25/09/2014 19:45:00,0.0
25/09/2014 20:00:00,0.0
25/09/2014 20:15:00,0.0
25/09/2014 20:30:00,0.0
25/09/2014 20:45:00,0.0
25/09/2014 21:00:00,0.0
25/09/2014 21:15:00,0.0
25/09/2014 21:30:00,0.0
25/09/2014 21:45:00,0.0
25/09/2014 22:00:00,0.0
25/09/2014 22:15:00,0.0
25/09/2014 22:30:00,0.0
25/09/2014 22:45:00,0.0
25/09/2014 23:00:00,0.0
25/09/2014 23:15:00,0.0
25/09/2014 23:30:00,0.0
25/09/2014 23:45:00,0.0
26/09/2014 00:00:00,0.0
26/09/2014 00:15:00,0.0
26/09/2014 00:30:00,0.0
26/09/2014 00:45:00,0.0
26/09/2014 01:00:00,0.0
26/09/2014 01:15:00,0.0
26/09/2014 01:30:00,0.0
26/09/2014 01:45:00,0.0
26/09/2014 02:00:00,0.0
26/09/2014 02:15:00,0.0
26/09/2014 02:30:00,0.0
26/09/2014 02:45:00,0.0
26/09/2014 03:00:00,0.0
26/09/2014 03:15:00,0.0
26/09/2014 03:30:00,0.0
26/09/2014 03:45:00,0.0
26/09/2014 04:00:00,0.0
26/09/2014 04:15:00,0.0
26/09/2014 04:30:00,0.0
26/09/2014 04:45:00,0.0
26/09/2014 05:00:00,0.0
26/09/2014 05:15:00,0.0
26/09/2014 05:30:00,0.0
26/09/2014 05:45:00,0.0
26/09/2014 06:00:00,0.0
26/09/2014 06:15:00,0.0
26/09/2014 06:30:00,0.0
26/09/2014 06:45:00,0.0
26/09/2014 07:00:00,0.0
26/09/2014 07:15:00,0.0
26/09/2014 07:30:00,0.0
26/09/2014 07:45:00,0.0
26/09/2014 08:00:00,0.0
26/09/2014 08:15:00,0.0
26/09/2014 08:30:00,0.0
26/09/2014 08:45:00,0.0
26/09/2014 09:00:00,0.0
26/09/2014 09:15:00,0.0
26/09/2014 09:30:00,0.0
26/09/2014 09:45:00,0.0
26/09/2014 10:00:00,0.0
26/09/2014 10:15:00,0.0
26/09/2014 10:30:00,0.0
26/09/2014 10:45:00,0.0
26/09/2014 11:00:00,0.0
26/09/2014 11:15:00,0.0
26/09/2014 11:30:00,0.0
26/09/2014 11:45:00,0.0
26/09/2014 12:00:00,0.0
26/09/2014 12:15:00,0.0
26/09/2014 12:30:00,0.0
26/09/2014 12:45:00,0.0
26/09/2014 13:00:00,0.0
26/09/2014 13:15:00,0.0
26/09/2014 13:30:00,0.0
26/09/2014 13:45:00,0.0
26/09/2014 14:00:00,0.0
26/09/2014 14:15:00,0.0
26/09/2014 14:30:00,0.0
26/09/2014 14:45:00,0.0
26/09/2014 15:00:00,0.0
26/09/2014 15:15:00,0.0
26/09/2014 15:30:00,0.0
26/09/2014 15:45:00,0.0
26/09/2014 16:00:00,0.0
26/09/2014 16:15:00,0.0
26/09/2014 16:30:00,0.0
26/09/2014 16:45:00,0.0
26/09/2014 17:00:00,0.0
26/09/2014 17:15:00,0.0
26/09/2014 17:30:00,0.0
26/09/2014 17:45:00,0.0
26/09/2014 18:00:00,0.0
26/09/2014 18:15:00,0.0
26/09/2014 18:30:00,0.0
26/09/2014 18:45:00,0.0
26/09/2014 19:00:00,0.0
26/09/2014 19:15:00,0.0
26/09/2014 19:30:00,0.0
26/09/2014 19:45:00,0.0
26/09/2014 20:00:00,0.0
26/09/2014 20:15:00,0.0
26/09/2014 20:30:00,0.0
26/09/2014 20:45:00,0.0
26/09/2014 21:00:00,0.0
26/09/2014 21:15:00,0.0
26/09/2014 21:30:00,0.0
26/09/2014 21:45:00,0.0
26/09/2014 22:00:00,0.0
26/09/2014 22:15:00,0.0
26/09/2014 22:30:00,0.0
26/09/2014 22:45:00,0.0
26/09/2014 23:00:00,0.0
26/09/2014 23:15:00,0.0
26/09/2014 23:30:00,0.0
26/09/2014 23:45:00,0.0
27/09/2014 00:00:00,0.0
27/09/2014 00:15:00,0.0
27/09/2014 00:30:00,0.0
27/09/2014 00:45:00,0.0
27/09/2014 01:00:00,0.0
27/09/2014 01:15:00,0.0
27/09/2014 01:30:00,0.0
27/09/2014 01:45:00,0.0
27/09/2014 02:00:00,0.0
27/09/2014 02:15:00,0.0
27/09/2014 02:30:00,0.0
27/09/2014 02:45:00,0.0
27/09/2014 03:00:00,0.0
27/09/2014 03:15:00,0.0
27/09/2014 03:30:00,0.0
27/09/2014 03:45:00,0.0
27/09/2014 04:00:00,0.0
27/09/2014 04:15:00,0.0
27/09/2014 04:30:00,0.0
27/09/2014 04:45:00,0.0
27/09/2014 05:00:00,0.0
27/09/2014 05:15:00,0.0
27/09/2014 05:30:00,0.0
27/09/2014 05:45:00,0.0
27/09/2014 06:00:00,0.0
27/09/2014 06:15:00,0.0
27/09/2014 06:30:00,0.0
27/09/2014 06:45:00,0.0
27/09/2014 07:00:00,0.0
27/09/2014 07:15:00,0.0
27/09/2014 07:30:00,0.0
27/09/2014 07:45:00,0.0
27/09/2014 08:00:00,0.0
27/09/2014 08:15:00,0.0
27/09/2014 08:30:00,0.0
27/09/2014 08:45:00,0.0
27/09/2014 09:00:00,0.0
27/09/2014 09:15:00,0.0
27/09/2014 09:30:00,0.0
27/09/2014 09:45:00,0.0
27/09/2014 10:00:00,0.0
27/09/2014 10:15:00,0.0
27/09/2014 10:30:00,0.0
27/09/2014 10:45:00,0.0
27/09/2014 11:00:00,0.0
27/09/2014 11:15:00,0.0
27/09/2014 11:30:00,0.0
27/09/2014 11:45:00,0.0
27/09/2014 12:00:00,0.0
27/09/2014 12:15:00,0.0
27/09/2014 12:30:00,0.0
27/09/2014 12:45:00,0.0
27/09/2014 13:00:00,0.0
27/09/2014 13:15:00,0.0
27/09/2014 13:30:00,0.0
27/09/2014 13:45:00,0.0
27/09/2014 14:00:00,0.0
27/09/2014 14:15:00,0.0
27/09/2014 14:30:00,0.0
27/09/2014 14:45:00,0.0
27/09/2014 15:00:00,0.0
27/09/2014 15:15:00,0.0
27/09/2014 15:30:00,0.0
27/09/2014 15:45:00,0.0
27/09/2014 16:00:00,0.0
27/09/2014 16:15:00,0.0
27/09/2014 16:30:00,0.0
27/09/2014 16:45:00,0.0
27/09/2014 17:00:00,0.0
27/09/2014 17:15:00,0.0
27/09/2014 17:30:00,0.0
27/09/2014 17:45:00,0.0
27/09/2014 18:00:00,0.0
27/09/2014 18:15:00,0.0
27/09/2014 18:30:00,0.0
27/09/2014 18:45:00,0.0
27/09/2014 19:00:00,0.0
27/09/2014 19:15:00,0.0
27/09/2014 19:30:00,0.0
27/09/2014 19:45:00,0.0
27/09/2014 20:00:00,0.0
27/09/2014 20:15:00,0.0
27/09/2014 20:30:00,0.0
27/09/2014 20:45:00,0.0
27/09/2014 21:00:00,0.0
27/09/2014 21:15:00,0.0
27/09/2014 21:30:00,0.0
27/09/2014 21:45:00,0.0
27/09/2014 22:00:00,0.0
27/09/2014 22:15:00,0.0
27/09/2014 22:30:00,0.0
27/09/2014 22:45:00,0.0
27/09/2014 23:00:00,0.0
27/09/2014 23:15:00,0.0
27/09/2014 23:30:00,0.0
27/09/2014 23:45:00,0.0
28/09/2014 00:00:00,0.0
28/09/2014 00:15:00,0.0
28/09/2014 00:30:00,0.0
28/09/2014 00:45:00,0.0
28/09/2014 01:00:00,0.0
28/09/2014 01:15:00,0.0
28/09/2014 01:30:00,0.0
28/09/2014 01:45:00,0.0
28/09/2014 02:00:00,0.0
28/09/2014 02:15:00,0.0
28/09/2014 02:30:00,0.0
28/09/2014 02:45:00,0.0
28/09/2014 03:00:00,0.0
28/09/2014 03:15:00,0.0
28/09/2014 03:30:00,0.0
28/09/2014 03:45:00,0.0
28/09/2014 04:00:00,0.0
28/09/2014 04:15:00,0.0
28/09/2014 04:30:00,0.0
28/09/2014 04:45:00,0.0
28/09/2014 05:00:00,0.0
28/09/2014 05:15:00,0.0
28/09/2014 05:30:00,0.0
28/09/2014 05:45:00,0.0
28/09/2014 06:00:00,0.0
28/09/2014 06:15:00,0.0
28/09/2014 06:30:00,0.0
28/09/2014 06:45:00,0.0
28/09/2014 07:00:00,0.0
28/09/2014 07:15:00,0.0
28/09/2014 07:30:00,0.0
28/09/2014 07:45:00,0.0
28/09/2014 08:00:00,0.0
28/09/2014 08:15:00,0.0
28/09/2014 08:30:00,0.0
28/09/2014 08:45:00,0.0
28/09/2014 09:00:00,0.0
28/09/2014 09:15:00,0.0
28/09/2014 09:30:00,0.0
28/09/2014 09:45:00,0.0
28/09/2014 10:00:00,0.0
28/09/2014 10:15:00,0.0
28/09/2014 10:30:00,0.0
28/09/2014 10:45:00,0.0
28/09/2014 11:00:00,0.0
28/09/2014 11:15:00,0.0
28/09/2014 11:30:00,0.0
28/09/2014 11:45:00,0.0
28/09/2014 12:00:00,0.0
28/09/2014 12:15:00,0.0
28/09/2014 12:30:00,0.0
28/09/2014 12:45:00,0.0
28/09/2014 13:00:00,0.0
28/09/2014 13:15:00,0.0
28/09/2014 13:30:00,0.0
28/09/2014 13:45:00,0.0
28/09/2014 14:00:00,0.0
28/09/2014 14:15:00,0.0
28/09/2014 14:30:00,0.0
28/09/2014 14:45:00,0.0
28/09/2014 15:00:00,0.0
28/09/2014 15:15:00,0.0
28/09/2014 15:30:00,0.0
28/09/2014 15:45:00,0.0
28/09/2014 16:00:00,0.0
28/09/2014 16:15:00,0.0
28/09/2014 16:30:00,0.0
28/09/2014 16:45:00,0.0
28/09/2014 17:00:00,0.0
28/09/2014 17:15:00,0.0
28/09/2014 17:30:00,0.0
28/09/2014 17:45:00,0.0
28/09/2014 18:00:00,0.191
28/09/2014 18:15:00,0.330066666667
28/09/2014 18:30:00,0.280933333333
28/09/2014 18:45:00,0.231466666667
28/09/2014 19:00:00,0.314133333333
28/09/2014 19:15:00,0.313666666667
28/09/2014 19:30:00,0.0
28/09/2014 19:45:00,0.0
28/09/2014 20:00:00,0.0
28/09/2014 20:15:00,0.0
28/09/2014 20:30:00,0.0
28/09/2014 20:45:00,0.0
28/09/2014 21:00:00,0.0
28/09/2014 21:15:00,0.0
28/09/2014 21:30:00,0.0
28/09/2014 21:45:00,0.000533333333333
28/09/2014 22:00:00,0.3418
28/09/2014 22:15:00,0.356
28/09/2014 22:30:00,0.166333333333
28/09/2014 22:45:00,0.0
28/09/2014 23:00:00,0.0
28/09/2014 23:15:00,0.0
28/09/2014 23:30:00,0.0
28/09/2014 23:45:00,0.0
29/09/2014 00:00:00,0.0
29/09/2014 00:15:00,0.0
29/09/2014 00:30:00,0.0
29/09/2014 00:45:00,0.0
29/09/2014 01:00:00,0.0
29/09/2014 01:15:00,0.0
29/09/2014 01:30:00,0.0
29/09/2014 01:45:00,0.0
29/09/2014 02:00:00,0.0
29/09/2014 02:15:00,0.0
29/09/2014 02:30:00,0.0
29/09/2014 02:45:00,0.0
29/09/2014 03:00:00,0.0
29/09/2014 03:15:00,0.0
29/09/2014 03:30:00,0.0
29/09/2014 03:45:00,0.0
29/09/2014 04:00:00,0.0
29/09/2014 04:15:00,0.0
29/09/2014 04:30:00,0.0
29/09/2014 04:45:00,0.0
29/09/2014 05:00:00,0.0
29/09/2014 05:15:00,0.0
29/09/2014 05:30:00,0.0
29/09/2014 05:45:00,0.0
29/09/2014 06:00:00,0.0
29/09/2014 06:15:00,0.0
29/09/2014 06:30:00,0.0
29/09/2014 06:45:00,0.0
29/09/2014 07:00:00,0.0
29/09/2014 07:15:00,0.0
29/09/2014 07:30:00,0.0
29/09/2014 07:45:00,0.0
29/09/2014 08:00:00,0.0
29/09/2014 08:15:00,0.215266666667
29/09/2014 08:30:00,0.389066666667
29/09/2014 08:45:00,0.346066666667
29/09/2014 09:00:00,0.0
29/09/2014 09:15:00,0.0
29/09/2014 09:30:00,0.0
29/09/2014 09:45:00,0.0
29/09/2014 10:00:00,0.0
29/09/2014 10:15:00,0.0
29/09/2014 10:30:00,0.0
29/09/2014 10:45:00,0.0
29/09/2014 11:00:00,0.0
29/09/2014 11:15:00,0.0
29/09/2014 11:30:00,0.0
29/09/2014 11:45:00,0.0
29/09/2014 12:00:00,0.180933333333
29/09/2014 12:15:00,0.3258
29/09/2014 12:30:00,0.339933333333
29/09/2014 12:45:00,0.0
29/09/2014 13:00:00,0.0
29/09/2014 13:15:00,0.0
29/09/2014 13:30:00,0.0
29/09/2014 13:45:00,0.0
29/09/2014 14:00:00,0.0
29/09/2014 14:15:00,0.0
29/09/2014 14:30:00,0.0
29/09/2014 14:45:00,0.0
29/09/2014 15:00:00,0.0
29/09/2014 15:15:00,0.0
29/09/2014 15:30:00,0.0
29/09/2014 15:45:00,0.0
29/09/2014 16:00:00,0.0
29/09/2014 16:15:00,0.0
29/09/2014 16:30:00,0.0
29/09/2014 16:45:00,0.0
29/09/2014 17:00:00,0.0
29/09/2014 17:15:00,0.0
29/09/2014 17:30:00,0.0
29/09/2014 17:45:00,0.0
29/09/2014 18:00:00,0.0
29/09/2014 18:15:00,0.0
29/09/2014 18:30:00,0.0
29/09/2014 18:45:00,0.0
29/09/2014 19:00:00,0.0
29/09/2014 19:15:00,0.0
29/09/2014 19:30:00,0.0
29/09/2014 19:45:00,0.0
29/09/2014 20:00:00,0.0
29/09/2014 20:15:00,0.0
29/09/2014 20:30:00,0.0
29/09/2014 20:45:00,0.0
29/09/2014 21:00:00,0.0
29/09/2014 21:15:00,0.0
29/09/2014 21:30:00,0.0
29/09/2014 21:45:00,0.0
29/09/2014 22:00:00,0.0
29/09/2014 22:15:00,0.0
29/09/2014 22:30:00,0.0
29/09/2014 22:45:00,0.0
29/09/2014 23:00:00,0.0
29/09/2014 23:15:00,0.0
29/09/2014 23:30:00,0.0
29/09/2014 23:45:00,0.0
30/09/2014 00:00:00,0.0
30/09/2014 00:15:00,0.0
30/09/2014 00:30:00,0.0
30/09/2014 00:45:00,0.0
30/09/2014 01:00:00,0.0
30/09/2014 01:15:00,0.0
30/09/2014 01:30:00,0.0
30/09/2014 01:45:00,0.0
30/09/2014 02:00:00,0.0
30/09/2014 02:15:00,0.0
30/09/2014 02:30:00,0.0
30/09/2014 02:45:00,0.0
30/09/2014 03:00:00,0.0
30/09/2014 03:15:00,0.0
30/09/2014 03:30:00,0.0
30/09/2014 03:45:00,0.0
30/09/2014 04:00:00,0.0
30/09/2014 04:15:00,0.0
30/09/2014 04:30:00,0.0
30/09/2014 04:45:00,0.0
30/09/2014 05:00:00,0.0
30/09/2014 05:15:00,0.0
30/09/2014 05:30:00,0.0
30/09/2014 05:45:00,0.0
30/09/2014 06:00:00,0.0
30/09/2014 06:15:00,0.0
30/09/2014 06:30:00,0.0
30/09/2014 06:45:00,0.0
30/09/2014 07:00:00,0.0
30/09/2014 07:15:00,0.0
30/09/2014 07:30:00,0.0
30/09/2014 07:45:00,0.0
30/09/2014 08:00:00,0.000533333333333
30/09/2014 08:15:00,0.411133333333
30/09/2014 08:30:00,0.374733333333
30/09/2014 08:45:00,0.143666666667
30/09/2014 09:00:00,0.0
30/09/2014 09:15:00,0.0
30/09/2014 09:30:00,0.0
30/09/2014 09:45:00,0.0
30/09/2014 10:00:00,0.0
30/09/2014 10:15:00,0.0
30/09/2014 10:30:00,0.0
30/09/2014 10:45:00,0.0
30/09/2014 11:00:00,0.0
30/09/2014 11:15:00,0.0
30/09/2014 11:30:00,0.0
30/09/2014 11:45:00,0.0
30/09/2014 12:00:00,0.0
30/09/2014 12:15:00,0.0
30/09/2014 12:30:00,0.0
30/09/2014 12:45:00,0.0
30/09/2014 13:00:00,0.0
30/09/2014 13:15:00,0.0
30/09/2014 13:30:00,0.0
30/09/2014 13:45:00,0.0
30/09/2014 14:00:00,0.0
30/09/2014 14:15:00,0.0
30/09/2014 14:30:00,0.0
30/09/2014 14:45:00,0.0
30/09/2014 15:00:00,0.0
30/09/2014 15:15:00,0.0
30/09/2014 15:30:00,0.0
30/09/2014 15:45:00,0.0
30/09/2014 16:00:00,0.0
30/09/2014 16:15:00,0.0
30/09/2014 16:30:00,0.0
30/09/2014 16:45:00,0.0
30/09/2014 17:00:00,0.0
30/09/2014 17:15:00,0.0
30/09/2014 17:30:00,0.0
30/09/2014 17:45:00,0.0
30/09/2014 18:00:00,0.0
30/09/2014 18:15:00,0.0
30/09/2014 18:30:00,0.0
30/09/2014 18:45:00,0.0
30/09/2014 19:00:00,0.0
30/09/2014 19:15:00,0.0
30/09/2014 19:30:00,0.0
30/09/2014 19:45:00,0.0
30/09/2014 20:00:00,0.0
30/09/2014 20:15:00,0.0
30/09/2014 20:30:00,0.0
30/09/2014 20:45:00,0.0
30/09/2014 21:00:00,0.0
30/09/2014 21:15:00,0.0
30/09/2014 21:30:00,0.0
30/09/2014 21:45:00,0.0
30/09/2014 22:00:00,0.0
30/09/2014 22:15:00,0.0
30/09/2014 22:30:00,0.0
30/09/2014 22:45:00,0.0
30/09/2014 23:00:00,0.0
30/09/2014 23:15:00,0.0
30/09/2014 23:30:00,0.0
30/09/2014 23:45:00,0.0
01/10/2014 00:00:00,0.0
01/10/2014 00:15:00,0.0
01/10/2014 00:30:00,0.0
01/10/2014 00:45:00,0.0
01/10/2014 01:00:00,0.0
01/10/2014 01:15:00,0.0
01/10/2014 01:30:00,0.0
01/10/2014 01:45:00,0.0
01/10/2014 02:00:00,0.0
01/10/2014 02:15:00,0.0
01/10/2014 02:30:00,0.0
01/10/2014 02:45:00,0.0
01/10/2014 03:00:00,0.0
01/10/2014 03:15:00,0.0
01/10/2014 03:30:00,0.0
01/10/2014 03:45:00,0.0
01/10/2014 04:00:00,0.0
01/10/2014 04:15:00,0.0
01/10/2014 04:30:00,0.0
01/10/2014 04:45:00,0.0
01/10/2014 05:00:00,0.0
01/10/2014 05:15:00,0.0
01/10/2014 05:30:00,0.0
01/10/2014 05:45:00,0.0
01/10/2014 06:00:00,0.0
01/10/2014 06:15:00,0.0
01/10/2014 06:30:00,0.0
01/10/2014 06:45:00,0.0
01/10/2014 07:00:00,0.0
01/10/2014 07:15:00,0.0
01/10/2014 07:30:00,0.0
01/10/2014 07:45:00,0.0
01/10/2014 08:00:00,0.0
01/10/2014 08:15:00,0.0
01/10/2014 08:30:00,0.0
01/10/2014 08:45:00,0.0
01/10/2014 09:00:00,0.0
01/10/2014 09:15:00,0.0
01/10/2014 09:30:00,0.0
01/10/2014 09:45:00,0.0
01/10/2014 10:00:00,0.0
01/10/2014 10:15:00,0.0
01/10/2014 10:30:00,0.0
01/10/2014 10:45:00,0.0
01/10/2014 11:00:00,0.0
01/10/2014 11:15:00,0.0
01/10/2014 11:30:00,0.0
01/10/2014 11:45:00,0.0
01/10/2014 12:00:00,0.0
01/10/2014 12:15:00,0.0
01/10/2014 12:30:00,0.0
01/10/2014 12:45:00,0.0
01/10/2014 13:00:00,0.0
01/10/2014 13:15:00,0.0
01/10/2014 13:30:00,0.0
01/10/2014 13:45:00,0.0
01/10/2014 14:00:00,0.0
01/10/2014 14:15:00,0.0
01/10/2014 14:30:00,0.0
01/10/2014 14:45:00,0.0
01/10/2014 15:00:00,0.0
01/10/2014 15:15:00,0.0
01/10/2014 15:30:00,0.0
01/10/2014 15:45:00,0.0
01/10/2014 16:00:00,0.0
01/10/2014 16:15:00,0.0
01/10/2014 16:30:00,0.0
01/10/2014 16:45:00,0.0
01/10/2014 17:00:00,0.0
01/10/2014 17:15:00,0.0
01/10/2014 17:30:00,0.0
01/10/2014 17:45:00,0.0
01/10/2014 18:00:00,0.0
01/10/2014 18:15:00,0.0
01/10/2014 18:30:00,0.0
01/10/2014 18:45:00,0.0
01/10/2014 19:00:00,0.0
01/10/2014 19:15:00,0.0
01/10/2014 19:30:00,0.0
01/10/2014 19:45:00,0.0
01/10/2014 20:00:00,0.0
01/10/2014 20:15:00,0.0
01/10/2014 20:30:00,0.0
01/10/2014 20:45:00,0.0
01/10/2014 21:00:00,0.0
01/10/2014 21:15:00,0.0
01/10/2014 21:30:00,0.0
01/10/2014 21:45:00,0.0
01/10/2014 22:00:00,0.0
01/10/2014 22:15:00,0.0
01/10/2014 22:30:00,0.0
01/10/2014 22:45:00,0.0
01/10/2014 23:00:00,0.0
01/10/2014 23:15:00,0.0
01/10/2014 23:30:00,0.0
01/10/2014 23:45:00,0.0
02/10/2014 00:00:00,0.0
02/10/2014 00:15:00,0.0
02/10/2014 00:30:00,0.0
02/10/2014 00:45:00,0.0
02/10/2014 01:00:00,0.0
02/10/2014 01:15:00,0.0
02/10/2014 01:30:00,0.0
02/10/2014 01:45:00,0.0
02/10/2014 02:00:00,0.0
02/10/2014 02:15:00,0.0
02/10/2014 02:30:00,0.0
02/10/2014 02:45:00,0.0
02/10/2014 03:00:00,0.0
02/10/2014 03:15:00,0.0
02/10/2014 03:30:00,0.0
02/10/2014 03:45:00,0.0
02/10/2014 04:00:00,0.0
02/10/2014 04:15:00,0.0
02/10/2014 04:30:00,0.0
02/10/2014 04:45:00,0.0
02/10/2014 05:00:00,0.0
02/10/2014 05:15:00,0.0
02/10/2014 05:30:00,0.0
02/10/2014 05:45:00,0.0
02/10/2014 06:00:00,0.0
02/10/2014 06:15:00,0.0
02/10/2014 06:30:00,0.0
02/10/2014 06:45:00,0.0
02/10/2014 07:00:00,0.0
02/10/2014 07:15:00,0.0
02/10/2014 07:30:00,0.0
02/10/2014 07:45:00,0.0
02/10/2014 08:00:00,0.0
02/10/2014 08:15:00,0.0
02/10/2014 08:30:00,0.0
02/10/2014 08:45:00,0.0
02/10/2014 09:00:00,0.0
02/10/2014 09:15:00,0.0
02/10/2014 09:30:00,0.0
02/10/2014 09:45:00,0.0
02/10/2014 10:00:00,0.0
02/10/2014 10:15:00,0.0
02/10/2014 10:30:00,0.0
02/10/2014 10:45:00,0.0
02/10/2014 11:00:00,0.0
02/10/2014 11:15:00,0.0
02/10/2014 11:30:00,0.0
02/10/2014 11:45:00,0.0984666666667
02/10/2014 12:00:00,0.3812
02/10/2014 12:15:00,0.313666666667
02/10/2014 12:30:00,0.331933333333
02/10/2014 12:45:00,0.400933333333
02/10/2014 13:00:00,0.0
02/10/2014 13:15:00,0.0
02/10/2014 13:30:00,0.0
02/10/2014 13:45:00,0.0
02/10/2014 14:00:00,0.0
02/10/2014 14:15:00,0.0
02/10/2014 14:30:00,0.0
02/10/2014 14:45:00,0.0
02/10/2014 15:00:00,0.0
02/10/2014 15:15:00,0.0
02/10/2014 15:30:00,0.0
02/10/2014 15:45:00,0.0
02/10/2014 16:00:00,0.0
02/10/2014 16:15:00,0.0
02/10/2014 16:30:00,0.0
02/10/2014 16:45:00,0.0
02/10/2014 17:00:00,0.0
02/10/2014 17:15:00,0.0
02/10/2014 17:30:00,0.0
02/10/2014 17:45:00,0.0
02/10/2014 18:00:00,0.0
02/10/2014 18:15:00,0.0
02/10/2014 18:30:00,0.0
02/10/2014 18:45:00,0.0
02/10/2014 19:00:00,0.0
02/10/2014 19:15:00,0.0
02/10/2014 19:30:00,0.0
02/10/2014 19:45:00,0.0
02/10/2014 20:00:00,0.0
02/10/2014 20:15:00,0.0
02/10/2014 20:30:00,0.0
02/10/2014 20:45:00,0.0
02/10/2014 21:00:00,0.0
02/10/2014 21:15:00,0.0
02/10/2014 21:30:00,0.0
02/10/2014 21:45:00,0.0
02/10/2014 22:00:00,0.0
02/10/2014 22:15:00,0.0
02/10/2014 22:30:00,0.0
02/10/2014 22:45:00,0.0
02/10/2014 23:00:00,0.0
02/10/2014 23:15:00,0.0
02/10/2014 23:30:00,0.0
02/10/2014 23:45:00,0.0
03/10/2014 00:00:00,0.0
03/10/2014 00:15:00,0.0
03/10/2014 00:30:00,0.0
03/10/2014 00:45:00,0.0
03/10/2014 01:00:00,0.0
03/10/2014 01:15:00,0.0
03/10/2014 01:30:00,0.0
03/10/2014 01:45:00,0.0
03/10/2014 02:00:00,0.0
03/10/2014 02:15:00,0.0
03/10/2014 02:30:00,0.0
03/10/2014 02:45:00,0.0
03/10/2014 03:00:00,0.0
03/10/2014 03:15:00,0.0
03/10/2014 03:30:00,0.0
03/10/2014 03:45:00,0.0
03/10/2014 04:00:00,0.0
03/10/2014 04:15:00,0.0
03/10/2014 04:30:00,0.0
03/10/2014 04:45:00,0.0
03/10/2014 05:00:00,0.0
03/10/2014 05:15:00,0.0
03/10/2014 05:30:00,0.0
03/10/2014 05:45:00,0.0
03/10/2014 06:00:00,0.0
03/10/2014 06:15:00,0.0
03/10/2014 06:30:00,0.0
03/10/2014 06:45:00,0.0
03/10/2014 07:00:00,0.0
03/10/2014 07:15:00,0.0
03/10/2014 07:30:00,0.0
03/10/2014 07:45:00,0.0
03/10/2014 08:00:00,0.0
03/10/2014 08:15:00,0.0
03/10/2014 08:30:00,0.0
03/10/2014 08:45:00,0.0
03/10/2014 09:00:00,0.0
03/10/2014 09:15:00,0.0
03/10/2014 09:30:00,0.0
03/10/2014 09:45:00,0.0
03/10/2014 10:00:00,0.0
03/10/2014 10:15:00,0.0
03/10/2014 10:30:00,0.0
03/10/2014 10:45:00,0.0
03/10/2014 11:00:00,0.0
03/10/2014 11:15:00,0.0
03/10/2014 11:30:00,0.0
03/10/2014 11:45:00,0.0
03/10/2014 12:00:00,0.0
03/10/2014 12:15:00,0.0
03/10/2014 12:30:00,0.0
03/10/2014 12:45:00,0.0
03/10/2014 13:00:00,0.0
03/10/2014 13:15:00,0.0
03/10/2014 13:30:00,0.0
03/10/2014 13:45:00,0.0
03/10/2014 14:00:00,0.0
03/10/2014 14:15:00,0.0
03/10/2014 14:30:00,0.0
03/10/2014 14:45:00,0.0
03/10/2014 15:00:00,0.0
03/10/2014 15:15:00,0.0
03/10/2014 15:30:00,0.0
03/10/2014 15:45:00,0.0
03/10/2014 16:00:00,0.0
03/10/2014 16:15:00,0.0
03/10/2014 16:30:00,0.0
03/10/2014 16:45:00,0.0
03/10/2014 17:00:00,0.0
03/10/2014 17:15:00,0.0
03/10/2014 17:30:00,0.0
03/10/2014 17:45:00,0.0
03/10/2014 18:00:00,0.0
03/10/2014 18:15:00,0.0
03/10/2014 18:30:00,0.0
03/10/2014 18:45:00,0.0
03/10/2014 19:00:00,0.0
03/10/2014 19:15:00,0.0
03/10/2014 19:30:00,0.0002
03/10/2014 19:45:00,0.334
03/10/2014 20:00:00,0.421733333333
03/10/2014 20:15:00,0.0
03/10/2014 20:30:00,0.0
03/10/2014 20:45:00,0.0
03/10/2014 21:00:00,0.0
03/10/2014 21:15:00,0.0
03/10/2014 21:30:00,0.0
03/10/2014 21:45:00,0.0
03/10/2014 22:00:00,0.0
03/10/2014 22:15:00,0.0
03/10/2014 22:30:00,0.0
03/10/2014 22:45:00,0.0
03/10/2014 23:00:00,0.0
03/10/2014 23:15:00,0.0
03/10/2014 23:30:00,0.0
03/10/2014 23:45:00,0.0
04/10/2014 00:00:00,0.0
04/10/2014 00:15:00,0.0
04/10/2014 00:30:00,0.0
04/10/2014 00:45:00,0.0
04/10/2014 01:00:00,0.0
04/10/2014 01:15:00,0.0
04/10/2014 01:30:00,0.0
04/10/2014 01:45:00,0.0
04/10/2014 02:00:00,0.0
04/10/2014 02:15:00,0.0
04/10/2014 02:30:00,0.0
04/10/2014 02:45:00,0.0
04/10/2014 03:00:00,0.0
04/10/2014 03:15:00,0.0
04/10/2014 03:30:00,0.0
04/10/2014 03:45:00,0.0
04/10/2014 04:00:00,0.0
04/10/2014 04:15:00,0.0
04/10/2014 04:30:00,0.0
04/10/2014 04:45:00,0.0
04/10/2014 05:00:00,0.0
04/10/2014 05:15:00,0.0
04/10/2014 05:30:00,0.0
04/10/2014 05:45:00,0.0
04/10/2014 06:00:00,0.0
04/10/2014 06:15:00,0.0
04/10/2014 06:30:00,0.0
04/10/2014 06:45:00,0.0
04/10/2014 07:00:00,0.0
04/10/2014 07:15:00,0.0
04/10/2014 07:30:00,0.0
04/10/2014 07:45:00,0.0
04/10/2014 08:00:00,0.0
04/10/2014 08:15:00,0.0
04/10/2014 08:30:00,0.0
04/10/2014 08:45:00,0.0
04/10/2014 09:00:00,0.0
04/10/2014 09:15:00,0.0
04/10/2014 09:30:00,0.0
04/10/2014 09:45:00,0.0
04/10/2014 10:00:00,0.0
04/10/2014 10:15:00,0.0
04/10/2014 10:30:00,0.0
04/10/2014 10:45:00,0.0
04/10/2014 11:00:00,0.0
04/10/2014 11:15:00,0.0
04/10/2014 11:30:00,0.0
04/10/2014 11:45:00,0.0
04/10/2014 12:00:00,0.0
04/10/2014 12:15:00,0.0
04/10/2014 12:30:00,0.0
04/10/2014 12:45:00,0.0
04/10/2014 13:00:00,0.0
04/10/2014 13:15:00,0.0
04/10/2014 13:30:00,0.0
04/10/2014 13:45:00,0.0
04/10/2014 14:00:00,0.0
04/10/2014 14:15:00,0.0
04/10/2014 14:30:00,0.0
04/10/2014 14:45:00,0.0
04/10/2014 15:00:00,0.0
04/10/2014 15:15:00,0.0
04/10/2014 15:30:00,0.0
04/10/2014 15:45:00,0.0
04/10/2014 16:00:00,0.0
04/10/2014 16:15:00,0.0
04/10/2014 16:30:00,0.0
04/10/2014 16:45:00,0.0
04/10/2014 17:00:00,0.0
04/10/2014 17:15:00,0.0
04/10/2014 17:30:00,0.0
04/10/2014 17:45:00,0.0
04/10/2014 18:00:00,0.0
04/10/2014 18:15:00,0.0
04/10/2014 18:30:00,0.0
04/10/2014 18:45:00,0.0
04/10/2014 19:00:00,0.0
04/10/2014 19:15:00,0.0
04/10/2014 19:30:00,0.0
04/10/2014 19:45:00,0.0
04/10/2014 20:00:00,0.0
04/10/2014 20:15:00,0.0
04/10/2014 20:30:00,0.0
04/10/2014 20:45:00,0.0
04/10/2014 21:00:00,0.0
04/10/2014 21:15:00,0.0
04/10/2014 21:30:00,0.0
04/10/2014 21:45:00,0.0
04/10/2014 22:00:00,0.0
04/10/2014 22:15:00,0.0
04/10/2014 22:30:00,0.0
04/10/2014 22:45:00,0.0
04/10/2014 23:00:00,0.0
04/10/2014 23:15:00,0.0
04/10/2014 23:30:00,0.0
04/10/2014 23:45:00,0.0
05/10/2014 00:00:00,0.0
05/10/2014 00:15:00,0.0
05/10/2014 00:30:00,0.0
05/10/2014 00:45:00,0.0
05/10/2014 01:00:00,0.0
05/10/2014 01:15:00,0.0
05/10/2014 01:30:00,0.0
05/10/2014 01:45:00,0.0
05/10/2014 02:00:00,0.0
05/10/2014 02:15:00,0.0
05/10/2014 02:30:00,0.0
05/10/2014 02:45:00,0.0
05/10/2014 03:00:00,0.0
05/10/2014 03:15:00,0.0
05/10/2014 03:30:00,0.0
05/10/2014 03:45:00,0.0
05/10/2014 04:00:00,0.0
05/10/2014 04:15:00,0.0
05/10/2014 04:30:00,0.0
05/10/2014 04:45:00,0.0
05/10/2014 05:00:00,0.0
05/10/2014 05:15:00,0.0
05/10/2014 05:30:00,0.0
05/10/2014 05:45:00,0.0
05/10/2014 06:00:00,0.0
05/10/2014 06:15:00,0.0
05/10/2014 06:30:00,0.0
05/10/2014 06:45:00,0.0
05/10/2014 07:00:00,0.0
05/10/2014 07:15:00,0.0
05/10/2014 07:30:00,0.0
05/10/2014 07:45:00,0.0
05/10/2014 08:00:00,0.0
05/10/2014 08:15:00,0.0
05/10/2014 08:30:00,0.0
05/10/2014 08:45:00,0.0
05/10/2014 09:00:00,0.0
05/10/2014 09:15:00,0.0
05/10/2014 09:30:00,0.0
05/10/2014 09:45:00,0.0
05/10/2014 10:00:00,0.0
05/10/2014 10:15:00,0.0
05/10/2014 10:30:00,0.0
05/10/2014 10:45:00,0.0
05/10/2014 11:00:00,0.0
05/10/2014 11:15:00,0.0
05/10/2014 11:30:00,0.0
05/10/2014 11:45:00,0.0
05/10/2014 12:00:00,0.0
05/10/2014 12:15:00,0.0
05/10/2014 12:30:00,0.0
05/10/2014 12:45:00,0.0
05/10/2014 13:00:00,0.0
05/10/2014 13:15:00,0.0
05/10/2014 13:30:00,0.0
05/10/2014 13:45:00,0.0
05/10/2014 14:00:00,0.0
05/10/2014 14:15:00,0.0
05/10/2014 14:30:00,0.0
05/10/2014 14:45:00,0.0
05/10/2014 15:00:00,0.0
05/10/2014 15:15:00,0.0
05/10/2014 15:30:00,0.0
05/10/2014 15:45:00,0.0
05/10/2014 16:00:00,0.0
05/10/2014 16:15:00,0.0
05/10/2014 16:30:00,0.0
05/10/2014 16:45:00,0.0
05/10/2014 17:00:00,0.0
05/10/2014 17:15:00,0.0
05/10/2014 17:30:00,0.0
05/10/2014 17:45:00,0.0
05/10/2014 18:00:00,0.0
05/10/2014 18:15:00,0.0
05/10/2014 18:30:00,0.0
05/10/2014 18:45:00,0.0
05/10/2014 19:00:00,0.0
05/10/2014 19:15:00,0.0
05/10/2014 19:30:00,0.0
05/10/2014 19:45:00,0.0
05/10/2014 20:00:00,0.0
05/10/2014 20:15:00,0.0
05/10/2014 20:30:00,0.0
05/10/2014 20:45:00,0.0
05/10/2014 21:00:00,0.0
05/10/2014 21:15:00,0.0
05/10/2014 21:30:00,0.0
05/10/2014 21:45:00,0.0
05/10/2014 22:00:00,0.0
05/10/2014 22:15:00,0.0
05/10/2014 22:30:00,0.0
05/10/2014 22:45:00,0.0
05/10/2014 23:00:00,0.0
05/10/2014 23:15:00,0.0
05/10/2014 23:30:00,0.0
05/10/2014 23:45:00,0.0
06/10/2014 00:00:00,0.0
06/10/2014 00:15:00,0.0
06/10/2014 00:30:00,0.0
06/10/2014 00:45:00,0.0
06/10/2014 01:00:00,0.0
06/10/2014 01:15:00,0.0
06/10/2014 01:30:00,0.0
06/10/2014 01:45:00,0.0
06/10/2014 02:00:00,0.0
06/10/2014 02:15:00,0.0
06/10/2014 02:30:00,0.0
06/10/2014 02:45:00,0.0
06/10/2014 03:00:00,0.0
06/10/2014 03:15:00,0.0
06/10/2014 03:30:00,0.0
06/10/2014 03:45:00,0.0
06/10/2014 04:00:00,0.0
06/10/2014 04:15:00,0.0
06/10/2014 04:30:00,0.0
06/10/2014 04:45:00,0.0
06/10/2014 05:00:00,0.0
06/10/2014 05:15:00,0.0
06/10/2014 05:30:00,0.0
06/10/2014 05:45:00,0.0
06/10/2014 06:00:00,0.0
06/10/2014 06:15:00,0.0
06/10/2014 06:30:00,0.0
06/10/2014 06:45:00,0.0
06/10/2014 07:00:00,0.0
06/10/2014 07:15:00,0.0
06/10/2014 07:30:00,0.0
06/10/2014 07:45:00,0.0
06/10/2014 08:00:00,0.0
06/10/2014 08:15:00,0.0
06/10/2014 08:30:00,0.0
06/10/2014 08:45:00,0.0
06/10/2014 09:00:00,0.0
06/10/2014 09:15:00,0.0
06/10/2014 09:30:00,0.0
06/10/2014 09:45:00,0.0
06/10/2014 10:00:00,0.0
06/10/2014 10:15:00,0.0
06/10/2014 10:30:00,0.0
06/10/2014 10:45:00,0.0
06/10/2014 11:00:00,0.0
06/10/2014 11:15:00,0.0
06/10/2014 11:30:00,0.0
06/10/2014 11:45:00,0.0
06/10/2014 12:00:00,0.0
06/10/2014 12:15:00,0.0
06/10/2014 12:30:00,0.0
06/10/2014 12:45:00,0.0
06/10/2014 13:00:00,0.0
06/10/2014 13:15:00,0.0
06/10/2014 13:30:00,0.0
06/10/2014 13:45:00,0.0
06/10/2014 14:00:00,0.0
06/10/2014 14:15:00,0.0
06/10/2014 14:30:00,0.0
06/10/2014 14:45:00,0.0
06/10/2014 15:00:00,0.0
06/10/2014 15:15:00,0.0
06/10/2014 15:30:00,0.0
06/10/2014 15:45:00,0.0
06/10/2014 16:00:00,0.0
06/10/2014 16:15:00,0.0
06/10/2014 16:30:00,0.0
06/10/2014 16:45:00,0.0
06/10/2014 17:00:00,0.0
06/10/2014 17:15:00,0.0
06/10/2014 17:30:00,0.0
06/10/2014 17:45:00,0.0
06/10/2014 18:00:00,0.0
06/10/2014 18:15:00,0.0
06/10/2014 18:30:00,0.0
06/10/2014 18:45:00,0.0
06/10/2014 19:00:00,0.0
06/10/2014 19:15:00,0.0
06/10/2014 19:30:00,0.0
06/10/2014 19:45:00,0.0
06/10/2014 20:00:00,0.0
06/10/2014 20:15:00,0.0
06/10/2014 20:30:00,0.0
06/10/2014 20:45:00,0.0
06/10/2014 21:00:00,0.0
06/10/2014 21:15:00,0.0
06/10/2014 21:30:00,0.0
06/10/2014 21:45:00,0.0
06/10/2014 22:00:00,0.0
06/10/2014 22:15:00,0.0
06/10/2014 22:30:00,0.0
06/10/2014 22:45:00,0.0
06/10/2014 23:00:00,0.0
06/10/2014 23:15:00,0.0
06/10/2014 23:30:00,0.0
06/10/2014 23:45:00,0.0
07/10/2014 00:00:00,0.0
07/10/2014 00:15:00,0.0
07/10/2014 00:30:00,0.0
07/10/2014 00:45:00,0.0
07/10/2014 01:00:00,0.0
07/10/2014 01:15:00,0.0
07/10/2014 01:30:00,0.0
07/10/2014 01:45:00,0.0
07/10/2014 02:00:00,0.0
07/10/2014 02:15:00,0.0
07/10/2014 02:30:00,0.0
07/10/2014 02:45:00,0.0
07/10/2014 03:00:00,0.0
07/10/2014 03:15:00,0.0
07/10/2014 03:30:00,0.0
07/10/2014 03:45:00,0.0
07/10/2014 04:00:00,0.0
07/10/2014 04:15:00,0.0
07/10/2014 04:30:00,0.0
07/10/2014 04:45:00,0.0
07/10/2014 05:00:00,0.0
07/10/2014 05:15:00,0.0
07/10/2014 05:30:00,0.0
07/10/2014 05:45:00,0.0
07/10/2014 06:00:00,0.0
07/10/2014 06:15:00,0.00153333333333
07/10/2014 06:30:00,0.482933333333
07/10/2014 06:45:00,0.3706
07/10/2014 07:00:00,0.0166
07/10/2014 07:15:00,0.0
07/10/2014 07:30:00,0.0
07/10/2014 07:45:00,0.0
07/10/2014 08:00:00,0.0
07/10/2014 08:15:00,0.0
07/10/2014 08:30:00,0.0
07/10/2014 08:45:00,0.0
07/10/2014 09:00:00,0.0
07/10/2014 09:15:00,0.0
07/10/2014 09:30:00,0.0
07/10/2014 09:45:00,0.0
07/10/2014 10:00:00,0.0
07/10/2014 10:15:00,0.0
07/10/2014 10:30:00,0.0
07/10/2014 10:45:00,0.0
07/10/2014 11:00:00,0.0
07/10/2014 11:15:00,0.0
07/10/2014 11:30:00,0.0
07/10/2014 11:45:00,0.0
07/10/2014 12:00:00,0.0
07/10/2014 12:15:00,0.0
07/10/2014 12:30:00,0.0
07/10/2014 12:45:00,0.0
07/10/2014 13:00:00,0.0
07/10/2014 13:15:00,0.0
07/10/2014 13:30:00,0.0
07/10/2014 13:45:00,0.0
07/10/2014 14:00:00,0.0
07/10/2014 14:15:00,0.0
07/10/2014 14:30:00,0.0
07/10/2014 14:45:00,0.0
07/10/2014 15:00:00,0.0
07/10/2014 15:15:00,0.0
07/10/2014 15:30:00,0.0
07/10/2014 15:45:00,0.0
07/10/2014 16:00:00,0.0
07/10/2014 16:15:00,0.0
07/10/2014 16:30:00,0.0
07/10/2014 16:45:00,0.0
07/10/2014 17:00:00,0.0
07/10/2014 17:15:00,0.0
07/10/2014 17:30:00,0.0
07/10/2014 17:45:00,0.0
07/10/2014 18:00:00,0.0
07/10/2014 18:15:00,0.0
07/10/2014 18:30:00,0.0
07/10/2014 18:45:00,0.0
07/10/2014 19:00:00,0.0
07/10/2014 19:15:00,0.0
07/10/2014 19:30:00,0.0
07/10/2014 19:45:00,0.0
07/10/2014 20:00:00,0.0
07/10/2014 20:15:00,0.0
07/10/2014 20:30:00,0.0
07/10/2014 20:45:00,0.0
07/10/2014 21:00:00,0.0
07/10/2014 21:15:00,0.0
07/10/2014 21:30:00,0.0
07/10/2014 21:45:00,0.0
07/10/2014 22:00:00,0.0
07/10/2014 22:15:00,0.0
07/10/2014 22:30:00,0.0
07/10/2014 22:45:00,0.0
07/10/2014 23:00:00,0.0
07/10/2014 23:15:00,0.0
07/10/2014 23:30:00,0.0
07/10/2014 23:45:00,0.0
08/10/2014 00:00:00,0.0
08/10/2014 00:15:00,0.0
08/10/2014 00:30:00,0.0
08/10/2014 00:45:00,0.0
08/10/2014 01:00:00,0.0
08/10/2014 01:15:00,0.0
08/10/2014 01:30:00,0.0
08/10/2014 01:45:00,0.0
08/10/2014 02:00:00,0.0
08/10/2014 02:15:00,0.0
08/10/2014 02:30:00,0.0
08/10/2014 02:45:00,0.0
08/10/2014 03:00:00,0.0
08/10/2014 03:15:00,0.0
08/10/2014 03:30:00,0.0
08/10/2014 03:45:00,0.0
08/10/2014 04:00:00,0.0
08/10/2014 04:15:00,0.0
08/10/2014 04:30:00,0.0
08/10/2014 04:45:00,0.0
08/10/2014 05:00:00,0.0
08/10/2014 05:15:00,0.0
08/10/2014 05:30:00,0.0
08/10/2014 05:45:00,0.0
08/10/2014 06:00:00,0.0
08/10/2014 06:15:00,0.0
08/10/2014 06:30:00,0.0
08/10/2014 06:45:00,0.0
08/10/2014 07:00:00,0.0
08/10/2014 07:15:00,0.0
08/10/2014 07:30:00,0.0
08/10/2014 07:45:00,0.0
08/10/2014 08:00:00,0.0
08/10/2014 08:15:00,0.0
08/10/2014 08:30:00,0.0
08/10/2014 08:45:00,0.0
08/10/2014 09:00:00,0.0
08/10/2014 09:15:00,0.0
08/10/2014 09:30:00,0.0
08/10/2014 09:45:00,0.0
08/10/2014 10:00:00,0.0
08/10/2014 10:15:00,0.0
08/10/2014 10:30:00,0.0
08/10/2014 10:45:00,0.0
08/10/2014 11:00:00,0.0
08/10/2014 11:15:00,0.0
08/10/2014 11:30:00,0.0
08/10/2014 11:45:00,0.0
08/10/2014 12:00:00,0.0
08/10/2014 12:15:00,0.0
08/10/2014 12:30:00,0.0
08/10/2014 12:45:00,0.0
08/10/2014 13:00:00,0.0
08/10/2014 13:15:00,0.0
08/10/2014 13:30:00,0.0
08/10/2014 13:45:00,0.0
08/10/2014 14:00:00,0.0
08/10/2014 14:15:00,0.0
08/10/2014 14:30:00,0.0
08/10/2014 14:45:00,0.0
08/10/2014 15:00:00,0.0
08/10/2014 15:15:00,0.0
08/10/2014 15:30:00,0.0
08/10/2014 15:45:00,0.0
08/10/2014 16:00:00,0.0
08/10/2014 16:15:00,0.0
08/10/2014 16:30:00,0.0
08/10/2014 16:45:00,0.0
08/10/2014 17:00:00,0.0
08/10/2014 17:15:00,0.0
08/10/2014 17:30:00,0.0
08/10/2014 17:45:00,0.0
08/10/2014 18:00:00,0.0
08/10/2014 18:15:00,0.0
08/10/2014 18:30:00,0.0
08/10/2014 18:45:00,0.0
08/10/2014 19:00:00,0.0
08/10/2014 19:15:00,0.0
08/10/2014 19:30:00,0.0
08/10/2014 19:45:00,0.0
08/10/2014 20:00:00,0.0
08/10/2014 20:15:00,0.0
08/10/2014 20:30:00,0.0
08/10/2014 20:45:00,0.0
08/10/2014 21:00:00,0.0
08/10/2014 21:15:00,0.0
08/10/2014 21:30:00,0.0
08/10/2014 21:45:00,0.0
08/10/2014 22:00:00,0.0
08/10/2014 22:15:00,0.0
08/10/2014 22:30:00,0.0
08/10/2014 22:45:00,0.0
08/10/2014 23:00:00,0.0
08/10/2014 23:15:00,0.0
08/10/2014 23:30:00,0.0
08/10/2014 23:45:00,0.0
09/10/2014 00:00:00,0.0
09/10/2014 00:15:00,0.0
09/10/2014 00:30:00,0.0
09/10/2014 00:45:00,0.0
09/10/2014 01:00:00,0.0
09/10/2014 01:15:00,0.0
09/10/2014 01:30:00,0.0
09/10/2014 01:45:00,0.0
09/10/2014 02:00:00,0.0
09/10/2014 02:15:00,0.0
09/10/2014 02:30:00,0.0
09/10/2014 02:45:00,0.0
09/10/2014 03:00:00,0.0
09/10/2014 03:15:00,0.0
09/10/2014 03:30:00,0.0
09/10/2014 03:45:00,0.0
09/10/2014 04:00:00,0.0
09/10/2014 04:15:00,0.0
09/10/2014 04:30:00,0.0
09/10/2014 04:45:00,0.0
09/10/2014 05:00:00,0.0
09/10/2014 05:15:00,0.0
09/10/2014 05:30:00,0.0
09/10/2014 05:45:00,0.0
09/10/2014 06:00:00,0.0
09/10/2014 06:15:00,0.0
09/10/2014 06:30:00,0.0
09/10/2014 06:45:00,0.0
09/10/2014 07:00:00,0.0
09/10/2014 07:15:00,0.0
09/10/2014 07:30:00,0.0
09/10/2014 07:45:00,0.0
09/10/2014 08:00:00,0.0
09/10/2014 08:15:00,0.0
09/10/2014 08:30:00,0.0
09/10/2014 08:45:00,0.0
09/10/2014 09:00:00,0.0
09/10/2014 09:15:00,0.0
09/10/2014 09:30:00,0.0
09/10/2014 09:45:00,0.0
09/10/2014 10:00:00,0.0
09/10/2014 10:15:00,0.0
09/10/2014 10:30:00,0.0
09/10/2014 10:45:00,0.0
09/10/2014 11:00:00,0.0
09/10/2014 11:15:00,0.0
09/10/2014 11:30:00,0.0
09/10/2014 11:45:00,0.0
09/10/2014 12:00:00,0.0
09/10/2014 12:15:00,0.0
09/10/2014 12:30:00,0.0
09/10/2014 12:45:00,0.0
09/10/2014 13:00:00,0.0
09/10/2014 13:15:00,0.0
09/10/2014 13:30:00,0.0
09/10/2014 13:45:00,0.0
09/10/2014 14:00:00,0.0
09/10/2014 14:15:00,0.0
09/10/2014 14:30:00,0.0
09/10/2014 14:45:00,0.0
09/10/2014 15:00:00,0.0
09/10/2014 15:15:00,0.0
09/10/2014 15:30:00,0.0
09/10/2014 15:45:00,0.0
09/10/2014 16:00:00,0.0
09/10/2014 16:15:00,0.0
09/10/2014 16:30:00,0.0
09/10/2014 16:45:00,0.0
09/10/2014 17:00:00,0.0
09/10/2014 17:15:00,0.0
09/10/2014 17:30:00,0.0
09/10/2014 17:45:00,0.0
09/10/2014 18:00:00,0.0
09/10/2014 18:15:00,0.0
09/10/2014 18:30:00,0.0
09/10/2014 18:45:00,0.0
09/10/2014 19:00:00,0.0
09/10/2014 19:15:00,0.0
09/10/2014 19:30:00,0.0
09/10/2014 19:45:00,0.0
09/10/2014 20:00:00,0.0
09/10/2014 20:15:00,0.0
09/10/2014 20:30:00,0.0
09/10/2014 20:45:00,0.0
09/10/2014 21:00:00,0.0
09/10/2014 21:15:00,0.0
09/10/2014 21:30:00,0.0
09/10/2014 21:45:00,0.0
09/10/2014 22:00:00,0.0
09/10/2014 22:15:00,0.0
09/10/2014 22:30:00,0.0
09/10/2014 22:45:00,0.0
09/10/2014 23:00:00,0.0
09/10/2014 23:15:00,0.0
09/10/2014 23:30:00,0.0
09/10/2014 23:45:00,0.0
10/10/2014 00:00:00,0.0
10/10/2014 00:15:00,0.0
10/10/2014 00:30:00,0.0
10/10/2014 00:45:00,0.0
10/10/2014 01:00:00,0.0
10/10/2014 01:15:00,0.0
10/10/2014 01:30:00,0.0
10/10/2014 01:45:00,0.0
10/10/2014 02:00:00,0.0
10/10/2014 02:15:00,0.0
10/10/2014 02:30:00,0.0
10/10/2014 02:45:00,0.0
10/10/2014 03:00:00,0.0
10/10/2014 03:15:00,0.0
10/10/2014 03:30:00,0.0
10/10/2014 03:45:00,0.0
10/10/2014 04:00:00,0.0
10/10/2014 04:15:00,0.0
10/10/2014 04:30:00,0.0
10/10/2014 04:45:00,0.0
10/10/2014 05:00:00,0.0
10/10/2014 05:15:00,0.0
10/10/2014 05:30:00,0.0
10/10/2014 05:45:00,0.0
10/10/2014 06:00:00,0.0
10/10/2014 06:15:00,0.0
10/10/2014 06:30:00,0.0
10/10/2014 06:45:00,0.0
10/10/2014 07:00:00,0.0
10/10/2014 07:15:00,0.0
10/10/2014 07:30:00,0.0
10/10/2014 07:45:00,0.0
10/10/2014 08:00:00,0.0
10/10/2014 08:15:00,0.0
10/10/2014 08:30:00,0.0
10/10/2014 08:45:00,0.0
10/10/2014 09:00:00,0.0
10/10/2014 09:15:00,0.0
10/10/2014 09:30:00,0.0
10/10/2014 09:45:00,0.0
10/10/2014 10:00:00,0.0
10/10/2014 10:15:00,0.0
10/10/2014 10:30:00,0.0
10/10/2014 10:45:00,0.0
10/10/2014 11:00:00,0.0
10/10/2014 11:15:00,0.0
10/10/2014 11:30:00,0.0
10/10/2014 11:45:00,0.0
10/10/2014 12:00:00,0.0
10/10/2014 12:15:00,0.0
10/10/2014 12:30:00,0.0
10/10/2014 12:45:00,0.0
10/10/2014 13:00:00,0.0
10/10/2014 13:15:00,0.0
10/10/2014 13:30:00,0.0
10/10/2014 13:45:00,0.0
10/10/2014 14:00:00,0.0
10/10/2014 14:15:00,0.0
10/10/2014 14:30:00,0.0
10/10/2014 14:45:00,0.0
10/10/2014 15:00:00,0.0
10/10/2014 15:15:00,0.0
10/10/2014 15:30:00,0.0
10/10/2014 15:45:00,0.0
10/10/2014 16:00:00,0.0
10/10/2014 16:15:00,0.0
10/10/2014 16:30:00,0.0
10/10/2014 16:45:00,0.0
10/10/2014 17:00:00,0.0
10/10/2014 17:15:00,0.0
10/10/2014 17:30:00,0.0
10/10/2014 17:45:00,0.0
10/10/2014 18:00:00,0.0
10/10/2014 18:15:00,0.0
10/10/2014 18:30:00,0.0
10/10/2014 18:45:00,0.0
10/10/2014 19:00:00,0.0
10/10/2014 19:15:00,0.0
10/10/2014 19:30:00,0.0
10/10/2014 19:45:00,0.0
10/10/2014 20:00:00,0.0
10/10/2014 20:15:00,0.0
10/10/2014 20:30:00,0.0
10/10/2014 20:45:00,0.0
10/10/2014 21:00:00,0.0
10/10/2014 21:15:00,0.0
10/10/2014 21:30:00,0.0
10/10/2014 21:45:00,0.0
10/10/2014 22:00:00,0.0
10/10/2014 22:15:00,0.0
10/10/2014 22:30:00,0.0
10/10/2014 22:45:00,0.0
10/10/2014 23:00:00,0.0
10/10/2014 23:15:00,0.0
10/10/2014 23:30:00,0.0
10/10/2014 23:45:00,0.0
11/10/2014 00:00:00,0.0
11/10/2014 00:15:00,0.0
11/10/2014 00:30:00,0.0
11/10/2014 00:45:00,0.0
11/10/2014 01:00:00,0.0
11/10/2014 01:15:00,0.0
11/10/2014 01:30:00,0.0
11/10/2014 01:45:00,0.0
11/10/2014 02:00:00,0.0
11/10/2014 02:15:00,0.0
11/10/2014 02:30:00,0.0
11/10/2014 02:45:00,0.0
11/10/2014 03:00:00,0.0
11/10/2014 03:15:00,0.0
11/10/2014 03:30:00,0.0
11/10/2014 03:45:00,0.0
11/10/2014 04:00:00,0.0
11/10/2014 04:15:00,0.0
11/10/2014 04:30:00,0.0
11/10/2014 04:45:00,0.0
11/10/2014 05:00:00,0.0
11/10/2014 05:15:00,0.0
11/10/2014 05:30:00,0.0
11/10/2014 05:45:00,0.0
11/10/2014 06:00:00,0.0
11/10/2014 06:15:00,0.0
11/10/2014 06:30:00,0.0
11/10/2014 06:45:00,0.0
11/10/2014 07:00:00,0.0
11/10/2014 07:15:00,0.0
11/10/2014 07:30:00,0.0
11/10/2014 07:45:00,0.0
11/10/2014 08:00:00,0.0
11/10/2014 08:15:00,0.0
11/10/2014 08:30:00,0.0
11/10/2014 08:45:00,0.0
11/10/2014 09:00:00,0.0
11/10/2014 09:15:00,0.0
11/10/2014 09:30:00,0.0
11/10/2014 09:45:00,0.0
11/10/2014 10:00:00,0.0
11/10/2014 10:15:00,0.0
11/10/2014 10:30:00,0.0
11/10/2014 10:45:00,0.0
11/10/2014 11:00:00,0.0
11/10/2014 11:15:00,0.0
11/10/2014 11:30:00,0.0
11/10/2014 11:45:00,0.0
11/10/2014 12:00:00,0.0
11/10/2014 12:15:00,0.0
11/10/2014 12:30:00,0.0
11/10/2014 12:45:00,0.0
11/10/2014 13:00:00,0.0
11/10/2014 13:15:00,0.0
11/10/2014 13:30:00,0.00106666666667
11/10/2014 13:45:00,0.333933333333
11/10/2014 14:00:00,0.391466666667
11/10/2014 14:15:00,0.247066666667
11/10/2014 14:30:00,0.0
11/10/2014 14:45:00,0.0
11/10/2014 15:00:00,0.0
11/10/2014 15:15:00,0.0
11/10/2014 15:30:00,0.0
11/10/2014 15:45:00,0.0148666666667
11/10/2014 16:00:00,0.440266666667
11/10/2014 16:15:00,0.381133333333
11/10/2014 16:30:00,0.0518
11/10/2014 16:45:00,0.0
11/10/2014 17:00:00,0.0
11/10/2014 17:15:00,0.0
11/10/2014 17:30:00,0.0
11/10/2014 17:45:00,0.0
11/10/2014 18:00:00,0.0
11/10/2014 18:15:00,0.0
11/10/2014 18:30:00,0.0
11/10/2014 18:45:00,0.0
11/10/2014 19:00:00,0.0
11/10/2014 19:15:00,0.0
11/10/2014 19:30:00,0.0
11/10/2014 19:45:00,0.0
11/10/2014 20:00:00,0.0
11/10/2014 20:15:00,0.0
11/10/2014 20:30:00,0.0
11/10/2014 20:45:00,0.0
11/10/2014 21:00:00,0.0
11/10/2014 21:15:00,0.0
11/10/2014 21:30:00,0.0
11/10/2014 21:45:00,0.0
11/10/2014 22:00:00,0.0
11/10/2014 22:15:00,0.0
11/10/2014 22:30:00,0.0
11/10/2014 22:45:00,0.0
11/10/2014 23:00:00,0.0
11/10/2014 23:15:00,0.0
11/10/2014 23:30:00,0.0
11/10/2014 23:45:00,0.0
12/10/2014 00:00:00,0.0
12/10/2014 00:15:00,0.0
12/10/2014 00:30:00,0.0
12/10/2014 00:45:00,0.0
12/10/2014 01:00:00,0.0
12/10/2014 01:15:00,0.0
12/10/2014 01:30:00,0.0
12/10/2014 01:45:00,0.0
12/10/2014 02:00:00,0.0
12/10/2014 02:15:00,0.0
12/10/2014 02:30:00,0.0
12/10/2014 02:45:00,0.0
12/10/2014 03:00:00,0.0
12/10/2014 03:15:00,0.0
12/10/2014 03:30:00,0.0
12/10/2014 03:45:00,0.0
12/10/2014 04:00:00,0.0
12/10/2014 04:15:00,0.0
12/10/2014 04:30:00,0.0
12/10/2014 04:45:00,0.0
12/10/2014 05:00:00,0.0
12/10/2014 05:15:00,0.0
12/10/2014 05:30:00,0.0
12/10/2014 05:45:00,0.0
12/10/2014 06:00:00,0.0
12/10/2014 06:15:00,0.0
12/10/2014 06:30:00,0.0
12/10/2014 06:45:00,0.0
12/10/2014 07:00:00,0.0
12/10/2014 07:15:00,0.0
12/10/2014 07:30:00,0.0
12/10/2014 07:45:00,0.0
12/10/2014 08:00:00,0.0
12/10/2014 08:15:00,0.0
12/10/2014 08:30:00,0.0
12/10/2014 08:45:00,0.0
12/10/2014 09:00:00,0.0
12/10/2014 09:15:00,0.0
12/10/2014 09:30:00,0.0
12/10/2014 09:45:00,0.0
12/10/2014 10:00:00,0.0
12/10/2014 10:15:00,0.0
12/10/2014 10:30:00,0.0
12/10/2014 10:45:00,0.0
12/10/2014 11:00:00,0.0
12/10/2014 11:15:00,0.0
12/10/2014 11:30:00,0.0
12/10/2014 11:45:00,0.0
12/10/2014 12:00:00,0.0
12/10/2014 12:15:00,0.0
12/10/2014 12:30:00,0.0
12/10/2014 12:45:00,0.0
12/10/2014 13:00:00,0.0
12/10/2014 13:15:00,0.0
12/10/2014 13:30:00,0.0
12/10/2014 13:45:00,0.0
12/10/2014 14:00:00,0.0
12/10/2014 14:15:00,0.0
12/10/2014 14:30:00,0.0
12/10/2014 14:45:00,0.0
12/10/2014 15:00:00,0.0
12/10/2014 15:15:00,0.0
12/10/2014 15:30:00,0.0
12/10/2014 15:45:00,0.0
12/10/2014 16:00:00,0.0
12/10/2014 16:15:00,0.0
12/10/2014 16:30:00,0.0
12/10/2014 16:45:00,0.0
12/10/2014 17:00:00,0.0
12/10/2014 17:15:00,0.330933333333
12/10/2014 17:30:00,0.4782
12/10/2014 17:45:00,0.2058
12/10/2014 18:00:00,0.3902
12/10/2014 18:15:00,0.3368
12/10/2014 18:30:00,0.427333333333
12/10/2014 18:45:00,0.421333333333
12/10/2014 19:00:00,0.107666666667
12/10/2014 19:15:00,0.372933333333
12/10/2014 19:30:00,0.429
12/10/2014 19:45:00,0.0
12/10/2014 20:00:00,0.0
12/10/2014 20:15:00,0.0
12/10/2014 20:30:00,0.0
12/10/2014 20:45:00,0.0
12/10/2014 21:00:00,0.0
12/10/2014 21:15:00,0.0
12/10/2014 21:30:00,0.0
12/10/2014 21:45:00,0.0
12/10/2014 22:00:00,0.0
12/10/2014 22:15:00,0.0
12/10/2014 22:30:00,0.0
12/10/2014 22:45:00,0.0
12/10/2014 23:00:00,0.0
12/10/2014 23:15:00,0.0
12/10/2014 23:30:00,0.0
12/10/2014 23:45:00,0.0
13/10/2014 00:00:00,0.0
13/10/2014 00:15:00,0.0
13/10/2014 00:30:00,0.0
13/10/2014 00:45:00,0.0
13/10/2014 01:00:00,0.0
13/10/2014 01:15:00,0.0
13/10/2014 01:30:00,0.0
13/10/2014 01:45:00,0.0
13/10/2014 02:00:00,0.0
13/10/2014 02:15:00,0.0
13/10/2014 02:30:00,0.0
13/10/2014 02:45:00,0.0
13/10/2014 03:00:00,0.0
13/10/2014 03:15:00,0.0
13/10/2014 03:30:00,0.0
13/10/2014 03:45:00,0.0
13/10/2014 04:00:00,0.0
13/10/2014 04:15:00,0.0
13/10/2014 04:30:00,0.0
13/10/2014 04:45:00,0.0
13/10/2014 05:00:00,0.0
13/10/2014 05:15:00,0.0
13/10/2014 05:30:00,0.0
13/10/2014 05:45:00,0.0
13/10/2014 06:00:00,0.0
13/10/2014 06:15:00,0.0
13/10/2014 06:30:00,0.0
13/10/2014 06:45:00,0.0
13/10/2014 07:00:00,0.0
13/10/2014 07:15:00,0.0
13/10/2014 07:30:00,0.0
13/10/2014 07:45:00,0.0
13/10/2014 08:00:00,0.0
13/10/2014 08:15:00,0.0
13/10/2014 08:30:00,0.0
13/10/2014 08:45:00,0.0
13/10/2014 09:00:00,0.0
13/10/2014 09:15:00,0.0
13/10/2014 09:30:00,0.0
13/10/2014 09:45:00,0.0
13/10/2014 10:00:00,0.0
13/10/2014 10:15:00,0.0
13/10/2014 10:30:00,0.0
13/10/2014 10:45:00,0.0
13/10/2014 11:00:00,0.0
13/10/2014 11:15:00,0.0
13/10/2014 11:30:00,0.0
13/10/2014 11:45:00,0.0
13/10/2014 12:00:00,0.0
13/10/2014 12:15:00,0.0
13/10/2014 12:30:00,0.0
13/10/2014 12:45:00,0.0
13/10/2014 13:00:00,0.0
13/10/2014 13:15:00,0.0
13/10/2014 13:30:00,0.0
13/10/2014 13:45:00,0.0
13/10/2014 14:00:00,0.0
13/10/2014 14:15:00,0.0
13/10/2014 14:30:00,0.0
13/10/2014 14:45:00,0.0
13/10/2014 15:00:00,0.0
13/10/2014 15:15:00,0.0
13/10/2014 15:30:00,0.0
13/10/2014 15:45:00,0.0
13/10/2014 16:00:00,0.0
13/10/2014 16:15:00,0.0
13/10/2014 16:30:00,0.0
13/10/2014 16:45:00,0.0
13/10/2014 17:00:00,0.0
13/10/2014 17:15:00,0.0
13/10/2014 17:30:00,0.0
13/10/2014 17:45:00,0.0
13/10/2014 18:00:00,0.0
13/10/2014 18:15:00,0.0
13/10/2014 18:30:00,0.0
13/10/2014 18:45:00,0.0
13/10/2014 19:00:00,0.0
13/10/2014 19:15:00,0.0
13/10/2014 19:30:00,0.0
13/10/2014 19:45:00,0.0
13/10/2014 20:00:00,0.0
13/10/2014 20:15:00,0.0
13/10/2014 20:30:00,0.0
13/10/2014 20:45:00,0.0
13/10/2014 21:00:00,0.0
13/10/2014 21:15:00,0.0
13/10/2014 21:30:00,0.0
13/10/2014 21:45:00,0.0
13/10/2014 22:00:00,0.0
13/10/2014 22:15:00,0.0
13/10/2014 22:30:00,0.0
13/10/2014 22:45:00,0.0
13/10/2014 23:00:00,0.0
13/10/2014 23:15:00,0.0
13/10/2014 23:30:00,0.0
13/10/2014 23:45:00,0.0
14/10/2014 00:00:00,0.0
14/10/2014 00:15:00,0.0
14/10/2014 00:30:00,0.0
14/10/2014 00:45:00,0.0
14/10/2014 01:00:00,0.0
14/10/2014 01:15:00,0.0
14/10/2014 01:30:00,0.0
14/10/2014 01:45:00,0.0
14/10/2014 02:00:00,0.0
14/10/2014 02:15:00,0.0
14/10/2014 02:30:00,0.0
14/10/2014 02:45:00,0.0
14/10/2014 03:00:00,0.0
14/10/2014 03:15:00,0.0
14/10/2014 03:30:00,0.0
14/10/2014 03:45:00,0.0
14/10/2014 04:00:00,0.0
14/10/2014 04:15:00,0.0
14/10/2014 04:30:00,0.0
14/10/2014 04:45:00,0.0
14/10/2014 05:00:00,0.0
14/10/2014 05:15:00,0.0
14/10/2014 05:30:00,0.0
14/10/2014 05:45:00,0.0
14/10/2014 06:00:00,0.0
14/10/2014 06:15:00,0.0
14/10/2014 06:30:00,0.0
14/10/2014 06:45:00,0.0
14/10/2014 07:00:00,0.0
14/10/2014 07:15:00,0.0
14/10/2014 07:30:00,0.0
14/10/2014 07:45:00,0.0
14/10/2014 08:00:00,0.0
14/10/2014 08:15:00,0.0
14/10/2014 08:30:00,0.0
14/10/2014 08:45:00,0.0
14/10/2014 09:00:00,0.0
14/10/2014 09:15:00,0.0
14/10/2014 09:30:00,0.0
14/10/2014 09:45:00,0.0
14/10/2014 10:00:00,0.0
14/10/2014 10:15:00,0.0
14/10/2014 10:30:00,0.0
14/10/2014 10:45:00,0.0
14/10/2014 11:00:00,0.0
14/10/2014 11:15:00,0.0
14/10/2014 11:30:00,0.0
14/10/2014 11:45:00,0.0
14/10/2014 12:00:00,0.0
14/10/2014 12:15:00,0.0
14/10/2014 12:30:00,0.0
14/10/2014 12:45:00,0.0
14/10/2014 13:00:00,0.0
14/10/2014 13:15:00,0.0
14/10/2014 13:30:00,0.0
14/10/2014 13:45:00,0.0
14/10/2014 14:00:00,0.0
14/10/2014 14:15:00,0.0
14/10/2014 14:30:00,0.0
14/10/2014 14:45:00,0.0
14/10/2014 15:00:00,0.0
14/10/2014 15:15:00,0.0
14/10/2014 15:30:00,0.0
14/10/2014 15:45:00,0.0
14/10/2014 16:00:00,0.0
14/10/2014 16:15:00,0.0
14/10/2014 16:30:00,0.0
14/10/2014 16:45:00,0.0
14/10/2014 17:00:00,0.0
14/10/2014 17:15:00,0.0
14/10/2014 17:30:00,0.0
14/10/2014 17:45:00,0.0
14/10/2014 18:00:00,0.0
14/10/2014 18:15:00,0.0
14/10/2014 18:30:00,0.0
14/10/2014 18:45:00,0.0
14/10/2014 19:00:00,0.0
14/10/2014 19:15:00,0.0
14/10/2014 19:30:00,0.0
14/10/2014 19:45:00,0.0
14/10/2014 20:00:00,0.0
14/10/2014 20:15:00,0.0
14/10/2014 20:30:00,0.0
14/10/2014 20:45:00,0.0
14/10/2014 21:00:00,0.0
14/10/2014 21:15:00,0.0
14/10/2014 21:30:00,0.0
14/10/2014 21:45:00,0.0
14/10/2014 22:00:00,0.0
14/10/2014 22:15:00,0.0
14/10/2014 22:30:00,0.0
14/10/2014 22:45:00,0.0
14/10/2014 23:00:00,0.0
14/10/2014 23:15:00,0.0
14/10/2014 23:30:00,0.0
14/10/2014 23:45:00,0.0
15/10/2014 00:00:00,0.0
15/10/2014 00:15:00,0.0
15/10/2014 00:30:00,0.0
15/10/2014 00:45:00,0.0
15/10/2014 01:00:00,0.0
15/10/2014 01:15:00,0.0
15/10/2014 01:30:00,0.0
15/10/2014 01:45:00,0.0
15/10/2014 02:00:00,0.0
15/10/2014 02:15:00,0.0
15/10/2014 02:30:00,0.0
15/10/2014 02:45:00,0.0
15/10/2014 03:00:00,0.0
15/10/2014 03:15:00,0.0
15/10/2014 03:30:00,0.0
15/10/2014 03:45:00,0.0
15/10/2014 04:00:00,0.0
15/10/2014 04:15:00,0.0
15/10/2014 04:30:00,0.0
15/10/2014 04:45:00,0.0
15/10/2014 05:00:00,0.0
15/10/2014 05:15:00,0.0
15/10/2014 05:30:00,0.0
15/10/2014 05:45:00,0.0
15/10/2014 06:00:00,0.0
15/10/2014 06:15:00,0.0
15/10/2014 06:30:00,0.0
15/10/2014 06:45:00,0.0
15/10/2014 07:00:00,0.0
15/10/2014 07:15:00,0.0
15/10/2014 07:30:00,0.0
15/10/2014 07:45:00,0.0
15/10/2014 08:00:00,0.0
15/10/2014 08:15:00,0.0
15/10/2014 08:30:00,0.0
15/10/2014 08:45:00,0.0
15/10/2014 09:00:00,0.0842666666667
15/10/2014 09:15:00,0.373466666667
15/10/2014 09:30:00,0.4302
15/10/2014 09:45:00,0.0
15/10/2014 10:00:00,0.0
15/10/2014 10:15:00,0.0
15/10/2014 10:30:00,0.0
15/10/2014 10:45:00,0.0
15/10/2014 11:00:00,0.0
15/10/2014 11:15:00,0.0
15/10/2014 11:30:00,0.0
15/10/2014 11:45:00,0.0
15/10/2014 12:00:00,0.0
15/10/2014 12:15:00,0.0
15/10/2014 12:30:00,0.0
15/10/2014 12:45:00,0.0
15/10/2014 13:00:00,0.0
15/10/2014 13:15:00,0.0
15/10/2014 13:30:00,0.0
15/10/2014 13:45:00,0.0
15/10/2014 14:00:00,0.0
15/10/2014 14:15:00,0.0
15/10/2014 14:30:00,0.0
15/10/2014 14:45:00,0.0
15/10/2014 15:00:00,0.0
15/10/2014 15:15:00,0.0
15/10/2014 15:30:00,0.0
15/10/2014 15:45:00,0.0
15/10/2014 16:00:00,0.0
15/10/2014 16:15:00,0.0
15/10/2014 16:30:00,0.0
15/10/2014 16:45:00,0.0
15/10/2014 17:00:00,0.0
15/10/2014 17:15:00,0.0
15/10/2014 17:30:00,0.0
15/10/2014 17:45:00,0.0
15/10/2014 18:00:00,0.0
15/10/2014 18:15:00,0.0
15/10/2014 18:30:00,0.0
15/10/2014 18:45:00,0.0
15/10/2014 19:00:00,0.0
15/10/2014 19:15:00,0.0
15/10/2014 19:30:00,0.0
15/10/2014 19:45:00,0.00186666666667
15/10/2014 20:00:00,0.444733333333
15/10/2014 20:15:00,0.418666666667
15/10/2014 20:30:00,0.009
15/10/2014 20:45:00,0.0
15/10/2014 21:00:00,0.0
15/10/2014 21:15:00,0.0
15/10/2014 21:30:00,0.0
15/10/2014 21:45:00,0.0
15/10/2014 22:00:00,0.0
15/10/2014 22:15:00,0.0
15/10/2014 22:30:00,0.0
15/10/2014 22:45:00,0.0
15/10/2014 23:00:00,0.0
15/10/2014 23:15:00,0.0
15/10/2014 23:30:00,0.0
15/10/2014 23:45:00,0.0
16/10/2014 00:00:00,0.0
16/10/2014 00:15:00,0.0
16/10/2014 00:30:00,0.0
16/10/2014 00:45:00,0.0
16/10/2014 01:00:00,0.0
16/10/2014 01:15:00,0.0
16/10/2014 01:30:00,0.0
16/10/2014 01:45:00,0.0
16/10/2014 02:00:00,0.0
16/10/2014 02:15:00,0.0
16/10/2014 02:30:00,0.0
16/10/2014 02:45:00,0.0
16/10/2014 03:00:00,0.0
16/10/2014 03:15:00,0.0
16/10/2014 03:30:00,0.0
16/10/2014 03:45:00,0.0
16/10/2014 04:00:00,0.0
16/10/2014 04:15:00,0.0
16/10/2014 04:30:00,0.0
16/10/2014 04:45:00,0.0
16/10/2014 05:00:00,0.0
16/10/2014 05:15:00,0.0
16/10/2014 05:30:00,0.0
16/10/2014 05:45:00,0.0
16/10/2014 06:00:00,0.0
16/10/2014 06:15:00,0.0
16/10/2014 06:30:00,0.0
16/10/2014 06:45:00,0.0
16/10/2014 07:00:00,0.0
16/10/2014 07:15:00,0.0
16/10/2014 07:30:00,0.0
16/10/2014 07:45:00,0.0
16/10/2014 08:00:00,0.0
16/10/2014 08:15:00,0.0
16/10/2014 08:30:00,0.0
16/10/2014 08:45:00,0.0
16/10/2014 09:00:00,0.0
16/10/2014 09:15:00,0.0
16/10/2014 09:30:00,0.0
16/10/2014 09:45:00,0.0
16/10/2014 10:00:00,0.0
16/10/2014 10:15:00,0.0
16/10/2014 10:30:00,0.0
16/10/2014 10:45:00,0.0
16/10/2014 11:00:00,0.0
16/10/2014 11:15:00,0.0
16/10/2014 11:30:00,0.0
16/10/2014 11:45:00,0.0
16/10/2014 12:00:00,0.0
16/10/2014 12:15:00,0.0
16/10/2014 12:30:00,0.0
16/10/2014 12:45:00,0.0
16/10/2014 13:00:00,0.0
16/10/2014 13:15:00,0.0
16/10/2014 13:30:00,0.0
16/10/2014 13:45:00,0.0
16/10/2014 14:00:00,0.0
16/10/2014 14:15:00,0.0
16/10/2014 14:30:00,0.0
16/10/2014 14:45:00,0.0
16/10/2014 15:00:00,0.0
16/10/2014 15:15:00,0.0
16/10/2014 15:30:00,0.0
16/10/2014 15:45:00,0.0
16/10/2014 16:00:00,0.0
16/10/2014 16:15:00,0.0
16/10/2014 16:30:00,0.0
16/10/2014 16:45:00,0.0
16/10/2014 17:00:00,0.0
16/10/2014 17:15:00,0.0
16/10/2014 17:30:00,0.0
16/10/2014 17:45:00,0.0
16/10/2014 18:00:00,0.0
16/10/2014 18:15:00,0.0
16/10/2014 18:30:00,0.0
16/10/2014 18:45:00,0.0
16/10/2014 19:00:00,0.0
16/10/2014 19:15:00,0.0
16/10/2014 19:30:00,0.0
16/10/2014 19:45:00,0.0
16/10/2014 20:00:00,0.0
16/10/2014 20:15:00,0.0
16/10/2014 20:30:00,0.0
16/10/2014 20:45:00,0.0
16/10/2014 21:00:00,0.0
16/10/2014 21:15:00,0.0
16/10/2014 21:30:00,0.0
16/10/2014 21:45:00,0.0
16/10/2014 22:00:00,0.0
16/10/2014 22:15:00,0.0
16/10/2014 22:30:00,0.0
16/10/2014 22:45:00,0.0
16/10/2014 23:00:00,0.0
16/10/2014 23:15:00,0.0
16/10/2014 23:30:00,0.0
16/10/2014 23:45:00,0.0
17/10/2014 00:00:00,0.0
17/10/2014 00:15:00,0.0
17/10/2014 00:30:00,0.0
17/10/2014 00:45:00,0.0
17/10/2014 01:00:00,0.0
17/10/2014 01:15:00,0.0
17/10/2014 01:30:00,0.0
17/10/2014 01:45:00,0.0
17/10/2014 02:00:00,0.0
17/10/2014 02:15:00,0.0
17/10/2014 02:30:00,0.0
17/10/2014 02:45:00,0.0
17/10/2014 03:00:00,0.0
17/10/2014 03:15:00,0.0
17/10/2014 03:30:00,0.0
17/10/2014 03:45:00,0.0
17/10/2014 04:00:00,0.0
17/10/2014 04:15:00,0.0
17/10/2014 04:30:00,0.0
17/10/2014 04:45:00,0.0
17/10/2014 05:00:00,0.0
17/10/2014 05:15:00,0.0
17/10/2014 05:30:00,0.0
17/10/2014 05:45:00,0.0
17/10/2014 06:00:00,0.0
17/10/2014 06:15:00,0.0
17/10/2014 06:30:00,0.0
17/10/2014 06:45:00,0.0
17/10/2014 07:00:00,0.0
17/10/2014 07:15:00,0.0
17/10/2014 07:30:00,0.0
17/10/2014 07:45:00,0.0
17/10/2014 08:00:00,0.0
17/10/2014 08:15:00,0.0
17/10/2014 08:30:00,0.0
17/10/2014 08:45:00,0.0
17/10/2014 09:00:00,0.0
17/10/2014 09:15:00,0.0
17/10/2014 09:30:00,0.0
17/10/2014 09:45:00,0.0
17/10/2014 10:00:00,0.0
17/10/2014 10:15:00,0.0
17/10/2014 10:30:00,0.0
17/10/2014 10:45:00,0.0
17/10/2014 11:00:00,0.0
17/10/2014 11:15:00,0.0
17/10/2014 11:30:00,0.0
17/10/2014 11:45:00,0.0
17/10/2014 12:00:00,0.0
17/10/2014 12:15:00,0.0
17/10/2014 12:30:00,0.0
17/10/2014 12:45:00,0.0
17/10/2014 13:00:00,0.0
17/10/2014 13:15:00,0.0
17/10/2014 13:30:00,0.0
17/10/2014 13:45:00,0.0
17/10/2014 14:00:00,0.0
17/10/2014 14:15:00,0.0
17/10/2014 14:30:00,0.0
17/10/2014 14:45:00,0.0
17/10/2014 15:00:00,0.0
17/10/2014 15:15:00,0.0
17/10/2014 15:30:00,0.0
17/10/2014 15:45:00,0.0
17/10/2014 16:00:00,0.0
17/10/2014 16:15:00,0.0
17/10/2014 16:30:00,0.0
17/10/2014 16:45:00,0.0
17/10/2014 17:00:00,0.0
17/10/2014 17:15:00,0.0
17/10/2014 17:30:00,0.0
17/10/2014 17:45:00,0.0
17/10/2014 18:00:00,0.0
17/10/2014 18:15:00,0.0
17/10/2014 18:30:00,0.0
17/10/2014 18:45:00,0.0
17/10/2014 19:00:00,0.0
17/10/2014 19:15:00,0.0
17/10/2014 19:30:00,0.0
17/10/2014 19:45:00,0.0
17/10/2014 20:00:00,0.0
17/10/2014 20:15:00,0.0
17/10/2014 20:30:00,0.0
17/10/2014 20:45:00,0.0
17/10/2014 21:00:00,0.0
17/10/2014 21:15:00,0.0
17/10/2014 21:30:00,0.0
17/10/2014 21:45:00,0.0
17/10/2014 22:00:00,0.0
17/10/2014 22:15:00,0.0
17/10/2014 22:30:00,0.0
17/10/2014 22:45:00,0.0
17/10/2014 23:00:00,0.0
17/10/2014 23:15:00,0.0
17/10/2014 23:30:00,0.0
17/10/2014 23:45:00,0.0
18/10/2014 00:00:00,0.0
18/10/2014 00:15:00,0.0
18/10/2014 00:30:00,0.0
18/10/2014 00:45:00,0.0
18/10/2014 01:00:00,0.0
18/10/2014 01:15:00,0.0
18/10/2014 01:30:00,0.0
18/10/2014 01:45:00,0.0
18/10/2014 02:00:00,0.0
18/10/2014 02:15:00,0.0
18/10/2014 02:30:00,0.0
18/10/2014 02:45:00,0.0
18/10/2014 03:00:00,0.0
18/10/2014 03:15:00,0.0
18/10/2014 03:30:00,0.0
18/10/2014 03:45:00,0.0
18/10/2014 04:00:00,0.0
18/10/2014 04:15:00,0.0
18/10/2014 04:30:00,0.0
18/10/2014 04:45:00,0.0
18/10/2014 05:00:00,0.0
18/10/2014 05:15:00,0.0
18/10/2014 05:30:00,0.0
18/10/2014 05:45:00,0.0
18/10/2014 06:00:00,0.0
18/10/2014 06:15:00,0.0
18/10/2014 06:30:00,0.0
18/10/2014 06:45:00,0.0
18/10/2014 07:00:00,0.0
18/10/2014 07:15:00,0.0
18/10/2014 07:30:00,0.0
18/10/2014 07:45:00,0.0
18/10/2014 08:00:00,0.0
18/10/2014 08:15:00,0.0
18/10/2014 08:30:00,0.0
18/10/2014 08:45:00,0.0
18/10/2014 09:00:00,0.0
18/10/2014 09:15:00,0.0
18/10/2014 09:30:00,0.0
18/10/2014 09:45:00,0.0
18/10/2014 10:00:00,0.0
18/10/2014 10:15:00,0.0
18/10/2014 10:30:00,0.0
18/10/2014 10:45:00,0.0
18/10/2014 11:00:00,0.0
18/10/2014 11:15:00,0.0
18/10/2014 11:30:00,0.0
18/10/2014 11:45:00,0.0
18/10/2014 12:00:00,0.0
18/10/2014 12:15:00,0.0
18/10/2014 12:30:00,0.0
18/10/2014 12:45:00,0.0
18/10/2014 13:00:00,0.0
18/10/2014 13:15:00,0.0
18/10/2014 13:30:00,0.0
18/10/2014 13:45:00,0.0
18/10/2014 14:00:00,0.0
18/10/2014 14:15:00,0.0
18/10/2014 14:30:00,0.0
18/10/2014 14:45:00,0.0
18/10/2014 15:00:00,0.1104
18/10/2014 15:15:00,0.3738
18/10/2014 15:30:00,0.0567333333333
18/10/2014 15:45:00,0.3636
18/10/2014 16:00:00,0.2684
18/10/2014 16:15:00,0.028
18/10/2014 16:30:00,0.0
18/10/2014 16:45:00,0.0
18/10/2014 17:00:00,0.0
18/10/2014 17:15:00,0.0
18/10/2014 17:30:00,0.0
18/10/2014 17:45:00,0.0
18/10/2014 18:00:00,0.0
18/10/2014 18:15:00,0.0
18/10/2014 18:30:00,0.0
18/10/2014 18:45:00,0.0
18/10/2014 19:00:00,0.0
18/10/2014 19:15:00,0.0
18/10/2014 19:30:00,0.0
18/10/2014 19:45:00,0.0
18/10/2014 20:00:00,0.0
18/10/2014 20:15:00,0.0
18/10/2014 20:30:00,0.0
18/10/2014 20:45:00,0.0
18/10/2014 21:00:00,0.0
18/10/2014 21:15:00,0.0
18/10/2014 21:30:00,0.0
18/10/2014 21:45:00,0.0
18/10/2014 22:00:00,0.0
18/10/2014 22:15:00,0.0
18/10/2014 22:30:00,0.0
18/10/2014 22:45:00,0.0
18/10/2014 23:00:00,0.0
18/10/2014 23:15:00,0.0
18/10/2014 23:30:00,0.0
18/10/2014 23:45:00,0.0
19/10/2014 00:00:00,0.0
19/10/2014 00:15:00,0.0
19/10/2014 00:30:00,0.0
19/10/2014 00:45:00,0.0
19/10/2014 01:00:00,0.0
19/10/2014 01:15:00,0.0
19/10/2014 01:30:00,0.0
19/10/2014 01:45:00,0.0
19/10/2014 02:00:00,0.0
19/10/2014 02:15:00,0.0
19/10/2014 02:30:00,0.0
19/10/2014 02:45:00,0.0
19/10/2014 03:00:00,0.0
19/10/2014 03:15:00,0.0
19/10/2014 03:30:00,0.0
19/10/2014 03:45:00,0.0
19/10/2014 04:00:00,0.0
19/10/2014 04:15:00,0.0
19/10/2014 04:30:00,0.0
19/10/2014 04:45:00,0.0
19/10/2014 05:00:00,0.0
19/10/2014 05:15:00,0.0
19/10/2014 05:30:00,0.0
19/10/2014 05:45:00,0.0
19/10/2014 06:00:00,0.0
19/10/2014 06:15:00,0.0
19/10/2014 06:30:00,0.0
19/10/2014 06:45:00,0.0
19/10/2014 07:00:00,0.0
19/10/2014 07:15:00,0.0
19/10/2014 07:30:00,0.0
19/10/2014 07:45:00,0.0
19/10/2014 08:00:00,0.0
19/10/2014 08:15:00,0.0
19/10/2014 08:30:00,0.0
19/10/2014 08:45:00,0.0
19/10/2014 09:00:00,0.0
19/10/2014 09:15:00,0.0
19/10/2014 09:30:00,0.0
19/10/2014 09:45:00,0.0
19/10/2014 10:00:00,0.0
19/10/2014 10:15:00,0.0
19/10/2014 10:30:00,0.0
19/10/2014 10:45:00,0.0
19/10/2014 11:00:00,0.0
19/10/2014 11:15:00,0.0
19/10/2014 11:30:00,0.0
19/10/2014 11:45:00,0.0
19/10/2014 12:00:00,0.0
19/10/2014 12:15:00,0.0
19/10/2014 12:30:00,0.0
19/10/2014 12:45:00,0.0
19/10/2014 13:00:00,0.0
19/10/2014 13:15:00,0.0
19/10/2014 13:30:00,0.0
19/10/2014 13:45:00,0.0
19/10/2014 14:00:00,0.0
19/10/2014 14:15:00,0.0
19/10/2014 14:30:00,0.0
19/10/2014 14:45:00,0.0
19/10/2014 15:00:00,0.0
19/10/2014 15:15:00,0.0
19/10/2014 15:30:00,0.0
19/10/2014 15:45:00,0.0
19/10/2014 16:00:00,0.0
19/10/2014 16:15:00,0.0
19/10/2014 16:30:00,0.0
19/10/2014 16:45:00,0.0
19/10/2014 17:00:00,0.0
19/10/2014 17:15:00,0.0
19/10/2014 17:30:00,0.0
19/10/2014 17:45:00,0.0
19/10/2014 18:00:00,0.0
19/10/2014 18:15:00,0.0
19/10/2014 18:30:00,0.0
19/10/2014 18:45:00,0.0
19/10/2014 19:00:00,0.0
19/10/2014 19:15:00,0.0
19/10/2014 19:30:00,0.0
19/10/2014 19:45:00,0.0
19/10/2014 20:00:00,0.0
19/10/2014 20:15:00,0.0
19/10/2014 20:30:00,0.0
19/10/2014 20:45:00,0.0
19/10/2014 21:00:00,0.0
19/10/2014 21:15:00,0.0
19/10/2014 21:30:00,0.0
19/10/2014 21:45:00,0.0
19/10/2014 22:00:00,0.0
19/10/2014 22:15:00,0.0
19/10/2014 22:30:00,0.0
19/10/2014 22:45:00,0.0
19/10/2014 23:00:00,0.0
19/10/2014 23:15:00,0.0
19/10/2014 23:30:00,0.0
19/10/2014 23:45:00,0.0
20/10/2014 00:00:00,0.0
20/10/2014 00:15:00,0.0
20/10/2014 00:30:00,0.0
20/10/2014 00:45:00,0.0
20/10/2014 01:00:00,0.0
20/10/2014 01:15:00,0.0
20/10/2014 01:30:00,0.0
20/10/2014 01:45:00,0.0
20/10/2014 02:00:00,0.0
20/10/2014 02:15:00,0.0
20/10/2014 02:30:00,0.0
20/10/2014 02:45:00,0.0
20/10/2014 03:00:00,0.0
20/10/2014 03:15:00,0.0
20/10/2014 03:30:00,0.0
20/10/2014 03:45:00,0.0
20/10/2014 04:00:00,0.0
20/10/2014 04:15:00,0.0
20/10/2014 04:30:00,0.0
20/10/2014 04:45:00,0.0
20/10/2014 05:00:00,0.0
20/10/2014 05:15:00,0.0
20/10/2014 05:30:00,0.0
20/10/2014 05:45:00,0.0
20/10/2014 06:00:00,0.0
20/10/2014 06:15:00,0.0
20/10/2014 06:30:00,0.0
20/10/2014 06:45:00,0.0
20/10/2014 07:00:00,0.0
20/10/2014 07:15:00,0.0
20/10/2014 07:30:00,0.0
20/10/2014 07:45:00,0.0
20/10/2014 08:00:00,0.0
20/10/2014 08:15:00,0.0
20/10/2014 08:30:00,0.0
20/10/2014 08:45:00,0.0
20/10/2014 09:00:00,0.0
20/10/2014 09:15:00,0.348333333333
20/10/2014 09:30:00,0.295866666667
20/10/2014 09:45:00,0.192066666667
20/10/2014 10:00:00,0.0
20/10/2014 10:15:00,0.0
20/10/2014 10:30:00,0.0
20/10/2014 10:45:00,0.0
20/10/2014 11:00:00,0.0
20/10/2014 11:15:00,0.0
20/10/2014 11:30:00,0.0
20/10/2014 11:45:00,0.0
20/10/2014 12:00:00,0.0
20/10/2014 12:15:00,0.0
20/10/2014 12:30:00,0.0
20/10/2014 12:45:00,0.0
20/10/2014 13:00:00,0.0
20/10/2014 13:15:00,0.0
20/10/2014 13:30:00,0.0
20/10/2014 13:45:00,0.0
20/10/2014 14:00:00,0.0
20/10/2014 14:15:00,0.0
20/10/2014 14:30:00,0.0
20/10/2014 14:45:00,0.0
20/10/2014 15:00:00,0.0
20/10/2014 15:15:00,0.0
20/10/2014 15:30:00,0.0
20/10/2014 15:45:00,0.0
20/10/2014 16:00:00,0.0
20/10/2014 16:15:00,0.0
20/10/2014 16:30:00,0.0
20/10/2014 16:45:00,0.0
20/10/2014 17:00:00,0.0
20/10/2014 17:15:00,0.0
20/10/2014 17:30:00,0.0
20/10/2014 17:45:00,0.0
20/10/2014 18:00:00,0.0
20/10/2014 18:15:00,0.0
20/10/2014 18:30:00,0.0
20/10/2014 18:45:00,0.0
20/10/2014 19:00:00,0.0
20/10/2014 19:15:00,0.0
20/10/2014 19:30:00,0.0
20/10/2014 19:45:00,0.0
20/10/2014 20:00:00,0.0
20/10/2014 20:15:00,0.0
20/10/2014 20:30:00,0.0
20/10/2014 20:45:00,0.0
20/10/2014 21:00:00,0.0
20/10/2014 21:15:00,0.0
20/10/2014 21:30:00,0.0
20/10/2014 21:45:00,0.0
20/10/2014 22:00:00,0.0
20/10/2014 22:15:00,0.0
20/10/2014 22:30:00,0.0
20/10/2014 22:45:00,0.0
20/10/2014 23:00:00,0.0
20/10/2014 23:15:00,0.0
20/10/2014 23:30:00,0.0
20/10/2014 23:45:00,0.0
21/10/2014 00:00:00,0.0
21/10/2014 00:15:00,0.0
21/10/2014 00:30:00,0.0
21/10/2014 00:45:00,0.0
21/10/2014 01:00:00,0.0
21/10/2014 01:15:00,0.0
21/10/2014 01:30:00,0.0
21/10/2014 01:45:00,0.0
21/10/2014 02:00:00,0.0
21/10/2014 02:15:00,0.0
21/10/2014 02:30:00,0.0
21/10/2014 02:45:00,0.0
21/10/2014 03:00:00,0.0
21/10/2014 03:15:00,0.0
21/10/2014 03:30:00,0.0
21/10/2014 03:45:00,0.0
21/10/2014 04:00:00,0.0
21/10/2014 04:15:00,0.0
21/10/2014 04:30:00,0.0
21/10/2014 04:45:00,0.0
21/10/2014 05:00:00,0.0
21/10/2014 05:15:00,0.0
21/10/2014 05:30:00,0.0
21/10/2014 05:45:00,0.0
21/10/2014 06:00:00,0.0
21/10/2014 06:15:00,0.0
21/10/2014 06:30:00,0.0
21/10/2014 06:45:00,0.0
21/10/2014 07:00:00,0.0
21/10/2014 07:15:00,0.0
21/10/2014 07:30:00,0.1084
21/10/2014 07:45:00,0.0
21/10/2014 08:00:00,0.322533333333
21/10/2014 08:15:00,0.0
21/10/2014 08:30:00,0.0
21/10/2014 08:45:00,0.0
21/10/2014 09:00:00,0.0
21/10/2014 09:15:00,0.0
21/10/2014 09:30:00,0.0
21/10/2014 09:45:00,0.0
21/10/2014 10:00:00,0.0
21/10/2014 10:15:00,0.0
21/10/2014 10:30:00,0.0
21/10/2014 10:45:00,0.0
21/10/2014 11:00:00,0.0
21/10/2014 11:15:00,0.0
21/10/2014 11:30:00,0.0
21/10/2014 11:45:00,0.0
21/10/2014 12:00:00,0.0
21/10/2014 12:15:00,0.0
21/10/2014 12:30:00,0.0
21/10/2014 12:45:00,0.0
21/10/2014 13:00:00,0.0
21/10/2014 13:15:00,0.0
21/10/2014 13:30:00,0.0
21/10/2014 13:45:00,0.0
21/10/2014 14:00:00,0.0
21/10/2014 14:15:00,0.0
21/10/2014 14:30:00,0.0
21/10/2014 14:45:00,0.0
21/10/2014 15:00:00,0.0
21/10/2014 15:15:00,0.0
21/10/2014 15:30:00,0.0
21/10/2014 15:45:00,0.0
21/10/2014 16:00:00,0.0
21/10/2014 16:15:00,0.0
21/10/2014 16:30:00,0.0
21/10/2014 16:45:00,0.0
21/10/2014 17:00:00,0.0
21/10/2014 17:15:00,0.0
21/10/2014 17:30:00,0.0
21/10/2014 17:45:00,0.0
21/10/2014 18:00:00,0.0
21/10/2014 18:15:00,0.0
21/10/2014 18:30:00,0.0
21/10/2014 18:45:00,0.0
21/10/2014 19:00:00,0.0
21/10/2014 19:15:00,0.0
21/10/2014 19:30:00,0.0
21/10/2014 19:45:00,0.0
21/10/2014 20:00:00,0.0
21/10/2014 20:15:00,0.0
21/10/2014 20:30:00,0.0
21/10/2014 20:45:00,0.0
21/10/2014 21:00:00,0.0
21/10/2014 21:15:00,0.0
21/10/2014 21:30:00,0.0
21/10/2014 21:45:00,0.0
21/10/2014 22:00:00,0.0
21/10/2014 22:15:00,0.0
21/10/2014 22:30:00,0.0
21/10/2014 22:45:00,0.0
21/10/2014 23:00:00,0.0
21/10/2014 23:15:00,0.0
21/10/2014 23:30:00,0.0
21/10/2014 23:45:00,0.0
22/10/2014 00:00:00,0.0
22/10/2014 00:15:00,0.0
22/10/2014 00:30:00,0.0
22/10/2014 00:45:00,0.0
22/10/2014 01:00:00,0.0
22/10/2014 01:15:00,0.0
22/10/2014 01:30:00,0.0
22/10/2014 01:45:00,0.0
22/10/2014 02:00:00,0.0
22/10/2014 02:15:00,0.0
22/10/2014 02:30:00,0.0
22/10/2014 02:45:00,0.0
22/10/2014 03:00:00,0.0
22/10/2014 03:15:00,0.0
22/10/2014 03:30:00,0.0
22/10/2014 03:45:00,0.0
22/10/2014 04:00:00,0.0
22/10/2014 04:15:00,0.0
22/10/2014 04:30:00,0.0
22/10/2014 04:45:00,0.0
22/10/2014 05:00:00,0.0
22/10/2014 05:15:00,0.0
22/10/2014 05:30:00,0.0
22/10/2014 05:45:00,0.0
22/10/2014 06:00:00,0.0
22/10/2014 06:15:00,0.0
22/10/2014 06:30:00,0.0
22/10/2014 06:45:00,0.0
22/10/2014 07:00:00,0.0
22/10/2014 07:15:00,0.0
22/10/2014 07:30:00,0.0
22/10/2014 07:45:00,0.0
22/10/2014 08:00:00,0.0
22/10/2014 08:15:00,0.0
22/10/2014 08:30:00,0.0
22/10/2014 08:45:00,0.0
22/10/2014 09:00:00,0.0
22/10/2014 09:15:00,0.0
22/10/2014 09:30:00,0.0
22/10/2014 09:45:00,0.0
22/10/2014 10:00:00,0.0
22/10/2014 10:15:00,0.0
22/10/2014 10:30:00,0.0
22/10/2014 10:45:00,0.0
22/10/2014 11:00:00,0.0
22/10/2014 11:15:00,0.0
22/10/2014 11:30:00,0.0
22/10/2014 11:45:00,0.0
22/10/2014 12:00:00,0.0
22/10/2014 12:15:00,0.0
22/10/2014 12:30:00,0.0
22/10/2014 12:45:00,0.0
22/10/2014 13:00:00,0.0
22/10/2014 13:15:00,0.0
22/10/2014 13:30:00,0.0
22/10/2014 13:45:00,0.0
22/10/2014 14:00:00,0.0
22/10/2014 14:15:00,0.0
22/10/2014 14:30:00,0.0
22/10/2014 14:45:00,0.0
22/10/2014 15:00:00,0.0
22/10/2014 15:15:00,0.0
22/10/2014 15:30:00,0.0
22/10/2014 15:45:00,0.0
22/10/2014 16:00:00,0.0
22/10/2014 16:15:00,0.0
22/10/2014 16:30:00,0.0
22/10/2014 16:45:00,0.0
22/10/2014 17:00:00,0.0
22/10/2014 17:15:00,0.0
22/10/2014 17:30:00,0.0
22/10/2014 17:45:00,0.0
22/10/2014 18:00:00,0.0
22/10/2014 18:15:00,0.0
22/10/2014 18:30:00,0.0
22/10/2014 18:45:00,0.0
22/10/2014 19:00:00,0.0
22/10/2014 19:15:00,0.0
22/10/2014 19:30:00,0.0
22/10/2014 19:45:00,0.0
22/10/2014 20:00:00,0.0
22/10/2014 20:15:00,0.0
22/10/2014 20:30:00,0.0
22/10/2014 20:45:00,0.0
22/10/2014 21:00:00,0.0
22/10/2014 21:15:00,0.0
22/10/2014 21:30:00,0.0
22/10/2014 21:45:00,0.0
22/10/2014 22:00:00,0.0
22/10/2014 22:15:00,0.0
22/10/2014 22:30:00,0.0
22/10/2014 22:45:00,0.0
22/10/2014 23:00:00,0.0
22/10/2014 23:15:00,0.0
22/10/2014 23:30:00,0.0
22/10/2014 23:45:00,0.0
23/10/2014 00:00:00,0.0
23/10/2014 00:15:00,0.0
23/10/2014 00:30:00,0.0
23/10/2014 00:45:00,0.0
23/10/2014 01:00:00,0.0
23/10/2014 01:15:00,0.0
23/10/2014 01:30:00,0.0
23/10/2014 01:45:00,0.0
23/10/2014 02:00:00,0.0
23/10/2014 02:15:00,0.0
23/10/2014 02:30:00,0.0
23/10/2014 02:45:00,0.0
23/10/2014 03:00:00,0.0
23/10/2014 03:15:00,0.0
23/10/2014 03:30:00,0.0
23/10/2014 03:45:00,0.0
23/10/2014 04:00:00,0.0
23/10/2014 04:15:00,0.0
23/10/2014 04:30:00,0.0
23/10/2014 04:45:00,0.0
23/10/2014 05:00:00,0.0
23/10/2014 05:15:00,0.0
23/10/2014 05:30:00,0.0
23/10/2014 05:45:00,0.0
23/10/2014 06:00:00,0.0
23/10/2014 06:15:00,0.0
23/10/2014 06:30:00,0.0517333333333
23/10/2014 06:45:00,0.399733333333
23/10/2014 07:00:00,0.413
23/10/2014 07:15:00,0.0
23/10/2014 07:30:00,0.0
23/10/2014 07:45:00,0.0
23/10/2014 08:00:00,0.0
23/10/2014 08:15:00,0.0
23/10/2014 08:30:00,0.0
23/10/2014 08:45:00,0.0
23/10/2014 09:00:00,0.0
23/10/2014 09:15:00,0.0
23/10/2014 09:30:00,0.0
23/10/2014 09:45:00,0.0
23/10/2014 10:00:00,0.0
23/10/2014 10:15:00,0.0
23/10/2014 10:30:00,0.0
23/10/2014 10:45:00,0.0
23/10/2014 11:00:00,0.0
23/10/2014 11:15:00,0.0
23/10/2014 11:30:00,0.0
23/10/2014 11:45:00,0.0
23/10/2014 12:00:00,0.0
23/10/2014 12:15:00,0.0
23/10/2014 12:30:00,0.0
23/10/2014 12:45:00,0.0
23/10/2014 13:00:00,0.0
23/10/2014 13:15:00,0.0
23/10/2014 13:30:00,0.0
23/10/2014 13:45:00,0.0
23/10/2014 14:00:00,0.0
23/10/2014 14:15:00,0.0
23/10/2014 14:30:00,0.0
23/10/2014 14:45:00,0.0
23/10/2014 15:00:00,0.0
23/10/2014 15:15:00,0.0
23/10/2014 15:30:00,0.0
23/10/2014 15:45:00,0.0
23/10/2014 16:00:00,0.0
23/10/2014 16:15:00,0.0
23/10/2014 16:30:00,0.0
23/10/2014 16:45:00,0.0
23/10/2014 17:00:00,0.0
23/10/2014 17:15:00,0.0
23/10/2014 17:30:00,0.0
23/10/2014 17:45:00,0.0
23/10/2014 18:00:00,0.0
23/10/2014 18:15:00,0.0
23/10/2014 18:30:00,0.0
23/10/2014 18:45:00,0.0
23/10/2014 19:00:00,0.0
23/10/2014 19:15:00,0.0
23/10/2014 19:30:00,0.0
23/10/2014 19:45:00,0.0
23/10/2014 20:00:00,0.0
23/10/2014 20:15:00,0.0
23/10/2014 20:30:00,0.0
23/10/2014 20:45:00,0.0
23/10/2014 21:00:00,0.0
23/10/2014 21:15:00,0.0
23/10/2014 21:30:00,0.0
23/10/2014 21:45:00,0.0
23/10/2014 22:00:00,0.0
23/10/2014 22:15:00,0.0
23/10/2014 22:30:00,0.0
23/10/2014 22:45:00,0.0
23/10/2014 23:00:00,0.0
23/10/2014 23:15:00,0.0
23/10/2014 23:30:00,0.0
23/10/2014 23:45:00,0.0
24/10/2014 00:00:00,0.0
24/10/2014 00:15:00,0.0
24/10/2014 00:30:00,0.0
24/10/2014 00:45:00,0.0
24/10/2014 01:00:00,0.0
24/10/2014 01:15:00,0.0
24/10/2014 01:30:00,0.0
24/10/2014 01:45:00,0.0
24/10/2014 02:00:00,0.0
24/10/2014 02:15:00,0.0
24/10/2014 02:30:00,0.0
24/10/2014 02:45:00,0.0
24/10/2014 03:00:00,0.0
24/10/2014 03:15:00,0.0
24/10/2014 03:30:00,0.0
24/10/2014 03:45:00,0.0
24/10/2014 04:00:00,0.0
24/10/2014 04:15:00,0.0
24/10/2014 04:30:00,0.0
24/10/2014 04:45:00,0.0
24/10/2014 05:00:00,0.0
24/10/2014 05:15:00,0.0
24/10/2014 05:30:00,0.0
24/10/2014 05:45:00,0.0
24/10/2014 06:00:00,0.0
24/10/2014 06:15:00,0.0
24/10/2014 06:30:00,0.0
24/10/2014 06:45:00,0.0
24/10/2014 07:00:00,0.0
24/10/2014 07:15:00,0.0116
24/10/2014 07:30:00,0.490666666667
24/10/2014 07:45:00,0.389466666667
24/10/2014 08:00:00,0.0266666666667
24/10/2014 08:15:00,0.0
24/10/2014 08:30:00,0.0
24/10/2014 08:45:00,0.0
24/10/2014 09:00:00,0.0
24/10/2014 09:15:00,0.0
24/10/2014 09:30:00,0.0
24/10/2014 09:45:00,0.0
24/10/2014 10:00:00,0.0
24/10/2014 10:15:00,0.0
24/10/2014 10:30:00,0.0
24/10/2014 10:45:00,0.0
24/10/2014 11:00:00,0.0
24/10/2014 11:15:00,0.0
24/10/2014 11:30:00,0.0
24/10/2014 11:45:00,0.0
24/10/2014 12:00:00,0.0
24/10/2014 12:15:00,0.0
24/10/2014 12:30:00,0.0
24/10/2014 12:45:00,0.0
24/10/2014 13:00:00,0.0
24/10/2014 13:15:00,0.0
24/10/2014 13:30:00,0.0
24/10/2014 13:45:00,0.0
24/10/2014 14:00:00,0.0
24/10/2014 14:15:00,0.0
24/10/2014 14:30:00,0.0
24/10/2014 14:45:00,0.0
24/10/2014 15:00:00,0.0
24/10/2014 15:15:00,0.0
24/10/2014 15:30:00,0.0
24/10/2014 15:45:00,0.0
24/10/2014 16:00:00,0.0
24/10/2014 16:15:00,0.0
24/10/2014 16:30:00,0.0
24/10/2014 16:45:00,0.0
24/10/2014 17:00:00,0.0
24/10/2014 17:15:00,0.0
24/10/2014 17:30:00,0.0
24/10/2014 17:45:00,0.0
24/10/2014 18:00:00,0.0
24/10/2014 18:15:00,0.0
24/10/2014 18:30:00,0.0
24/10/2014 18:45:00,0.0
24/10/2014 19:00:00,0.0
24/10/2014 19:15:00,0.0
24/10/2014 19:30:00,0.0
24/10/2014 19:45:00,0.0
24/10/2014 20:00:00,0.0
24/10/2014 20:15:00,0.0
24/10/2014 20:30:00,0.0
24/10/2014 20:45:00,0.0
24/10/2014 21:00:00,0.0
24/10/2014 21:15:00,0.0
24/10/2014 21:30:00,0.0
24/10/2014 21:45:00,0.0
24/10/2014 22:00:00,0.0
24/10/2014 22:15:00,0.0
24/10/2014 22:30:00,0.0
24/10/2014 22:45:00,0.0
24/10/2014 23:00:00,0.0
24/10/2014 23:15:00,0.0
24/10/2014 23:30:00,0.0
24/10/2014 23:45:00,0.0
25/10/2014 00:00:00,0.0
25/10/2014 00:15:00,0.0
25/10/2014 00:30:00,0.0
25/10/2014 00:45:00,0.0
25/10/2014 01:00:00,0.0
25/10/2014 01:15:00,0.0
25/10/2014 01:30:00,0.0
25/10/2014 01:45:00,0.0
25/10/2014 02:00:00,0.0
25/10/2014 02:15:00,0.0
25/10/2014 02:30:00,0.0
25/10/2014 02:45:00,0.0
25/10/2014 03:00:00,0.0
25/10/2014 03:15:00,0.0
25/10/2014 03:30:00,0.0
25/10/2014 03:45:00,0.0
25/10/2014 04:00:00,0.0
25/10/2014 04:15:00,0.0
25/10/2014 04:30:00,0.0
25/10/2014 04:45:00,0.0
25/10/2014 05:00:00,0.0
25/10/2014 05:15:00,0.0
25/10/2014 05:30:00,0.0
25/10/2014 05:45:00,0.0
25/10/2014 06:00:00,0.0
25/10/2014 06:15:00,0.0
25/10/2014 06:30:00,0.0
25/10/2014 06:45:00,0.0
25/10/2014 07:00:00,0.0
25/10/2014 07:15:00,0.0
25/10/2014 07:30:00,0.0
25/10/2014 07:45:00,0.0
25/10/2014 08:00:00,0.0
25/10/2014 08:15:00,0.0
25/10/2014 08:30:00,0.0
25/10/2014 08:45:00,0.0
25/10/2014 09:00:00,0.0
25/10/2014 09:15:00,0.0
25/10/2014 09:30:00,0.0
25/10/2014 09:45:00,0.0
25/10/2014 10:00:00,0.0
25/10/2014 10:15:00,0.0
25/10/2014 10:30:00,0.0
25/10/2014 10:45:00,0.0
25/10/2014 11:00:00,0.0
25/10/2014 11:15:00,0.0
25/10/2014 11:30:00,0.0
25/10/2014 11:45:00,0.0
25/10/2014 12:00:00,0.0
25/10/2014 12:15:00,0.0
25/10/2014 12:30:00,0.0
25/10/2014 12:45:00,0.0
25/10/2014 13:00:00,0.0
25/10/2014 13:15:00,0.0
25/10/2014 13:30:00,0.0
25/10/2014 13:45:00,0.0
25/10/2014 14:00:00,0.0
25/10/2014 14:15:00,0.0
25/10/2014 14:30:00,0.0
25/10/2014 14:45:00,0.0
25/10/2014 15:00:00,0.0
25/10/2014 15:15:00,0.0
25/10/2014 15:30:00,0.0
25/10/2014 15:45:00,0.0
25/10/2014 16:00:00,0.0
25/10/2014 16:15:00,0.0
25/10/2014 16:30:00,0.0
25/10/2014 16:45:00,0.0
25/10/2014 17:00:00,0.0
25/10/2014 17:15:00,0.0
25/10/2014 17:30:00,0.0
25/10/2014 17:45:00,0.0
25/10/2014 18:00:00,0.0
25/10/2014 18:15:00,0.0
25/10/2014 18:30:00,0.0
25/10/2014 18:45:00,0.0
25/10/2014 19:00:00,0.0
25/10/2014 19:15:00,0.0
25/10/2014 19:30:00,0.0
25/10/2014 19:45:00,0.0
25/10/2014 20:00:00,0.0
25/10/2014 20:15:00,0.0
25/10/2014 20:30:00,0.0
25/10/2014 20:45:00,0.0
25/10/2014 21:00:00,0.0
25/10/2014 21:15:00,0.0
25/10/2014 21:30:00,0.0
25/10/2014 21:45:00,0.0
25/10/2014 22:00:00,0.0
25/10/2014 22:15:00,0.0
25/10/2014 22:30:00,0.0
25/10/2014 22:45:00,0.0
25/10/2014 23:00:00,0.0
25/10/2014 23:15:00,0.0
25/10/2014 23:30:00,0.0
25/10/2014 23:45:00,0.0
26/10/2014 00:00:00,0.0
26/10/2014 00:15:00,0.0
26/10/2014 00:30:00,0.0
26/10/2014 00:45:00,0.0
26/10/2014 01:00:00,0.0
26/10/2014 01:15:00,0.0
26/10/2014 01:30:00,0.0
26/10/2014 01:45:00,0.0
26/10/2014 02:00:00,0.0
26/10/2014 02:15:00,0.0
26/10/2014 02:30:00,0.0
26/10/2014 02:45:00,0.0
26/10/2014 03:00:00,0.0
26/10/2014 03:15:00,0.0
26/10/2014 03:30:00,0.0
26/10/2014 03:45:00,0.0
26/10/2014 04:00:00,0.0
26/10/2014 04:15:00,0.0
26/10/2014 04:30:00,0.0
26/10/2014 04:45:00,0.0
26/10/2014 05:00:00,0.0
26/10/2014 05:15:00,0.0
26/10/2014 05:30:00,0.0
26/10/2014 05:45:00,0.0
26/10/2014 06:00:00,0.0
26/10/2014 06:15:00,0.0
26/10/2014 06:30:00,0.0
26/10/2014 06:45:00,0.0
26/10/2014 07:00:00,0.0
26/10/2014 07:15:00,0.0
26/10/2014 07:30:00,0.0
26/10/2014 07:45:00,0.0
26/10/2014 08:00:00,0.0
26/10/2014 08:15:00,0.0
26/10/2014 08:30:00,0.0
26/10/2014 08:45:00,0.0
26/10/2014 09:00:00,0.0
26/10/2014 09:15:00,0.0
26/10/2014 09:30:00,0.0
26/10/2014 09:45:00,0.0
26/10/2014 10:00:00,0.0
26/10/2014 10:15:00,0.0
26/10/2014 10:30:00,0.0
26/10/2014 10:45:00,0.0
26/10/2014 11:00:00,0.0
26/10/2014 11:15:00,0.0
26/10/2014 11:30:00,0.0
26/10/2014 11:45:00,0.0
26/10/2014 12:00:00,0.0
26/10/2014 12:15:00,0.0
26/10/2014 12:30:00,0.0
26/10/2014 12:45:00,0.0
26/10/2014 13:00:00,0.0
26/10/2014 13:15:00,0.0
26/10/2014 13:30:00,0.0
26/10/2014 13:45:00,0.0
26/10/2014 14:00:00,0.0
26/10/2014 14:15:00,0.0
26/10/2014 14:30:00,0.0
26/10/2014 14:45:00,0.0
26/10/2014 15:00:00,0.0
26/10/2014 15:15:00,0.0
26/10/2014 15:30:00,0.0
26/10/2014 15:45:00,0.0
26/10/2014 16:00:00,0.0
26/10/2014 16:15:00,0.0
26/10/2014 16:30:00,0.0
26/10/2014 16:45:00,0.0
26/10/2014 17:00:00,0.0
26/10/2014 17:15:00,0.0
26/10/2014 17:30:00,0.0
26/10/2014 17:45:00,0.0
26/10/2014 18:00:00,0.0
26/10/2014 18:15:00,0.0
26/10/2014 18:30:00,0.0
26/10/2014 18:45:00,0.0
26/10/2014 19:00:00,0.0
26/10/2014 19:15:00,0.0
26/10/2014 19:30:00,0.0
26/10/2014 19:45:00,0.0
26/10/2014 20:00:00,0.0
26/10/2014 20:15:00,0.0
26/10/2014 20:30:00,0.0
26/10/2014 20:45:00,0.0
26/10/2014 21:00:00,0.0
26/10/2014 21:15:00,0.0
26/10/2014 21:30:00,0.0
26/10/2014 21:45:00,0.0
26/10/2014 22:00:00,0.0
26/10/2014 22:15:00,0.0
26/10/2014 22:30:00,0.0
26/10/2014 22:45:00,0.0
26/10/2014 23:00:00,0.0
26/10/2014 23:15:00,0.0
26/10/2014 23:30:00,0.0
26/10/2014 23:45:00,0.0
27/10/2014 00:00:00,0.0
27/10/2014 00:15:00,0.0
27/10/2014 00:30:00,0.0
27/10/2014 00:45:00,0.0
27/10/2014 01:00:00,0.0
27/10/2014 01:15:00,0.0
27/10/2014 01:30:00,0.0
27/10/2014 01:45:00,0.0
27/10/2014 02:00:00,0.0
27/10/2014 02:15:00,0.0
27/10/2014 02:30:00,0.0
27/10/2014 02:45:00,0.0
27/10/2014 03:00:00,0.0
27/10/2014 03:15:00,0.0
27/10/2014 03:30:00,0.0
27/10/2014 03:45:00,0.0
27/10/2014 04:00:00,0.0
27/10/2014 04:15:00,0.0
27/10/2014 04:30:00,0.0
27/10/2014 04:45:00,0.0
27/10/2014 05:00:00,0.0
27/10/2014 05:15:00,0.0
27/10/2014 05:30:00,0.0
27/10/2014 05:45:00,0.0
27/10/2014 06:00:00,0.0
27/10/2014 06:15:00,0.0
27/10/2014 06:30:00,0.0
27/10/2014 06:45:00,0.177533333333
27/10/2014 07:00:00,0.391
27/10/2014 07:15:00,0.342933333333
27/10/2014 07:30:00,0.0
27/10/2014 07:45:00,0.0
27/10/2014 08:00:00,0.0
27/10/2014 08:15:00,0.0
27/10/2014 08:30:00,0.0
27/10/2014 08:45:00,0.0
27/10/2014 09:00:00,0.0
27/10/2014 09:15:00,0.0
27/10/2014 09:30:00,0.0
27/10/2014 09:45:00,0.0
27/10/2014 10:00:00,0.0
27/10/2014 10:15:00,0.0
27/10/2014 10:30:00,0.0
27/10/2014 10:45:00,0.0
27/10/2014 11:00:00,0.0
27/10/2014 11:15:00,0.0
27/10/2014 11:30:00,0.0
27/10/2014 11:45:00,0.0
27/10/2014 12:00:00,0.0
27/10/2014 12:15:00,0.0
27/10/2014 12:30:00,0.0
27/10/2014 12:45:00,0.0
27/10/2014 13:00:00,0.0
27/10/2014 13:15:00,0.0
27/10/2014 13:30:00,0.0
27/10/2014 13:45:00,0.0
27/10/2014 14:00:00,0.0
27/10/2014 14:15:00,0.0
27/10/2014 14:30:00,0.0
27/10/2014 14:45:00,0.0
27/10/2014 15:00:00,0.0
27/10/2014 15:15:00,0.0
27/10/2014 15:30:00,0.0
27/10/2014 15:45:00,0.0
27/10/2014 16:00:00,0.0
27/10/2014 16:15:00,0.0
27/10/2014 16:30:00,0.0
27/10/2014 16:45:00,0.0
27/10/2014 17:00:00,0.0
27/10/2014 17:15:00,0.0
27/10/2014 17:30:00,0.0
27/10/2014 17:45:00,0.0
27/10/2014 18:00:00,0.0
27/10/2014 18:15:00,0.0
27/10/2014 18:30:00,0.0
27/10/2014 18:45:00,0.0
27/10/2014 19:00:00,0.0
27/10/2014 19:15:00,0.0
27/10/2014 19:30:00,0.0
27/10/2014 19:45:00,0.0
27/10/2014 20:00:00,0.0
27/10/2014 20:15:00,0.0
27/10/2014 20:30:00,0.0
27/10/2014 20:45:00,0.0
27/10/2014 21:00:00,0.0
27/10/2014 21:15:00,0.0
27/10/2014 21:30:00,0.0
27/10/2014 21:45:00,0.0
27/10/2014 22:00:00,0.0
27/10/2014 22:15:00,0.0
27/10/2014 22:30:00,0.0
27/10/2014 22:45:00,0.0
27/10/2014 23:00:00,0.0
27/10/2014 23:15:00,0.0
27/10/2014 23:30:00,0.0
27/10/2014 23:45:00,0.0
28/10/2014 00:00:00,0.0
28/10/2014 00:15:00,0.0
28/10/2014 00:30:00,0.0
28/10/2014 00:45:00,0.0
28/10/2014 01:00:00,0.0
28/10/2014 01:15:00,0.0
28/10/2014 01:30:00,0.0
28/10/2014 01:45:00,0.0
28/10/2014 02:00:00,0.0
28/10/2014 02:15:00,0.0
28/10/2014 02:30:00,0.0
28/10/2014 02:45:00,0.0
28/10/2014 03:00:00,0.0
28/10/2014 03:15:00,0.0
28/10/2014 03:30:00,0.0
28/10/2014 03:45:00,0.0
28/10/2014 04:00:00,0.0
28/10/2014 04:15:00,0.0
28/10/2014 04:30:00,0.0
28/10/2014 04:45:00,0.0
28/10/2014 05:00:00,0.0
28/10/2014 05:15:00,0.0
28/10/2014 05:30:00,0.0
28/10/2014 05:45:00,0.0
28/10/2014 06:00:00,0.0
28/10/2014 06:15:00,0.0
28/10/2014 06:30:00,0.0
28/10/2014 06:45:00,0.0
28/10/2014 07:00:00,0.0
28/10/2014 07:15:00,0.0
28/10/2014 07:30:00,0.0
28/10/2014 07:45:00,0.0
28/10/2014 08:00:00,0.0
28/10/2014 08:15:00,0.0
28/10/2014 08:30:00,0.0
28/10/2014 08:45:00,0.0
28/10/2014 09:00:00,0.0
28/10/2014 09:15:00,0.0
28/10/2014 09:30:00,0.0
28/10/2014 09:45:00,0.0
28/10/2014 10:00:00,0.0
28/10/2014 10:15:00,0.0
28/10/2014 10:30:00,0.0
28/10/2014 10:45:00,0.0
28/10/2014 11:00:00,0.0
28/10/2014 11:15:00,0.0
28/10/2014 11:30:00,0.0
28/10/2014 11:45:00,0.0
28/10/2014 12:00:00,0.0
28/10/2014 12:15:00,0.0
28/10/2014 12:30:00,0.0
28/10/2014 12:45:00,0.0
28/10/2014 13:00:00,0.0
28/10/2014 13:15:00,0.0
28/10/2014 13:30:00,0.0
28/10/2014 13:45:00,0.0
28/10/2014 14:00:00,0.0
28/10/2014 14:15:00,0.0
28/10/2014 14:30:00,0.0
28/10/2014 14:45:00,0.0
28/10/2014 15:00:00,0.0
28/10/2014 15:15:00,0.0
28/10/2014 15:30:00,0.0
28/10/2014 15:45:00,0.0
28/10/2014 16:00:00,0.0
28/10/2014 16:15:00,0.0
28/10/2014 16:30:00,0.0
28/10/2014 16:45:00,0.0
28/10/2014 17:00:00,0.0
28/10/2014 17:15:00,0.0
28/10/2014 17:30:00,0.0
28/10/2014 17:45:00,0.0
28/10/2014 18:00:00,0.0
28/10/2014 18:15:00,0.0
28/10/2014 18:30:00,0.0
28/10/2014 18:45:00,0.0
28/10/2014 19:00:00,0.0
28/10/2014 19:15:00,0.0
28/10/2014 19:30:00,0.0
28/10/2014 19:45:00,0.0
28/10/2014 20:00:00,0.0
28/10/2014 20:15:00,0.0
28/10/2014 20:30:00,0.0
28/10/2014 20:45:00,0.0
28/10/2014 21:00:00,0.0
28/10/2014 21:15:00,0.0
28/10/2014 21:30:00,0.0
28/10/2014 21:45:00,0.0
28/10/2014 22:00:00,0.0
28/10/2014 22:15:00,0.0
28/10/2014 22:30:00,0.0
28/10/2014 22:45:00,0.0
28/10/2014 23:00:00,0.0
28/10/2014 23:15:00,0.0
28/10/2014 23:30:00,0.0
28/10/2014 23:45:00,0.0
29/10/2014 00:00:00,0.0
29/10/2014 00:15:00,0.0
29/10/2014 00:30:00,0.0
29/10/2014 00:45:00,0.0
29/10/2014 01:00:00,0.0
29/10/2014 01:15:00,0.0
29/10/2014 01:30:00,0.0
29/10/2014 01:45:00,0.0
29/10/2014 02:00:00,0.0
29/10/2014 02:15:00,0.0
29/10/2014 02:30:00,0.0
29/10/2014 02:45:00,0.0
29/10/2014 03:00:00,0.0
29/10/2014 03:15:00,0.0
29/10/2014 03:30:00,0.0
29/10/2014 03:45:00,0.0
29/10/2014 04:00:00,0.0
29/10/2014 04:15:00,0.0
29/10/2014 04:30:00,0.0
29/10/2014 04:45:00,0.0
29/10/2014 05:00:00,0.0
29/10/2014 05:15:00,0.0
29/10/2014 05:30:00,0.0
29/10/2014 05:45:00,0.0
29/10/2014 06:00:00,0.0
29/10/2014 06:15:00,0.0
29/10/2014 06:30:00,0.0
29/10/2014 06:45:00,0.0
29/10/2014 07:00:00,0.0
29/10/2014 07:15:00,0.0
29/10/2014 07:30:00,0.0
29/10/2014 07:45:00,0.0
29/10/2014 08:00:00,0.0
29/10/2014 08:15:00,0.0
29/10/2014 08:30:00,0.0
29/10/2014 08:45:00,0.0
29/10/2014 09:00:00,0.0
29/10/2014 09:15:00,0.0
29/10/2014 09:30:00,0.0
29/10/2014 09:45:00,0.0
29/10/2014 10:00:00,0.0
29/10/2014 10:15:00,0.0
29/10/2014 10:30:00,0.0
29/10/2014 10:45:00,0.0
29/10/2014 11:00:00,0.0
29/10/2014 11:15:00,0.0
29/10/2014 11:30:00,0.0
29/10/2014 11:45:00,0.0
29/10/2014 12:00:00,0.0
29/10/2014 12:15:00,0.0
29/10/2014 12:30:00,0.0
29/10/2014 12:45:00,0.0
29/10/2014 13:00:00,0.0
29/10/2014 13:15:00,0.0
29/10/2014 13:30:00,0.0
29/10/2014 13:45:00,0.0
29/10/2014 14:00:00,0.0
29/10/2014 14:15:00,0.0
29/10/2014 14:30:00,0.0
29/10/2014 14:45:00,0.0
29/10/2014 15:00:00,0.0
29/10/2014 15:15:00,0.0
29/10/2014 15:30:00,0.0
29/10/2014 15:45:00,0.0
29/10/2014 16:00:00,0.0
29/10/2014 16:15:00,0.0
29/10/2014 16:30:00,0.0
29/10/2014 16:45:00,0.0
29/10/2014 17:00:00,0.0
29/10/2014 17:15:00,0.0
29/10/2014 17:30:00,0.0
29/10/2014 17:45:00,0.0
29/10/2014 18:00:00,0.0
29/10/2014 18:15:00,0.0
29/10/2014 18:30:00,0.0
29/10/2014 18:45:00,0.0
29/10/2014 19:00:00,0.0
29/10/2014 19:15:00,0.0
29/10/2014 19:30:00,0.0
29/10/2014 19:45:00,0.0
29/10/2014 20:00:00,0.0
29/10/2014 20:15:00,0.0
29/10/2014 20:30:00,0.0
29/10/2014 20:45:00,0.0
29/10/2014 21:00:00,0.0
29/10/2014 21:15:00,0.0
29/10/2014 21:30:00,0.0
29/10/2014 21:45:00,0.0
29/10/2014 22:00:00,0.0
29/10/2014 22:15:00,0.0
29/10/2014 22:30:00,0.0
29/10/2014 22:45:00,0.0
29/10/2014 23:00:00,0.0
29/10/2014 23:15:00,0.0
29/10/2014 23:30:00,0.0
29/10/2014 23:45:00,0.0
30/10/2014 00:00:00,0.0
30/10/2014 00:15:00,0.0
30/10/2014 00:30:00,0.0
30/10/2014 00:45:00,0.0
30/10/2014 01:00:00,0.0
30/10/2014 01:15:00,0.0
30/10/2014 01:30:00,0.0
30/10/2014 01:45:00,0.0
30/10/2014 02:00:00,0.0
30/10/2014 02:15:00,0.0
30/10/2014 02:30:00,0.0
30/10/2014 02:45:00,0.0
30/10/2014 03:00:00,0.0
30/10/2014 03:15:00,0.0
30/10/2014 03:30:00,0.0
30/10/2014 03:45:00,0.0
30/10/2014 04:00:00,0.0
30/10/2014 04:15:00,0.0
30/10/2014 04:30:00,0.0
30/10/2014 04:45:00,0.0
30/10/2014 05:00:00,0.0
30/10/2014 05:15:00,0.0
30/10/2014 05:30:00,0.0
30/10/2014 05:45:00,0.0
30/10/2014 06:00:00,0.0
30/10/2014 06:15:00,0.0
30/10/2014 06:30:00,0.0
30/10/2014 06:45:00,0.0
30/10/2014 07:00:00,0.00106666666667
30/10/2014 07:15:00,0.283666666667
30/10/2014 07:30:00,0.0
30/10/2014 07:45:00,0.0283333333333
30/10/2014 08:00:00,0.4294
30/10/2014 08:15:00,0.196
30/10/2014 08:30:00,0.0
30/10/2014 08:45:00,0.0
30/10/2014 09:00:00,0.0
30/10/2014 09:15:00,0.0
30/10/2014 09:30:00,0.0
30/10/2014 09:45:00,0.0
30/10/2014 10:00:00,0.0
30/10/2014 10:15:00,0.0
30/10/2014 10:30:00,0.0
30/10/2014 10:45:00,0.0
30/10/2014 11:00:00,0.0
30/10/2014 11:15:00,0.0
30/10/2014 11:30:00,0.0
30/10/2014 11:45:00,0.0
30/10/2014 12:00:00,0.0
30/10/2014 12:15:00,0.0
30/10/2014 12:30:00,0.0
30/10/2014 12:45:00,0.0
30/10/2014 13:00:00,0.0
30/10/2014 13:15:00,0.0
30/10/2014 13:30:00,0.0
30/10/2014 13:45:00,0.0
30/10/2014 14:00:00,0.199466666667
30/10/2014 14:15:00,0.323
30/10/2014 14:30:00,0.309866666667
30/10/2014 14:45:00,0.0
30/10/2014 15:00:00,0.0
30/10/2014 15:15:00,0.0
30/10/2014 15:30:00,0.1384
30/10/2014 15:45:00,0.3152
30/10/2014 16:00:00,0.354666666667
30/10/2014 16:15:00,0.0
30/10/2014 16:30:00,0.0
30/10/2014 16:45:00,0.0
30/10/2014 17:00:00,0.0
30/10/2014 17:15:00,0.0
30/10/2014 17:30:00,0.0
30/10/2014 17:45:00,0.0
30/10/2014 18:00:00,0.0
30/10/2014 18:15:00,0.0
30/10/2014 18:30:00,0.0
30/10/2014 18:45:00,0.0
30/10/2014 19:00:00,0.0
30/10/2014 19:15:00,0.0
30/10/2014 19:30:00,0.0
30/10/2014 19:45:00,0.0
30/10/2014 20:00:00,0.0
30/10/2014 20:15:00,0.0
30/10/2014 20:30:00,0.0
30/10/2014 20:45:00,0.0
30/10/2014 21:00:00,0.0
30/10/2014 21:15:00,0.0
30/10/2014 21:30:00,0.0
30/10/2014 21:45:00,0.0
30/10/2014 22:00:00,0.0
30/10/2014 22:15:00,0.0
30/10/2014 22:30:00,0.0
30/10/2014 22:45:00,0.0
30/10/2014 23:00:00,0.0
30/10/2014 23:15:00,0.0
30/10/2014 23:30:00,0.0
30/10/2014 23:45:00,0.0
31/10/2014 00:00:00,0.0
31/10/2014 00:15:00,0.0
31/10/2014 00:30:00,0.0
31/10/2014 00:45:00,0.0
31/10/2014 01:00:00,0.0
31/10/2014 01:15:00,0.0
31/10/2014 01:30:00,0.0
31/10/2014 01:45:00,0.0
31/10/2014 02:00:00,0.0
31/10/2014 02:15:00,0.0
31/10/2014 02:30:00,0.0
31/10/2014 02:45:00,0.0
31/10/2014 03:00:00,0.0
31/10/2014 03:15:00,0.0
31/10/2014 03:30:00,0.0
31/10/2014 03:45:00,0.0
31/10/2014 04:00:00,0.0
31/10/2014 04:15:00,0.0
31/10/2014 04:30:00,0.0
31/10/2014 04:45:00,0.0
31/10/2014 05:00:00,0.0
31/10/2014 05:15:00,0.0
31/10/2014 05:30:00,0.0
31/10/2014 05:45:00,0.0
31/10/2014 06:00:00,0.0
31/10/2014 06:15:00,0.0
31/10/2014 06:30:00,0.0
31/10/2014 06:45:00,0.0
31/10/2014 07:00:00,0.0
31/10/2014 07:15:00,0.0
31/10/2014 07:30:00,0.0
31/10/2014 07:45:00,0.0
31/10/2014 08:00:00,0.0
31/10/2014 08:15:00,0.0
31/10/2014 08:30:00,0.0
31/10/2014 08:45:00,0.0
31/10/2014 09:00:00,0.0
31/10/2014 09:15:00,0.0
31/10/2014 09:30:00,0.0
31/10/2014 09:45:00,0.0
31/10/2014 10:00:00,0.0
31/10/2014 10:15:00,0.0
31/10/2014 10:30:00,0.0
31/10/2014 10:45:00,0.0
31/10/2014 11:00:00,0.0
31/10/2014 11:15:00,0.0
31/10/2014 11:30:00,0.0
31/10/2014 11:45:00,0.0
31/10/2014 12:00:00,0.0
31/10/2014 12:15:00,0.0
31/10/2014 12:30:00,0.0
31/10/2014 12:45:00,0.0
31/10/2014 13:00:00,0.0
31/10/2014 13:15:00,0.0
31/10/2014 13:30:00,0.0
31/10/2014 13:45:00,0.0
31/10/2014 14:00:00,0.0
31/10/2014 14:15:00,0.0
31/10/2014 14:30:00,0.0
31/10/2014 14:45:00,0.0
31/10/2014 15:00:00,0.0
31/10/2014 15:15:00,0.0
31/10/2014 15:30:00,0.0
31/10/2014 15:45:00,0.0
31/10/2014 16:00:00,0.0
31/10/2014 16:15:00,0.0
31/10/2014 16:30:00,0.0
31/10/2014 16:45:00,0.0
31/10/2014 17:00:00,0.0
31/10/2014 17:15:00,0.0
31/10/2014 17:30:00,0.0
31/10/2014 17:45:00,0.0
31/10/2014 18:00:00,0.0
31/10/2014 18:15:00,0.0
31/10/2014 18:30:00,0.0
31/10/2014 18:45:00,0.0
31/10/2014 19:00:00,0.0
31/10/2014 19:15:00,0.0
31/10/2014 19:30:00,0.0
31/10/2014 19:45:00,0.0
31/10/2014 20:00:00,0.0
31/10/2014 20:15:00,0.0
31/10/2014 20:30:00,0.0
31/10/2014 20:45:00,0.0
31/10/2014 21:00:00,0.0
31/10/2014 21:15:00,0.0
31/10/2014 21:30:00,0.0
31/10/2014 21:45:00,0.0
31/10/2014 22:00:00,0.0
31/10/2014 22:15:00,0.0
31/10/2014 22:30:00,0.0
31/10/2014 22:45:00,0.0
31/10/2014 23:00:00,0.0
31/10/2014 23:15:00,0.0
31/10/2014 23:30:00,0.0
31/10/2014 23:45:00,0.0
01/11/2014 00:00:00,0.0
01/11/2014 00:15:00,0.0
01/11/2014 00:30:00,0.0
01/11/2014 00:45:00,0.0
01/11/2014 01:00:00,0.0
01/11/2014 01:15:00,0.0
01/11/2014 01:30:00,0.0
01/11/2014 01:45:00,0.0
01/11/2014 02:00:00,0.0
01/11/2014 02:15:00,0.0
01/11/2014 02:30:00,0.0
01/11/2014 02:45:00,0.0
01/11/2014 03:00:00,0.0
01/11/2014 03:15:00,0.0
01/11/2014 03:30:00,0.0
01/11/2014 03:45:00,0.0
01/11/2014 04:00:00,0.0
01/11/2014 04:15:00,0.0
01/11/2014 04:30:00,0.0
01/11/2014 04:45:00,0.0
01/11/2014 05:00:00,0.0
01/11/2014 05:15:00,0.0
01/11/2014 05:30:00,0.0
01/11/2014 05:45:00,0.0
01/11/2014 06:00:00,0.0
01/11/2014 06:15:00,0.0
01/11/2014 06:30:00,0.0
01/11/2014 06:45:00,0.0
01/11/2014 07:00:00,0.0
01/11/2014 07:15:00,0.0
01/11/2014 07:30:00,0.0
01/11/2014 07:45:00,0.0
01/11/2014 08:00:00,0.0
01/11/2014 08:15:00,0.0
01/11/2014 08:30:00,0.0
01/11/2014 08:45:00,0.0
01/11/2014 09:00:00,0.0
01/11/2014 09:15:00,0.0
01/11/2014 09:30:00,0.0
01/11/2014 09:45:00,0.0
01/11/2014 10:00:00,0.0
01/11/2014 10:15:00,0.0
01/11/2014 10:30:00,0.0
01/11/2014 10:45:00,0.0
01/11/2014 11:00:00,0.0
01/11/2014 11:15:00,0.0
01/11/2014 11:30:00,0.0
01/11/2014 11:45:00,0.0
01/11/2014 12:00:00,0.0
01/11/2014 12:15:00,0.0
01/11/2014 12:30:00,0.0
01/11/2014 12:45:00,0.0
01/11/2014 13:00:00,0.0
01/11/2014 13:15:00,0.0
01/11/2014 13:30:00,0.0
01/11/2014 13:45:00,0.0
01/11/2014 14:00:00,0.0
01/11/2014 14:15:00,0.0
01/11/2014 14:30:00,0.0
01/11/2014 14:45:00,0.0
01/11/2014 15:00:00,0.0
01/11/2014 15:15:00,0.0
01/11/2014 15:30:00,0.0
01/11/2014 15:45:00,0.0
01/11/2014 16:00:00,0.0
01/11/2014 16:15:00,0.0
01/11/2014 16:30:00,0.0
01/11/2014 16:45:00,0.0
01/11/2014 17:00:00,0.0
01/11/2014 17:15:00,0.0
01/11/2014 17:30:00,0.0
01/11/2014 17:45:00,0.0
01/11/2014 18:00:00,0.0
01/11/2014 18:15:00,0.0
01/11/2014 18:30:00,0.0
01/11/2014 18:45:00,0.0
01/11/2014 19:00:00,0.0
01/11/2014 19:15:00,0.0
01/11/2014 19:30:00,0.0
01/11/2014 19:45:00,0.0
01/11/2014 20:00:00,0.0
01/11/2014 20:15:00,0.0
01/11/2014 20:30:00,0.0
01/11/2014 20:45:00,0.0
01/11/2014 21:00:00,0.0
01/11/2014 21:15:00,0.0
01/11/2014 21:30:00,0.0
01/11/2014 21:45:00,0.0
01/11/2014 22:00:00,0.0
01/11/2014 22:15:00,0.0
01/11/2014 22:30:00,0.0
01/11/2014 22:45:00,0.0
01/11/2014 23:00:00,0.0
01/11/2014 23:15:00,0.0
01/11/2014 23:30:00,0.0
01/11/2014 23:45:00,0.0
02/11/2014 00:00:00,0.0
02/11/2014 00:15:00,0.0
02/11/2014 00:30:00,0.0
02/11/2014 00:45:00,0.0
02/11/2014 01:00:00,0.0
02/11/2014 01:15:00,0.0
02/11/2014 01:30:00,0.0
02/11/2014 01:45:00,0.0
02/11/2014 02:00:00,0.0
02/11/2014 02:15:00,0.0
02/11/2014 02:30:00,0.0
02/11/2014 02:45:00,0.0
02/11/2014 03:00:00,0.0
02/11/2014 03:15:00,0.0
02/11/2014 03:30:00,0.0
02/11/2014 03:45:00,0.0
02/11/2014 04:00:00,0.0
02/11/2014 04:15:00,0.0
02/11/2014 04:30:00,0.0
02/11/2014 04:45:00,0.0
02/11/2014 05:00:00,0.0
02/11/2014 05:15:00,0.0
02/11/2014 05:30:00,0.0
02/11/2014 05:45:00,0.0
02/11/2014 06:00:00,0.0
02/11/2014 06:15:00,0.0
02/11/2014 06:30:00,0.0
02/11/2014 06:45:00,0.0
02/11/2014 07:00:00,0.0
02/11/2014 07:15:00,0.0
02/11/2014 07:30:00,0.0
02/11/2014 07:45:00,0.0
02/11/2014 08:00:00,0.0
02/11/2014 08:15:00,0.0
02/11/2014 08:30:00,0.0
02/11/2014 08:45:00,0.0
02/11/2014 09:00:00,0.0
02/11/2014 09:15:00,0.0
02/11/2014 09:30:00,0.0
02/11/2014 09:45:00,0.0
02/11/2014 10:00:00,0.0
02/11/2014 10:15:00,0.0
02/11/2014 10:30:00,0.0
02/11/2014 10:45:00,0.0
02/11/2014 11:00:00,0.0
02/11/2014 11:15:00,0.0
02/11/2014 11:30:00,0.0
02/11/2014 11:45:00,0.0
02/11/2014 12:00:00,0.0
02/11/2014 12:15:00,0.0
02/11/2014 12:30:00,0.0
02/11/2014 12:45:00,0.0
02/11/2014 13:00:00,0.0
02/11/2014 13:15:00,0.0
02/11/2014 13:30:00,0.0
02/11/2014 13:45:00,0.0
02/11/2014 14:00:00,0.0
02/11/2014 14:15:00,0.0
02/11/2014 14:30:00,0.00126666666667
02/11/2014 14:45:00,0.430466666667
02/11/2014 15:00:00,0.371866666667
02/11/2014 15:15:00,0.0876
02/11/2014 15:30:00,0.0
02/11/2014 15:45:00,0.0
02/11/2014 16:00:00,0.0
02/11/2014 16:15:00,0.0
02/11/2014 16:30:00,0.0
02/11/2014 16:45:00,0.0
02/11/2014 17:00:00,0.0
02/11/2014 17:15:00,0.0
02/11/2014 17:30:00,0.0
02/11/2014 17:45:00,0.0
02/11/2014 18:00:00,0.0
02/11/2014 18:15:00,0.0
02/11/2014 18:30:00,0.0
02/11/2014 18:45:00,0.0
02/11/2014 19:00:00,0.0
02/11/2014 19:15:00,0.0
02/11/2014 19:30:00,0.0
02/11/2014 19:45:00,0.0
02/11/2014 20:00:00,0.0
02/11/2014 20:15:00,0.0
02/11/2014 20:30:00,0.0
02/11/2014 20:45:00,0.0
02/11/2014 21:00:00,0.00106666666667
02/11/2014 21:15:00,0.388933333333
02/11/2014 21:30:00,0.367266666667
02/11/2014 21:45:00,0.141733333333
02/11/2014 22:00:00,0.0
02/11/2014 22:15:00,0.0
02/11/2014 22:30:00,0.0
02/11/2014 22:45:00,0.0
02/11/2014 23:00:00,0.0
02/11/2014 23:15:00,0.0
02/11/2014 23:30:00,0.0
02/11/2014 23:45:00,0.0
03/11/2014 00:00:00,0.0
03/11/2014 00:15:00,0.0
03/11/2014 00:30:00,0.0
03/11/2014 00:45:00,0.0
03/11/2014 01:00:00,0.0
03/11/2014 01:15:00,0.0
03/11/2014 01:30:00,0.0
03/11/2014 01:45:00,0.0
03/11/2014 02:00:00,0.0
03/11/2014 02:15:00,0.0
03/11/2014 02:30:00,0.0
03/11/2014 02:45:00,0.0
03/11/2014 03:00:00,0.0
03/11/2014 03:15:00,0.0
03/11/2014 03:30:00,0.0
03/11/2014 03:45:00,0.0
03/11/2014 04:00:00,0.0
03/11/2014 04:15:00,0.0
03/11/2014 04:30:00,0.0
03/11/2014 04:45:00,0.0
03/11/2014 05:00:00,0.0
03/11/2014 05:15:00,0.0
03/11/2014 05:30:00,0.0
03/11/2014 05:45:00,0.0
03/11/2014 06:00:00,0.0
03/11/2014 06:15:00,0.0
03/11/2014 06:30:00,0.0
03/11/2014 06:45:00,0.0
03/11/2014 07:00:00,0.0
03/11/2014 07:15:00,0.0
03/11/2014 07:30:00,0.0
03/11/2014 07:45:00,0.0
03/11/2014 08:00:00,0.0
03/11/2014 08:15:00,0.0
03/11/2014 08:30:00,0.0
03/11/2014 08:45:00,0.0
03/11/2014 09:00:00,0.0
03/11/2014 09:15:00,0.0
03/11/2014 09:30:00,0.0
03/11/2014 09:45:00,0.0
03/11/2014 10:00:00,0.0
03/11/2014 10:15:00,0.0
03/11/2014 10:30:00,0.0
03/11/2014 10:45:00,0.0
03/11/2014 11:00:00,0.0
03/11/2014 11:15:00,0.0
03/11/2014 11:30:00,0.0
03/11/2014 11:45:00,0.0
03/11/2014 12:00:00,0.0
03/11/2014 12:15:00,0.0
03/11/2014 12:30:00,0.0
03/11/2014 12:45:00,0.0
03/11/2014 13:00:00,0.0
03/11/2014 13:15:00,0.0
03/11/2014 13:30:00,0.0
03/11/2014 13:45:00,0.0
03/11/2014 14:00:00,0.0
03/11/2014 14:15:00,0.0
03/11/2014 14:30:00,0.0
03/11/2014 14:45:00,0.0
03/11/2014 15:00:00,0.0
03/11/2014 15:15:00,0.0
03/11/2014 15:30:00,0.0
03/11/2014 15:45:00,0.0
03/11/2014 16:00:00,0.0
03/11/2014 16:15:00,0.0
03/11/2014 16:30:00,0.0
03/11/2014 16:45:00,0.0
03/11/2014 17:00:00,0.0
03/11/2014 17:15:00,0.0
03/11/2014 17:30:00,0.0
03/11/2014 17:45:00,0.0
03/11/2014 18:00:00,0.0
03/11/2014 18:15:00,0.0
03/11/2014 18:30:00,0.0
03/11/2014 18:45:00,0.0
03/11/2014 19:00:00,0.0
03/11/2014 19:15:00,0.0
03/11/2014 19:30:00,0.0
03/11/2014 19:45:00,0.0
03/11/2014 20:00:00,0.0
03/11/2014 20:15:00,0.0
03/11/2014 20:30:00,0.0
03/11/2014 20:45:00,0.0
03/11/2014 21:00:00,0.0
03/11/2014 21:15:00,0.0
03/11/2014 21:30:00,0.0
03/11/2014 21:45:00,0.0
03/11/2014 22:00:00,0.0
03/11/2014 22:15:00,0.0
03/11/2014 22:30:00,0.0
03/11/2014 22:45:00,0.0
03/11/2014 23:00:00,0.0
03/11/2014 23:15:00,0.0
03/11/2014 23:30:00,0.0
03/11/2014 23:45:00,0.0
04/11/2014 00:00:00,0.0
04/11/2014 00:15:00,0.0
04/11/2014 00:30:00,0.0
04/11/2014 00:45:00,0.0
04/11/2014 01:00:00,0.0
04/11/2014 01:15:00,0.0
04/11/2014 01:30:00,0.0
04/11/2014 01:45:00,0.0
04/11/2014 02:00:00,0.0
04/11/2014 02:15:00,0.0
04/11/2014 02:30:00,0.0
04/11/2014 02:45:00,0.0
04/11/2014 03:00:00,0.0
04/11/2014 03:15:00,0.0
04/11/2014 03:30:00,0.0
04/11/2014 03:45:00,0.0
04/11/2014 04:00:00,0.0
04/11/2014 04:15:00,0.0
04/11/2014 04:30:00,0.0
04/11/2014 04:45:00,0.0
04/11/2014 05:00:00,0.0
04/11/2014 05:15:00,0.0
04/11/2014 05:30:00,0.0
04/11/2014 05:45:00,0.0
04/11/2014 06:00:00,0.0
04/11/2014 06:15:00,0.0
04/11/2014 06:30:00,0.0
04/11/2014 06:45:00,0.0
04/11/2014 07:00:00,0.0
04/11/2014 07:15:00,0.0
04/11/2014 07:30:00,0.0
04/11/2014 07:45:00,0.0
04/11/2014 08:00:00,0.0
04/11/2014 08:15:00,0.0
04/11/2014 08:30:00,0.0
04/11/2014 08:45:00,0.0
04/11/2014 09:00:00,0.0
04/11/2014 09:15:00,0.0
04/11/2014 09:30:00,0.0
04/11/2014 09:45:00,0.0
04/11/2014 10:00:00,0.0
04/11/2014 10:15:00,0.0
04/11/2014 10:30:00,0.0
04/11/2014 10:45:00,0.0
04/11/2014 11:00:00,0.0
04/11/2014 11:15:00,0.0
04/11/2014 11:30:00,0.0
04/11/2014 11:45:00,0.0
04/11/2014 12:00:00,0.0
04/11/2014 12:15:00,0.0
04/11/2014 12:30:00,0.0
04/11/2014 12:45:00,0.0
04/11/2014 13:00:00,0.0
04/11/2014 13:15:00,0.0
04/11/2014 13:30:00,0.0
04/11/2014 13:45:00,0.0
04/11/2014 14:00:00,0.0
04/11/2014 14:15:00,0.0
04/11/2014 14:30:00,0.0
04/11/2014 14:45:00,0.0
04/11/2014 15:00:00,0.0
04/11/2014 15:15:00,0.0
04/11/2014 15:30:00,0.0
04/11/2014 15:45:00,0.0
04/11/2014 16:00:00,0.0
04/11/2014 16:15:00,0.0
04/11/2014 16:30:00,0.0
04/11/2014 16:45:00,0.0
04/11/2014 17:00:00,0.0
04/11/2014 17:15:00,0.0
04/11/2014 17:30:00,0.0
04/11/2014 17:45:00,0.0
04/11/2014 18:00:00,0.0
04/11/2014 18:15:00,0.0
04/11/2014 18:30:00,0.0
04/11/2014 18:45:00,0.0
04/11/2014 19:00:00,0.0
04/11/2014 19:15:00,0.0
04/11/2014 19:30:00,0.0
04/11/2014 19:45:00,0.0
04/11/2014 20:00:00,0.0
04/11/2014 20:15:00,0.0
04/11/2014 20:30:00,0.0
04/11/2014 20:45:00,0.0
04/11/2014 21:00:00,0.0
04/11/2014 21:15:00,0.0
04/11/2014 21:30:00,0.0
04/11/2014 21:45:00,0.0
04/11/2014 22:00:00,0.0
04/11/2014 22:15:00,0.0
04/11/2014 22:30:00,0.0
04/11/2014 22:45:00,0.0
04/11/2014 23:00:00,0.0
04/11/2014 23:15:00,0.0
04/11/2014 23:30:00,0.0
04/11/2014 23:45:00,0.0
05/11/2014 00:00:00,0.0
05/11/2014 00:15:00,0.0
05/11/2014 00:30:00,0.0
05/11/2014 00:45:00,0.0
05/11/2014 01:00:00,0.0
05/11/2014 01:15:00,0.0
05/11/2014 01:30:00,0.0
05/11/2014 01:45:00,0.0
05/11/2014 02:00:00,0.0
05/11/2014 02:15:00,0.0
05/11/2014 02:30:00,0.0
05/11/2014 02:45:00,0.0
05/11/2014 03:00:00,0.0
05/11/2014 03:15:00,0.0
05/11/2014 03:30:00,0.0
05/11/2014 03:45:00,0.0
05/11/2014 04:00:00,0.0
05/11/2014 04:15:00,0.0
05/11/2014 04:30:00,0.0
05/11/2014 04:45:00,0.0
05/11/2014 05:00:00,0.0
05/11/2014 05:15:00,0.0
05/11/2014 05:30:00,0.0
05/11/2014 05:45:00,0.0
05/11/2014 06:00:00,0.0
05/11/2014 06:15:00,0.0
05/11/2014 06:30:00,0.0
05/11/2014 06:45:00,0.0
05/11/2014 07:00:00,0.0
05/11/2014 07:15:00,0.0
05/11/2014 07:30:00,0.0
05/11/2014 07:45:00,0.0
05/11/2014 08:00:00,0.0
05/11/2014 08:15:00,0.0
05/11/2014 08:30:00,0.0
05/11/2014 08:45:00,0.0
05/11/2014 09:00:00,0.0
05/11/2014 09:15:00,0.0
05/11/2014 09:30:00,0.0
05/11/2014 09:45:00,0.0
05/11/2014 10:00:00,0.0
05/11/2014 10:15:00,0.0
05/11/2014 10:30:00,0.0
05/11/2014 10:45:00,0.0
05/11/2014 11:00:00,0.0
05/11/2014 11:15:00,0.0
05/11/2014 11:30:00,0.0
05/11/2014 11:45:00,0.0
05/11/2014 12:00:00,0.0
05/11/2014 12:15:00,0.0
05/11/2014 12:30:00,0.0
05/11/2014 12:45:00,0.0
05/11/2014 13:00:00,0.0
05/11/2014 13:15:00,0.0
05/11/2014 13:30:00,0.0
05/11/2014 13:45:00,0.0
05/11/2014 14:00:00,0.0
05/11/2014 14:15:00,0.0
05/11/2014 14:30:00,0.0
05/11/2014 14:45:00,0.0
05/11/2014 15:00:00,0.0
05/11/2014 15:15:00,0.0
05/11/2014 15:30:00,0.0
05/11/2014 15:45:00,0.0
05/11/2014 16:00:00,0.0
05/11/2014 16:15:00,0.0
05/11/2014 16:30:00,0.0
05/11/2014 16:45:00,0.0
05/11/2014 17:00:00,0.0
05/11/2014 17:15:00,0.0
05/11/2014 17:30:00,0.0
05/11/2014 17:45:00,0.0
05/11/2014 18:00:00,0.0
05/11/2014 18:15:00,0.0
05/11/2014 18:30:00,0.0
05/11/2014 18:45:00,0.0
05/11/2014 19:00:00,0.0
05/11/2014 19:15:00,0.0
05/11/2014 19:30:00,0.0
05/11/2014 19:45:00,0.0
05/11/2014 20:00:00,0.0
05/11/2014 20:15:00,0.0
05/11/2014 20:30:00,0.0
05/11/2014 20:45:00,0.0
05/11/2014 21:00:00,0.0
05/11/2014 21:15:00,0.0
05/11/2014 21:30:00,0.0
05/11/2014 21:45:00,0.0
05/11/2014 22:00:00,0.0
05/11/2014 22:15:00,0.0
05/11/2014 22:30:00,0.0
05/11/2014 22:45:00,0.0
05/11/2014 23:00:00,0.0
05/11/2014 23:15:00,0.0
05/11/2014 23:30:00,0.0
05/11/2014 23:45:00,0.0
06/11/2014 00:00:00,0.0
06/11/2014 00:15:00,0.0
06/11/2014 00:30:00,0.0
06/11/2014 00:45:00,0.0
06/11/2014 01:00:00,0.0
06/11/2014 01:15:00,0.0
06/11/2014 01:30:00,0.0
06/11/2014 01:45:00,0.0
06/11/2014 02:00:00,0.0
06/11/2014 02:15:00,0.0
06/11/2014 02:30:00,0.0
06/11/2014 02:45:00,0.0
06/11/2014 03:00:00,0.0
06/11/2014 03:15:00,0.0
06/11/2014 03:30:00,0.0
06/11/2014 03:45:00,0.0
06/11/2014 04:00:00,0.0
06/11/2014 04:15:00,0.0
06/11/2014 04:30:00,0.0
06/11/2014 04:45:00,0.0
06/11/2014 05:00:00,0.0
06/11/2014 05:15:00,0.0
06/11/2014 05:30:00,0.0
06/11/2014 05:45:00,0.0
06/11/2014 06:00:00,0.0
06/11/2014 06:15:00,0.0
06/11/2014 06:30:00,0.0
06/11/2014 06:45:00,0.0
06/11/2014 07:00:00,0.0
06/11/2014 07:15:00,0.0
06/11/2014 07:30:00,0.0
06/11/2014 07:45:00,0.0
06/11/2014 08:00:00,0.0
06/11/2014 08:15:00,0.0
06/11/2014 08:30:00,0.0
06/11/2014 08:45:00,0.0
06/11/2014 09:00:00,0.0
06/11/2014 09:15:00,0.0
06/11/2014 09:30:00,0.0
06/11/2014 09:45:00,0.0
06/11/2014 10:00:00,0.0
06/11/2014 10:15:00,0.0
06/11/2014 10:30:00,0.0
06/11/2014 10:45:00,0.0
06/11/2014 11:00:00,0.0
06/11/2014 11:15:00,0.0
06/11/2014 11:30:00,0.0
06/11/2014 11:45:00,0.0
06/11/2014 12:00:00,0.0
06/11/2014 12:15:00,0.0
06/11/2014 12:30:00,0.0
06/11/2014 12:45:00,0.0
06/11/2014 13:00:00,0.0
06/11/2014 13:15:00,0.0
06/11/2014 13:30:00,0.0
06/11/2014 13:45:00,0.0
06/11/2014 14:00:00,0.0
06/11/2014 14:15:00,0.106866666667
06/11/2014 14:30:00,0.442733333333
06/11/2014 14:45:00,0.405
06/11/2014 15:00:00,0.0
06/11/2014 15:15:00,0.0
06/11/2014 15:30:00,0.0
06/11/2014 15:45:00,0.0
06/11/2014 16:00:00,0.0
06/11/2014 16:15:00,0.0
06/11/2014 16:30:00,0.0
06/11/2014 16:45:00,0.0
06/11/2014 17:00:00,0.0
06/11/2014 17:15:00,0.0
06/11/2014 17:30:00,0.0
06/11/2014 17:45:00,0.0
06/11/2014 18:00:00,0.0
06/11/2014 18:15:00,0.0
06/11/2014 18:30:00,0.0
06/11/2014 18:45:00,0.0
06/11/2014 19:00:00,0.0
06/11/2014 19:15:00,0.0
06/11/2014 19:30:00,0.0
06/11/2014 19:45:00,0.0
06/11/2014 20:00:00,0.0
06/11/2014 20:15:00,0.0
06/11/2014 20:30:00,0.0
06/11/2014 20:45:00,0.0
06/11/2014 21:00:00,0.0
06/11/2014 21:15:00,0.0
06/11/2014 21:30:00,0.0
06/11/2014 21:45:00,0.0
06/11/2014 22:00:00,0.0
06/11/2014 22:15:00,0.0
06/11/2014 22:30:00,0.0
06/11/2014 22:45:00,0.0
06/11/2014 23:00:00,0.0
06/11/2014 23:15:00,0.0
06/11/2014 23:30:00,0.0
06/11/2014 23:45:00,0.0
07/11/2014 00:00:00,0.0
07/11/2014 00:15:00,0.0
07/11/2014 00:30:00,0.0
07/11/2014 00:45:00,0.0
07/11/2014 01:00:00,0.0
07/11/2014 01:15:00,0.0
07/11/2014 01:30:00,0.0
07/11/2014 01:45:00,0.0
07/11/2014 02:00:00,0.0
07/11/2014 02:15:00,0.0
07/11/2014 02:30:00,0.0
07/11/2014 02:45:00,0.0
07/11/2014 03:00:00,0.0
07/11/2014 03:15:00,0.0
07/11/2014 03:30:00,0.0
07/11/2014 03:45:00,0.0
07/11/2014 04:00:00,0.0
07/11/2014 04:15:00,0.0
07/11/2014 04:30:00,0.0
07/11/2014 04:45:00,0.0
07/11/2014 05:00:00,0.0
07/11/2014 05:15:00,0.0
07/11/2014 05:30:00,0.0
07/11/2014 05:45:00,0.0
07/11/2014 06:00:00,0.0
07/11/2014 06:15:00,0.0
07/11/2014 06:30:00,0.0
07/11/2014 06:45:00,0.0
07/11/2014 07:00:00,0.0
07/11/2014 07:15:00,0.0
07/11/2014 07:30:00,0.0
07/11/2014 07:45:00,0.0
07/11/2014 08:00:00,0.0
07/11/2014 08:15:00,0.0
07/11/2014 08:30:00,0.0
07/11/2014 08:45:00,0.0
07/11/2014 09:00:00,0.0
07/11/2014 09:15:00,0.0
07/11/2014 09:30:00,0.0
07/11/2014 09:45:00,0.0
07/11/2014 10:00:00,0.0
07/11/2014 10:15:00,0.0
07/11/2014 10:30:00,0.0
07/11/2014 10:45:00,0.0
07/11/2014 11:00:00,0.0
07/11/2014 11:15:00,0.0
07/11/2014 11:30:00,0.0
07/11/2014 11:45:00,0.0
07/11/2014 12:00:00,0.0
07/11/2014 12:15:00,0.0
07/11/2014 12:30:00,0.0
07/11/2014 12:45:00,0.0
07/11/2014 13:00:00,0.0
07/11/2014 13:15:00,0.0
07/11/2014 13:30:00,0.0
07/11/2014 13:45:00,0.0
07/11/2014 14:00:00,0.0
07/11/2014 14:15:00,0.0
07/11/2014 14:30:00,0.0
07/11/2014 14:45:00,0.0
07/11/2014 15:00:00,0.0
07/11/2014 15:15:00,0.0
07/11/2014 15:30:00,0.0
07/11/2014 15:45:00,0.0
07/11/2014 16:00:00,0.0
07/11/2014 16:15:00,0.0
07/11/2014 16:30:00,0.0
07/11/2014 16:45:00,0.0
07/11/2014 17:00:00,0.0
07/11/2014 17:15:00,0.0
07/11/2014 17:30:00,0.0
07/11/2014 17:45:00,0.0
07/11/2014 18:00:00,0.0
07/11/2014 18:15:00,0.0
07/11/2014 18:30:00,0.0
07/11/2014 18:45:00,0.0
07/11/2014 19:00:00,0.0
07/11/2014 19:15:00,0.0
07/11/2014 19:30:00,0.0
07/11/2014 19:45:00,0.0
07/11/2014 20:00:00,0.0
07/11/2014 20:15:00,0.0
07/11/2014 20:30:00,0.0
07/11/2014 20:45:00,0.0
07/11/2014 21:00:00,0.0
07/11/2014 21:15:00,0.0
07/11/2014 21:30:00,0.0
07/11/2014 21:45:00,0.0
07/11/2014 22:00:00,0.0
07/11/2014 22:15:00,0.0
07/11/2014 22:30:00,0.0
07/11/2014 22:45:00,0.0
07/11/2014 23:00:00,0.0
07/11/2014 23:15:00,0.0
07/11/2014 23:30:00,0.0
07/11/2014 23:45:00,0.0
08/11/2014 00:00:00,0.0
08/11/2014 00:15:00,0.0
08/11/2014 00:30:00,0.0
08/11/2014 00:45:00,0.0
08/11/2014 01:00:00,0.0
08/11/2014 01:15:00,0.0
08/11/2014 01:30:00,0.0
08/11/2014 01:45:00,0.0
08/11/2014 02:00:00,0.0
08/11/2014 02:15:00,0.0
08/11/2014 02:30:00,0.0
08/11/2014 02:45:00,0.0
08/11/2014 03:00:00,0.0
08/11/2014 03:15:00,0.0
08/11/2014 03:30:00,0.0
08/11/2014 03:45:00,0.0
08/11/2014 04:00:00,0.0
08/11/2014 04:15:00,0.0
08/11/2014 04:30:00,0.0
08/11/2014 04:45:00,0.0
08/11/2014 05:00:00,0.0
08/11/2014 05:15:00,0.0
08/11/2014 05:30:00,0.0
08/11/2014 05:45:00,0.0
08/11/2014 06:00:00,0.0
08/11/2014 06:15:00,0.0
08/11/2014 06:30:00,0.0
08/11/2014 06:45:00,0.0
08/11/2014 07:00:00,0.0
08/11/2014 07:15:00,0.0
08/11/2014 07:30:00,0.0
08/11/2014 07:45:00,0.0
08/11/2014 08:00:00,0.0
08/11/2014 08:15:00,0.0
08/11/2014 08:30:00,0.0
08/11/2014 08:45:00,0.0
08/11/2014 09:00:00,0.0
08/11/2014 09:15:00,0.0
08/11/2014 09:30:00,0.0
08/11/2014 09:45:00,0.0
08/11/2014 10:00:00,0.0
08/11/2014 10:15:00,0.0
08/11/2014 10:30:00,0.0
08/11/2014 10:45:00,0.0
08/11/2014 11:00:00,0.0
08/11/2014 11:15:00,0.0
08/11/2014 11:30:00,0.0
08/11/2014 11:45:00,0.0
08/11/2014 12:00:00,0.0
08/11/2014 12:15:00,0.0
08/11/2014 12:30:00,0.0
08/11/2014 12:45:00,0.0
08/11/2014 13:00:00,0.0
08/11/2014 13:15:00,0.0
08/11/2014 13:30:00,0.0
08/11/2014 13:45:00,0.0
08/11/2014 14:00:00,0.0
08/11/2014 14:15:00,0.0
08/11/2014 14:30:00,0.0
08/11/2014 14:45:00,0.0
08/11/2014 15:00:00,0.0
08/11/2014 15:15:00,0.0
08/11/2014 15:30:00,0.0
08/11/2014 15:45:00,0.0581333333333
08/11/2014 16:00:00,0.4472
08/11/2014 16:15:00,0.415466666667
08/11/2014 16:30:00,0.0
08/11/2014 16:45:00,0.310133333333
08/11/2014 17:00:00,0.398533333333
08/11/2014 17:15:00,0.148533333333
08/11/2014 17:30:00,0.0
08/11/2014 17:45:00,0.0
08/11/2014 18:00:00,0.0502
08/11/2014 18:15:00,0.458
08/11/2014 18:30:00,0.379133333333
08/11/2014 18:45:00,0.0238666666667
08/11/2014 19:00:00,0.0
08/11/2014 19:15:00,0.0
08/11/2014 19:30:00,0.0
08/11/2014 19:45:00,0.0
08/11/2014 20:00:00,0.0
08/11/2014 20:15:00,0.0
08/11/2014 20:30:00,0.0
08/11/2014 20:45:00,0.0
08/11/2014 21:00:00,0.0
08/11/2014 21:15:00,0.0
08/11/2014 21:30:00,0.0
08/11/2014 21:45:00,0.0
08/11/2014 22:00:00,0.0
08/11/2014 22:15:00,0.0
08/11/2014 22:30:00,0.0
08/11/2014 22:45:00,0.0
08/11/2014 23:00:00,0.0
08/11/2014 23:15:00,0.0
08/11/2014 23:30:00,0.0
08/11/2014 23:45:00,0.0
09/11/2014 00:00:00,0.0
09/11/2014 00:15:00,0.0
09/11/2014 00:30:00,0.0
09/11/2014 00:45:00,0.0
09/11/2014 01:00:00,0.0
09/11/2014 01:15:00,0.0
09/11/2014 01:30:00,0.0
09/11/2014 01:45:00,0.0
09/11/2014 02:00:00,0.0
09/11/2014 02:15:00,0.0
09/11/2014 02:30:00,0.0
09/11/2014 02:45:00,0.0
09/11/2014 03:00:00,0.0
09/11/2014 03:15:00,0.0
09/11/2014 03:30:00,0.0
09/11/2014 03:45:00,0.0
09/11/2014 04:00:00,0.0
09/11/2014 04:15:00,0.0
09/11/2014 04:30:00,0.0
09/11/2014 04:45:00,0.0
09/11/2014 05:00:00,0.0
09/11/2014 05:15:00,0.0
09/11/2014 05:30:00,0.0
09/11/2014 05:45:00,0.0
09/11/2014 06:00:00,0.0
09/11/2014 06:15:00,0.0
09/11/2014 06:30:00,0.0
09/11/2014 06:45:00,0.0
09/11/2014 07:00:00,0.0
09/11/2014 07:15:00,0.0
09/11/2014 07:30:00,0.0
09/11/2014 07:45:00,0.0
09/11/2014 08:00:00,0.0
09/11/2014 08:15:00,0.0
09/11/2014 08:30:00,0.0
09/11/2014 08:45:00,0.0
09/11/2014 09:00:00,0.0
09/11/2014 09:15:00,0.0
09/11/2014 09:30:00,0.0
09/11/2014 09:45:00,0.0
09/11/2014 10:00:00,0.0
09/11/2014 10:15:00,0.0
09/11/2014 10:30:00,0.0
09/11/2014 10:45:00,0.0
09/11/2014 11:00:00,0.0
09/11/2014 11:15:00,0.0
09/11/2014 11:30:00,0.0
09/11/2014 11:45:00,0.0
09/11/2014 12:00:00,0.0
09/11/2014 12:15:00,0.0
09/11/2014 12:30:00,0.0
09/11/2014 12:45:00,0.0
09/11/2014 13:00:00,0.0
09/11/2014 13:15:00,0.0
09/11/2014 13:30:00,0.0
09/11/2014 13:45:00,0.0
09/11/2014 14:00:00,0.0
09/11/2014 14:15:00,0.0
09/11/2014 14:30:00,0.0
09/11/2014 14:45:00,0.0
09/11/2014 15:00:00,0.0
09/11/2014 15:15:00,0.0
09/11/2014 15:30:00,0.0
09/11/2014 15:45:00,0.0
09/11/2014 16:00:00,0.0
09/11/2014 16:15:00,0.0
09/11/2014 16:30:00,0.0
09/11/2014 16:45:00,0.0
09/11/2014 17:00:00,0.0
09/11/2014 17:15:00,0.0
09/11/2014 17:30:00,0.000533333333333
09/11/2014 17:45:00,0.419466666667
09/11/2014 18:00:00,0.292466666667
09/11/2014 18:15:00,0.2296
09/11/2014 18:30:00,0.252266666667
09/11/2014 18:45:00,0.311333333333
09/11/2014 19:00:00,0.262866666667
09/11/2014 19:15:00,0.151333333333
09/11/2014 19:30:00,0.330133333333
09/11/2014 19:45:00,0.3096
09/11/2014 20:00:00,0.0
09/11/2014 20:15:00,0.0
09/11/2014 20:30:00,0.0
09/11/2014 20:45:00,0.0
09/11/2014 21:00:00,0.0
09/11/2014 21:15:00,0.0
09/11/2014 21:30:00,0.0
09/11/2014 21:45:00,0.0
09/11/2014 22:00:00,0.0
09/11/2014 22:15:00,0.0
09/11/2014 22:30:00,0.0
09/11/2014 22:45:00,0.0
09/11/2014 23:00:00,0.0
09/11/2014 23:15:00,0.0
09/11/2014 23:30:00,0.0
09/11/2014 23:45:00,0.0
10/11/2014 00:00:00,0.0
10/11/2014 00:15:00,0.0
10/11/2014 00:30:00,0.0
10/11/2014 00:45:00,0.0
10/11/2014 01:00:00,0.0
10/11/2014 01:15:00,0.0
10/11/2014 01:30:00,0.0
10/11/2014 01:45:00,0.0
10/11/2014 02:00:00,0.0
10/11/2014 02:15:00,0.0
10/11/2014 02:30:00,0.0
10/11/2014 02:45:00,0.0
10/11/2014 03:00:00,0.0
10/11/2014 03:15:00,0.0
10/11/2014 03:30:00,0.0
10/11/2014 03:45:00,0.0
10/11/2014 04:00:00,0.0
10/11/2014 04:15:00,0.0
10/11/2014 04:30:00,0.0
10/11/2014 04:45:00,0.0
10/11/2014 05:00:00,0.0
10/11/2014 05:15:00,0.0
10/11/2014 05:30:00,0.0
10/11/2014 05:45:00,0.0
10/11/2014 06:00:00,0.0
10/11/2014 06:15:00,0.0
10/11/2014 06:30:00,0.0
10/11/2014 06:45:00,0.1766
10/11/2014 07:00:00,0.387
10/11/2014 07:15:00,0.340133333333
10/11/2014 07:30:00,0.0
10/11/2014 07:45:00,0.0
10/11/2014 08:00:00,0.0
10/11/2014 08:15:00,0.0
10/11/2014 08:30:00,0.0
10/11/2014 08:45:00,0.0
10/11/2014 09:00:00,0.0
10/11/2014 09:15:00,0.0
10/11/2014 09:30:00,0.0
10/11/2014 09:45:00,0.0
10/11/2014 10:00:00,0.0
10/11/2014 10:15:00,0.0
10/11/2014 10:30:00,0.0
10/11/2014 10:45:00,0.0
10/11/2014 11:00:00,0.0
10/11/2014 11:15:00,0.0
10/11/2014 11:30:00,0.0
10/11/2014 11:45:00,0.0
10/11/2014 12:00:00,0.0
10/11/2014 12:15:00,0.0
10/11/2014 12:30:00,0.0
10/11/2014 12:45:00,0.0
10/11/2014 13:00:00,0.0135333333333
10/11/2014 13:15:00,0.443133333333
10/11/2014 13:30:00,0.388466666667
10/11/2014 13:45:00,0.0522
10/11/2014 14:00:00,0.0
10/11/2014 14:15:00,0.0
10/11/2014 14:30:00,0.0
10/11/2014 14:45:00,0.0
10/11/2014 15:00:00,0.0
10/11/2014 15:15:00,0.0
10/11/2014 15:30:00,0.0
10/11/2014 15:45:00,0.0
10/11/2014 16:00:00,0.0
10/11/2014 16:15:00,0.0
10/11/2014 16:30:00,0.0
10/11/2014 16:45:00,0.0
10/11/2014 17:00:00,0.0
10/11/2014 17:15:00,0.0
10/11/2014 17:30:00,0.0
10/11/2014 17:45:00,0.0
10/11/2014 18:00:00,0.0
10/11/2014 18:15:00,0.0
10/11/2014 18:30:00,0.0
10/11/2014 18:45:00,0.0
10/11/2014 19:00:00,0.0
10/11/2014 19:15:00,0.0
10/11/2014 19:30:00,0.0
10/11/2014 19:45:00,0.0
10/11/2014 20:00:00,0.0
10/11/2014 20:15:00,0.0
10/11/2014 20:30:00,0.0
10/11/2014 20:45:00,0.0
10/11/2014 21:00:00,0.0
10/11/2014 21:15:00,0.0
10/11/2014 21:30:00,0.0
10/11/2014 21:45:00,0.0
10/11/2014 22:00:00,0.0
10/11/2014 22:15:00,0.0
10/11/2014 22:30:00,0.0
10/11/2014 22:45:00,0.0
10/11/2014 23:00:00,0.0
10/11/2014 23:15:00,0.0
10/11/2014 23:30:00,0.0
10/11/2014 23:45:00,0.0
11/11/2014 00:00:00,0.0
11/11/2014 00:15:00,0.0
11/11/2014 00:30:00,0.0
11/11/2014 00:45:00,0.0
11/11/2014 01:00:00,0.0
11/11/2014 01:15:00,0.0
11/11/2014 01:30:00,0.0
11/11/2014 01:45:00,0.0
11/11/2014 02:00:00,0.0
11/11/2014 02:15:00,0.0
11/11/2014 02:30:00,0.0
11/11/2014 02:45:00,0.0
11/11/2014 03:00:00,0.0
11/11/2014 03:15:00,0.0
11/11/2014 03:30:00,0.0
11/11/2014 03:45:00,0.0
11/11/2014 04:00:00,0.0
11/11/2014 04:15:00,0.0
11/11/2014 04:30:00,0.0
11/11/2014 04:45:00,0.0
11/11/2014 05:00:00,0.0
11/11/2014 05:15:00,0.0
11/11/2014 05:30:00,0.0
11/11/2014 05:45:00,0.0
11/11/2014 06:00:00,0.0
11/11/2014 06:15:00,0.0
11/11/2014 06:30:00,0.0
11/11/2014 06:45:00,0.0
11/11/2014 07:00:00,0.0
11/11/2014 07:15:00,0.0
11/11/2014 07:30:00,0.0
11/11/2014 07:45:00,0.0
11/11/2014 08:00:00,0.0
11/11/2014 08:15:00,0.0
11/11/2014 08:30:00,0.0
11/11/2014 08:45:00,0.0
11/11/2014 09:00:00,0.0
11/11/2014 09:15:00,0.0
11/11/2014 09:30:00,0.0
11/11/2014 09:45:00,0.0
11/11/2014 10:00:00,0.0
11/11/2014 10:15:00,0.0
11/11/2014 10:30:00,0.0
11/11/2014 10:45:00,0.0
11/11/2014 11:00:00,0.0
11/11/2014 11:15:00,0.0
11/11/2014 11:30:00,0.0
11/11/2014 11:45:00,0.0
11/11/2014 12:00:00,0.0
11/11/2014 12:15:00,0.0
11/11/2014 12:30:00,0.0
11/11/2014 12:45:00,0.0
11/11/2014 13:00:00,0.0
11/11/2014 13:15:00,0.0
11/11/2014 13:30:00,0.0
11/11/2014 13:45:00,0.0
11/11/2014 14:00:00,0.0
11/11/2014 14:15:00,0.0
11/11/2014 14:30:00,0.0
11/11/2014 14:45:00,0.0
11/11/2014 15:00:00,0.0
11/11/2014 15:15:00,0.0
11/11/2014 15:30:00,0.0
11/11/2014 15:45:00,0.0
11/11/2014 16:00:00,0.0
11/11/2014 16:15:00,0.0
11/11/2014 16:30:00,0.0
11/11/2014 16:45:00,0.0
11/11/2014 17:00:00,0.0
11/11/2014 17:15:00,0.0
11/11/2014 17:30:00,0.0
11/11/2014 17:45:00,0.0
11/11/2014 18:00:00,0.0
11/11/2014 18:15:00,0.0
11/11/2014 18:30:00,0.0
11/11/2014 18:45:00,0.0
11/11/2014 19:00:00,0.0
11/11/2014 19:15:00,0.0
11/11/2014 19:30:00,0.0
11/11/2014 19:45:00,0.0
11/11/2014 20:00:00,0.0
11/11/2014 20:15:00,0.0
11/11/2014 20:30:00,0.0
11/11/2014 20:45:00,0.0
11/11/2014 21:00:00,0.0
11/11/2014 21:15:00,0.0
11/11/2014 21:30:00,0.0
11/11/2014 21:45:00,0.0
11/11/2014 22:00:00,0.0
11/11/2014 22:15:00,0.0
11/11/2014 22:30:00,0.0
11/11/2014 22:45:00,0.0
11/11/2014 23:00:00,0.0
11/11/2014 23:15:00,0.0
11/11/2014 23:30:00,0.0
11/11/2014 23:45:00,0.0
12/11/2014 00:00:00,0.0
12/11/2014 00:15:00,0.0
12/11/2014 00:30:00,0.0
12/11/2014 00:45:00,0.0
12/11/2014 01:00:00,0.0
12/11/2014 01:15:00,0.0
12/11/2014 01:30:00,0.0
12/11/2014 01:45:00,0.0
12/11/2014 02:00:00,0.0
12/11/2014 02:15:00,0.0
12/11/2014 02:30:00,0.0
12/11/2014 02:45:00,0.0
12/11/2014 03:00:00,0.0
12/11/2014 03:15:00,0.0
12/11/2014 03:30:00,0.0
12/11/2014 03:45:00,0.0
12/11/2014 04:00:00,0.0
12/11/2014 04:15:00,0.0
12/11/2014 04:30:00,0.0
12/11/2014 04:45:00,0.0
12/11/2014 05:00:00,0.0
12/11/2014 05:15:00,0.0
12/11/2014 05:30:00,0.0
12/11/2014 05:45:00,0.0
12/11/2014 06:00:00,0.0
12/11/2014 06:15:00,0.0
12/11/2014 06:30:00,0.0
12/11/2014 06:45:00,0.0
12/11/2014 07:00:00,0.0
12/11/2014 07:15:00,0.0
12/11/2014 07:30:00,0.0
12/11/2014 07:45:00,0.0
12/11/2014 08:00:00,0.0
12/11/2014 08:15:00,0.0
12/11/2014 08:30:00,0.0
12/11/2014 08:45:00,0.0
12/11/2014 09:00:00,0.0
12/11/2014 09:15:00,0.0
12/11/2014 09:30:00,0.0
12/11/2014 09:45:00,0.0
12/11/2014 10:00:00,0.0
12/11/2014 10:15:00,0.0
12/11/2014 10:30:00,0.0
12/11/2014 10:45:00,0.0
12/11/2014 11:00:00,0.0
12/11/2014 11:15:00,0.0
12/11/2014 11:30:00,0.0
12/11/2014 11:45:00,0.0
12/11/2014 12:00:00,0.0
12/11/2014 12:15:00,0.0
12/11/2014 12:30:00,0.0
12/11/2014 12:45:00,0.0
12/11/2014 13:00:00,0.0
12/11/2014 13:15:00,0.0
12/11/2014 13:30:00,0.0
12/11/2014 13:45:00,0.0
12/11/2014 14:00:00,0.252666666667
12/11/2014 14:15:00,0.3592
12/11/2014 14:30:00,0.326733333333
12/11/2014 14:45:00,0.0
12/11/2014 15:00:00,0.1096
12/11/2014 15:15:00,0.164666666667
12/11/2014 15:30:00,0.0
12/11/2014 15:45:00,0.0
12/11/2014 16:00:00,0.175533333333
12/11/2014 16:15:00,0.400333333333
12/11/2014 16:30:00,0.0217333333333
12/11/2014 16:45:00,0.0
12/11/2014 17:00:00,0.0
12/11/2014 17:15:00,0.0
12/11/2014 17:30:00,0.0
12/11/2014 17:45:00,0.0
12/11/2014 18:00:00,0.0
12/11/2014 18:15:00,0.0
12/11/2014 18:30:00,0.0
12/11/2014 18:45:00,0.0
12/11/2014 19:00:00,0.0
12/11/2014 19:15:00,0.0
12/11/2014 19:30:00,0.0
12/11/2014 19:45:00,0.0
12/11/2014 20:00:00,0.0
12/11/2014 20:15:00,0.0
12/11/2014 20:30:00,0.0
12/11/2014 20:45:00,0.0
12/11/2014 21:00:00,0.0
12/11/2014 21:15:00,0.0
12/11/2014 21:30:00,0.0
12/11/2014 21:45:00,0.0
12/11/2014 22:00:00,0.0
12/11/2014 22:15:00,0.0
12/11/2014 22:30:00,0.0
12/11/2014 22:45:00,0.0
12/11/2014 23:00:00,0.0
12/11/2014 23:15:00,0.0
12/11/2014 23:30:00,0.0
12/11/2014 23:45:00,0.0
13/11/2014 00:00:00,0.0
13/11/2014 00:15:00,0.0
13/11/2014 00:30:00,0.0
13/11/2014 00:45:00,0.0
13/11/2014 01:00:00,0.0
13/11/2014 01:15:00,0.0
13/11/2014 01:30:00,0.0
13/11/2014 01:45:00,0.0
13/11/2014 02:00:00,0.0
13/11/2014 02:15:00,0.0
13/11/2014 02:30:00,0.0
13/11/2014 02:45:00,0.0
13/11/2014 03:00:00,0.0
13/11/2014 03:15:00,0.0
13/11/2014 03:30:00,0.0
13/11/2014 03:45:00,0.0
13/11/2014 04:00:00,0.0
13/11/2014 04:15:00,0.0
13/11/2014 04:30:00,0.0
13/11/2014 04:45:00,0.0
13/11/2014 05:00:00,0.0
13/11/2014 05:15:00,0.0
13/11/2014 05:30:00,0.0
13/11/2014 05:45:00,0.0
13/11/2014 06:00:00,0.0
13/11/2014 06:15:00,0.0
13/11/2014 06:30:00,0.0
13/11/2014 06:45:00,0.0
13/11/2014 07:00:00,0.0
13/11/2014 07:15:00,0.0
13/11/2014 07:30:00,0.0
13/11/2014 07:45:00,0.0
13/11/2014 08:00:00,0.0
13/11/2014 08:15:00,0.0
13/11/2014 08:30:00,0.0
13/11/2014 08:45:00,0.0
13/11/2014 09:00:00,0.0
13/11/2014 09:15:00,0.0
13/11/2014 09:30:00,0.0
13/11/2014 09:45:00,0.0
13/11/2014 10:00:00,0.0
13/11/2014 10:15:00,0.0
13/11/2014 10:30:00,0.0
13/11/2014 10:45:00,0.0
13/11/2014 11:00:00,0.0
13/11/2014 11:15:00,0.0
13/11/2014 11:30:00,0.0
13/11/2014 11:45:00,0.0
13/11/2014 12:00:00,0.0
13/11/2014 12:15:00,0.0
13/11/2014 12:30:00,0.0
13/11/2014 12:45:00,0.0
13/11/2014 13:00:00,0.0
13/11/2014 13:15:00,0.0
13/11/2014 13:30:00,0.0
13/11/2014 13:45:00,0.0
13/11/2014 14:00:00,0.0
13/11/2014 14:15:00,0.0
13/11/2014 14:30:00,0.0
13/11/2014 14:45:00,0.0
13/11/2014 15:00:00,0.0
13/11/2014 15:15:00,0.0
13/11/2014 15:30:00,0.0
13/11/2014 15:45:00,0.0
13/11/2014 16:00:00,0.0
13/11/2014 16:15:00,0.0
13/11/2014 16:30:00,0.0
13/11/2014 16:45:00,0.0
13/11/2014 17:00:00,0.0
13/11/2014 17:15:00,0.0
13/11/2014 17:30:00,0.0
13/11/2014 17:45:00,0.0
13/11/2014 18:00:00,0.0
13/11/2014 18:15:00,0.0
13/11/2014 18:30:00,0.0
13/11/2014 18:45:00,0.0
13/11/2014 19:00:00,0.0
13/11/2014 19:15:00,0.0
13/11/2014 19:30:00,0.0
13/11/2014 19:45:00,0.0
13/11/2014 20:00:00,0.0
13/11/2014 20:15:00,0.0
13/11/2014 20:30:00,0.0
13/11/2014 20:45:00,0.0
13/11/2014 21:00:00,0.0
13/11/2014 21:15:00,0.0
13/11/2014 21:30:00,0.0
13/11/2014 21:45:00,0.0
13/11/2014 22:00:00,0.0
13/11/2014 22:15:00,0.0
13/11/2014 22:30:00,0.0
13/11/2014 22:45:00,0.0
13/11/2014 23:00:00,0.0
13/11/2014 23:15:00,0.0
13/11/2014 23:30:00,0.0
13/11/2014 23:45:00,0.0
14/11/2014 00:00:00,0.0
14/11/2014 00:15:00,0.0
14/11/2014 00:30:00,0.0
14/11/2014 00:45:00,0.0
14/11/2014 01:00:00,0.0
14/11/2014 01:15:00,0.0
14/11/2014 01:30:00,0.0
14/11/2014 01:45:00,0.0
14/11/2014 02:00:00,0.0
14/11/2014 02:15:00,0.0
14/11/2014 02:30:00,0.0
14/11/2014 02:45:00,0.0
14/11/2014 03:00:00,0.0
14/11/2014 03:15:00,0.0
14/11/2014 03:30:00,0.0
14/11/2014 03:45:00,0.0
14/11/2014 04:00:00,0.0
14/11/2014 04:15:00,0.0
14/11/2014 04:30:00,0.0
14/11/2014 04:45:00,0.0
14/11/2014 05:00:00,0.0
14/11/2014 05:15:00,0.0
14/11/2014 05:30:00,0.0
14/11/2014 05:45:00,0.0
14/11/2014 06:00:00,0.0
14/11/2014 06:15:00,0.0
14/11/2014 06:30:00,0.0
14/11/2014 06:45:00,0.0
14/11/2014 07:00:00,0.0
14/11/2014 07:15:00,0.0
14/11/2014 07:30:00,0.0
14/11/2014 07:45:00,0.0
14/11/2014 08:00:00,0.0
14/11/2014 08:15:00,0.0
14/11/2014 08:30:00,0.0
14/11/2014 08:45:00,0.0
14/11/2014 09:00:00,0.0
14/11/2014 09:15:00,0.0
14/11/2014 09:30:00,0.0
14/11/2014 09:45:00,0.0
14/11/2014 10:00:00,0.0
14/11/2014 10:15:00,0.0
14/11/2014 10:30:00,0.0
14/11/2014 10:45:00,0.0
14/11/2014 11:00:00,0.0
14/11/2014 11:15:00,0.0
14/11/2014 11:30:00,0.0
14/11/2014 11:45:00,0.0
14/11/2014 12:00:00,0.0
14/11/2014 12:15:00,0.0
14/11/2014 12:30:00,0.0
14/11/2014 12:45:00,0.0
14/11/2014 13:00:00,0.0
14/11/2014 13:15:00,0.0
14/11/2014 13:30:00,0.0
14/11/2014 13:45:00,0.0
14/11/2014 14:00:00,0.0
14/11/2014 14:15:00,0.0
14/11/2014 14:30:00,0.0
14/11/2014 14:45:00,0.0
14/11/2014 15:00:00,0.0
14/11/2014 15:15:00,0.0
14/11/2014 15:30:00,0.0
14/11/2014 15:45:00,0.0
14/11/2014 16:00:00,0.0
14/11/2014 16:15:00,0.0
14/11/2014 16:30:00,0.0
14/11/2014 16:45:00,0.0
14/11/2014 17:00:00,0.0
14/11/2014 17:15:00,0.0
14/11/2014 17:30:00,0.0
14/11/2014 17:45:00,0.0
14/11/2014 18:00:00,0.0
14/11/2014 18:15:00,0.0
14/11/2014 18:30:00,0.0
14/11/2014 18:45:00,0.0
14/11/2014 19:00:00,0.0
14/11/2014 19:15:00,0.0
14/11/2014 19:30:00,0.0
14/11/2014 19:45:00,0.0
14/11/2014 20:00:00,0.0
14/11/2014 20:15:00,0.0
14/11/2014 20:30:00,0.0
14/11/2014 20:45:00,0.0
14/11/2014 21:00:00,0.0
14/11/2014 21:15:00,0.0
14/11/2014 21:30:00,0.0
14/11/2014 21:45:00,0.0
14/11/2014 22:00:00,0.0
14/11/2014 22:15:00,0.0
14/11/2014 22:30:00,0.0
14/11/2014 22:45:00,0.0
14/11/2014 23:00:00,0.0
14/11/2014 23:15:00,0.0
14/11/2014 23:30:00,0.0
14/11/2014 23:45:00,0.0
15/11/2014 00:00:00,0.0
15/11/2014 00:15:00,0.0
15/11/2014 00:30:00,0.0
15/11/2014 00:45:00,0.0
15/11/2014 01:00:00,0.0
15/11/2014 01:15:00,0.0
15/11/2014 01:30:00,0.0
15/11/2014 01:45:00,0.0
15/11/2014 02:00:00,0.0
15/11/2014 02:15:00,0.0
15/11/2014 02:30:00,0.0
15/11/2014 02:45:00,0.0
15/11/2014 03:00:00,0.0
15/11/2014 03:15:00,0.0
15/11/2014 03:30:00,0.0
15/11/2014 03:45:00,0.0
15/11/2014 04:00:00,0.0
15/11/2014 04:15:00,0.0
15/11/2014 04:30:00,0.0
15/11/2014 04:45:00,0.0
15/11/2014 05:00:00,0.0
15/11/2014 05:15:00,0.0
15/11/2014 05:30:00,0.0
15/11/2014 05:45:00,0.0
15/11/2014 06:00:00,0.0
15/11/2014 06:15:00,0.0
15/11/2014 06:30:00,0.0
15/11/2014 06:45:00,0.0
15/11/2014 07:00:00,0.0
15/11/2014 07:15:00,0.0
15/11/2014 07:30:00,0.0
15/11/2014 07:45:00,0.0
15/11/2014 08:00:00,0.0
15/11/2014 08:15:00,0.0
15/11/2014 08:30:00,0.0
15/11/2014 08:45:00,0.0
15/11/2014 09:00:00,0.0
15/11/2014 09:15:00,0.0
15/11/2014 09:30:00,0.0
15/11/2014 09:45:00,0.0
15/11/2014 10:00:00,0.0
15/11/2014 10:15:00,0.0
15/11/2014 10:30:00,0.0
15/11/2014 10:45:00,0.0
15/11/2014 11:00:00,0.0
15/11/2014 11:15:00,0.0
15/11/2014 11:30:00,0.0
15/11/2014 11:45:00,0.0
15/11/2014 12:00:00,0.0
15/11/2014 12:15:00,0.0
15/11/2014 12:30:00,0.0
15/11/2014 12:45:00,0.0
15/11/2014 13:00:00,0.0
15/11/2014 13:15:00,0.0
15/11/2014 13:30:00,0.0
15/11/2014 13:45:00,0.0
15/11/2014 14:00:00,0.0
15/11/2014 14:15:00,0.0
15/11/2014 14:30:00,0.0
15/11/2014 14:45:00,0.0
15/11/2014 15:00:00,0.0
15/11/2014 15:15:00,0.0
15/11/2014 15:30:00,0.0
15/11/2014 15:45:00,0.0
15/11/2014 16:00:00,0.0
15/11/2014 16:15:00,0.0
15/11/2014 16:30:00,0.0
15/11/2014 16:45:00,0.0
15/11/2014 17:00:00,0.0
15/11/2014 17:15:00,0.0
15/11/2014 17:30:00,0.0
15/11/2014 17:45:00,0.0
15/11/2014 18:00:00,0.0
15/11/2014 18:15:00,0.0
15/11/2014 18:30:00,0.0
15/11/2014 18:45:00,0.0
15/11/2014 19:00:00,0.0
15/11/2014 19:15:00,0.0
15/11/2014 19:30:00,0.0
15/11/2014 19:45:00,0.0
15/11/2014 20:00:00,0.0
15/11/2014 20:15:00,0.0
15/11/2014 20:30:00,0.0
15/11/2014 20:45:00,0.0
15/11/2014 21:00:00,0.0
15/11/2014 21:15:00,0.0
15/11/2014 21:30:00,0.0
15/11/2014 21:45:00,0.0
15/11/2014 22:00:00,0.0
15/11/2014 22:15:00,0.0
15/11/2014 22:30:00,0.0
15/11/2014 22:45:00,0.0
15/11/2014 23:00:00,0.0
15/11/2014 23:15:00,0.0
15/11/2014 23:30:00,0.0
15/11/2014 23:45:00,0.0
16/11/2014 00:00:00,0.0
16/11/2014 00:15:00,0.0
16/11/2014 00:30:00,0.0
16/11/2014 00:45:00,0.0
16/11/2014 01:00:00,0.0
16/11/2014 01:15:00,0.0
16/11/2014 01:30:00,0.0
16/11/2014 01:45:00,0.0
16/11/2014 02:00:00,0.0
16/11/2014 02:15:00,0.0
16/11/2014 02:30:00,0.0
16/11/2014 02:45:00,0.0
16/11/2014 03:00:00,0.0
16/11/2014 03:15:00,0.0
16/11/2014 03:30:00,0.0
16/11/2014 03:45:00,0.0
16/11/2014 04:00:00,0.0
16/11/2014 04:15:00,0.0
16/11/2014 04:30:00,0.0
16/11/2014 04:45:00,0.0
16/11/2014 05:00:00,0.0
16/11/2014 05:15:00,0.0
16/11/2014 05:30:00,0.0
16/11/2014 05:45:00,0.0
16/11/2014 06:00:00,0.0
16/11/2014 06:15:00,0.0
16/11/2014 06:30:00,0.0
16/11/2014 06:45:00,0.0
16/11/2014 07:00:00,0.0
16/11/2014 07:15:00,0.0
16/11/2014 07:30:00,0.0
16/11/2014 07:45:00,0.0
16/11/2014 08:00:00,0.0
16/11/2014 08:15:00,0.0
16/11/2014 08:30:00,0.0
16/11/2014 08:45:00,0.0
16/11/2014 09:00:00,0.0
16/11/2014 09:15:00,0.0
16/11/2014 09:30:00,0.0
16/11/2014 09:45:00,0.0
16/11/2014 10:00:00,0.0
16/11/2014 10:15:00,0.0
16/11/2014 10:30:00,0.0
16/11/2014 10:45:00,0.0
16/11/2014 11:00:00,0.0
16/11/2014 11:15:00,0.0
16/11/2014 11:30:00,0.0016
16/11/2014 11:45:00,0.392866666667
16/11/2014 12:00:00,0.3412
16/11/2014 12:15:00,0.181733333333
16/11/2014 12:30:00,0.0
16/11/2014 12:45:00,0.0
16/11/2014 13:00:00,0.0
16/11/2014 13:15:00,0.0
16/11/2014 13:30:00,0.0
16/11/2014 13:45:00,0.0
16/11/2014 14:00:00,0.0
16/11/2014 14:15:00,0.0
16/11/2014 14:30:00,0.0
16/11/2014 14:45:00,0.0
16/11/2014 15:00:00,0.0
16/11/2014 15:15:00,0.0
16/11/2014 15:30:00,0.0
16/11/2014 15:45:00,0.0
16/11/2014 16:00:00,0.0
16/11/2014 16:15:00,0.0
16/11/2014 16:30:00,0.0
16/11/2014 16:45:00,0.0
16/11/2014 17:00:00,0.0
16/11/2014 17:15:00,0.00106666666667
16/11/2014 17:30:00,0.429933333333
16/11/2014 17:45:00,0.370933333333
16/11/2014 18:00:00,0.113333333333
16/11/2014 18:15:00,0.0
16/11/2014 18:30:00,0.0
16/11/2014 18:45:00,0.0
16/11/2014 19:00:00,0.0
16/11/2014 19:15:00,0.0
16/11/2014 19:30:00,0.0
16/11/2014 19:45:00,0.0
16/11/2014 20:00:00,0.0
16/11/2014 20:15:00,0.0
16/11/2014 20:30:00,0.0
16/11/2014 20:45:00,0.0
16/11/2014 21:00:00,0.0
16/11/2014 21:15:00,0.0
16/11/2014 21:30:00,0.0
16/11/2014 21:45:00,0.0
16/11/2014 22:00:00,0.0
16/11/2014 22:15:00,0.0
16/11/2014 22:30:00,0.0
16/11/2014 22:45:00,0.0
16/11/2014 23:00:00,0.0
16/11/2014 23:15:00,0.0
16/11/2014 23:30:00,0.0
16/11/2014 23:45:00,0.0
17/11/2014 00:00:00,0.0
17/11/2014 00:15:00,0.0
17/11/2014 00:30:00,0.0
17/11/2014 00:45:00,0.0
17/11/2014 01:00:00,0.0
17/11/2014 01:15:00,0.0
17/11/2014 01:30:00,0.0
17/11/2014 01:45:00,0.0
17/11/2014 02:00:00,0.0
17/11/2014 02:15:00,0.0
17/11/2014 02:30:00,0.0
17/11/2014 02:45:00,0.0
17/11/2014 03:00:00,0.0
17/11/2014 03:15:00,0.0
17/11/2014 03:30:00,0.0
17/11/2014 03:45:00,0.0
17/11/2014 04:00:00,0.0
17/11/2014 04:15:00,0.0
17/11/2014 04:30:00,0.0
17/11/2014 04:45:00,0.0
17/11/2014 05:00:00,0.0
17/11/2014 05:15:00,0.0
17/11/2014 05:30:00,0.0
17/11/2014 05:45:00,0.0
17/11/2014 06:00:00,0.0
17/11/2014 06:15:00,0.0
17/11/2014 06:30:00,0.0152666666667
17/11/2014 06:45:00,0.479933333333
17/11/2014 07:00:00,0.369666666667
17/11/2014 07:15:00,0.0450666666667
17/11/2014 07:30:00,0.0
17/11/2014 07:45:00,0.0
17/11/2014 08:00:00,0.0
17/11/2014 08:15:00,0.0
17/11/2014 08:30:00,0.0
17/11/2014 08:45:00,0.0
17/11/2014 09:00:00,0.0
17/11/2014 09:15:00,0.0
17/11/2014 09:30:00,0.0
17/11/2014 09:45:00,0.0
17/11/2014 10:00:00,0.0
17/11/2014 10:15:00,0.0
17/11/2014 10:30:00,0.0
17/11/2014 10:45:00,0.0
17/11/2014 11:00:00,0.0
17/11/2014 11:15:00,0.0
17/11/2014 11:30:00,0.0
17/11/2014 11:45:00,0.0
17/11/2014 12:00:00,0.0
17/11/2014 12:15:00,0.0
17/11/2014 12:30:00,0.0
17/11/2014 12:45:00,0.0
17/11/2014 13:00:00,0.0
17/11/2014 13:15:00,0.0
17/11/2014 13:30:00,0.0
17/11/2014 13:45:00,0.0
17/11/2014 14:00:00,0.0
17/11/2014 14:15:00,0.0
17/11/2014 14:30:00,0.0
17/11/2014 14:45:00,0.0
17/11/2014 15:00:00,0.0
17/11/2014 15:15:00,0.0
17/11/2014 15:30:00,0.0
17/11/2014 15:45:00,0.0
17/11/2014 16:00:00,0.0
17/11/2014 16:15:00,0.0
17/11/2014 16:30:00,0.0
17/11/2014 16:45:00,0.0
17/11/2014 17:00:00,0.0
17/11/2014 17:15:00,0.0
17/11/2014 17:30:00,0.0
17/11/2014 17:45:00,0.0
17/11/2014 18:00:00,0.0
17/11/2014 18:15:00,0.0
17/11/2014 18:30:00,0.0
17/11/2014 18:45:00,0.0
17/11/2014 19:00:00,0.0
17/11/2014 19:15:00,0.0
17/11/2014 19:30:00,0.0
17/11/2014 19:45:00,0.0
17/11/2014 20:00:00,0.0
17/11/2014 20:15:00,0.0
17/11/2014 20:30:00,0.0
17/11/2014 20:45:00,0.0
17/11/2014 21:00:00,0.0
17/11/2014 21:15:00,0.0
17/11/2014 21:30:00,0.0
17/11/2014 21:45:00,0.0
17/11/2014 22:00:00,0.0
17/11/2014 22:15:00,0.0
17/11/2014 22:30:00,0.0
17/11/2014 22:45:00,0.0
17/11/2014 23:00:00,0.0
17/11/2014 23:15:00,0.0
17/11/2014 23:30:00,0.0
17/11/2014 23:45:00,0.0
18/11/2014 00:00:00,0.0
18/11/2014 00:15:00,0.0
18/11/2014 00:30:00,0.0
18/11/2014 00:45:00,0.0
18/11/2014 01:00:00,0.0
18/11/2014 01:15:00,0.0
18/11/2014 01:30:00,0.0
18/11/2014 01:45:00,0.0
18/11/2014 02:00:00,0.0
18/11/2014 02:15:00,0.0
18/11/2014 02:30:00,0.0
18/11/2014 02:45:00,0.0
18/11/2014 03:00:00,0.0
18/11/2014 03:15:00,0.0
18/11/2014 03:30:00,0.0
18/11/2014 03:45:00,0.0
18/11/2014 04:00:00,0.0
18/11/2014 04:15:00,0.0
18/11/2014 04:30:00,0.0
18/11/2014 04:45:00,0.0
18/11/2014 05:00:00,0.0
18/11/2014 05:15:00,0.0
18/11/2014 05:30:00,0.0
18/11/2014 05:45:00,0.0
18/11/2014 06:00:00,0.0
18/11/2014 06:15:00,0.0
18/11/2014 06:30:00,0.0
18/11/2014 06:45:00,0.0
18/11/2014 07:00:00,0.0
18/11/2014 07:15:00,0.0
18/11/2014 07:30:00,0.0
18/11/2014 07:45:00,0.0
18/11/2014 08:00:00,0.0
18/11/2014 08:15:00,0.0
18/11/2014 08:30:00,0.0
18/11/2014 08:45:00,0.0
18/11/2014 09:00:00,0.0
18/11/2014 09:15:00,0.0
18/11/2014 09:30:00,0.0
18/11/2014 09:45:00,0.0
18/11/2014 10:00:00,0.0
18/11/2014 10:15:00,0.0
18/11/2014 10:30:00,0.0
18/11/2014 10:45:00,0.0
18/11/2014 11:00:00,0.0
18/11/2014 11:15:00,0.0
18/11/2014 11:30:00,0.0
18/11/2014 11:45:00,0.0
18/11/2014 12:00:00,0.0
18/11/2014 12:15:00,0.0
18/11/2014 12:30:00,0.0
18/11/2014 12:45:00,0.0
18/11/2014 13:00:00,0.0
18/11/2014 13:15:00,0.0
18/11/2014 13:30:00,0.0
18/11/2014 13:45:00,0.0
18/11/2014 14:00:00,0.0
18/11/2014 14:15:00,0.0
18/11/2014 14:30:00,0.0
18/11/2014 14:45:00,0.0
18/11/2014 15:00:00,0.0
18/11/2014 15:15:00,0.0
18/11/2014 15:30:00,0.0
18/11/2014 15:45:00,0.0
18/11/2014 16:00:00,0.0
18/11/2014 16:15:00,0.0
18/11/2014 16:30:00,0.0
18/11/2014 16:45:00,0.0
18/11/2014 17:00:00,0.0
18/11/2014 17:15:00,0.0
18/11/2014 17:30:00,0.0
18/11/2014 17:45:00,0.0
18/11/2014 18:00:00,0.0
18/11/2014 18:15:00,0.0
18/11/2014 18:30:00,0.0
18/11/2014 18:45:00,0.0
18/11/2014 19:00:00,0.0
18/11/2014 19:15:00,0.0
18/11/2014 19:30:00,0.0
18/11/2014 19:45:00,0.0
18/11/2014 20:00:00,0.0
18/11/2014 20:15:00,0.0
18/11/2014 20:30:00,0.0
18/11/2014 20:45:00,0.0
18/11/2014 21:00:00,0.0
18/11/2014 21:15:00,0.0
18/11/2014 21:30:00,0.0
18/11/2014 21:45:00,0.0
18/11/2014 22:00:00,0.0
18/11/2014 22:15:00,0.0
18/11/2014 22:30:00,0.0
18/11/2014 22:45:00,0.0
18/11/2014 23:00:00,0.0
18/11/2014 23:15:00,0.0
18/11/2014 23:30:00,0.0
18/11/2014 23:45:00,0.0
19/11/2014 00:00:00,0.0
19/11/2014 00:15:00,0.0
19/11/2014 00:30:00,0.0
19/11/2014 00:45:00,0.0
19/11/2014 01:00:00,0.0
19/11/2014 01:15:00,0.0
19/11/2014 01:30:00,0.0
19/11/2014 01:45:00,0.0
19/11/2014 02:00:00,0.0
19/11/2014 02:15:00,0.0
19/11/2014 02:30:00,0.0
19/11/2014 02:45:00,0.0
19/11/2014 03:00:00,0.0
19/11/2014 03:15:00,0.0
19/11/2014 03:30:00,0.0
19/11/2014 03:45:00,0.0
19/11/2014 04:00:00,0.0
19/11/2014 04:15:00,0.0
19/11/2014 04:30:00,0.0
19/11/2014 04:45:00,0.0
19/11/2014 05:00:00,0.0
19/11/2014 05:15:00,0.0
19/11/2014 05:30:00,0.0
19/11/2014 05:45:00,0.0
19/11/2014 06:00:00,0.0
19/11/2014 06:15:00,0.0
19/11/2014 06:30:00,0.0
19/11/2014 06:45:00,0.0
19/11/2014 07:00:00,0.0
19/11/2014 07:15:00,0.0
19/11/2014 07:30:00,0.0
19/11/2014 07:45:00,0.0
19/11/2014 08:00:00,0.0
19/11/2014 08:15:00,0.0
19/11/2014 08:30:00,0.0
19/11/2014 08:45:00,0.0
19/11/2014 09:00:00,0.0
19/11/2014 09:15:00,0.0
19/11/2014 09:30:00,0.0
19/11/2014 09:45:00,0.0
19/11/2014 10:00:00,0.0
19/11/2014 10:15:00,0.0
19/11/2014 10:30:00,0.0
19/11/2014 10:45:00,0.0
19/11/2014 11:00:00,0.0
19/11/2014 11:15:00,0.0
19/11/2014 11:30:00,0.0
19/11/2014 11:45:00,0.0
19/11/2014 12:00:00,0.0
19/11/2014 12:15:00,0.0
19/11/2014 12:30:00,0.0
19/11/2014 12:45:00,0.0
19/11/2014 13:00:00,0.0
19/11/2014 13:15:00,0.0
19/11/2014 13:30:00,0.0
19/11/2014 13:45:00,0.0
19/11/2014 14:00:00,0.0
19/11/2014 14:15:00,0.0
19/11/2014 14:30:00,0.0
19/11/2014 14:45:00,0.0
19/11/2014 15:00:00,0.0
19/11/2014 15:15:00,0.0
19/11/2014 15:30:00,0.0
19/11/2014 15:45:00,0.0
19/11/2014 16:00:00,0.0
19/11/2014 16:15:00,0.0
19/11/2014 16:30:00,0.0
19/11/2014 16:45:00,0.0
19/11/2014 17:00:00,0.0
19/11/2014 17:15:00,0.0
19/11/2014 17:30:00,0.0
19/11/2014 17:45:00,0.0
19/11/2014 18:00:00,0.0
19/11/2014 18:15:00,0.0
19/11/2014 18:30:00,0.0
19/11/2014 18:45:00,0.0
19/11/2014 19:00:00,0.0
19/11/2014 19:15:00,0.0
19/11/2014 19:30:00,0.0
19/11/2014 19:45:00,0.0
19/11/2014 20:00:00,0.0
19/11/2014 20:15:00,0.0
19/11/2014 20:30:00,0.0
19/11/2014 20:45:00,0.0
19/11/2014 21:00:00,0.0
19/11/2014 21:15:00,0.0
19/11/2014 21:30:00,0.0
19/11/2014 21:45:00,0.0
19/11/2014 22:00:00,0.0
19/11/2014 22:15:00,0.0
19/11/2014 22:30:00,0.0
19/11/2014 22:45:00,0.0
19/11/2014 23:00:00,0.0
19/11/2014 23:15:00,0.0
19/11/2014 23:30:00,0.0
19/11/2014 23:45:00,0.0
20/11/2014 00:00:00,0.0
20/11/2014 00:15:00,0.0
20/11/2014 00:30:00,0.0
20/11/2014 00:45:00,0.0
20/11/2014 01:00:00,0.0
20/11/2014 01:15:00,0.0
20/11/2014 01:30:00,0.0
20/11/2014 01:45:00,0.0
20/11/2014 02:00:00,0.0
20/11/2014 02:15:00,0.0
20/11/2014 02:30:00,0.0
20/11/2014 02:45:00,0.0
20/11/2014 03:00:00,0.0
20/11/2014 03:15:00,0.0
20/11/2014 03:30:00,0.0
20/11/2014 03:45:00,0.0
20/11/2014 04:00:00,0.0
20/11/2014 04:15:00,0.0
20/11/2014 04:30:00,0.0
20/11/2014 04:45:00,0.0
20/11/2014 05:00:00,0.0
20/11/2014 05:15:00,0.0
20/11/2014 05:30:00,0.0
20/11/2014 05:45:00,0.0
20/11/2014 06:00:00,0.0
20/11/2014 06:15:00,0.0
20/11/2014 06:30:00,0.0
20/11/2014 06:45:00,0.0
20/11/2014 07:00:00,0.0
20/11/2014 07:15:00,0.0
20/11/2014 07:30:00,0.0
20/11/2014 07:45:00,0.0
20/11/2014 08:00:00,0.0
20/11/2014 08:15:00,0.0
20/11/2014 08:30:00,0.0
20/11/2014 08:45:00,0.0
20/11/2014 09:00:00,0.0
20/11/2014 09:15:00,0.0
20/11/2014 09:30:00,0.0
20/11/2014 09:45:00,0.0
20/11/2014 10:00:00,0.0
20/11/2014 10:15:00,0.0
20/11/2014 10:30:00,0.0
20/11/2014 10:45:00,0.0
20/11/2014 11:00:00,0.0
20/11/2014 11:15:00,0.0
20/11/2014 11:30:00,0.0
20/11/2014 11:45:00,0.0
20/11/2014 12:00:00,0.0
20/11/2014 12:15:00,0.0
20/11/2014 12:30:00,0.0
20/11/2014 12:45:00,0.0
20/11/2014 13:00:00,0.0
20/11/2014 13:15:00,0.0
20/11/2014 13:30:00,0.0
20/11/2014 13:45:00,0.0
20/11/2014 14:00:00,0.0
20/11/2014 14:15:00,0.0
20/11/2014 14:30:00,0.0
20/11/2014 14:45:00,0.0
20/11/2014 15:00:00,0.0
20/11/2014 15:15:00,0.0
20/11/2014 15:30:00,0.0
20/11/2014 15:45:00,0.0
20/11/2014 16:00:00,0.0
20/11/2014 16:15:00,0.0
20/11/2014 16:30:00,0.0
20/11/2014 16:45:00,0.0
20/11/2014 17:00:00,0.0
20/11/2014 17:15:00,0.0
20/11/2014 17:30:00,0.0
20/11/2014 17:45:00,0.0
20/11/2014 18:00:00,0.0
20/11/2014 18:15:00,0.0
20/11/2014 18:30:00,0.0
20/11/2014 18:45:00,0.0
20/11/2014 19:00:00,0.0
20/11/2014 19:15:00,0.0
20/11/2014 19:30:00,0.0
20/11/2014 19:45:00,0.0
20/11/2014 20:00:00,0.0
20/11/2014 20:15:00,0.0
20/11/2014 20:30:00,0.0
20/11/2014 20:45:00,0.0
20/11/2014 21:00:00,0.0
20/11/2014 21:15:00,0.0
20/11/2014 21:30:00,0.0
20/11/2014 21:45:00,0.0
20/11/2014 22:00:00,0.0
20/11/2014 22:15:00,0.0
20/11/2014 22:30:00,0.0
20/11/2014 22:45:00,0.0
20/11/2014 23:00:00,0.0
20/11/2014 23:15:00,0.0
20/11/2014 23:30:00,0.0
20/11/2014 23:45:00,0.0
21/11/2014 00:00:00,0.0
21/11/2014 00:15:00,0.0
21/11/2014 00:30:00,0.0
21/11/2014 00:45:00,0.0
21/11/2014 01:00:00,0.0
21/11/2014 01:15:00,0.0
21/11/2014 01:30:00,0.0
21/11/2014 01:45:00,0.0
21/11/2014 02:00:00,0.0
21/11/2014 02:15:00,0.0
21/11/2014 02:30:00,0.0
21/11/2014 02:45:00,0.0
21/11/2014 03:00:00,0.0
21/11/2014 03:15:00,0.0
21/11/2014 03:30:00,0.0
21/11/2014 03:45:00,0.0
21/11/2014 04:00:00,0.0
21/11/2014 04:15:00,0.0
21/11/2014 04:30:00,0.0
21/11/2014 04:45:00,0.0
21/11/2014 05:00:00,0.0
21/11/2014 05:15:00,0.0
21/11/2014 05:30:00,0.0
21/11/2014 05:45:00,0.0
21/11/2014 06:00:00,0.0
21/11/2014 06:15:00,0.0
21/11/2014 06:30:00,0.0
21/11/2014 06:45:00,0.0
21/11/2014 07:00:00,0.0
21/11/2014 07:15:00,0.0
21/11/2014 07:30:00,0.0
21/11/2014 07:45:00,0.0
21/11/2014 08:00:00,0.0
21/11/2014 08:15:00,0.0
21/11/2014 08:30:00,0.0
21/11/2014 08:45:00,0.0
21/11/2014 09:00:00,0.0
21/11/2014 09:15:00,0.0
21/11/2014 09:30:00,0.0
21/11/2014 09:45:00,0.0
21/11/2014 10:00:00,0.0
21/11/2014 10:15:00,0.0
21/11/2014 10:30:00,0.0
21/11/2014 10:45:00,0.0
21/11/2014 11:00:00,0.0
21/11/2014 11:15:00,0.0
21/11/2014 11:30:00,0.0
21/11/2014 11:45:00,0.0
21/11/2014 12:00:00,0.0
21/11/2014 12:15:00,0.0
21/11/2014 12:30:00,0.0
21/11/2014 12:45:00,0.0
21/11/2014 13:00:00,0.0
21/11/2014 13:15:00,0.0
21/11/2014 13:30:00,0.0
21/11/2014 13:45:00,0.0
21/11/2014 14:00:00,0.0
21/11/2014 14:15:00,0.0
21/11/2014 14:30:00,0.0
21/11/2014 14:45:00,0.0
21/11/2014 15:00:00,0.0
21/11/2014 15:15:00,0.0
21/11/2014 15:30:00,0.0
21/11/2014 15:45:00,0.0
21/11/2014 16:00:00,0.0
21/11/2014 16:15:00,0.0
21/11/2014 16:30:00,0.0
21/11/2014 16:45:00,0.0
21/11/2014 17:00:00,0.0
21/11/2014 17:15:00,0.0
21/11/2014 17:30:00,0.0
21/11/2014 17:45:00,0.0
21/11/2014 18:00:00,0.0
21/11/2014 18:15:00,0.0
21/11/2014 18:30:00,0.0
21/11/2014 18:45:00,0.0
21/11/2014 19:00:00,0.0
21/11/2014 19:15:00,0.0
21/11/2014 19:30:00,0.0
21/11/2014 19:45:00,0.0
21/11/2014 20:00:00,0.0
21/11/2014 20:15:00,0.0
21/11/2014 20:30:00,0.0
21/11/2014 20:45:00,0.0
21/11/2014 21:00:00,0.0
21/11/2014 21:15:00,0.0
21/11/2014 21:30:00,0.0
21/11/2014 21:45:00,0.0
21/11/2014 22:00:00,0.0
21/11/2014 22:15:00,0.0
21/11/2014 22:30:00,0.0
21/11/2014 22:45:00,0.0
21/11/2014 23:00:00,0.0
21/11/2014 23:15:00,0.0
21/11/2014 23:30:00,0.0
21/11/2014 23:45:00,0.0
22/11/2014 00:00:00,0.0
22/11/2014 00:15:00,0.0
22/11/2014 00:30:00,0.0
22/11/2014 00:45:00,0.0
22/11/2014 01:00:00,0.0
22/11/2014 01:15:00,0.0
22/11/2014 01:30:00,0.0
22/11/2014 01:45:00,0.0
22/11/2014 02:00:00,0.0
22/11/2014 02:15:00,0.0
22/11/2014 02:30:00,0.0
22/11/2014 02:45:00,0.0
22/11/2014 03:00:00,0.0
22/11/2014 03:15:00,0.0
22/11/2014 03:30:00,0.0
22/11/2014 03:45:00,0.0
22/11/2014 04:00:00,0.0
22/11/2014 04:15:00,0.0
22/11/2014 04:30:00,0.0
22/11/2014 04:45:00,0.0
22/11/2014 05:00:00,0.0
22/11/2014 05:15:00,0.0
22/11/2014 05:30:00,0.0
22/11/2014 05:45:00,0.0
22/11/2014 06:00:00,0.0
22/11/2014 06:15:00,0.0
22/11/2014 06:30:00,0.0
22/11/2014 06:45:00,0.0
22/11/2014 07:00:00,0.0
22/11/2014 07:15:00,0.0
22/11/2014 07:30:00,0.0
22/11/2014 07:45:00,0.0
22/11/2014 08:00:00,0.0
22/11/2014 08:15:00,0.0
22/11/2014 08:30:00,0.0
22/11/2014 08:45:00,0.0
22/11/2014 09:00:00,0.0
22/11/2014 09:15:00,0.0
22/11/2014 09:30:00,0.0
22/11/2014 09:45:00,0.0
22/11/2014 10:00:00,0.0
22/11/2014 10:15:00,0.0
22/11/2014 10:30:00,0.0
22/11/2014 10:45:00,0.0
22/11/2014 11:00:00,0.0
22/11/2014 11:15:00,0.0
22/11/2014 11:30:00,0.0
22/11/2014 11:45:00,0.0
22/11/2014 12:00:00,0.0
22/11/2014 12:15:00,0.0
22/11/2014 12:30:00,0.0
22/11/2014 12:45:00,0.0
22/11/2014 13:00:00,0.0
22/11/2014 13:15:00,0.0
22/11/2014 13:30:00,0.0
22/11/2014 13:45:00,0.0
22/11/2014 14:00:00,0.0
22/11/2014 14:15:00,0.0
22/11/2014 14:30:00,0.0
22/11/2014 14:45:00,0.0
22/11/2014 15:00:00,0.0
22/11/2014 15:15:00,0.0
22/11/2014 15:30:00,0.0
22/11/2014 15:45:00,0.0
22/11/2014 16:00:00,0.0
22/11/2014 16:15:00,0.0
22/11/2014 16:30:00,0.0
22/11/2014 16:45:00,0.0
22/11/2014 17:00:00,0.0
22/11/2014 17:15:00,0.0
22/11/2014 17:30:00,0.0
22/11/2014 17:45:00,0.0
22/11/2014 18:00:00,0.0
22/11/2014 18:15:00,0.0
22/11/2014 18:30:00,0.0
22/11/2014 18:45:00,0.0
22/11/2014 19:00:00,0.0
22/11/2014 19:15:00,0.0
22/11/2014 19:30:00,0.0
22/11/2014 19:45:00,0.0
22/11/2014 20:00:00,0.0
22/11/2014 20:15:00,0.0
22/11/2014 20:30:00,0.0
22/11/2014 20:45:00,0.0
22/11/2014 21:00:00,0.0
22/11/2014 21:15:00,0.0
22/11/2014 21:30:00,0.0
22/11/2014 21:45:00,0.0
22/11/2014 22:00:00,0.0
22/11/2014 22:15:00,0.0
22/11/2014 22:30:00,0.0
22/11/2014 22:45:00,0.0
22/11/2014 23:00:00,0.0
22/11/2014 23:15:00,0.0
22/11/2014 23:30:00,0.0
22/11/2014 23:45:00,0.0
23/11/2014 00:00:00,0.0
23/11/2014 00:15:00,0.0
23/11/2014 00:30:00,0.0
23/11/2014 00:45:00,0.0
23/11/2014 01:00:00,0.0
23/11/2014 01:15:00,0.0
23/11/2014 01:30:00,0.0
23/11/2014 01:45:00,0.0
23/11/2014 02:00:00,0.0
23/11/2014 02:15:00,0.0
23/11/2014 02:30:00,0.0
23/11/2014 02:45:00,0.0
23/11/2014 03:00:00,0.0
23/11/2014 03:15:00,0.0
23/11/2014 03:30:00,0.0
23/11/2014 03:45:00,0.0
23/11/2014 04:00:00,0.0
23/11/2014 04:15:00,0.0
23/11/2014 04:30:00,0.0
23/11/2014 04:45:00,0.0
23/11/2014 05:00:00,0.0
23/11/2014 05:15:00,0.0
23/11/2014 05:30:00,0.0
23/11/2014 05:45:00,0.0
23/11/2014 06:00:00,0.0
23/11/2014 06:15:00,0.0
23/11/2014 06:30:00,0.0
23/11/2014 06:45:00,0.0
23/11/2014 07:00:00,0.0
23/11/2014 07:15:00,0.0
23/11/2014 07:30:00,0.0
23/11/2014 07:45:00,0.0
23/11/2014 08:00:00,0.0
23/11/2014 08:15:00,0.0
23/11/2014 08:30:00,0.0
23/11/2014 08:45:00,0.0
23/11/2014 09:00:00,0.0
23/11/2014 09:15:00,0.0
23/11/2014 09:30:00,0.0
23/11/2014 09:45:00,0.0
23/11/2014 10:00:00,0.0
23/11/2014 10:15:00,0.0
23/11/2014 10:30:00,0.0
23/11/2014 10:45:00,0.0
23/11/2014 11:00:00,0.0
23/11/2014 11:15:00,0.0
23/11/2014 11:30:00,0.0
23/11/2014 11:45:00,0.0
23/11/2014 12:00:00,0.0
23/11/2014 12:15:00,0.0
23/11/2014 12:30:00,0.0
23/11/2014 12:45:00,0.0
23/11/2014 13:00:00,0.0
23/11/2014 13:15:00,0.0
23/11/2014 13:30:00,0.0
23/11/2014 13:45:00,0.0
23/11/2014 14:00:00,0.0
23/11/2014 14:15:00,0.0
23/11/2014 14:30:00,0.0
23/11/2014 14:45:00,0.0
23/11/2014 15:00:00,0.0
23/11/2014 15:15:00,0.0
23/11/2014 15:30:00,0.0
23/11/2014 15:45:00,0.0
23/11/2014 16:00:00,0.0
23/11/2014 16:15:00,0.0
23/11/2014 16:30:00,0.0
23/11/2014 16:45:00,0.0
23/11/2014 17:00:00,0.0
23/11/2014 17:15:00,0.0
23/11/2014 17:30:00,0.318733333333
23/11/2014 17:45:00,0.3392
23/11/2014 18:00:00,0.251666666667
23/11/2014 18:15:00,0.3252
23/11/2014 18:30:00,0.324466666667
23/11/2014 18:45:00,0.211333333333
23/11/2014 19:00:00,0.0
23/11/2014 19:15:00,0.0
23/11/2014 19:30:00,0.0
23/11/2014 19:45:00,0.0
23/11/2014 20:00:00,0.0
23/11/2014 20:15:00,0.0
23/11/2014 20:30:00,0.0
23/11/2014 20:45:00,0.0
23/11/2014 21:00:00,0.0
23/11/2014 21:15:00,0.0
23/11/2014 21:30:00,0.0
23/11/2014 21:45:00,0.0
23/11/2014 22:00:00,0.0
23/11/2014 22:15:00,0.0
23/11/2014 22:30:00,0.0
23/11/2014 22:45:00,0.0
23/11/2014 23:00:00,0.0
23/11/2014 23:15:00,0.0
23/11/2014 23:30:00,0.0
23/11/2014 23:45:00,0.0
24/11/2014 00:00:00,0.0
24/11/2014 00:15:00,0.0
24/11/2014 00:30:00,0.0
24/11/2014 00:45:00,0.0
24/11/2014 01:00:00,0.0
24/11/2014 01:15:00,0.0
24/11/2014 01:30:00,0.0
24/11/2014 01:45:00,0.0
24/11/2014 02:00:00,0.0
24/11/2014 02:15:00,0.0
24/11/2014 02:30:00,0.0
24/11/2014 02:45:00,0.0
24/11/2014 03:00:00,0.0
24/11/2014 03:15:00,0.0
24/11/2014 03:30:00,0.0
24/11/2014 03:45:00,0.0
24/11/2014 04:00:00,0.0
24/11/2014 04:15:00,0.0
24/11/2014 04:30:00,0.0
24/11/2014 04:45:00,0.0
24/11/2014 05:00:00,0.0
24/11/2014 05:15:00,0.0
24/11/2014 05:30:00,0.0
24/11/2014 05:45:00,0.0
24/11/2014 06:00:00,0.0
24/11/2014 06:15:00,0.0
24/11/2014 06:30:00,0.0
24/11/2014 06:45:00,0.0
24/11/2014 07:00:00,0.0
24/11/2014 07:15:00,0.0008
24/11/2014 07:30:00,0.339733333333
24/11/2014 07:45:00,0.3738
24/11/2014 08:00:00,0.17
24/11/2014 08:15:00,0.0
24/11/2014 08:30:00,0.0
24/11/2014 08:45:00,0.0
24/11/2014 09:00:00,0.0
24/11/2014 09:15:00,0.0
24/11/2014 09:30:00,0.0
24/11/2014 09:45:00,0.0
24/11/2014 10:00:00,0.0
24/11/2014 10:15:00,0.0
24/11/2014 10:30:00,0.0
24/11/2014 10:45:00,0.0
24/11/2014 11:00:00,0.0
24/11/2014 11:15:00,0.0
24/11/2014 11:30:00,0.0
24/11/2014 11:45:00,0.0
24/11/2014 12:00:00,0.0
24/11/2014 12:15:00,0.0
24/11/2014 12:30:00,0.0
24/11/2014 12:45:00,0.0
24/11/2014 13:00:00,0.0
24/11/2014 13:15:00,0.0
24/11/2014 13:30:00,0.0
24/11/2014 13:45:00,0.0
24/11/2014 14:00:00,0.0
24/11/2014 14:15:00,0.0
24/11/2014 14:30:00,0.0
24/11/2014 14:45:00,0.0
24/11/2014 15:00:00,0.0
24/11/2014 15:15:00,0.0
24/11/2014 15:30:00,0.0
24/11/2014 15:45:00,0.0
24/11/2014 16:00:00,0.0
24/11/2014 16:15:00,0.0
24/11/2014 16:30:00,0.0
24/11/2014 16:45:00,0.0
24/11/2014 17:00:00,0.0
24/11/2014 17:15:00,0.0
24/11/2014 17:30:00,0.0
24/11/2014 17:45:00,0.0
24/11/2014 18:00:00,0.0
24/11/2014 18:15:00,0.0
24/11/2014 18:30:00,0.0
24/11/2014 18:45:00,0.0
24/11/2014 19:00:00,0.0
24/11/2014 19:15:00,0.0
24/11/2014 19:30:00,0.0
24/11/2014 19:45:00,0.0
24/11/2014 20:00:00,0.0
24/11/2014 20:15:00,0.0
24/11/2014 20:30:00,0.0
24/11/2014 20:45:00,0.0
24/11/2014 21:00:00,0.0
24/11/2014 21:15:00,0.0
24/11/2014 21:30:00,0.0
24/11/2014 21:45:00,0.0
24/11/2014 22:00:00,0.0
24/11/2014 22:15:00,0.0
24/11/2014 22:30:00,0.0
24/11/2014 22:45:00,0.0
24/11/2014 23:00:00,0.0
24/11/2014 23:15:00,0.0
24/11/2014 23:30:00,0.0
24/11/2014 23:45:00,0.0
25/11/2014 00:00:00,0.0
25/11/2014 00:15:00,0.0
25/11/2014 00:30:00,0.0
25/11/2014 00:45:00,0.0
25/11/2014 01:00:00,0.0
25/11/2014 01:15:00,0.0
25/11/2014 01:30:00,0.0
25/11/2014 01:45:00,0.0
25/11/2014 02:00:00,0.0
25/11/2014 02:15:00,0.0
25/11/2014 02:30:00,0.0
25/11/2014 02:45:00,0.0
25/11/2014 03:00:00,0.0
25/11/2014 03:15:00,0.0
25/11/2014 03:30:00,0.0
25/11/2014 03:45:00,0.0
25/11/2014 04:00:00,0.0
25/11/2014 04:15:00,0.0
25/11/2014 04:30:00,0.0
25/11/2014 04:45:00,0.0
25/11/2014 05:00:00,0.0
25/11/2014 05:15:00,0.0
25/11/2014 05:30:00,0.0
25/11/2014 05:45:00,0.0
25/11/2014 06:00:00,0.0
25/11/2014 06:15:00,0.0
25/11/2014 06:30:00,0.0
25/11/2014 06:45:00,0.0
25/11/2014 07:00:00,0.0
25/11/2014 07:15:00,0.0
25/11/2014 07:30:00,0.0
25/11/2014 07:45:00,0.0
25/11/2014 08:00:00,0.0
25/11/2014 08:15:00,0.0
25/11/2014 08:30:00,0.0
25/11/2014 08:45:00,0.0
25/11/2014 09:00:00,0.0
25/11/2014 09:15:00,0.0
25/11/2014 09:30:00,0.0
25/11/2014 09:45:00,0.0
25/11/2014 10:00:00,0.0
25/11/2014 10:15:00,0.0
25/11/2014 10:30:00,0.0
25/11/2014 10:45:00,0.0
25/11/2014 11:00:00,0.0
25/11/2014 11:15:00,0.0
25/11/2014 11:30:00,0.0
25/11/2014 11:45:00,0.0
25/11/2014 12:00:00,0.0
25/11/2014 12:15:00,0.0
25/11/2014 12:30:00,0.0
25/11/2014 12:45:00,0.0
25/11/2014 13:00:00,0.0
25/11/2014 13:15:00,0.0
25/11/2014 13:30:00,0.0
25/11/2014 13:45:00,0.0
25/11/2014 14:00:00,0.0
25/11/2014 14:15:00,0.0
25/11/2014 14:30:00,0.0
25/11/2014 14:45:00,0.0
25/11/2014 15:00:00,0.0
25/11/2014 15:15:00,0.0
25/11/2014 15:30:00,0.0
25/11/2014 15:45:00,0.0
25/11/2014 16:00:00,0.0
25/11/2014 16:15:00,0.0
25/11/2014 16:30:00,0.0
25/11/2014 16:45:00,0.0
25/11/2014 17:00:00,0.0
25/11/2014 17:15:00,0.0
25/11/2014 17:30:00,0.0
25/11/2014 17:45:00,0.0
25/11/2014 18:00:00,0.0
25/11/2014 18:15:00,0.0
25/11/2014 18:30:00,0.0
25/11/2014 18:45:00,0.0
25/11/2014 19:00:00,0.0
25/11/2014 19:15:00,0.0
25/11/2014 19:30:00,0.0
25/11/2014 19:45:00,0.0
25/11/2014 20:00:00,0.0
25/11/2014 20:15:00,0.0
25/11/2014 20:30:00,0.0
25/11/2014 20:45:00,0.0
25/11/2014 21:00:00,0.0
25/11/2014 21:15:00,0.0
25/11/2014 21:30:00,0.0
25/11/2014 21:45:00,0.0
25/11/2014 22:00:00,0.0
25/11/2014 22:15:00,0.0
25/11/2014 22:30:00,0.0
25/11/2014 22:45:00,0.0
25/11/2014 23:00:00,0.0
25/11/2014 23:15:00,0.0
25/11/2014 23:30:00,0.0
25/11/2014 23:45:00,0.0
26/11/2014 00:00:00,0.0
26/11/2014 00:15:00,0.0
26/11/2014 00:30:00,0.0
26/11/2014 00:45:00,0.0
26/11/2014 01:00:00,0.0
26/11/2014 01:15:00,0.0
26/11/2014 01:30:00,0.0
26/11/2014 01:45:00,0.0
26/11/2014 02:00:00,0.0
26/11/2014 02:15:00,0.0
26/11/2014 02:30:00,0.0
26/11/2014 02:45:00,0.0
26/11/2014 03:00:00,0.0
26/11/2014 03:15:00,0.0
26/11/2014 03:30:00,0.0
26/11/2014 03:45:00,0.0
26/11/2014 04:00:00,0.0
26/11/2014 04:15:00,0.0
26/11/2014 04:30:00,0.0
26/11/2014 04:45:00,0.0
26/11/2014 05:00:00,0.0
26/11/2014 05:15:00,0.0
26/11/2014 05:30:00,0.0
26/11/2014 05:45:00,0.0
26/11/2014 06:00:00,0.0
26/11/2014 06:15:00,0.0
26/11/2014 06:30:00,0.0
26/11/2014 06:45:00,0.0
26/11/2014 07:00:00,0.0
26/11/2014 07:15:00,0.0
26/11/2014 07:30:00,0.0
26/11/2014 07:45:00,0.0
26/11/2014 08:00:00,0.0
26/11/2014 08:15:00,0.0
26/11/2014 08:30:00,0.0
26/11/2014 08:45:00,0.0
26/11/2014 09:00:00,0.0
26/11/2014 09:15:00,0.0
26/11/2014 09:30:00,0.0
26/11/2014 09:45:00,0.0
26/11/2014 10:00:00,0.0
26/11/2014 10:15:00,0.0
26/11/2014 10:30:00,0.0
26/11/2014 10:45:00,0.0
26/11/2014 11:00:00,0.0
26/11/2014 11:15:00,0.0
26/11/2014 11:30:00,0.0
26/11/2014 11:45:00,0.0
26/11/2014 12:00:00,0.0
26/11/2014 12:15:00,0.0
26/11/2014 12:30:00,0.0
26/11/2014 12:45:00,0.0
26/11/2014 13:00:00,0.0
26/11/2014 13:15:00,0.0
26/11/2014 13:30:00,0.0
26/11/2014 13:45:00,0.0
26/11/2014 14:00:00,0.0
26/11/2014 14:15:00,0.0
26/11/2014 14:30:00,0.0
26/11/2014 14:45:00,0.0
26/11/2014 15:00:00,0.0
26/11/2014 15:15:00,0.0
26/11/2014 15:30:00,0.0
26/11/2014 15:45:00,0.0
26/11/2014 16:00:00,0.0
26/11/2014 16:15:00,0.0
26/11/2014 16:30:00,0.0
26/11/2014 16:45:00,0.0
26/11/2014 17:00:00,0.0
26/11/2014 17:15:00,0.0
26/11/2014 17:30:00,0.0
26/11/2014 17:45:00,0.0
26/11/2014 18:00:00,0.0
26/11/2014 18:15:00,0.0
26/11/2014 18:30:00,0.0
26/11/2014 18:45:00,0.0
26/11/2014 19:00:00,0.0
26/11/2014 19:15:00,0.0
26/11/2014 19:30:00,0.0
26/11/2014 19:45:00,0.0
26/11/2014 20:00:00,0.0
26/11/2014 20:15:00,0.0
26/11/2014 20:30:00,0.0
26/11/2014 20:45:00,0.0
26/11/2014 21:00:00,0.0
26/11/2014 21:15:00,0.0
26/11/2014 21:30:00,0.0
26/11/2014 21:45:00,0.0
26/11/2014 22:00:00,0.0
26/11/2014 22:15:00,0.0
26/11/2014 22:30:00,0.0
26/11/2014 22:45:00,0.0
26/11/2014 23:00:00,0.0
26/11/2014 23:15:00,0.0
26/11/2014 23:30:00,0.0
26/11/2014 23:45:00,0.0
27/11/2014 00:00:00,0.0
27/11/2014 00:15:00,0.0
27/11/2014 00:30:00,0.0
27/11/2014 00:45:00,0.0
27/11/2014 01:00:00,0.0
27/11/2014 01:15:00,0.0
27/11/2014 01:30:00,0.0
27/11/2014 01:45:00,0.0
27/11/2014 02:00:00,0.0
27/11/2014 02:15:00,0.0
27/11/2014 02:30:00,0.0
27/11/2014 02:45:00,0.0
27/11/2014 03:00:00,0.0
27/11/2014 03:15:00,0.0
27/11/2014 03:30:00,0.0
27/11/2014 03:45:00,0.0
27/11/2014 04:00:00,0.0
27/11/2014 04:15:00,0.0
27/11/2014 04:30:00,0.0
27/11/2014 04:45:00,0.0
27/11/2014 05:00:00,0.0
27/11/2014 05:15:00,0.0
27/11/2014 05:30:00,0.0
27/11/2014 05:45:00,0.0
27/11/2014 06:00:00,0.0
27/11/2014 06:15:00,0.0
27/11/2014 06:30:00,0.0
27/11/2014 06:45:00,0.0
27/11/2014 07:00:00,0.0
27/11/2014 07:15:00,0.0
27/11/2014 07:30:00,0.0
27/11/2014 07:45:00,0.0
27/11/2014 08:00:00,0.0
27/11/2014 08:15:00,0.0
27/11/2014 08:30:00,0.0
27/11/2014 08:45:00,0.0
27/11/2014 09:00:00,0.0
27/11/2014 09:15:00,0.0
27/11/2014 09:30:00,0.0
27/11/2014 09:45:00,0.0
27/11/2014 10:00:00,0.0
27/11/2014 10:15:00,0.0
27/11/2014 10:30:00,0.0
27/11/2014 10:45:00,0.0552666666667
27/11/2014 11:00:00,0.436533333333
27/11/2014 11:15:00,0.405
27/11/2014 11:30:00,0.169266666667
27/11/2014 11:45:00,0.362733333333
27/11/2014 12:00:00,0.2178
27/11/2014 12:15:00,0.0
27/11/2014 12:30:00,0.0
27/11/2014 12:45:00,0.0
27/11/2014 13:00:00,0.0
27/11/2014 13:15:00,0.0
27/11/2014 13:30:00,0.0
27/11/2014 13:45:00,0.0
27/11/2014 14:00:00,0.0
27/11/2014 14:15:00,0.0
27/11/2014 14:30:00,0.0
27/11/2014 14:45:00,0.0
27/11/2014 15:00:00,0.0
27/11/2014 15:15:00,0.0
27/11/2014 15:30:00,0.0
27/11/2014 15:45:00,0.0
27/11/2014 16:00:00,0.0
27/11/2014 16:15:00,0.0
27/11/2014 16:30:00,0.0
27/11/2014 16:45:00,0.0
27/11/2014 17:00:00,0.0
27/11/2014 17:15:00,0.0
27/11/2014 17:30:00,0.0
27/11/2014 17:45:00,0.0
27/11/2014 18:00:00,0.0
27/11/2014 18:15:00,0.0
27/11/2014 18:30:00,0.0
27/11/2014 18:45:00,0.0
27/11/2014 19:00:00,0.0
27/11/2014 19:15:00,0.0
27/11/2014 19:30:00,0.0
27/11/2014 19:45:00,0.0
27/11/2014 20:00:00,0.0
27/11/2014 20:15:00,0.0
27/11/2014 20:30:00,0.0
27/11/2014 20:45:00,0.0
27/11/2014 21:00:00,0.0
27/11/2014 21:15:00,0.0
27/11/2014 21:30:00,0.0
27/11/2014 21:45:00,0.0
27/11/2014 22:00:00,0.0
27/11/2014 22:15:00,0.0
27/11/2014 22:30:00,0.0
27/11/2014 22:45:00,0.0
27/11/2014 23:00:00,0.0
27/11/2014 23:15:00,0.0
27/11/2014 23:30:00,0.0
27/11/2014 23:45:00,0.0
28/11/2014 00:00:00,0.0
28/11/2014 00:15:00,0.0
28/11/2014 00:30:00,0.0
28/11/2014 00:45:00,0.0
28/11/2014 01:00:00,0.0
28/11/2014 01:15:00,0.0
28/11/2014 01:30:00,0.0
28/11/2014 01:45:00,0.0
28/11/2014 02:00:00,0.0
28/11/2014 02:15:00,0.0
28/11/2014 02:30:00,0.0
28/11/2014 02:45:00,0.0
28/11/2014 03:00:00,0.0
28/11/2014 03:15:00,0.0
28/11/2014 03:30:00,0.0
28/11/2014 03:45:00,0.0
28/11/2014 04:00:00,0.0
28/11/2014 04:15:00,0.0
28/11/2014 04:30:00,0.0
28/11/2014 04:45:00,0.0
28/11/2014 05:00:00,0.0
28/11/2014 05:15:00,0.0
28/11/2014 05:30:00,0.0
28/11/2014 05:45:00,0.0
28/11/2014 06:00:00,0.0
28/11/2014 06:15:00,0.0
28/11/2014 06:30:00,0.0
28/11/2014 06:45:00,0.0
28/11/2014 07:00:00,0.0
28/11/2014 07:15:00,0.0
28/11/2014 07:30:00,0.0
28/11/2014 07:45:00,0.0
28/11/2014 08:00:00,0.0
28/11/2014 08:15:00,0.0
28/11/2014 08:30:00,0.0
28/11/2014 08:45:00,0.0
28/11/2014 09:00:00,0.0
28/11/2014 09:15:00,0.0
28/11/2014 09:30:00,0.0
28/11/2014 09:45:00,0.0
28/11/2014 10:00:00,0.0
28/11/2014 10:15:00,0.0
28/11/2014 10:30:00,0.0
28/11/2014 10:45:00,0.0
28/11/2014 11:00:00,0.0
28/11/2014 11:15:00,0.0
28/11/2014 11:30:00,0.0
28/11/2014 11:45:00,0.0
28/11/2014 12:00:00,0.0
28/11/2014 12:15:00,0.0
28/11/2014 12:30:00,0.0
28/11/2014 12:45:00,0.0
28/11/2014 13:00:00,0.0
28/11/2014 13:15:00,0.0
28/11/2014 13:30:00,0.0
28/11/2014 13:45:00,0.0
28/11/2014 14:00:00,0.0
28/11/2014 14:15:00,0.0
28/11/2014 14:30:00,0.0
28/11/2014 14:45:00,0.0
28/11/2014 15:00:00,0.0
28/11/2014 15:15:00,0.0
28/11/2014 15:30:00,0.0
28/11/2014 15:45:00,0.0
28/11/2014 16:00:00,0.0
28/11/2014 16:15:00,0.0
28/11/2014 16:30:00,0.0
28/11/2014 16:45:00,0.0
28/11/2014 17:00:00,0.0
28/11/2014 17:15:00,0.0
28/11/2014 17:30:00,0.0
28/11/2014 17:45:00,0.0
28/11/2014 18:00:00,0.0
28/11/2014 18:15:00,0.0
28/11/2014 18:30:00,0.0
28/11/2014 18:45:00,0.0
28/11/2014 19:00:00,0.0
28/11/2014 19:15:00,0.0
28/11/2014 19:30:00,0.0
28/11/2014 19:45:00,0.0
28/11/2014 20:00:00,0.0
28/11/2014 20:15:00,0.0
28/11/2014 20:30:00,0.0
28/11/2014 20:45:00,0.0
28/11/2014 21:00:00,0.0
28/11/2014 21:15:00,0.0
28/11/2014 21:30:00,0.0
28/11/2014 21:45:00,0.0
28/11/2014 22:00:00,0.0
28/11/2014 22:15:00,0.0
28/11/2014 22:30:00,0.0
28/11/2014 22:45:00,0.0
28/11/2014 23:00:00,0.0
28/11/2014 23:15:00,0.0
28/11/2014 23:30:00,0.0
28/11/2014 23:45:00,0.0
29/11/2014 00:00:00,0.0
29/11/2014 00:15:00,0.0
29/11/2014 00:30:00,0.0
29/11/2014 00:45:00,0.0
29/11/2014 01:00:00,0.0
29/11/2014 01:15:00,0.0
29/11/2014 01:30:00,0.0
29/11/2014 01:45:00,0.0
29/11/2014 02:00:00,0.0
29/11/2014 02:15:00,0.0
29/11/2014 02:30:00,0.0
29/11/2014 02:45:00,0.0
29/11/2014 03:00:00,0.0
29/11/2014 03:15:00,0.0
29/11/2014 03:30:00,0.0
29/11/2014 03:45:00,0.0
29/11/2014 04:00:00,0.0
29/11/2014 04:15:00,0.0
29/11/2014 04:30:00,0.0
29/11/2014 04:45:00,0.0
29/11/2014 05:00:00,0.0
29/11/2014 05:15:00,0.0
29/11/2014 05:30:00,0.0
29/11/2014 05:45:00,0.0
29/11/2014 06:00:00,0.0
29/11/2014 06:15:00,0.0
29/11/2014 06:30:00,0.0
29/11/2014 06:45:00,0.0
29/11/2014 07:00:00,0.0
29/11/2014 07:15:00,0.0
29/11/2014 07:30:00,0.0
29/11/2014 07:45:00,0.0
29/11/2014 08:00:00,0.0
29/11/2014 08:15:00,0.0
29/11/2014 08:30:00,0.0
29/11/2014 08:45:00,0.0
29/11/2014 09:00:00,0.0
29/11/2014 09:15:00,0.0
29/11/2014 09:30:00,0.0
29/11/2014 09:45:00,0.0
29/11/2014 10:00:00,0.0
29/11/2014 10:15:00,0.0
29/11/2014 10:30:00,0.0
29/11/2014 10:45:00,0.0
29/11/2014 11:00:00,0.0
29/11/2014 11:15:00,0.0
29/11/2014 11:30:00,0.0
29/11/2014 11:45:00,0.0
29/11/2014 12:00:00,0.0
29/11/2014 12:15:00,0.0
29/11/2014 12:30:00,0.0
29/11/2014 12:45:00,0.0
29/11/2014 13:00:00,0.0
29/11/2014 13:15:00,0.0
29/11/2014 13:30:00,0.0
29/11/2014 13:45:00,0.0
29/11/2014 14:00:00,0.0
29/11/2014 14:15:00,0.0
29/11/2014 14:30:00,0.0
29/11/2014 14:45:00,0.0
29/11/2014 15:00:00,0.0
29/11/2014 15:15:00,0.0
29/11/2014 15:30:00,0.0
29/11/2014 15:45:00,0.0
29/11/2014 16:00:00,0.0
29/11/2014 16:15:00,0.0
29/11/2014 16:30:00,0.0
29/11/2014 16:45:00,0.0
29/11/2014 17:00:00,0.0
29/11/2014 17:15:00,0.0
29/11/2014 17:30:00,0.0
29/11/2014 17:45:00,0.0
29/11/2014 18:00:00,0.0
29/11/2014 18:15:00,0.0
29/11/2014 18:30:00,0.0
29/11/2014 18:45:00,0.0
29/11/2014 19:00:00,0.0
29/11/2014 19:15:00,0.0
29/11/2014 19:30:00,0.0
29/11/2014 19:45:00,0.0
29/11/2014 20:00:00,0.0
29/11/2014 20:15:00,0.0
29/11/2014 20:30:00,0.0
29/11/2014 20:45:00,0.0
29/11/2014 21:00:00,0.0
29/11/2014 21:15:00,0.0
29/11/2014 21:30:00,0.0
29/11/2014 21:45:00,0.0
29/11/2014 22:00:00,0.0
29/11/2014 22:15:00,0.0
29/11/2014 22:30:00,0.0
29/11/2014 22:45:00,0.0
29/11/2014 23:00:00,0.0
29/11/2014 23:15:00,0.0
29/11/2014 23:30:00,0.0
29/11/2014 23:45:00,0.0
30/11/2014 00:00:00,0.0
30/11/2014 00:15:00,0.0
30/11/2014 00:30:00,0.0
30/11/2014 00:45:00,0.0
30/11/2014 01:00:00,0.0
30/11/2014 01:15:00,0.0
30/11/2014 01:30:00,0.0
30/11/2014 01:45:00,0.0
30/11/2014 02:00:00,0.0
30/11/2014 02:15:00,0.0
30/11/2014 02:30:00,0.0
30/11/2014 02:45:00,0.0
30/11/2014 03:00:00,0.0
30/11/2014 03:15:00,0.0
30/11/2014 03:30:00,0.0
30/11/2014 03:45:00,0.0
30/11/2014 04:00:00,0.0
30/11/2014 04:15:00,0.0
30/11/2014 04:30:00,0.0
30/11/2014 04:45:00,0.0
30/11/2014 05:00:00,0.0
30/11/2014 05:15:00,0.0
30/11/2014 05:30:00,0.0
30/11/2014 05:45:00,0.0
30/11/2014 06:00:00,0.0
30/11/2014 06:15:00,0.0
30/11/2014 06:30:00,0.0
30/11/2014 06:45:00,0.0
30/11/2014 07:00:00,0.0
30/11/2014 07:15:00,0.0
30/11/2014 07:30:00,0.0
30/11/2014 07:45:00,0.0
30/11/2014 08:00:00,0.0
30/11/2014 08:15:00,0.0
30/11/2014 08:30:00,0.0
30/11/2014 08:45:00,0.0
30/11/2014 09:00:00,0.0
30/11/2014 09:15:00,0.0
30/11/2014 09:30:00,0.0
30/11/2014 09:45:00,0.0
30/11/2014 10:00:00,0.0
30/11/2014 10:15:00,0.0
30/11/2014 10:30:00,0.0
30/11/2014 10:45:00,0.0
30/11/2014 11:00:00,0.0
30/11/2014 11:15:00,0.0
30/11/2014 11:30:00,0.0
30/11/2014 11:45:00,0.0
30/11/2014 12:00:00,0.0
30/11/2014 12:15:00,0.0
30/11/2014 12:30:00,0.0
30/11/2014 12:45:00,0.0
30/11/2014 13:00:00,0.0
30/11/2014 13:15:00,0.0
30/11/2014 13:30:00,0.0
30/11/2014 13:45:00,0.0
30/11/2014 14:00:00,0.0
30/11/2014 14:15:00,0.0
30/11/2014 14:30:00,0.0
30/11/2014 14:45:00,0.0
30/11/2014 15:00:00,0.0
30/11/2014 15:15:00,0.0
30/11/2014 15:30:00,0.0
30/11/2014 15:45:00,0.0
30/11/2014 16:00:00,0.0
30/11/2014 16:15:00,0.0
30/11/2014 16:30:00,0.0
30/11/2014 16:45:00,0.0
30/11/2014 17:00:00,0.0
30/11/2014 17:15:00,0.0
30/11/2014 17:30:00,0.0
30/11/2014 17:45:00,0.0
30/11/2014 18:00:00,0.0
30/11/2014 18:15:00,0.0
30/11/2014 18:30:00,0.0
30/11/2014 18:45:00,0.0
30/11/2014 19:00:00,0.0
30/11/2014 19:15:00,0.0
30/11/2014 19:30:00,0.0
30/11/2014 19:45:00,0.0
30/11/2014 20:00:00,0.0
30/11/2014 20:15:00,0.0
30/11/2014 20:30:00,0.0
30/11/2014 20:45:00,0.0
30/11/2014 21:00:00,0.0
30/11/2014 21:15:00,0.0
30/11/2014 21:30:00,0.0
30/11/2014 21:45:00,0.0
30/11/2014 22:00:00,0.0
30/11/2014 22:15:00,0.0
30/11/2014 22:30:00,0.0
30/11/2014 22:45:00,0.0
30/11/2014 23:00:00,0.0
30/11/2014 23:15:00,0.0
30/11/2014 23:30:00,0.0
30/11/2014 23:45:00,0.0
01/12/2014 00:00:00,0.0
01/12/2014 00:15:00,0.0
01/12/2014 00:30:00,0.0
01/12/2014 00:45:00,0.0
01/12/2014 01:00:00,0.0
01/12/2014 01:15:00,0.0
01/12/2014 01:30:00,0.0
01/12/2014 01:45:00,0.0
01/12/2014 02:00:00,0.0
01/12/2014 02:15:00,0.0
01/12/2014 02:30:00,0.0
01/12/2014 02:45:00,0.0
01/12/2014 03:00:00,0.0
01/12/2014 03:15:00,0.0
01/12/2014 03:30:00,0.0
01/12/2014 03:45:00,0.0
01/12/2014 04:00:00,0.0
01/12/2014 04:15:00,0.0
01/12/2014 04:30:00,0.0
01/12/2014 04:45:00,0.0
01/12/2014 05:00:00,0.0
01/12/2014 05:15:00,0.0
01/12/2014 05:30:00,0.0
01/12/2014 05:45:00,0.0
01/12/2014 06:00:00,0.0
01/12/2014 06:15:00,0.0
01/12/2014 06:30:00,0.0
01/12/2014 06:45:00,0.0
01/12/2014 07:00:00,0.0
01/12/2014 07:15:00,0.0
01/12/2014 07:30:00,0.0
01/12/2014 07:45:00,0.0
01/12/2014 08:00:00,0.0
01/12/2014 08:15:00,0.0
01/12/2014 08:30:00,0.0
01/12/2014 08:45:00,0.0
01/12/2014 09:00:00,0.0
01/12/2014 09:15:00,0.0
01/12/2014 09:30:00,0.0
01/12/2014 09:45:00,0.0
01/12/2014 10:00:00,0.0
01/12/2014 10:15:00,0.0
01/12/2014 10:30:00,0.0
01/12/2014 10:45:00,0.0
01/12/2014 11:00:00,0.0
01/12/2014 11:15:00,0.0
01/12/2014 11:30:00,0.0
01/12/2014 11:45:00,0.0
01/12/2014 12:00:00,0.0
01/12/2014 12:15:00,0.0
01/12/2014 12:30:00,0.0
01/12/2014 12:45:00,0.0
01/12/2014 13:00:00,0.0
01/12/2014 13:15:00,0.0
01/12/2014 13:30:00,0.0
01/12/2014 13:45:00,0.0
01/12/2014 14:00:00,0.0
01/12/2014 14:15:00,0.0
01/12/2014 14:30:00,0.0
01/12/2014 14:45:00,0.0
01/12/2014 15:00:00,0.0
01/12/2014 15:15:00,0.0
01/12/2014 15:30:00,0.0
01/12/2014 15:45:00,0.0
01/12/2014 16:00:00,0.0
01/12/2014 16:15:00,0.0
01/12/2014 16:30:00,0.0
01/12/2014 16:45:00,0.0
01/12/2014 17:00:00,0.0
01/12/2014 17:15:00,0.0
01/12/2014 17:30:00,0.0
01/12/2014 17:45:00,0.0
01/12/2014 18:00:00,0.0
01/12/2014 18:15:00,0.0
01/12/2014 18:30:00,0.0
01/12/2014 18:45:00,0.0
01/12/2014 19:00:00,0.0
01/12/2014 19:15:00,0.0
01/12/2014 19:30:00,0.0
01/12/2014 19:45:00,0.0
01/12/2014 20:00:00,0.0
01/12/2014 20:15:00,0.0
01/12/2014 20:30:00,0.0
01/12/2014 20:45:00,0.0
01/12/2014 21:00:00,0.0
01/12/2014 21:15:00,0.0
01/12/2014 21:30:00,0.0
01/12/2014 21:45:00,0.0
01/12/2014 22:00:00,0.0
01/12/2014 22:15:00,0.0
01/12/2014 22:30:00,0.0
01/12/2014 22:45:00,0.0
01/12/2014 23:00:00,0.0
01/12/2014 23:15:00,0.0
01/12/2014 23:30:00,0.0
01/12/2014 23:45:00,0.0
02/12/2014 00:00:00,0.0
02/12/2014 00:15:00,0.0
02/12/2014 00:30:00,0.0
02/12/2014 00:45:00,0.0
02/12/2014 01:00:00,0.0
02/12/2014 01:15:00,0.0
02/12/2014 01:30:00,0.0
02/12/2014 01:45:00,0.0
02/12/2014 02:00:00,0.0
02/12/2014 02:15:00,0.0
02/12/2014 02:30:00,0.0
02/12/2014 02:45:00,0.0
02/12/2014 03:00:00,0.0
02/12/2014 03:15:00,0.0
02/12/2014 03:30:00,0.0
02/12/2014 03:45:00,0.0
02/12/2014 04:00:00,0.0
02/12/2014 04:15:00,0.0
02/12/2014 04:30:00,0.0
02/12/2014 04:45:00,0.0
02/12/2014 05:00:00,0.0
02/12/2014 05:15:00,0.0
02/12/2014 05:30:00,0.0
02/12/2014 05:45:00,0.0
02/12/2014 06:00:00,0.0
02/12/2014 06:15:00,0.0
02/12/2014 06:30:00,0.0
02/12/2014 06:45:00,0.0
02/12/2014 07:00:00,0.0
02/12/2014 07:15:00,0.0833333333333
02/12/2014 07:30:00,0.422666666667
02/12/2014 07:45:00,0.432133333333
02/12/2014 08:00:00,0.0
02/12/2014 08:15:00,0.0
02/12/2014 08:30:00,0.0
02/12/2014 08:45:00,0.0
02/12/2014 09:00:00,0.0
02/12/2014 09:15:00,0.0
02/12/2014 09:30:00,0.0
02/12/2014 09:45:00,0.0
02/12/2014 10:00:00,0.0
02/12/2014 10:15:00,0.0
02/12/2014 10:30:00,0.0
02/12/2014 10:45:00,0.0
02/12/2014 11:00:00,0.0
02/12/2014 11:15:00,0.0
02/12/2014 11:30:00,0.0
02/12/2014 11:45:00,0.0
02/12/2014 12:00:00,0.0
02/12/2014 12:15:00,0.0
02/12/2014 12:30:00,0.0
02/12/2014 12:45:00,0.0
02/12/2014 13:00:00,0.0
02/12/2014 13:15:00,0.0
02/12/2014 13:30:00,0.0
02/12/2014 13:45:00,0.0
02/12/2014 14:00:00,0.0
02/12/2014 14:15:00,0.0
02/12/2014 14:30:00,0.0
02/12/2014 14:45:00,0.0
02/12/2014 15:00:00,0.0
02/12/2014 15:15:00,0.0
02/12/2014 15:30:00,0.0
02/12/2014 15:45:00,0.0
02/12/2014 16:00:00,0.0
02/12/2014 16:15:00,0.0
02/12/2014 16:30:00,0.0
02/12/2014 16:45:00,0.0
02/12/2014 17:00:00,0.0
02/12/2014 17:15:00,0.0
02/12/2014 17:30:00,0.0
02/12/2014 17:45:00,0.0
02/12/2014 18:00:00,0.0
02/12/2014 18:15:00,0.0
02/12/2014 18:30:00,0.0
02/12/2014 18:45:00,0.0
02/12/2014 19:00:00,0.0
02/12/2014 19:15:00,0.0
02/12/2014 19:30:00,0.0
02/12/2014 19:45:00,0.0
02/12/2014 20:00:00,0.0
02/12/2014 20:15:00,0.0
02/12/2014 20:30:00,0.0
02/12/2014 20:45:00,0.0
02/12/2014 21:00:00,0.0
02/12/2014 21:15:00,0.0
02/12/2014 21:30:00,0.0
02/12/2014 21:45:00,0.0
02/12/2014 22:00:00,0.0
02/12/2014 22:15:00,0.0
02/12/2014 22:30:00,0.0
02/12/2014 22:45:00,0.0
02/12/2014 23:00:00,0.0
02/12/2014 23:15:00,0.0
02/12/2014 23:30:00,0.0
02/12/2014 23:45:00,0.0
03/12/2014 00:00:00,0.0
03/12/2014 00:15:00,0.0
03/12/2014 00:30:00,0.0
03/12/2014 00:45:00,0.0
03/12/2014 01:00:00,0.0
03/12/2014 01:15:00,0.0
03/12/2014 01:30:00,0.0
03/12/2014 01:45:00,0.0
03/12/2014 02:00:00,0.0
03/12/2014 02:15:00,0.0
03/12/2014 02:30:00,0.0
03/12/2014 02:45:00,0.0
03/12/2014 03:00:00,0.0
03/12/2014 03:15:00,0.0
03/12/2014 03:30:00,0.0
03/12/2014 03:45:00,0.0
03/12/2014 04:00:00,0.0
03/12/2014 04:15:00,0.0
03/12/2014 04:30:00,0.0
03/12/2014 04:45:00,0.0
03/12/2014 05:00:00,0.0
03/12/2014 05:15:00,0.0
03/12/2014 05:30:00,0.0
03/12/2014 05:45:00,0.0
03/12/2014 06:00:00,0.0
03/12/2014 06:15:00,0.0
03/12/2014 06:30:00,0.0
03/12/2014 06:45:00,0.0
03/12/2014 07:00:00,0.0
03/12/2014 07:15:00,0.0
03/12/2014 07:30:00,0.0
03/12/2014 07:45:00,0.0
03/12/2014 08:00:00,0.0
03/12/2014 08:15:00,0.0
03/12/2014 08:30:00,0.0
03/12/2014 08:45:00,0.0
03/12/2014 09:00:00,0.0
03/12/2014 09:15:00,0.0
03/12/2014 09:30:00,0.0
03/12/2014 09:45:00,0.0
03/12/2014 10:00:00,0.0
03/12/2014 10:15:00,0.0
03/12/2014 10:30:00,0.0
03/12/2014 10:45:00,0.0
03/12/2014 11:00:00,0.0
03/12/2014 11:15:00,0.0
03/12/2014 11:30:00,0.0
03/12/2014 11:45:00,0.0
03/12/2014 12:00:00,0.0
03/12/2014 12:15:00,0.0
03/12/2014 12:30:00,0.0
03/12/2014 12:45:00,0.0
03/12/2014 13:00:00,0.0
03/12/2014 13:15:00,0.0
03/12/2014 13:30:00,0.0
03/12/2014 13:45:00,0.0
03/12/2014 14:00:00,0.0
03/12/2014 14:15:00,0.0
03/12/2014 14:30:00,0.0
03/12/2014 14:45:00,0.0
03/12/2014 15:00:00,0.0
03/12/2014 15:15:00,0.0
03/12/2014 15:30:00,0.0
03/12/2014 15:45:00,0.0
03/12/2014 16:00:00,0.0
03/12/2014 16:15:00,0.0
03/12/2014 16:30:00,0.0
03/12/2014 16:45:00,0.0
03/12/2014 17:00:00,0.0
03/12/2014 17:15:00,0.0
03/12/2014 17:30:00,0.0
03/12/2014 17:45:00,0.0
03/12/2014 18:00:00,0.0
03/12/2014 18:15:00,0.0
03/12/2014 18:30:00,0.0
03/12/2014 18:45:00,0.0
03/12/2014 19:00:00,0.0
03/12/2014 19:15:00,0.0
03/12/2014 19:30:00,0.0
03/12/2014 19:45:00,0.0
03/12/2014 20:00:00,0.0
03/12/2014 20:15:00,0.0
03/12/2014 20:30:00,0.0
03/12/2014 20:45:00,0.0
03/12/2014 21:00:00,0.0
03/12/2014 21:15:00,0.0
03/12/2014 21:30:00,0.0
03/12/2014 21:45:00,0.0
03/12/2014 22:00:00,0.0
03/12/2014 22:15:00,0.0
03/12/2014 22:30:00,0.0
03/12/2014 22:45:00,0.0
03/12/2014 23:00:00,0.0
03/12/2014 23:15:00,0.0
03/12/2014 23:30:00,0.0
03/12/2014 23:45:00,0.0
04/12/2014 00:00:00,0.0
04/12/2014 00:15:00,0.0
04/12/2014 00:30:00,0.0
04/12/2014 00:45:00,0.0
04/12/2014 01:00:00,0.0
04/12/2014 01:15:00,0.0
04/12/2014 01:30:00,0.0
04/12/2014 01:45:00,0.0
04/12/2014 02:00:00,0.0
04/12/2014 02:15:00,0.0
04/12/2014 02:30:00,0.0
04/12/2014 02:45:00,0.0
04/12/2014 03:00:00,0.0
04/12/2014 03:15:00,0.0
04/12/2014 03:30:00,0.0
04/12/2014 03:45:00,0.0
04/12/2014 04:00:00,0.0
04/12/2014 04:15:00,0.0
04/12/2014 04:30:00,0.0
04/12/2014 04:45:00,0.0
04/12/2014 05:00:00,0.0
04/12/2014 05:15:00,0.0
04/12/2014 05:30:00,0.0
04/12/2014 05:45:00,0.0
04/12/2014 06:00:00,0.0
04/12/2014 06:15:00,0.0
04/12/2014 06:30:00,0.0
04/12/2014 06:45:00,0.0
04/12/2014 07:00:00,0.0
04/12/2014 07:15:00,0.0
04/12/2014 07:30:00,0.0
04/12/2014 07:45:00,0.0
04/12/2014 08:00:00,0.0
04/12/2014 08:15:00,0.0
04/12/2014 08:30:00,0.0
04/12/2014 08:45:00,0.0
04/12/2014 09:00:00,0.0
04/12/2014 09:15:00,0.0
04/12/2014 09:30:00,0.0
04/12/2014 09:45:00,0.0
04/12/2014 10:00:00,0.0
04/12/2014 10:15:00,0.0
04/12/2014 10:30:00,0.0
04/12/2014 10:45:00,0.0
04/12/2014 11:00:00,0.0
04/12/2014 11:15:00,0.0
04/12/2014 11:30:00,0.0
04/12/2014 11:45:00,0.0
04/12/2014 12:00:00,0.0
04/12/2014 12:15:00,0.0
04/12/2014 12:30:00,0.0
04/12/2014 12:45:00,0.0
04/12/2014 13:00:00,0.0
04/12/2014 13:15:00,0.0
04/12/2014 13:30:00,0.0
04/12/2014 13:45:00,0.0
04/12/2014 14:00:00,0.0
04/12/2014 14:15:00,0.0
04/12/2014 14:30:00,0.0
04/12/2014 14:45:00,0.0
04/12/2014 15:00:00,0.0
04/12/2014 15:15:00,0.0
04/12/2014 15:30:00,0.0
04/12/2014 15:45:00,0.0
04/12/2014 16:00:00,0.0
04/12/2014 16:15:00,0.0
04/12/2014 16:30:00,0.0
04/12/2014 16:45:00,0.0
04/12/2014 17:00:00,0.0
04/12/2014 17:15:00,0.0
04/12/2014 17:30:00,0.0
04/12/2014 17:45:00,0.0
04/12/2014 18:00:00,0.0
04/12/2014 18:15:00,0.0
04/12/2014 18:30:00,0.0
04/12/2014 18:45:00,0.0
04/12/2014 19:00:00,0.0
04/12/2014 19:15:00,0.0
04/12/2014 19:30:00,0.0
04/12/2014 19:45:00,0.0
04/12/2014 20:00:00,0.0
04/12/2014 20:15:00,0.0
04/12/2014 20:30:00,0.0
04/12/2014 20:45:00,0.0
04/12/2014 21:00:00,0.0
04/12/2014 21:15:00,0.0
04/12/2014 21:30:00,0.0
04/12/2014 21:45:00,0.0
04/12/2014 22:00:00,0.0
04/12/2014 22:15:00,0.0
04/12/2014 22:30:00,0.0
04/12/2014 22:45:00,0.0
04/12/2014 23:00:00,0.0
04/12/2014 23:15:00,0.0
04/12/2014 23:30:00,0.0
04/12/2014 23:45:00,0.0
05/12/2014 00:00:00,0.0
05/12/2014 00:15:00,0.0
05/12/2014 00:30:00,0.0
05/12/2014 00:45:00,0.0
05/12/2014 01:00:00,0.0
05/12/2014 01:15:00,0.0
05/12/2014 01:30:00,0.0
05/12/2014 01:45:00,0.0
05/12/2014 02:00:00,0.0
05/12/2014 02:15:00,0.0
05/12/2014 02:30:00,0.0
05/12/2014 02:45:00,0.0
05/12/2014 03:00:00,0.0
05/12/2014 03:15:00,0.0
05/12/2014 03:30:00,0.0
05/12/2014 03:45:00,0.0
05/12/2014 04:00:00,0.0
05/12/2014 04:15:00,0.0
05/12/2014 04:30:00,0.0
05/12/2014 04:45:00,0.0
05/12/2014 05:00:00,0.0
05/12/2014 05:15:00,0.0
05/12/2014 05:30:00,0.0
05/12/2014 05:45:00,0.0
05/12/2014 06:00:00,0.0
05/12/2014 06:15:00,0.0
05/12/2014 06:30:00,0.0
05/12/2014 06:45:00,0.0
05/12/2014 07:00:00,0.0
05/12/2014 07:15:00,0.0
05/12/2014 07:30:00,0.0
05/12/2014 07:45:00,0.0
05/12/2014 08:00:00,0.0
05/12/2014 08:15:00,0.0
05/12/2014 08:30:00,0.0
05/12/2014 08:45:00,0.0
05/12/2014 09:00:00,0.0
05/12/2014 09:15:00,0.0
05/12/2014 09:30:00,0.0
05/12/2014 09:45:00,0.0
05/12/2014 10:00:00,0.0
05/12/2014 10:15:00,0.0
05/12/2014 10:30:00,0.0
05/12/2014 10:45:00,0.0
05/12/2014 11:00:00,0.00133333333333
05/12/2014 11:15:00,0.313133333333
05/12/2014 11:30:00,0.398466666667
05/12/2014 11:45:00,0.1312
05/12/2014 12:00:00,0.00106666666667
05/12/2014 12:15:00,0.416533333333
05/12/2014 12:30:00,0.379933333333
05/12/2014 12:45:00,0.101466666667
05/12/2014 13:00:00,0.0
05/12/2014 13:15:00,0.0
05/12/2014 13:30:00,0.0262
05/12/2014 13:45:00,0.405466666667
05/12/2014 14:00:00,0.4032
05/12/2014 14:15:00,0.1414
05/12/2014 14:30:00,0.3622
05/12/2014 14:45:00,0.409466666667
05/12/2014 15:00:00,0.0
05/12/2014 15:15:00,0.203133333333
05/12/2014 15:30:00,0.336
05/12/2014 15:45:00,0.352066666667
05/12/2014 16:00:00,0.0
05/12/2014 16:15:00,0.0554
05/12/2014 16:30:00,0.3906
05/12/2014 16:45:00,0.4064
05/12/2014 17:00:00,0.0
05/12/2014 17:15:00,0.0
05/12/2014 17:30:00,0.0
05/12/2014 17:45:00,0.230866666667
05/12/2014 18:00:00,0.328666666667
05/12/2014 18:15:00,0.233266666667
05/12/2014 18:30:00,0.0
05/12/2014 18:45:00,0.0
05/12/2014 19:00:00,0.317933333333
05/12/2014 19:15:00,0.4834
05/12/2014 19:30:00,0.0958
05/12/2014 19:45:00,0.0
05/12/2014 20:00:00,0.0
05/12/2014 20:15:00,0.0
05/12/2014 20:30:00,0.0
05/12/2014 20:45:00,0.0
05/12/2014 21:00:00,0.0
05/12/2014 21:15:00,0.0
05/12/2014 21:30:00,0.0
05/12/2014 21:45:00,0.0
05/12/2014 22:00:00,0.0
05/12/2014 22:15:00,0.0
05/12/2014 22:30:00,0.0
05/12/2014 22:45:00,0.0
05/12/2014 23:00:00,0.0
05/12/2014 23:15:00,0.0
05/12/2014 23:30:00,0.0
05/12/2014 23:45:00,0.0
06/12/2014 00:00:00,0.0
06/12/2014 00:15:00,0.0
06/12/2014 00:30:00,0.0
06/12/2014 00:45:00,0.0
06/12/2014 01:00:00,0.0
06/12/2014 01:15:00,0.0
06/12/2014 01:30:00,0.0
06/12/2014 01:45:00,0.0
06/12/2014 02:00:00,0.0
06/12/2014 02:15:00,0.0
06/12/2014 02:30:00,0.0
06/12/2014 02:45:00,0.0
06/12/2014 03:00:00,0.0
06/12/2014 03:15:00,0.0
06/12/2014 03:30:00,0.0
06/12/2014 03:45:00,0.0
06/12/2014 04:00:00,0.0
06/12/2014 04:15:00,0.0
06/12/2014 04:30:00,0.0
06/12/2014 04:45:00,0.0
06/12/2014 05:00:00,0.0
06/12/2014 05:15:00,0.0
06/12/2014 05:30:00,0.0
06/12/2014 05:45:00,0.0
06/12/2014 06:00:00,0.0
06/12/2014 06:15:00,0.0
06/12/2014 06:30:00,0.0
06/12/2014 06:45:00,0.0
06/12/2014 07:00:00,0.0
06/12/2014 07:15:00,0.0
06/12/2014 07:30:00,0.0
06/12/2014 07:45:00,0.0
06/12/2014 08:00:00,0.0
06/12/2014 08:15:00,0.0
06/12/2014 08:30:00,0.0
06/12/2014 08:45:00,0.0
06/12/2014 09:00:00,0.0
06/12/2014 09:15:00,0.0
06/12/2014 09:30:00,0.1848
06/12/2014 09:45:00,0.384733333333
06/12/2014 10:00:00,0.282333333333
06/12/2014 10:15:00,0.159066666667
06/12/2014 10:30:00,0.371333333333
06/12/2014 10:45:00,0.2388
06/12/2014 11:00:00,0.0392666666667
06/12/2014 11:15:00,0.391466666667
06/12/2014 11:30:00,0.404533333333
06/12/2014 11:45:00,0.00273333333333
06/12/2014 12:00:00,0.0
06/12/2014 12:15:00,0.0
06/12/2014 12:30:00,0.0
06/12/2014 12:45:00,0.0
06/12/2014 13:00:00,0.0
06/12/2014 13:15:00,0.0
06/12/2014 13:30:00,0.0
06/12/2014 13:45:00,0.0
06/12/2014 14:00:00,0.0
06/12/2014 14:15:00,0.0
06/12/2014 14:30:00,0.0
06/12/2014 14:45:00,0.0
06/12/2014 15:00:00,0.0
06/12/2014 15:15:00,0.0
06/12/2014 15:30:00,0.0
06/12/2014 15:45:00,0.0
06/12/2014 16:00:00,0.0
06/12/2014 16:15:00,0.0
06/12/2014 16:30:00,0.0
06/12/2014 16:45:00,0.0
06/12/2014 17:00:00,0.0
06/12/2014 17:15:00,0.0
06/12/2014 17:30:00,0.0
06/12/2014 17:45:00,0.0
06/12/2014 18:00:00,0.0
06/12/2014 18:15:00,0.0
06/12/2014 18:30:00,0.0
06/12/2014 18:45:00,0.0
06/12/2014 19:00:00,0.0
06/12/2014 19:15:00,0.0
06/12/2014 19:30:00,0.0
06/12/2014 19:45:00,0.0
06/12/2014 20:00:00,0.0
06/12/2014 20:15:00,0.0
06/12/2014 20:30:00,0.0
06/12/2014 20:45:00,0.0
06/12/2014 21:00:00,0.0
06/12/2014 21:15:00,0.0
06/12/2014 21:30:00,0.0
06/12/2014 21:45:00,0.0
06/12/2014 22:00:00,0.0
06/12/2014 22:15:00,0.0
06/12/2014 22:30:00,0.0
06/12/2014 22:45:00,0.0
06/12/2014 23:00:00,0.0
06/12/2014 23:15:00,0.0
06/12/2014 23:30:00,0.0
06/12/2014 23:45:00,0.0
07/12/2014 00:00:00,0.0
07/12/2014 00:15:00,0.0
07/12/2014 00:30:00,0.0
07/12/2014 00:45:00,0.0
07/12/2014 01:00:00,0.0
07/12/2014 01:15:00,0.0
07/12/2014 01:30:00,0.0
07/12/2014 01:45:00,0.0
07/12/2014 02:00:00,0.0
07/12/2014 02:15:00,0.0
07/12/2014 02:30:00,0.0
07/12/2014 02:45:00,0.0
07/12/2014 03:00:00,0.0
07/12/2014 03:15:00,0.0
07/12/2014 03:30:00,0.0
07/12/2014 03:45:00,0.0
07/12/2014 04:00:00,0.0
07/12/2014 04:15:00,0.0
07/12/2014 04:30:00,0.0
07/12/2014 04:45:00,0.0
07/12/2014 05:00:00,0.0
07/12/2014 05:15:00,0.0
07/12/2014 05:30:00,0.0
07/12/2014 05:45:00,0.0
07/12/2014 06:00:00,0.0
07/12/2014 06:15:00,0.0
07/12/2014 06:30:00,0.0
07/12/2014 06:45:00,0.0
07/12/2014 07:00:00,0.0
07/12/2014 07:15:00,0.0
07/12/2014 07:30:00,0.0
07/12/2014 07:45:00,0.0
07/12/2014 08:00:00,0.0
07/12/2014 08:15:00,0.0
07/12/2014 08:30:00,0.0
07/12/2014 08:45:00,0.0
07/12/2014 09:00:00,0.0
07/12/2014 09:15:00,0.0
07/12/2014 09:30:00,0.0
07/12/2014 09:45:00,0.0
07/12/2014 10:00:00,0.0
07/12/2014 10:15:00,0.0
07/12/2014 10:30:00,0.0
07/12/2014 10:45:00,0.0
07/12/2014 11:00:00,0.0
07/12/2014 11:15:00,0.0
07/12/2014 11:30:00,0.0
07/12/2014 11:45:00,0.0
07/12/2014 12:00:00,0.0
07/12/2014 12:15:00,0.0
07/12/2014 12:30:00,0.0
07/12/2014 12:45:00,0.0
07/12/2014 13:00:00,0.0
07/12/2014 13:15:00,0.0
07/12/2014 13:30:00,0.0
07/12/2014 13:45:00,0.0
07/12/2014 14:00:00,0.0
07/12/2014 14:15:00,0.0
07/12/2014 14:30:00,0.0
07/12/2014 14:45:00,0.0
07/12/2014 15:00:00,0.0
07/12/2014 15:15:00,0.0
07/12/2014 15:30:00,0.0
07/12/2014 15:45:00,0.0
07/12/2014 16:00:00,0.0
07/12/2014 16:15:00,0.0
07/12/2014 16:30:00,0.0
07/12/2014 16:45:00,0.0
07/12/2014 17:00:00,0.0
07/12/2014 17:15:00,0.0
07/12/2014 17:30:00,0.0
07/12/2014 17:45:00,0.0
07/12/2014 18:00:00,0.0
07/12/2014 18:15:00,0.0
07/12/2014 18:30:00,0.0
07/12/2014 18:45:00,0.0
07/12/2014 19:00:00,0.0
07/12/2014 19:15:00,0.0
07/12/2014 19:30:00,0.0
07/12/2014 19:45:00,0.0
07/12/2014 20:00:00,0.0
07/12/2014 20:15:00,0.0
07/12/2014 20:30:00,0.0
07/12/2014 20:45:00,0.0
07/12/2014 21:00:00,0.0
07/12/2014 21:15:00,0.0
07/12/2014 21:30:00,0.0
07/12/2014 21:45:00,0.0
07/12/2014 22:00:00,0.0
07/12/2014 22:15:00,0.0
07/12/2014 22:30:00,0.0
07/12/2014 22:45:00,0.0
07/12/2014 23:00:00,0.0
07/12/2014 23:15:00,0.0
07/12/2014 23:30:00,0.0
07/12/2014 23:45:00,0.0
08/12/2014 00:00:00,0.0
08/12/2014 00:15:00,0.0
08/12/2014 00:30:00,0.0
08/12/2014 00:45:00,0.0
08/12/2014 01:00:00,0.0
08/12/2014 01:15:00,0.0
08/12/2014 01:30:00,0.0
08/12/2014 01:45:00,0.0
08/12/2014 02:00:00,0.0
08/12/2014 02:15:00,0.0
08/12/2014 02:30:00,0.0
08/12/2014 02:45:00,0.0
08/12/2014 03:00:00,0.0
08/12/2014 03:15:00,0.0
08/12/2014 03:30:00,0.0
08/12/2014 03:45:00,0.0
08/12/2014 04:00:00,0.0
08/12/2014 04:15:00,0.0
08/12/2014 04:30:00,0.0
08/12/2014 04:45:00,0.0
08/12/2014 05:00:00,0.0
08/12/2014 05:15:00,0.0
08/12/2014 05:30:00,0.0
08/12/2014 05:45:00,0.0
08/12/2014 06:00:00,0.0
08/12/2014 06:15:00,0.0
08/12/2014 06:30:00,0.0
08/12/2014 06:45:00,0.0
08/12/2014 07:00:00,0.0
08/12/2014 07:15:00,0.0
08/12/2014 07:30:00,0.0
08/12/2014 07:45:00,0.0
08/12/2014 08:00:00,0.0
08/12/2014 08:15:00,0.0
08/12/2014 08:30:00,0.247733333333
08/12/2014 08:45:00,0.344066666667
08/12/2014 09:00:00,0.317066666667
08/12/2014 09:15:00,0.0
08/12/2014 09:30:00,0.0
08/12/2014 09:45:00,0.119666666667
08/12/2014 10:00:00,0.3278
08/12/2014 10:15:00,0.432333333333
08/12/2014 10:30:00,0.0
08/12/2014 10:45:00,0.0
08/12/2014 11:00:00,0.0
08/12/2014 11:15:00,0.0
08/12/2014 11:30:00,0.0
08/12/2014 11:45:00,0.0
08/12/2014 12:00:00,0.0
08/12/2014 12:15:00,0.0
08/12/2014 12:30:00,0.0
08/12/2014 12:45:00,0.0
08/12/2014 13:00:00,0.0
08/12/2014 13:15:00,0.0
08/12/2014 13:30:00,0.0
08/12/2014 13:45:00,0.0
08/12/2014 14:00:00,0.0
08/12/2014 14:15:00,0.0
08/12/2014 14:30:00,0.0
08/12/2014 14:45:00,0.0
08/12/2014 15:00:00,0.0
08/12/2014 15:15:00,0.0
08/12/2014 15:30:00,0.0
08/12/2014 15:45:00,0.0
08/12/2014 16:00:00,0.0
08/12/2014 16:15:00,0.0
08/12/2014 16:30:00,0.0
08/12/2014 16:45:00,0.0
08/12/2014 17:00:00,0.0
08/12/2014 17:15:00,0.0
08/12/2014 17:30:00,0.0
08/12/2014 17:45:00,0.0
08/12/2014 18:00:00,0.0
08/12/2014 18:15:00,0.0
08/12/2014 18:30:00,0.0
08/12/2014 18:45:00,0.0
08/12/2014 19:00:00,0.0
08/12/2014 19:15:00,0.0
08/12/2014 19:30:00,0.0
08/12/2014 19:45:00,0.0
08/12/2014 20:00:00,0.0
08/12/2014 20:15:00,0.0
08/12/2014 20:30:00,0.0
08/12/2014 20:45:00,0.0
08/12/2014 21:00:00,0.0
08/12/2014 21:15:00,0.0
08/12/2014 21:30:00,0.0
08/12/2014 21:45:00,0.0
08/12/2014 22:00:00,0.0
08/12/2014 22:15:00,0.0
08/12/2014 22:30:00,0.0
08/12/2014 22:45:00,0.0
08/12/2014 23:00:00,0.0
08/12/2014 23:15:00,0.0
08/12/2014 23:30:00,0.0
08/12/2014 23:45:00,0.0
09/12/2014 00:00:00,0.0
09/12/2014 00:15:00,0.0
09/12/2014 00:30:00,0.0
09/12/2014 00:45:00,0.0
09/12/2014 01:00:00,0.0
09/12/2014 01:15:00,0.0
09/12/2014 01:30:00,0.0
09/12/2014 01:45:00,0.0
09/12/2014 02:00:00,0.0
09/12/2014 02:15:00,0.0
09/12/2014 02:30:00,0.0
09/12/2014 02:45:00,0.0
09/12/2014 03:00:00,0.0
09/12/2014 03:15:00,0.0
09/12/2014 03:30:00,0.0
09/12/2014 03:45:00,0.0
09/12/2014 04:00:00,0.0
09/12/2014 04:15:00,0.0
09/12/2014 04:30:00,0.0
09/12/2014 04:45:00,0.0
09/12/2014 05:00:00,0.0
09/12/2014 05:15:00,0.0
09/12/2014 05:30:00,0.0
09/12/2014 05:45:00,0.0
09/12/2014 06:00:00,0.0
09/12/2014 06:15:00,0.0
09/12/2014 06:30:00,0.0
09/12/2014 06:45:00,0.0
09/12/2014 07:00:00,0.0
09/12/2014 07:15:00,0.0
09/12/2014 07:30:00,0.0
09/12/2014 07:45:00,0.0
09/12/2014 08:00:00,0.0
09/12/2014 08:15:00,0.0
09/12/2014 08:30:00,0.0
09/12/2014 08:45:00,0.0
09/12/2014 09:00:00,0.0
09/12/2014 09:15:00,0.0
09/12/2014 09:30:00,0.0
09/12/2014 09:45:00,0.0
09/12/2014 10:00:00,0.0
09/12/2014 10:15:00,0.0
09/12/2014 10:30:00,0.0
09/12/2014 10:45:00,0.0
09/12/2014 11:00:00,0.0
09/12/2014 11:15:00,0.0
09/12/2014 11:30:00,0.0
09/12/2014 11:45:00,0.0
09/12/2014 12:00:00,0.0
09/12/2014 12:15:00,0.0
09/12/2014 12:30:00,0.0
09/12/2014 12:45:00,0.0
09/12/2014 13:00:00,0.0
09/12/2014 13:15:00,0.0
09/12/2014 13:30:00,0.0
09/12/2014 13:45:00,0.0
09/12/2014 14:00:00,0.0
09/12/2014 14:15:00,0.0
09/12/2014 14:30:00,0.0
09/12/2014 14:45:00,0.0
09/12/2014 15:00:00,0.0
09/12/2014 15:15:00,0.0
09/12/2014 15:30:00,0.0
09/12/2014 15:45:00,0.0
09/12/2014 16:00:00,0.0
09/12/2014 16:15:00,0.0
09/12/2014 16:30:00,0.0
09/12/2014 16:45:00,0.0
09/12/2014 17:00:00,0.0
09/12/2014 17:15:00,0.0
09/12/2014 17:30:00,0.0
09/12/2014 17:45:00,0.0
09/12/2014 18:00:00,0.0
09/12/2014 18:15:00,0.0
09/12/2014 18:30:00,0.0
09/12/2014 18:45:00,0.0
09/12/2014 19:00:00,0.0
09/12/2014 19:15:00,0.0
09/12/2014 19:30:00,0.0
09/12/2014 19:45:00,0.0
09/12/2014 20:00:00,0.0
09/12/2014 20:15:00,0.0
09/12/2014 20:30:00,0.0
09/12/2014 20:45:00,0.0
09/12/2014 21:00:00,0.0
09/12/2014 21:15:00,0.0
09/12/2014 21:30:00,0.0
09/12/2014 21:45:00,0.0
09/12/2014 22:00:00,0.0
09/12/2014 22:15:00,0.0
09/12/2014 22:30:00,0.0
09/12/2014 22:45:00,0.0
09/12/2014 23:00:00,0.0
09/12/2014 23:15:00,0.0
09/12/2014 23:30:00,0.0
09/12/2014 23:45:00,0.0
10/12/2014 00:00:00,0.0
10/12/2014 00:15:00,0.0
10/12/2014 00:30:00,0.0
10/12/2014 00:45:00,0.0
10/12/2014 01:00:00,0.0
10/12/2014 01:15:00,0.0
10/12/2014 01:30:00,0.0
10/12/2014 01:45:00,0.0
10/12/2014 02:00:00,0.0
10/12/2014 02:15:00,0.0
10/12/2014 02:30:00,0.0
10/12/2014 02:45:00,0.0
10/12/2014 03:00:00,0.0
10/12/2014 03:15:00,0.0
10/12/2014 03:30:00,0.0
10/12/2014 03:45:00,0.0
10/12/2014 04:00:00,0.0
10/12/2014 04:15:00,0.0
10/12/2014 04:30:00,0.0
10/12/2014 04:45:00,0.0
10/12/2014 05:00:00,0.0
10/12/2014 05:15:00,0.0
10/12/2014 05:30:00,0.0
10/12/2014 05:45:00,0.0
10/12/2014 06:00:00,0.0
10/12/2014 06:15:00,0.0
10/12/2014 06:30:00,0.0
10/12/2014 06:45:00,0.0
10/12/2014 07:00:00,0.0
10/12/2014 07:15:00,0.0
10/12/2014 07:30:00,0.0
10/12/2014 07:45:00,0.0
10/12/2014 08:00:00,0.0
10/12/2014 08:15:00,0.0
10/12/2014 08:30:00,0.0
10/12/2014 08:45:00,0.0
10/12/2014 09:00:00,0.0
10/12/2014 09:15:00,0.0
10/12/2014 09:30:00,0.0
10/12/2014 09:45:00,0.0
10/12/2014 10:00:00,0.0
10/12/2014 10:15:00,0.0
10/12/2014 10:30:00,0.0
10/12/2014 10:45:00,0.0
10/12/2014 11:00:00,0.0
10/12/2014 11:15:00,0.0
10/12/2014 11:30:00,0.0
10/12/2014 11:45:00,0.0
10/12/2014 12:00:00,0.0
10/12/2014 12:15:00,0.0
10/12/2014 12:30:00,0.0
10/12/2014 12:45:00,0.0
10/12/2014 13:00:00,0.0
10/12/2014 13:15:00,0.0
10/12/2014 13:30:00,0.0
10/12/2014 13:45:00,0.0
10/12/2014 14:00:00,0.0
10/12/2014 14:15:00,0.0
10/12/2014 14:30:00,0.0
10/12/2014 14:45:00,0.0
10/12/2014 15:00:00,0.0
10/12/2014 15:15:00,0.0
10/12/2014 15:30:00,0.0
10/12/2014 15:45:00,0.0
10/12/2014 16:00:00,0.0
10/12/2014 16:15:00,0.0
10/12/2014 16:30:00,0.0
10/12/2014 16:45:00,0.0
10/12/2014 17:00:00,0.0
10/12/2014 17:15:00,0.0
10/12/2014 17:30:00,0.0
10/12/2014 17:45:00,0.0
10/12/2014 18:00:00,0.0
10/12/2014 18:15:00,0.0
10/12/2014 18:30:00,0.0
10/12/2014 18:45:00,0.0
10/12/2014 19:00:00,0.0
10/12/2014 19:15:00,0.0
10/12/2014 19:30:00,0.0
10/12/2014 19:45:00,0.0
10/12/2014 20:00:00,0.0
10/12/2014 20:15:00,0.0
10/12/2014 20:30:00,0.0
10/12/2014 20:45:00,0.0
10/12/2014 21:00:00,0.0
10/12/2014 21:15:00,0.0
10/12/2014 21:30:00,0.0
10/12/2014 21:45:00,0.0
10/12/2014 22:00:00,0.0
10/12/2014 22:15:00,0.0
10/12/2014 22:30:00,0.0
10/12/2014 22:45:00,0.0
10/12/2014 23:00:00,0.0
10/12/2014 23:15:00,0.0
10/12/2014 23:30:00,0.0
10/12/2014 23:45:00,0.0
11/12/2014 00:00:00,0.0
11/12/2014 00:15:00,0.0
11/12/2014 00:30:00,0.0
11/12/2014 00:45:00,0.0
11/12/2014 01:00:00,0.0
11/12/2014 01:15:00,0.0
11/12/2014 01:30:00,0.0
11/12/2014 01:45:00,0.0
11/12/2014 02:00:00,0.0
11/12/2014 02:15:00,0.0
11/12/2014 02:30:00,0.0
11/12/2014 02:45:00,0.0
11/12/2014 03:00:00,0.0
11/12/2014 03:15:00,0.0
11/12/2014 03:30:00,0.0
11/12/2014 03:45:00,0.0
11/12/2014 04:00:00,0.0
11/12/2014 04:15:00,0.0
11/12/2014 04:30:00,0.0
11/12/2014 04:45:00,0.0
11/12/2014 05:00:00,0.0
11/12/2014 05:15:00,0.0
11/12/2014 05:30:00,0.0
11/12/2014 05:45:00,0.0
11/12/2014 06:00:00,0.0
11/12/2014 06:15:00,0.0
11/12/2014 06:30:00,0.0
11/12/2014 06:45:00,0.0
11/12/2014 07:00:00,0.0
11/12/2014 07:15:00,0.0
11/12/2014 07:30:00,0.0
11/12/2014 07:45:00,0.0
11/12/2014 08:00:00,0.0
11/12/2014 08:15:00,0.0
11/12/2014 08:30:00,0.0
11/12/2014 08:45:00,0.0
11/12/2014 09:00:00,0.0
11/12/2014 09:15:00,0.0
11/12/2014 09:30:00,0.0
11/12/2014 09:45:00,0.0
11/12/2014 10:00:00,0.0
11/12/2014 10:15:00,0.0
11/12/2014 10:30:00,0.0
11/12/2014 10:45:00,0.0
11/12/2014 11:00:00,0.0
11/12/2014 11:15:00,0.0
11/12/2014 11:30:00,0.0
11/12/2014 11:45:00,0.0
11/12/2014 12:00:00,0.0
11/12/2014 12:15:00,0.0
11/12/2014 12:30:00,0.0
11/12/2014 12:45:00,0.0
11/12/2014 13:00:00,0.0
11/12/2014 13:15:00,0.0
11/12/2014 13:30:00,0.0
11/12/2014 13:45:00,0.0
11/12/2014 14:00:00,0.0
11/12/2014 14:15:00,0.0
11/12/2014 14:30:00,0.0
11/12/2014 14:45:00,0.0
11/12/2014 15:00:00,0.0
11/12/2014 15:15:00,0.0
11/12/2014 15:30:00,0.0
11/12/2014 15:45:00,0.0
11/12/2014 16:00:00,0.0
11/12/2014 16:15:00,0.0
11/12/2014 16:30:00,0.0
11/12/2014 16:45:00,0.0
11/12/2014 17:00:00,0.0
11/12/2014 17:15:00,0.0
11/12/2014 17:30:00,0.0
11/12/2014 17:45:00,0.0
11/12/2014 18:00:00,0.0
11/12/2014 18:15:00,0.0
11/12/2014 18:30:00,0.0
11/12/2014 18:45:00,0.0
11/12/2014 19:00:00,0.0
11/12/2014 19:15:00,0.0
11/12/2014 19:30:00,0.0
11/12/2014 19:45:00,0.0
11/12/2014 20:00:00,0.0
11/12/2014 20:15:00,0.0
11/12/2014 20:30:00,0.0
11/12/2014 20:45:00,0.0
11/12/2014 21:00:00,0.0
11/12/2014 21:15:00,0.0
11/12/2014 21:30:00,0.0
11/12/2014 21:45:00,0.0
11/12/2014 22:00:00,0.0
11/12/2014 22:15:00,0.0
11/12/2014 22:30:00,0.0
11/12/2014 22:45:00,0.0
11/12/2014 23:00:00,0.0
11/12/2014 23:15:00,0.0
11/12/2014 23:30:00,0.0
11/12/2014 23:45:00,0.0
12/12/2014 00:00:00,0.0
12/12/2014 00:15:00,0.0
12/12/2014 00:30:00,0.0
12/12/2014 00:45:00,0.0
12/12/2014 01:00:00,0.0
12/12/2014 01:15:00,0.0
12/12/2014 01:30:00,0.0
12/12/2014 01:45:00,0.0
12/12/2014 02:00:00,0.0
12/12/2014 02:15:00,0.0
12/12/2014 02:30:00,0.0
12/12/2014 02:45:00,0.0
12/12/2014 03:00:00,0.0
12/12/2014 03:15:00,0.0
12/12/2014 03:30:00,0.0
12/12/2014 03:45:00,0.0
12/12/2014 04:00:00,0.0
12/12/2014 04:15:00,0.0
12/12/2014 04:30:00,0.0
12/12/2014 04:45:00,0.0
12/12/2014 05:00:00,0.0
12/12/2014 05:15:00,0.0
12/12/2014 05:30:00,0.0
12/12/2014 05:45:00,0.0
12/12/2014 06:00:00,0.0
12/12/2014 06:15:00,0.0
12/12/2014 06:30:00,0.0
12/12/2014 06:45:00,0.0
12/12/2014 07:00:00,0.0
12/12/2014 07:15:00,0.0
12/12/2014 07:30:00,0.0
12/12/2014 07:45:00,0.0
12/12/2014 08:00:00,0.0
12/12/2014 08:15:00,0.0
12/12/2014 08:30:00,0.0
12/12/2014 08:45:00,0.0
12/12/2014 09:00:00,0.0
12/12/2014 09:15:00,0.0
12/12/2014 09:30:00,0.0
12/12/2014 09:45:00,0.0
12/12/2014 10:00:00,0.0
12/12/2014 10:15:00,0.0
12/12/2014 10:30:00,0.0
12/12/2014 10:45:00,0.0
12/12/2014 11:00:00,0.0
12/12/2014 11:15:00,0.0
12/12/2014 11:30:00,0.0
12/12/2014 11:45:00,0.0
12/12/2014 12:00:00,0.0
12/12/2014 12:15:00,0.0
12/12/2014 12:30:00,0.0
12/12/2014 12:45:00,0.0
12/12/2014 13:00:00,0.0
12/12/2014 13:15:00,0.0
12/12/2014 13:30:00,0.0
12/12/2014 13:45:00,0.0
12/12/2014 14:00:00,0.0
12/12/2014 14:15:00,0.0
12/12/2014 14:30:00,0.0
12/12/2014 14:45:00,0.0
12/12/2014 15:00:00,0.0
12/12/2014 15:15:00,0.0
12/12/2014 15:30:00,0.0
12/12/2014 15:45:00,0.0
12/12/2014 16:00:00,0.0
12/12/2014 16:15:00,0.0
12/12/2014 16:30:00,0.0
12/12/2014 16:45:00,0.0
12/12/2014 17:00:00,0.0
12/12/2014 17:15:00,0.0
12/12/2014 17:30:00,0.0
12/12/2014 17:45:00,0.0
12/12/2014 18:00:00,0.0
12/12/2014 18:15:00,0.0
12/12/2014 18:30:00,0.0
12/12/2014 18:45:00,0.0
12/12/2014 19:00:00,0.0
12/12/2014 19:15:00,0.0
12/12/2014 19:30:00,0.0
12/12/2014 19:45:00,0.0
12/12/2014 20:00:00,0.0
12/12/2014 20:15:00,0.0
12/12/2014 20:30:00,0.0
12/12/2014 20:45:00,0.0
12/12/2014 21:00:00,0.0
12/12/2014 21:15:00,0.0
12/12/2014 21:30:00,0.0
12/12/2014 21:45:00,0.0
12/12/2014 22:00:00,0.0
12/12/2014 22:15:00,0.0
12/12/2014 22:30:00,0.0
12/12/2014 22:45:00,0.0
12/12/2014 23:00:00,0.0
12/12/2014 23:15:00,0.0
12/12/2014 23:30:00,0.0
12/12/2014 23:45:00,0.0
13/12/2014 00:00:00,0.0
13/12/2014 00:15:00,0.0
13/12/2014 00:30:00,0.0
13/12/2014 00:45:00,0.0
13/12/2014 01:00:00,0.0
13/12/2014 01:15:00,0.0
13/12/2014 01:30:00,0.0
13/12/2014 01:45:00,0.0
13/12/2014 02:00:00,0.0
13/12/2014 02:15:00,0.0
13/12/2014 02:30:00,0.0
13/12/2014 02:45:00,0.0
13/12/2014 03:00:00,0.0
13/12/2014 03:15:00,0.0
13/12/2014 03:30:00,0.0
13/12/2014 03:45:00,0.0
13/12/2014 04:00:00,0.0
13/12/2014 04:15:00,0.0
13/12/2014 04:30:00,0.0
13/12/2014 04:45:00,0.0
13/12/2014 05:00:00,0.0
13/12/2014 05:15:00,0.0
13/12/2014 05:30:00,0.0
13/12/2014 05:45:00,0.0
13/12/2014 06:00:00,0.0
13/12/2014 06:15:00,0.0
13/12/2014 06:30:00,0.0
13/12/2014 06:45:00,0.0
13/12/2014 07:00:00,0.0
13/12/2014 07:15:00,0.0
13/12/2014 07:30:00,0.0
13/12/2014 07:45:00,0.0
13/12/2014 08:00:00,0.0
13/12/2014 08:15:00,0.0
13/12/2014 08:30:00,0.0
13/12/2014 08:45:00,0.0
13/12/2014 09:00:00,0.0
13/12/2014 09:15:00,0.0
13/12/2014 09:30:00,0.0
13/12/2014 09:45:00,0.0
13/12/2014 10:00:00,0.0
13/12/2014 10:15:00,0.0
13/12/2014 10:30:00,0.0
13/12/2014 10:45:00,0.0
13/12/2014 11:00:00,0.0
13/12/2014 11:15:00,0.0
13/12/2014 11:30:00,0.0
13/12/2014 11:45:00,0.0
13/12/2014 12:00:00,0.0
13/12/2014 12:15:00,0.0
13/12/2014 12:30:00,0.0
13/12/2014 12:45:00,0.0
13/12/2014 13:00:00,0.0
13/12/2014 13:15:00,0.0
13/12/2014 13:30:00,0.0
13/12/2014 13:45:00,0.0
13/12/2014 14:00:00,0.0
13/12/2014 14:15:00,0.0
13/12/2014 14:30:00,0.0
13/12/2014 14:45:00,0.0
13/12/2014 15:00:00,0.0
13/12/2014 15:15:00,0.0
13/12/2014 15:30:00,0.0
13/12/2014 15:45:00,0.0
13/12/2014 16:00:00,0.0
13/12/2014 16:15:00,0.0
13/12/2014 16:30:00,0.0
13/12/2014 16:45:00,0.0
13/12/2014 17:00:00,0.0
13/12/2014 17:15:00,0.0
13/12/2014 17:30:00,0.0
13/12/2014 17:45:00,0.0
13/12/2014 18:00:00,0.0
13/12/2014 18:15:00,0.0
13/12/2014 18:30:00,0.0
13/12/2014 18:45:00,0.0
13/12/2014 19:00:00,0.0
13/12/2014 19:15:00,0.0
13/12/2014 19:30:00,0.0
13/12/2014 19:45:00,0.0
13/12/2014 20:00:00,0.0
13/12/2014 20:15:00,0.0
13/12/2014 20:30:00,0.0
13/12/2014 20:45:00,0.0
13/12/2014 21:00:00,0.0
13/12/2014 21:15:00,0.0
13/12/2014 21:30:00,0.0
13/12/2014 21:45:00,0.0
13/12/2014 22:00:00,0.0
13/12/2014 22:15:00,0.0
13/12/2014 22:30:00,0.0
13/12/2014 22:45:00,0.0
13/12/2014 23:00:00,0.0
13/12/2014 23:15:00,0.0
13/12/2014 23:30:00,0.0
13/12/2014 23:45:00,0.0
14/12/2014 00:00:00,0.0
14/12/2014 00:15:00,0.0
14/12/2014 00:30:00,0.0
14/12/2014 00:45:00,0.0
14/12/2014 01:00:00,0.0
14/12/2014 01:15:00,0.0
14/12/2014 01:30:00,0.0
14/12/2014 01:45:00,0.0
14/12/2014 02:00:00,0.0
14/12/2014 02:15:00,0.0
14/12/2014 02:30:00,0.0
14/12/2014 02:45:00,0.0
14/12/2014 03:00:00,0.0
14/12/2014 03:15:00,0.0
14/12/2014 03:30:00,0.0
14/12/2014 03:45:00,0.0
14/12/2014 04:00:00,0.0
14/12/2014 04:15:00,0.0
14/12/2014 04:30:00,0.0
14/12/2014 04:45:00,0.0
14/12/2014 05:00:00,0.0
14/12/2014 05:15:00,0.0
14/12/2014 05:30:00,0.0
14/12/2014 05:45:00,0.0
14/12/2014 06:00:00,0.0
14/12/2014 06:15:00,0.0
14/12/2014 06:30:00,0.0
14/12/2014 06:45:00,0.0
14/12/2014 07:00:00,0.0
14/12/2014 07:15:00,0.0
14/12/2014 07:30:00,0.0
14/12/2014 07:45:00,0.0
14/12/2014 08:00:00,0.0
14/12/2014 08:15:00,0.0
14/12/2014 08:30:00,0.0
14/12/2014 08:45:00,0.0
14/12/2014 09:00:00,0.0
14/12/2014 09:15:00,0.0
14/12/2014 09:30:00,0.0
14/12/2014 09:45:00,0.0
14/12/2014 10:00:00,0.0
14/12/2014 10:15:00,0.0
14/12/2014 10:30:00,0.0
14/12/2014 10:45:00,0.0
14/12/2014 11:00:00,0.0
14/12/2014 11:15:00,0.0
14/12/2014 11:30:00,0.0
14/12/2014 11:45:00,0.0
14/12/2014 12:00:00,0.0
14/12/2014 12:15:00,0.0
14/12/2014 12:30:00,0.0
14/12/2014 12:45:00,0.0
14/12/2014 13:00:00,0.0
14/12/2014 13:15:00,0.0
14/12/2014 13:30:00,0.0
14/12/2014 13:45:00,0.0
14/12/2014 14:00:00,0.0
14/12/2014 14:15:00,0.0
14/12/2014 14:30:00,0.0
14/12/2014 14:45:00,0.0
14/12/2014 15:00:00,0.0
14/12/2014 15:15:00,0.0
14/12/2014 15:30:00,0.0
14/12/2014 15:45:00,0.0
14/12/2014 16:00:00,0.0
14/12/2014 16:15:00,0.0
14/12/2014 16:30:00,0.0
14/12/2014 16:45:00,0.0
14/12/2014 17:00:00,0.0
14/12/2014 17:15:00,0.0
14/12/2014 17:30:00,0.0
14/12/2014 17:45:00,0.0
14/12/2014 18:00:00,0.0195333333333
14/12/2014 18:15:00,0.481533333333
14/12/2014 18:30:00,0.405733333333
14/12/2014 18:45:00,0.0245333333333
14/12/2014 19:00:00,0.0
14/12/2014 19:15:00,0.0
14/12/2014 19:30:00,0.0
14/12/2014 19:45:00,0.0
14/12/2014 20:00:00,0.0
14/12/2014 20:15:00,0.0
14/12/2014 20:30:00,0.0
14/12/2014 20:45:00,0.0
14/12/2014 21:00:00,0.0
14/12/2014 21:15:00,0.0
14/12/2014 21:30:00,0.0
14/12/2014 21:45:00,0.0
14/12/2014 22:00:00,0.0
14/12/2014 22:15:00,0.0
14/12/2014 22:30:00,0.0
14/12/2014 22:45:00,0.0
14/12/2014 23:00:00,0.0
14/12/2014 23:15:00,0.0
14/12/2014 23:30:00,0.0
14/12/2014 23:45:00,0.0
15/12/2014 00:00:00,0.0
15/12/2014 00:15:00,0.0
15/12/2014 00:30:00,0.0
15/12/2014 00:45:00,0.0
15/12/2014 01:00:00,0.0
15/12/2014 01:15:00,0.0
15/12/2014 01:30:00,0.0
15/12/2014 01:45:00,0.0
15/12/2014 02:00:00,0.0
15/12/2014 02:15:00,0.0
15/12/2014 02:30:00,0.0
15/12/2014 02:45:00,0.0
15/12/2014 03:00:00,0.0
15/12/2014 03:15:00,0.0
15/12/2014 03:30:00,0.0
15/12/2014 03:45:00,0.0
15/12/2014 04:00:00,0.0
15/12/2014 04:15:00,0.0
15/12/2014 04:30:00,0.0
15/12/2014 04:45:00,0.0
15/12/2014 05:00:00,0.0
15/12/2014 05:15:00,0.0
15/12/2014 05:30:00,0.0
15/12/2014 05:45:00,0.0
15/12/2014 06:00:00,0.0
15/12/2014 06:15:00,0.0
15/12/2014 06:30:00,0.0
15/12/2014 06:45:00,0.0
15/12/2014 07:00:00,0.0
15/12/2014 07:15:00,0.0
15/12/2014 07:30:00,0.0
15/12/2014 07:45:00,0.0
15/12/2014 08:00:00,0.0
15/12/2014 08:15:00,0.0
15/12/2014 08:30:00,0.0
15/12/2014 08:45:00,0.0
15/12/2014 09:00:00,0.0
15/12/2014 09:15:00,0.0
15/12/2014 09:30:00,0.0
15/12/2014 09:45:00,0.0
15/12/2014 10:00:00,0.0
15/12/2014 10:15:00,0.0
15/12/2014 10:30:00,0.0
15/12/2014 10:45:00,0.0
15/12/2014 11:00:00,0.0
15/12/2014 11:15:00,0.0
15/12/2014 11:30:00,0.0
15/12/2014 11:45:00,0.0
15/12/2014 12:00:00,0.0
15/12/2014 12:15:00,0.0
15/12/2014 12:30:00,0.0
15/12/2014 12:45:00,0.0
15/12/2014 13:00:00,0.0
15/12/2014 13:15:00,0.0
15/12/2014 13:30:00,0.0
15/12/2014 13:45:00,0.0
15/12/2014 14:00:00,0.0
15/12/2014 14:15:00,0.0
15/12/2014 14:30:00,0.0
15/12/2014 14:45:00,0.0
15/12/2014 15:00:00,0.0
15/12/2014 15:15:00,0.0
15/12/2014 15:30:00,0.0
15/12/2014 15:45:00,0.0
15/12/2014 16:00:00,0.0
15/12/2014 16:15:00,0.0
15/12/2014 16:30:00,0.0
15/12/2014 16:45:00,0.0
15/12/2014 17:00:00,0.0
15/12/2014 17:15:00,0.0
15/12/2014 17:30:00,0.0
15/12/2014 17:45:00,0.0
15/12/2014 18:00:00,0.0
15/12/2014 18:15:00,0.0
15/12/2014 18:30:00,0.0
15/12/2014 18:45:00,0.0
15/12/2014 19:00:00,0.0
15/12/2014 19:15:00,0.0
15/12/2014 19:30:00,0.0
15/12/2014 19:45:00,0.0
15/12/2014 20:00:00,0.0
15/12/2014 20:15:00,0.0
15/12/2014 20:30:00,0.0
15/12/2014 20:45:00,0.0
15/12/2014 21:00:00,0.0
15/12/2014 21:15:00,0.0
15/12/2014 21:30:00,0.0
15/12/2014 21:45:00,0.0
15/12/2014 22:00:00,0.0
15/12/2014 22:15:00,0.0
15/12/2014 22:30:00,0.0
15/12/2014 22:45:00,0.0
15/12/2014 23:00:00,0.0
15/12/2014 23:15:00,0.0
15/12/2014 23:30:00,0.0
15/12/2014 23:45:00,0.0
16/12/2014 00:00:00,0.0
16/12/2014 00:15:00,0.0
16/12/2014 00:30:00,0.0
16/12/2014 00:45:00,0.0
16/12/2014 01:00:00,0.0
16/12/2014 01:15:00,0.0
16/12/2014 01:30:00,0.0
16/12/2014 01:45:00,0.0
16/12/2014 02:00:00,0.0
16/12/2014 02:15:00,0.0
16/12/2014 02:30:00,0.0
16/12/2014 02:45:00,0.0
16/12/2014 03:00:00,0.0
16/12/2014 03:15:00,0.0
16/12/2014 03:30:00,0.0
16/12/2014 03:45:00,0.0
16/12/2014 04:00:00,0.0
16/12/2014 04:15:00,0.0
16/12/2014 04:30:00,0.0
16/12/2014 04:45:00,0.0
16/12/2014 05:00:00,0.0
16/12/2014 05:15:00,0.0
16/12/2014 05:30:00,0.0
16/12/2014 05:45:00,0.0
16/12/2014 06:00:00,0.0
16/12/2014 06:15:00,0.0
16/12/2014 06:30:00,0.0
16/12/2014 06:45:00,0.0
16/12/2014 07:00:00,0.0
16/12/2014 07:15:00,0.0
16/12/2014 07:30:00,0.0
16/12/2014 07:45:00,0.0
16/12/2014 08:00:00,0.0
16/12/2014 08:15:00,0.0
16/12/2014 08:30:00,0.0
16/12/2014 08:45:00,0.0
16/12/2014 09:00:00,0.0
16/12/2014 09:15:00,0.0
16/12/2014 09:30:00,0.0
16/12/2014 09:45:00,0.0
16/12/2014 10:00:00,0.0
16/12/2014 10:15:00,0.0
16/12/2014 10:30:00,0.0
16/12/2014 10:45:00,0.0
16/12/2014 11:00:00,0.345933333333
16/12/2014 11:15:00,0.3248
16/12/2014 11:30:00,0.0
16/12/2014 11:45:00,0.0
16/12/2014 12:00:00,0.0
16/12/2014 12:15:00,0.0
16/12/2014 12:30:00,0.0
16/12/2014 12:45:00,0.0
16/12/2014 13:00:00,0.0
16/12/2014 13:15:00,0.0
16/12/2014 13:30:00,0.0
16/12/2014 13:45:00,0.0
16/12/2014 14:00:00,0.0
16/12/2014 14:15:00,0.0
16/12/2014 14:30:00,0.0
16/12/2014 14:45:00,0.0
16/12/2014 15:00:00,0.0
16/12/2014 15:15:00,0.0
16/12/2014 15:30:00,0.0
16/12/2014 15:45:00,0.0
16/12/2014 16:00:00,0.0
16/12/2014 16:15:00,0.0
16/12/2014 16:30:00,0.0
16/12/2014 16:45:00,0.0
16/12/2014 17:00:00,0.0
16/12/2014 17:15:00,0.0
16/12/2014 17:30:00,0.0
16/12/2014 17:45:00,0.0
16/12/2014 18:00:00,0.0
16/12/2014 18:15:00,0.0
16/12/2014 18:30:00,0.0
16/12/2014 18:45:00,0.0
16/12/2014 19:00:00,0.0
16/12/2014 19:15:00,0.0
16/12/2014 19:30:00,0.0
16/12/2014 19:45:00,0.0
16/12/2014 20:00:00,0.0
16/12/2014 20:15:00,0.0
16/12/2014 20:30:00,0.0
16/12/2014 20:45:00,0.0
16/12/2014 21:00:00,0.0
16/12/2014 21:15:00,0.0
16/12/2014 21:30:00,0.0
16/12/2014 21:45:00,0.0
16/12/2014 22:00:00,0.0
16/12/2014 22:15:00,0.0
16/12/2014 22:30:00,0.0
16/12/2014 22:45:00,0.0
16/12/2014 23:00:00,0.0
16/12/2014 23:15:00,0.0
16/12/2014 23:30:00,0.0
16/12/2014 23:45:00,0.0
17/12/2014 00:00:00,0.0
17/12/2014 00:15:00,0.0
17/12/2014 00:30:00,0.0
17/12/2014 00:45:00,0.0
17/12/2014 01:00:00,0.0
17/12/2014 01:15:00,0.0
17/12/2014 01:30:00,0.0
17/12/2014 01:45:00,0.0
17/12/2014 02:00:00,0.0
17/12/2014 02:15:00,0.0
17/12/2014 02:30:00,0.0
17/12/2014 02:45:00,0.0
17/12/2014 03:00:00,0.0
17/12/2014 03:15:00,0.0
17/12/2014 03:30:00,0.0
17/12/2014 03:45:00,0.0
17/12/2014 04:00:00,0.0
17/12/2014 04:15:00,0.0
17/12/2014 04:30:00,0.0
17/12/2014 04:45:00,0.0
17/12/2014 05:00:00,0.0
17/12/2014 05:15:00,0.0
17/12/2014 05:30:00,0.0
17/12/2014 05:45:00,0.0
17/12/2014 06:00:00,0.0
17/12/2014 06:15:00,0.0
17/12/2014 06:30:00,0.0
17/12/2014 06:45:00,0.0
17/12/2014 07:00:00,0.0
17/12/2014 07:15:00,0.0
17/12/2014 07:30:00,0.0
17/12/2014 07:45:00,0.0
17/12/2014 08:00:00,0.0
17/12/2014 08:15:00,0.0
17/12/2014 08:30:00,0.0
17/12/2014 08:45:00,0.0
17/12/2014 09:00:00,0.0
17/12/2014 09:15:00,0.0
17/12/2014 09:30:00,0.0
17/12/2014 09:45:00,0.0
17/12/2014 10:00:00,0.0
17/12/2014 10:15:00,0.0
17/12/2014 10:30:00,0.0
17/12/2014 10:45:00,0.0
17/12/2014 11:00:00,0.0
17/12/2014 11:15:00,0.0
17/12/2014 11:30:00,0.0
17/12/2014 11:45:00,0.0
17/12/2014 12:00:00,0.0
17/12/2014 12:15:00,0.0
17/12/2014 12:30:00,0.0
17/12/2014 12:45:00,0.0
17/12/2014 13:00:00,0.0
17/12/2014 13:15:00,0.0
17/12/2014 13:30:00,0.0
17/12/2014 13:45:00,0.0
17/12/2014 14:00:00,0.0
17/12/2014 14:15:00,0.0632
17/12/2014 14:30:00,0.382466666667
17/12/2014 14:45:00,0.3938
17/12/2014 15:00:00,0.0
17/12/2014 15:15:00,0.0
17/12/2014 15:30:00,0.0
17/12/2014 15:45:00,0.0
17/12/2014 16:00:00,0.0008
17/12/2014 16:15:00,0.3792
17/12/2014 16:30:00,0.391266666667
17/12/2014 16:45:00,0.0173333333333
17/12/2014 17:00:00,0.0
17/12/2014 17:15:00,0.0
17/12/2014 17:30:00,0.0
17/12/2014 17:45:00,0.0
17/12/2014 18:00:00,0.0
17/12/2014 18:15:00,0.0
17/12/2014 18:30:00,0.0
17/12/2014 18:45:00,0.0361333333333
17/12/2014 19:00:00,0.342533333333
17/12/2014 19:15:00,0.397733333333
17/12/2014 19:30:00,0.0
17/12/2014 19:45:00,0.00213333333333
17/12/2014 20:00:00,0.3958
17/12/2014 20:15:00,0.424066666667
17/12/2014 20:30:00,0.00353333333333
17/12/2014 20:45:00,0.337333333333
17/12/2014 21:00:00,0.3488
17/12/2014 21:15:00,0.075
17/12/2014 21:30:00,0.0
17/12/2014 21:45:00,0.0
17/12/2014 22:00:00,0.0
17/12/2014 22:15:00,0.0
17/12/2014 22:30:00,0.0
17/12/2014 22:45:00,0.0
17/12/2014 23:00:00,0.0
17/12/2014 23:15:00,0.0
17/12/2014 23:30:00,0.0
17/12/2014 23:45:00,0.0
18/12/2014 00:00:00,0.0
18/12/2014 00:15:00,0.0
18/12/2014 00:30:00,0.0
18/12/2014 00:45:00,0.0
18/12/2014 01:00:00,0.0
18/12/2014 01:15:00,0.0
18/12/2014 01:30:00,0.0
18/12/2014 01:45:00,0.0
18/12/2014 02:00:00,0.0
18/12/2014 02:15:00,0.0
18/12/2014 02:30:00,0.0
18/12/2014 02:45:00,0.0
18/12/2014 03:00:00,0.0
18/12/2014 03:15:00,0.0
18/12/2014 03:30:00,0.0
18/12/2014 03:45:00,0.0
18/12/2014 04:00:00,0.0
18/12/2014 04:15:00,0.0
18/12/2014 04:30:00,0.0
18/12/2014 04:45:00,0.0
18/12/2014 05:00:00,0.0
18/12/2014 05:15:00,0.0
18/12/2014 05:30:00,0.0
18/12/2014 05:45:00,0.0
18/12/2014 06:00:00,0.0
18/12/2014 06:15:00,0.0
18/12/2014 06:30:00,0.0
18/12/2014 06:45:00,0.0
18/12/2014 07:00:00,0.0
18/12/2014 07:15:00,0.0
18/12/2014 07:30:00,0.0
18/12/2014 07:45:00,0.0
18/12/2014 08:00:00,0.0
18/12/2014 08:15:00,0.0
18/12/2014 08:30:00,0.0
18/12/2014 08:45:00,0.0
18/12/2014 09:00:00,0.0
18/12/2014 09:15:00,0.0
18/12/2014 09:30:00,0.0
18/12/2014 09:45:00,0.0
18/12/2014 10:00:00,0.0
18/12/2014 10:15:00,0.0
18/12/2014 10:30:00,0.0
18/12/2014 10:45:00,0.0
18/12/2014 11:00:00,0.0
18/12/2014 11:15:00,0.0
18/12/2014 11:30:00,0.0
18/12/2014 11:45:00,0.0
18/12/2014 12:00:00,0.0
18/12/2014 12:15:00,0.0
18/12/2014 12:30:00,0.0
18/12/2014 12:45:00,0.0
18/12/2014 13:00:00,0.0
18/12/2014 13:15:00,0.0
18/12/2014 13:30:00,0.0
18/12/2014 13:45:00,0.0
18/12/2014 14:00:00,0.0
18/12/2014 14:15:00,0.0
18/12/2014 14:30:00,0.0
18/12/2014 14:45:00,0.0
18/12/2014 15:00:00,0.0
18/12/2014 15:15:00,0.0
18/12/2014 15:30:00,0.0
18/12/2014 15:45:00,0.0
18/12/2014 16:00:00,0.0
18/12/2014 16:15:00,0.0
18/12/2014 16:30:00,0.0
18/12/2014 16:45:00,0.0
18/12/2014 17:00:00,0.0
18/12/2014 17:15:00,0.088
18/12/2014 17:30:00,0.3992
18/12/2014 17:45:00,0.2768
18/12/2014 18:00:00,0.0
18/12/2014 18:15:00,0.0
18/12/2014 18:30:00,0.0
18/12/2014 18:45:00,0.0
18/12/2014 19:00:00,0.320266666667
18/12/2014 19:15:00,0.368266666667
18/12/2014 19:30:00,0.0621333333333
18/12/2014 19:45:00,0.0
18/12/2014 20:00:00,0.0
18/12/2014 20:15:00,0.0
18/12/2014 20:30:00,0.0
18/12/2014 20:45:00,0.0
18/12/2014 21:00:00,0.0
18/12/2014 21:15:00,0.1146
18/12/2014 21:30:00,0.305133333333
18/12/2014 21:45:00,0.3462
18/12/2014 22:00:00,0.0
18/12/2014 22:15:00,0.0
18/12/2014 22:30:00,0.0
18/12/2014 22:45:00,0.0
18/12/2014 23:00:00,0.0
18/12/2014 23:15:00,0.0
18/12/2014 23:30:00,0.0
18/12/2014 23:45:00,0.0
19/12/2014 00:00:00,0.0
19/12/2014 00:15:00,0.0
19/12/2014 00:30:00,0.0
19/12/2014 00:45:00,0.0
19/12/2014 01:00:00,0.0
19/12/2014 01:15:00,0.0
19/12/2014 01:30:00,0.0
19/12/2014 01:45:00,0.0
19/12/2014 02:00:00,0.0
19/12/2014 02:15:00,0.0
19/12/2014 02:30:00,0.0
19/12/2014 02:45:00,0.0
19/12/2014 03:00:00,0.0
19/12/2014 03:15:00,0.0
19/12/2014 03:30:00,0.0
19/12/2014 03:45:00,0.0
19/12/2014 04:00:00,0.0
19/12/2014 04:15:00,0.0
19/12/2014 04:30:00,0.0
19/12/2014 04:45:00,0.0
19/12/2014 05:00:00,0.0
19/12/2014 05:15:00,0.0
19/12/2014 05:30:00,0.0
19/12/2014 05:45:00,0.0
19/12/2014 06:00:00,0.0
19/12/2014 06:15:00,0.0
19/12/2014 06:30:00,0.0
19/12/2014 06:45:00,0.0
19/12/2014 07:00:00,0.0
19/12/2014 07:15:00,0.0
19/12/2014 07:30:00,0.0
19/12/2014 07:45:00,0.0
19/12/2014 08:00:00,0.0
19/12/2014 08:15:00,0.0
19/12/2014 08:30:00,0.0
19/12/2014 08:45:00,0.0
19/12/2014 09:00:00,0.0
19/12/2014 09:15:00,0.0
19/12/2014 09:30:00,0.0
19/12/2014 09:45:00,0.0
19/12/2014 10:00:00,0.0
19/12/2014 10:15:00,0.0
19/12/2014 10:30:00,0.0
19/12/2014 10:45:00,0.0
19/12/2014 11:00:00,0.0
19/12/2014 11:15:00,0.0
19/12/2014 11:30:00,0.0
19/12/2014 11:45:00,0.0
19/12/2014 12:00:00,0.0
19/12/2014 12:15:00,0.0
19/12/2014 12:30:00,0.0
19/12/2014 12:45:00,0.0
19/12/2014 13:00:00,0.0
19/12/2014 13:15:00,0.0
19/12/2014 13:30:00,0.0
19/12/2014 13:45:00,0.0
19/12/2014 14:00:00,0.0
19/12/2014 14:15:00,0.0
19/12/2014 14:30:00,0.0
19/12/2014 14:45:00,0.0
19/12/2014 15:00:00,0.0
19/12/2014 15:15:00,0.0
19/12/2014 15:30:00,0.0
19/12/2014 15:45:00,0.0
19/12/2014 16:00:00,0.0
19/12/2014 16:15:00,0.0
19/12/2014 16:30:00,0.0
19/12/2014 16:45:00,0.0
19/12/2014 17:00:00,0.0
19/12/2014 17:15:00,0.0
19/12/2014 17:30:00,0.0
19/12/2014 17:45:00,0.0
19/12/2014 18:00:00,0.0
19/12/2014 18:15:00,0.0
19/12/2014 18:30:00,0.0
19/12/2014 18:45:00,0.0
19/12/2014 19:00:00,0.0
19/12/2014 19:15:00,0.0
19/12/2014 19:30:00,0.0
19/12/2014 19:45:00,0.0
19/12/2014 20:00:00,0.0
19/12/2014 20:15:00,0.0
19/12/2014 20:30:00,0.0
19/12/2014 20:45:00,0.0
19/12/2014 21:00:00,0.0
19/12/2014 21:15:00,0.0
19/12/2014 21:30:00,0.0
19/12/2014 21:45:00,0.0
19/12/2014 22:00:00,0.0
19/12/2014 22:15:00,0.0
19/12/2014 22:30:00,0.0
19/12/2014 22:45:00,0.0
19/12/2014 23:00:00,0.0
19/12/2014 23:15:00,0.0
19/12/2014 23:30:00,0.0
19/12/2014 23:45:00,0.0
20/12/2014 00:00:00,0.0
20/12/2014 00:15:00,0.0
20/12/2014 00:30:00,0.0
20/12/2014 00:45:00,0.0
20/12/2014 01:00:00,0.0
20/12/2014 01:15:00,0.0
20/12/2014 01:30:00,0.0
20/12/2014 01:45:00,0.0
20/12/2014 02:00:00,0.0
20/12/2014 02:15:00,0.0
20/12/2014 02:30:00,0.0
20/12/2014 02:45:00,0.0
20/12/2014 03:00:00,0.0
20/12/2014 03:15:00,0.0
20/12/2014 03:30:00,0.0
20/12/2014 03:45:00,0.0
20/12/2014 04:00:00,0.0
20/12/2014 04:15:00,0.0
20/12/2014 04:30:00,0.0
20/12/2014 04:45:00,0.0
20/12/2014 05:00:00,0.0
20/12/2014 05:15:00,0.0
20/12/2014 05:30:00,0.0
20/12/2014 05:45:00,0.0
20/12/2014 06:00:00,0.0
20/12/2014 06:15:00,0.0
20/12/2014 06:30:00,0.0
20/12/2014 06:45:00,0.0
20/12/2014 07:00:00,0.0
20/12/2014 07:15:00,0.0
20/12/2014 07:30:00,0.0
20/12/2014 07:45:00,0.0
20/12/2014 08:00:00,0.0
20/12/2014 08:15:00,0.0
20/12/2014 08:30:00,0.0
20/12/2014 08:45:00,0.0
20/12/2014 09:00:00,0.0
20/12/2014 09:15:00,0.0
20/12/2014 09:30:00,0.0
20/12/2014 09:45:00,0.0
20/12/2014 10:00:00,0.0
20/12/2014 10:15:00,0.0
20/12/2014 10:30:00,0.0
20/12/2014 10:45:00,0.0
20/12/2014 11:00:00,0.0
20/12/2014 11:15:00,0.0
20/12/2014 11:30:00,0.0
20/12/2014 11:45:00,0.0
20/12/2014 12:00:00,0.0
20/12/2014 12:15:00,0.0
20/12/2014 12:30:00,0.0
20/12/2014 12:45:00,0.0
20/12/2014 13:00:00,0.0
20/12/2014 13:15:00,0.0
20/12/2014 13:30:00,0.0
20/12/2014 13:45:00,0.0
20/12/2014 14:00:00,0.0
20/12/2014 14:15:00,0.0
20/12/2014 14:30:00,0.0
20/12/2014 14:45:00,0.0
20/12/2014 15:00:00,0.0
20/12/2014 15:15:00,0.0
20/12/2014 15:30:00,0.0
20/12/2014 15:45:00,0.0
20/12/2014 16:00:00,0.0
20/12/2014 16:15:00,0.0
20/12/2014 16:30:00,0.0
20/12/2014 16:45:00,0.0
20/12/2014 17:00:00,0.0
20/12/2014 17:15:00,0.0
20/12/2014 17:30:00,0.0
20/12/2014 17:45:00,0.0
20/12/2014 18:00:00,0.0
20/12/2014 18:15:00,0.0
20/12/2014 18:30:00,0.0
20/12/2014 18:45:00,0.0
20/12/2014 19:00:00,0.0
20/12/2014 19:15:00,0.0
20/12/2014 19:30:00,0.0
20/12/2014 19:45:00,0.0
20/12/2014 20:00:00,0.0
20/12/2014 20:15:00,0.0
20/12/2014 20:30:00,0.0
20/12/2014 20:45:00,0.0
20/12/2014 21:00:00,0.0
20/12/2014 21:15:00,0.0
20/12/2014 21:30:00,0.0
20/12/2014 21:45:00,0.0
20/12/2014 22:00:00,0.0
20/12/2014 22:15:00,0.0
20/12/2014 22:30:00,0.0
20/12/2014 22:45:00,0.0
20/12/2014 23:00:00,0.0
20/12/2014 23:15:00,0.0
20/12/2014 23:30:00,0.0
20/12/2014 23:45:00,0.0
21/12/2014 00:00:00,0.0
21/12/2014 00:15:00,0.0
21/12/2014 00:30:00,0.0
21/12/2014 00:45:00,0.0
21/12/2014 01:00:00,0.0
21/12/2014 01:15:00,0.0
21/12/2014 01:30:00,0.0
21/12/2014 01:45:00,0.0
21/12/2014 02:00:00,0.0
21/12/2014 02:15:00,0.0
21/12/2014 02:30:00,0.0
21/12/2014 02:45:00,0.0
21/12/2014 03:00:00,0.0
21/12/2014 03:15:00,0.0
21/12/2014 03:30:00,0.0
21/12/2014 03:45:00,0.0
21/12/2014 04:00:00,0.0
21/12/2014 04:15:00,0.0
21/12/2014 04:30:00,0.0
21/12/2014 04:45:00,0.0
21/12/2014 05:00:00,0.0
21/12/2014 05:15:00,0.0
21/12/2014 05:30:00,0.0
21/12/2014 05:45:00,0.0
21/12/2014 06:00:00,0.0
21/12/2014 06:15:00,0.0
21/12/2014 06:30:00,0.0
21/12/2014 06:45:00,0.0
21/12/2014 07:00:00,0.0
21/12/2014 07:15:00,0.0
21/12/2014 07:30:00,0.0
21/12/2014 07:45:00,0.0
21/12/2014 08:00:00,0.0
21/12/2014 08:15:00,0.0
21/12/2014 08:30:00,0.0
21/12/2014 08:45:00,0.0
21/12/2014 09:00:00,0.0
21/12/2014 09:15:00,0.0
21/12/2014 09:30:00,0.0
21/12/2014 09:45:00,0.0
21/12/2014 10:00:00,0.0
21/12/2014 10:15:00,0.0
21/12/2014 10:30:00,0.0
21/12/2014 10:45:00,0.0
21/12/2014 11:00:00,0.0
21/12/2014 11:15:00,0.0
21/12/2014 11:30:00,0.0
21/12/2014 11:45:00,0.0
21/12/2014 12:00:00,0.0
21/12/2014 12:15:00,0.0
21/12/2014 12:30:00,0.0
21/12/2014 12:45:00,0.0
21/12/2014 13:00:00,0.0
21/12/2014 13:15:00,0.0
21/12/2014 13:30:00,0.0
21/12/2014 13:45:00,0.0
21/12/2014 14:00:00,0.0
21/12/2014 14:15:00,0.0
21/12/2014 14:30:00,0.0
21/12/2014 14:45:00,0.0
21/12/2014 15:00:00,0.0
21/12/2014 15:15:00,0.0
21/12/2014 15:30:00,0.0
21/12/2014 15:45:00,0.0
21/12/2014 16:00:00,0.0
21/12/2014 16:15:00,0.0
21/12/2014 16:30:00,0.0
21/12/2014 16:45:00,0.0
21/12/2014 17:00:00,0.0
21/12/2014 17:15:00,0.0
21/12/2014 17:30:00,0.0
21/12/2014 17:45:00,0.0
21/12/2014 18:00:00,0.0
21/12/2014 18:15:00,0.0
21/12/2014 18:30:00,0.0
21/12/2014 18:45:00,0.0
21/12/2014 19:00:00,0.0
21/12/2014 19:15:00,0.0
21/12/2014 19:30:00,0.0
21/12/2014 19:45:00,0.0
21/12/2014 20:00:00,0.0
21/12/2014 20:15:00,0.0
21/12/2014 20:30:00,0.0
21/12/2014 20:45:00,0.0
21/12/2014 21:00:00,0.0
21/12/2014 21:15:00,0.0
21/12/2014 21:30:00,0.0
21/12/2014 21:45:00,0.0
21/12/2014 22:00:00,0.0
21/12/2014 22:15:00,0.0
21/12/2014 22:30:00,0.0
21/12/2014 22:45:00,0.0
21/12/2014 23:00:00,0.0
21/12/2014 23:15:00,0.0
21/12/2014 23:30:00,0.0
21/12/2014 23:45:00,0.0
22/12/2014 00:00:00,0.0
22/12/2014 00:15:00,0.0
22/12/2014 00:30:00,0.0
22/12/2014 00:45:00,0.0
22/12/2014 01:00:00,0.0
22/12/2014 01:15:00,0.0
22/12/2014 01:30:00,0.0
22/12/2014 01:45:00,0.0
22/12/2014 02:00:00,0.0
22/12/2014 02:15:00,0.0
22/12/2014 02:30:00,0.0
22/12/2014 02:45:00,0.0
22/12/2014 03:00:00,0.0
22/12/2014 03:15:00,0.0
22/12/2014 03:30:00,0.0
22/12/2014 03:45:00,0.0
22/12/2014 04:00:00,0.0
22/12/2014 04:15:00,0.0
22/12/2014 04:30:00,0.0
22/12/2014 04:45:00,0.0
22/12/2014 05:00:00,0.0
22/12/2014 05:15:00,0.0
22/12/2014 05:30:00,0.0
22/12/2014 05:45:00,0.0
22/12/2014 06:00:00,0.0
22/12/2014 06:15:00,0.0
22/12/2014 06:30:00,0.0
22/12/2014 06:45:00,0.0
22/12/2014 07:00:00,0.0
22/12/2014 07:15:00,0.0
22/12/2014 07:30:00,0.0
22/12/2014 07:45:00,0.0
22/12/2014 08:00:00,0.0
22/12/2014 08:15:00,0.0
22/12/2014 08:30:00,0.0
22/12/2014 08:45:00,0.0
22/12/2014 09:00:00,0.0
22/12/2014 09:15:00,0.0
22/12/2014 09:30:00,0.0
22/12/2014 09:45:00,0.0
22/12/2014 10:00:00,0.0
22/12/2014 10:15:00,0.0
22/12/2014 10:30:00,0.0
22/12/2014 10:45:00,0.0
22/12/2014 11:00:00,0.0
22/12/2014 11:15:00,0.0
22/12/2014 11:30:00,0.0
22/12/2014 11:45:00,0.0
22/12/2014 12:00:00,0.0
22/12/2014 12:15:00,0.0
22/12/2014 12:30:00,0.0
22/12/2014 12:45:00,0.0
22/12/2014 13:00:00,0.0
22/12/2014 13:15:00,0.0
22/12/2014 13:30:00,0.0
22/12/2014 13:45:00,0.0
22/12/2014 14:00:00,0.0
22/12/2014 14:15:00,0.0
22/12/2014 14:30:00,0.0
22/12/2014 14:45:00,0.0
22/12/2014 15:00:00,0.0
22/12/2014 15:15:00,0.0
22/12/2014 15:30:00,0.0
22/12/2014 15:45:00,0.0
22/12/2014 16:00:00,0.0
22/12/2014 16:15:00,0.0
22/12/2014 16:30:00,0.0
22/12/2014 16:45:00,0.0
22/12/2014 17:00:00,0.0
22/12/2014 17:15:00,0.0
22/12/2014 17:30:00,0.0
22/12/2014 17:45:00,0.0
22/12/2014 18:00:00,0.0
22/12/2014 18:15:00,0.0
22/12/2014 18:30:00,0.0
22/12/2014 18:45:00,0.0
22/12/2014 19:00:00,0.0
22/12/2014 19:15:00,0.0
22/12/2014 19:30:00,0.0
22/12/2014 19:45:00,0.0
22/12/2014 20:00:00,0.0
22/12/2014 20:15:00,0.0
22/12/2014 20:30:00,0.0
22/12/2014 20:45:00,0.0
22/12/2014 21:00:00,0.0
22/12/2014 21:15:00,0.0
22/12/2014 21:30:00,0.0
22/12/2014 21:45:00,0.0
22/12/2014 22:00:00,0.0
22/12/2014 22:15:00,0.0
22/12/2014 22:30:00,0.0
22/12/2014 22:45:00,0.0
22/12/2014 23:00:00,0.0
22/12/2014 23:15:00,0.0
22/12/2014 23:30:00,0.0
22/12/2014 23:45:00,0.0
23/12/2014 00:00:00,0.0
23/12/2014 00:15:00,0.0
23/12/2014 00:30:00,0.0
23/12/2014 00:45:00,0.0
23/12/2014 01:00:00,0.0
23/12/2014 01:15:00,0.0
23/12/2014 01:30:00,0.0
23/12/2014 01:45:00,0.0
23/12/2014 02:00:00,0.0
23/12/2014 02:15:00,0.0
23/12/2014 02:30:00,0.0
23/12/2014 02:45:00,0.0
23/12/2014 03:00:00,0.0
23/12/2014 03:15:00,0.0
23/12/2014 03:30:00,0.0
23/12/2014 03:45:00,0.0
23/12/2014 04:00:00,0.0
23/12/2014 04:15:00,0.0
23/12/2014 04:30:00,0.0
23/12/2014 04:45:00,0.0
23/12/2014 05:00:00,0.0
23/12/2014 05:15:00,0.0
23/12/2014 05:30:00,0.0
23/12/2014 05:45:00,0.0
23/12/2014 06:00:00,0.0
23/12/2014 06:15:00,0.0
23/12/2014 06:30:00,0.0
23/12/2014 06:45:00,0.0
23/12/2014 07:00:00,0.0
23/12/2014 07:15:00,0.0
23/12/2014 07:30:00,0.0
23/12/2014 07:45:00,0.0
23/12/2014 08:00:00,0.0
23/12/2014 08:15:00,0.0
23/12/2014 08:30:00,0.0
23/12/2014 08:45:00,0.0
23/12/2014 09:00:00,0.0
23/12/2014 09:15:00,0.0
23/12/2014 09:30:00,0.0
23/12/2014 09:45:00,0.0
23/12/2014 10:00:00,0.0
23/12/2014 10:15:00,0.0
23/12/2014 10:30:00,0.0
23/12/2014 10:45:00,0.0
23/12/2014 11:00:00,0.0
23/12/2014 11:15:00,0.0
23/12/2014 11:30:00,0.0
23/12/2014 11:45:00,0.0
23/12/2014 12:00:00,0.0
23/12/2014 12:15:00,0.0
23/12/2014 12:30:00,0.0
23/12/2014 12:45:00,0.0
23/12/2014 13:00:00,0.0
23/12/2014 13:15:00,0.0
23/12/2014 13:30:00,0.0
23/12/2014 13:45:00,0.0
23/12/2014 14:00:00,0.0
23/12/2014 14:15:00,0.0
23/12/2014 14:30:00,0.0
23/12/2014 14:45:00,0.0
23/12/2014 15:00:00,0.0
23/12/2014 15:15:00,0.0
23/12/2014 15:30:00,0.0
23/12/2014 15:45:00,0.0
23/12/2014 16:00:00,0.0
23/12/2014 16:15:00,0.0
23/12/2014 16:30:00,0.0
23/12/2014 16:45:00,0.0
23/12/2014 17:00:00,0.0
23/12/2014 17:15:00,0.0
23/12/2014 17:30:00,0.0
23/12/2014 17:45:00,0.0
23/12/2014 18:00:00,0.0
23/12/2014 18:15:00,0.0
23/12/2014 18:30:00,0.0
23/12/2014 18:45:00,0.0
23/12/2014 19:00:00,0.0
23/12/2014 19:15:00,0.0
23/12/2014 19:30:00,0.0
23/12/2014 19:45:00,0.0
23/12/2014 20:00:00,0.0
23/12/2014 20:15:00,0.0
23/12/2014 20:30:00,0.0
23/12/2014 20:45:00,0.0
23/12/2014 21:00:00,0.0
23/12/2014 21:15:00,0.0
23/12/2014 21:30:00,0.0
23/12/2014 21:45:00,0.0
23/12/2014 22:00:00,0.0
23/12/2014 22:15:00,0.0
23/12/2014 22:30:00,0.0
23/12/2014 22:45:00,0.0
23/12/2014 23:00:00,0.0
23/12/2014 23:15:00,0.0
23/12/2014 23:30:00,0.0
23/12/2014 23:45:00,0.0
24/12/2014 00:00:00,0.0
24/12/2014 00:15:00,0.0
24/12/2014 00:30:00,0.0
24/12/2014 00:45:00,0.0
24/12/2014 01:00:00,0.0
24/12/2014 01:15:00,0.0
24/12/2014 01:30:00,0.0
24/12/2014 01:45:00,0.0
24/12/2014 02:00:00,0.0
24/12/2014 02:15:00,0.0
24/12/2014 02:30:00,0.0
24/12/2014 02:45:00,0.0
24/12/2014 03:00:00,0.0
24/12/2014 03:15:00,0.0
24/12/2014 03:30:00,0.0
24/12/2014 03:45:00,0.0
24/12/2014 04:00:00,0.0
24/12/2014 04:15:00,0.0
24/12/2014 04:30:00,0.0
24/12/2014 04:45:00,0.0
24/12/2014 05:00:00,0.0
24/12/2014 05:15:00,0.0
24/12/2014 05:30:00,0.0
24/12/2014 05:45:00,0.0
24/12/2014 06:00:00,0.0
24/12/2014 06:15:00,0.0
24/12/2014 06:30:00,0.0
24/12/2014 06:45:00,0.0
24/12/2014 07:00:00,0.0
24/12/2014 07:15:00,0.0
24/12/2014 07:30:00,0.0
24/12/2014 07:45:00,0.0
24/12/2014 08:00:00,0.0
24/12/2014 08:15:00,0.0
24/12/2014 08:30:00,0.0
24/12/2014 08:45:00,0.0
24/12/2014 09:00:00,0.0
24/12/2014 09:15:00,0.0
24/12/2014 09:30:00,0.0
24/12/2014 09:45:00,0.0
24/12/2014 10:00:00,0.0
24/12/2014 10:15:00,0.0
24/12/2014 10:30:00,0.0
24/12/2014 10:45:00,0.0
24/12/2014 11:00:00,0.0
24/12/2014 11:15:00,0.0
24/12/2014 11:30:00,0.0
24/12/2014 11:45:00,0.0
24/12/2014 12:00:00,0.0
24/12/2014 12:15:00,0.0
24/12/2014 12:30:00,0.0
24/12/2014 12:45:00,0.0
24/12/2014 13:00:00,0.0
24/12/2014 13:15:00,0.0
24/12/2014 13:30:00,0.0
24/12/2014 13:45:00,0.0
24/12/2014 14:00:00,0.0
24/12/2014 14:15:00,0.0
24/12/2014 14:30:00,0.0
24/12/2014 14:45:00,0.0
24/12/2014 15:00:00,0.0
24/12/2014 15:15:00,0.0
24/12/2014 15:30:00,0.0
24/12/2014 15:45:00,0.0
24/12/2014 16:00:00,0.0
24/12/2014 16:15:00,0.0
24/12/2014 16:30:00,0.0
24/12/2014 16:45:00,0.0
24/12/2014 17:00:00,0.0
24/12/2014 17:15:00,0.0
24/12/2014 17:30:00,0.0
24/12/2014 17:45:00,0.0
24/12/2014 18:00:00,0.0
24/12/2014 18:15:00,0.0
24/12/2014 18:30:00,0.0
24/12/2014 18:45:00,0.0
24/12/2014 19:00:00,0.0
24/12/2014 19:15:00,0.0
24/12/2014 19:30:00,0.0
24/12/2014 19:45:00,0.0
24/12/2014 20:00:00,0.0
24/12/2014 20:15:00,0.0
24/12/2014 20:30:00,0.0
24/12/2014 20:45:00,0.0
24/12/2014 21:00:00,0.0
24/12/2014 21:15:00,0.0
24/12/2014 21:30:00,0.0
24/12/2014 21:45:00,0.0
24/12/2014 22:00:00,0.0
24/12/2014 22:15:00,0.0
24/12/2014 22:30:00,0.0
24/12/2014 22:45:00,0.0
24/12/2014 23:00:00,0.0
24/12/2014 23:15:00,0.0
24/12/2014 23:30:00,0.0
24/12/2014 23:45:00,0.0
25/12/2014 00:00:00,0.0
25/12/2014 00:15:00,0.0
25/12/2014 00:30:00,0.0
25/12/2014 00:45:00,0.0
25/12/2014 01:00:00,0.0
25/12/2014 01:15:00,0.0
25/12/2014 01:30:00,0.0
25/12/2014 01:45:00,0.0
25/12/2014 02:00:00,0.0
25/12/2014 02:15:00,0.0
25/12/2014 02:30:00,0.0
25/12/2014 02:45:00,0.0
25/12/2014 03:00:00,0.0
25/12/2014 03:15:00,0.0
25/12/2014 03:30:00,0.0
25/12/2014 03:45:00,0.0
25/12/2014 04:00:00,0.0
25/12/2014 04:15:00,0.0
25/12/2014 04:30:00,0.0
25/12/2014 04:45:00,0.0
25/12/2014 05:00:00,0.0
25/12/2014 05:15:00,0.0
25/12/2014 05:30:00,0.0
25/12/2014 05:45:00,0.0
25/12/2014 06:00:00,0.0
25/12/2014 06:15:00,0.0
25/12/2014 06:30:00,0.0
25/12/2014 06:45:00,0.0
25/12/2014 07:00:00,0.0
25/12/2014 07:15:00,0.0
25/12/2014 07:30:00,0.0
25/12/2014 07:45:00,0.0
25/12/2014 08:00:00,0.0
25/12/2014 08:15:00,0.0
25/12/2014 08:30:00,0.0
25/12/2014 08:45:00,0.0
25/12/2014 09:00:00,0.0
25/12/2014 09:15:00,0.0
25/12/2014 09:30:00,0.0
25/12/2014 09:45:00,0.0
25/12/2014 10:00:00,0.0
25/12/2014 10:15:00,0.0
25/12/2014 10:30:00,0.0
25/12/2014 10:45:00,0.0
25/12/2014 11:00:00,0.0
25/12/2014 11:15:00,0.0
25/12/2014 11:30:00,0.0
25/12/2014 11:45:00,0.0
25/12/2014 12:00:00,0.0
25/12/2014 12:15:00,0.0
25/12/2014 12:30:00,0.0
25/12/2014 12:45:00,0.0
25/12/2014 13:00:00,0.0
25/12/2014 13:15:00,0.0
25/12/2014 13:30:00,0.0
25/12/2014 13:45:00,0.0
25/12/2014 14:00:00,0.0
25/12/2014 14:15:00,0.0
25/12/2014 14:30:00,0.0
25/12/2014 14:45:00,0.0
25/12/2014 15:00:00,0.0
25/12/2014 15:15:00,0.0
25/12/2014 15:30:00,0.0
25/12/2014 15:45:00,0.0
25/12/2014 16:00:00,0.0
25/12/2014 16:15:00,0.0
25/12/2014 16:30:00,0.0
25/12/2014 16:45:00,0.0
25/12/2014 17:00:00,0.0
25/12/2014 17:15:00,0.0
25/12/2014 17:30:00,0.0
25/12/2014 17:45:00,0.0
25/12/2014 18:00:00,0.0
25/12/2014 18:15:00,0.0
25/12/2014 18:30:00,0.0
25/12/2014 18:45:00,0.0
25/12/2014 19:00:00,0.0
25/12/2014 19:15:00,0.0
25/12/2014 19:30:00,0.0
25/12/2014 19:45:00,0.0
25/12/2014 20:00:00,0.0
25/12/2014 20:15:00,0.0
25/12/2014 20:30:00,0.0
25/12/2014 20:45:00,0.0
25/12/2014 21:00:00,0.0
25/12/2014 21:15:00,0.0
25/12/2014 21:30:00,0.0
25/12/2014 21:45:00,0.0
25/12/2014 22:00:00,0.0
25/12/2014 22:15:00,0.0
25/12/2014 22:30:00,0.0
25/12/2014 22:45:00,0.0
25/12/2014 23:00:00,0.0
25/12/2014 23:15:00,0.0
25/12/2014 23:30:00,0.0
25/12/2014 23:45:00,0.0
26/12/2014 00:00:00,0.0
26/12/2014 00:15:00,0.0
26/12/2014 00:30:00,0.0
26/12/2014 00:45:00,0.0
26/12/2014 01:00:00,0.0
26/12/2014 01:15:00,0.0
26/12/2014 01:30:00,0.0
26/12/2014 01:45:00,0.0
26/12/2014 02:00:00,0.0
26/12/2014 02:15:00,0.0
26/12/2014 02:30:00,0.0
26/12/2014 02:45:00,0.0
26/12/2014 03:00:00,0.0
26/12/2014 03:15:00,0.0
26/12/2014 03:30:00,0.0
26/12/2014 03:45:00,0.0
26/12/2014 04:00:00,0.0
26/12/2014 04:15:00,0.0
26/12/2014 04:30:00,0.0
26/12/2014 04:45:00,0.0
26/12/2014 05:00:00,0.0
26/12/2014 05:15:00,0.0
26/12/2014 05:30:00,0.0
26/12/2014 05:45:00,0.0
26/12/2014 06:00:00,0.0
26/12/2014 06:15:00,0.0
26/12/2014 06:30:00,0.0
26/12/2014 06:45:00,0.0
26/12/2014 07:00:00,0.0
26/12/2014 07:15:00,0.0
26/12/2014 07:30:00,0.0
26/12/2014 07:45:00,0.0
26/12/2014 08:00:00,0.0
26/12/2014 08:15:00,0.0
26/12/2014 08:30:00,0.0
26/12/2014 08:45:00,0.0
26/12/2014 09:00:00,0.0
26/12/2014 09:15:00,0.0
26/12/2014 09:30:00,0.0
26/12/2014 09:45:00,0.0
26/12/2014 10:00:00,0.0
26/12/2014 10:15:00,0.0
26/12/2014 10:30:00,0.0
26/12/2014 10:45:00,0.0
26/12/2014 11:00:00,0.0
26/12/2014 11:15:00,0.0
26/12/2014 11:30:00,0.0
26/12/2014 11:45:00,0.0
26/12/2014 12:00:00,0.0
26/12/2014 12:15:00,0.0
26/12/2014 12:30:00,0.0
26/12/2014 12:45:00,0.0
26/12/2014 13:00:00,0.0
26/12/2014 13:15:00,0.0
26/12/2014 13:30:00,0.0
26/12/2014 13:45:00,0.0
26/12/2014 14:00:00,0.0
26/12/2014 14:15:00,0.0
26/12/2014 14:30:00,0.0
26/12/2014 14:45:00,0.0
26/12/2014 15:00:00,0.0
26/12/2014 15:15:00,0.0
26/12/2014 15:30:00,0.0
26/12/2014 15:45:00,0.0
26/12/2014 16:00:00,0.0
26/12/2014 16:15:00,0.0
26/12/2014 16:30:00,0.0
26/12/2014 16:45:00,0.0
26/12/2014 17:00:00,0.0
26/12/2014 17:15:00,0.0
26/12/2014 17:30:00,0.0
26/12/2014 17:45:00,0.0
26/12/2014 18:00:00,0.0
26/12/2014 18:15:00,0.0
26/12/2014 18:30:00,0.0
26/12/2014 18:45:00,0.0
26/12/2014 19:00:00,0.0
26/12/2014 19:15:00,0.0
26/12/2014 19:30:00,0.0
26/12/2014 19:45:00,0.0
26/12/2014 20:00:00,0.0
26/12/2014 20:15:00,0.0
26/12/2014 20:30:00,0.0
26/12/2014 20:45:00,0.0
26/12/2014 21:00:00,0.0
26/12/2014 21:15:00,0.0
26/12/2014 21:30:00,0.0
26/12/2014 21:45:00,0.0
26/12/2014 22:00:00,0.0
26/12/2014 22:15:00,0.0
26/12/2014 22:30:00,0.0
26/12/2014 22:45:00,0.0
26/12/2014 23:00:00,0.0
26/12/2014 23:15:00,0.0
26/12/2014 23:30:00,0.0
26/12/2014 23:45:00,0.0
27/12/2014 00:00:00,0.0
27/12/2014 00:15:00,0.0
27/12/2014 00:30:00,0.0
27/12/2014 00:45:00,0.0
27/12/2014 01:00:00,0.0
27/12/2014 01:15:00,0.0
27/12/2014 01:30:00,0.0
27/12/2014 01:45:00,0.0
27/12/2014 02:00:00,0.0
27/12/2014 02:15:00,0.0
27/12/2014 02:30:00,0.0
27/12/2014 02:45:00,0.0
27/12/2014 03:00:00,0.0
27/12/2014 03:15:00,0.0
27/12/2014 03:30:00,0.0
27/12/2014 03:45:00,0.0
27/12/2014 04:00:00,0.0
27/12/2014 04:15:00,0.0
27/12/2014 04:30:00,0.0
27/12/2014 04:45:00,0.0
27/12/2014 05:00:00,0.0
27/12/2014 05:15:00,0.0
27/12/2014 05:30:00,0.0
27/12/2014 05:45:00,0.0
27/12/2014 06:00:00,0.0
27/12/2014 06:15:00,0.0
27/12/2014 06:30:00,0.0
27/12/2014 06:45:00,0.0
27/12/2014 07:00:00,0.0
27/12/2014 07:15:00,0.0
27/12/2014 07:30:00,0.0
27/12/2014 07:45:00,0.0
27/12/2014 08:00:00,0.0
27/12/2014 08:15:00,0.0
27/12/2014 08:30:00,0.0
27/12/2014 08:45:00,0.0
27/12/2014 09:00:00,0.0
27/12/2014 09:15:00,0.0
27/12/2014 09:30:00,0.0
27/12/2014 09:45:00,0.0
27/12/2014 10:00:00,0.0
27/12/2014 10:15:00,0.0
27/12/2014 10:30:00,0.0
27/12/2014 10:45:00,0.0
27/12/2014 11:00:00,0.0
27/12/2014 11:15:00,0.0
27/12/2014 11:30:00,0.0
27/12/2014 11:45:00,0.0
27/12/2014 12:00:00,0.0
27/12/2014 12:15:00,0.0
27/12/2014 12:30:00,0.0
27/12/2014 12:45:00,0.0
27/12/2014 13:00:00,0.0
27/12/2014 13:15:00,0.0
27/12/2014 13:30:00,0.0
27/12/2014 13:45:00,0.0
27/12/2014 14:00:00,0.0
27/12/2014 14:15:00,0.0
27/12/2014 14:30:00,0.0
27/12/2014 14:45:00,0.0
27/12/2014 15:00:00,0.0
27/12/2014 15:15:00,0.0
27/12/2014 15:30:00,0.0
27/12/2014 15:45:00,0.0
27/12/2014 16:00:00,0.0
27/12/2014 16:15:00,0.0
27/12/2014 16:30:00,0.0
27/12/2014 16:45:00,0.0
27/12/2014 17:00:00,0.0
27/12/2014 17:15:00,0.0
27/12/2014 17:30:00,0.0
27/12/2014 17:45:00,0.0
27/12/2014 18:00:00,0.0
27/12/2014 18:15:00,0.0
27/12/2014 18:30:00,0.0
27/12/2014 18:45:00,0.0
27/12/2014 19:00:00,0.0
27/12/2014 19:15:00,0.0
27/12/2014 19:30:00,0.0
27/12/2014 19:45:00,0.0
27/12/2014 20:00:00,0.0
27/12/2014 20:15:00,0.0
27/12/2014 20:30:00,0.0
27/12/2014 20:45:00,0.0
27/12/2014 21:00:00,0.0
27/12/2014 21:15:00,0.0
27/12/2014 21:30:00,0.0
27/12/2014 21:45:00,0.0
27/12/2014 22:00:00,0.0
27/12/2014 22:15:00,0.0
27/12/2014 22:30:00,0.0
27/12/2014 22:45:00,0.0
27/12/2014 23:00:00,0.0
27/12/2014 23:15:00,0.0
27/12/2014 23:30:00,0.0
27/12/2014 23:45:00,0.0
28/12/2014 00:00:00,0.0
28/12/2014 00:15:00,0.0
28/12/2014 00:30:00,0.0
28/12/2014 00:45:00,0.0
28/12/2014 01:00:00,0.0
28/12/2014 01:15:00,0.0
28/12/2014 01:30:00,0.0
28/12/2014 01:45:00,0.0
28/12/2014 02:00:00,0.0
28/12/2014 02:15:00,0.0
28/12/2014 02:30:00,0.0
28/12/2014 02:45:00,0.0
28/12/2014 03:00:00,0.0
28/12/2014 03:15:00,0.0
28/12/2014 03:30:00,0.0
28/12/2014 03:45:00,0.0
28/12/2014 04:00:00,0.0
28/12/2014 04:15:00,0.0
28/12/2014 04:30:00,0.0
28/12/2014 04:45:00,0.0
28/12/2014 05:00:00,0.0
28/12/2014 05:15:00,0.0
28/12/2014 05:30:00,0.0
28/12/2014 05:45:00,0.0
28/12/2014 06:00:00,0.0
28/12/2014 06:15:00,0.0
28/12/2014 06:30:00,0.0
28/12/2014 06:45:00,0.0
28/12/2014 07:00:00,0.0
28/12/2014 07:15:00,0.0
28/12/2014 07:30:00,0.0
28/12/2014 07:45:00,0.0
28/12/2014 08:00:00,0.0
28/12/2014 08:15:00,0.0
28/12/2014 08:30:00,0.0
28/12/2014 08:45:00,0.0
28/12/2014 09:00:00,0.0
28/12/2014 09:15:00,0.0
28/12/2014 09:30:00,0.0
28/12/2014 09:45:00,0.0
28/12/2014 10:00:00,0.0
28/12/2014 10:15:00,0.0
28/12/2014 10:30:00,0.0
28/12/2014 10:45:00,0.0
28/12/2014 11:00:00,0.0
28/12/2014 11:15:00,0.0
28/12/2014 11:30:00,0.0
28/12/2014 11:45:00,0.0
28/12/2014 12:00:00,0.0
28/12/2014 12:15:00,0.0
28/12/2014 12:30:00,0.0
28/12/2014 12:45:00,0.0
28/12/2014 13:00:00,0.0
28/12/2014 13:15:00,0.0
28/12/2014 13:30:00,0.0
28/12/2014 13:45:00,0.0
28/12/2014 14:00:00,0.0
28/12/2014 14:15:00,0.0
28/12/2014 14:30:00,0.0
28/12/2014 14:45:00,0.0
28/12/2014 15:00:00,0.0
28/12/2014 15:15:00,0.0
28/12/2014 15:30:00,0.0
28/12/2014 15:45:00,0.0
28/12/2014 16:00:00,0.0
28/12/2014 16:15:00,0.0
28/12/2014 16:30:00,0.0
28/12/2014 16:45:00,0.0
28/12/2014 17:00:00,0.0
28/12/2014 17:15:00,0.0
28/12/2014 17:30:00,0.0
28/12/2014 17:45:00,0.0
28/12/2014 18:00:00,0.0
28/12/2014 18:15:00,0.0
28/12/2014 18:30:00,0.0
28/12/2014 18:45:00,0.0
28/12/2014 19:00:00,0.0
28/12/2014 19:15:00,0.0
28/12/2014 19:30:00,0.0
28/12/2014 19:45:00,0.0
28/12/2014 20:00:00,0.0
28/12/2014 20:15:00,0.0
28/12/2014 20:30:00,0.0
28/12/2014 20:45:00,0.0
28/12/2014 21:00:00,0.0
28/12/2014 21:15:00,0.0
28/12/2014 21:30:00,0.0
28/12/2014 21:45:00,0.0
28/12/2014 22:00:00,0.0
28/12/2014 22:15:00,0.0
28/12/2014 22:30:00,0.0
28/12/2014 22:45:00,0.0
28/12/2014 23:00:00,0.0
28/12/2014 23:15:00,0.0
28/12/2014 23:30:00,0.0
28/12/2014 23:45:00,0.0
29/12/2014 00:00:00,0.0
29/12/2014 00:15:00,0.0
29/12/2014 00:30:00,0.0
29/12/2014 00:45:00,0.0
29/12/2014 01:00:00,0.0
29/12/2014 01:15:00,0.0
29/12/2014 01:30:00,0.0
29/12/2014 01:45:00,0.0
29/12/2014 02:00:00,0.0
29/12/2014 02:15:00,0.0
29/12/2014 02:30:00,0.0
29/12/2014 02:45:00,0.0
29/12/2014 03:00:00,0.0
29/12/2014 03:15:00,0.0
29/12/2014 03:30:00,0.0
29/12/2014 03:45:00,0.0
29/12/2014 04:00:00,0.0
29/12/2014 04:15:00,0.0
29/12/2014 04:30:00,0.0
29/12/2014 04:45:00,0.0
29/12/2014 05:00:00,0.0
29/12/2014 05:15:00,0.0
29/12/2014 05:30:00,0.0
29/12/2014 05:45:00,0.0
29/12/2014 06:00:00,0.0
29/12/2014 06:15:00,0.0
29/12/2014 06:30:00,0.0
29/12/2014 06:45:00,0.0
29/12/2014 07:00:00,0.0
29/12/2014 07:15:00,0.0
29/12/2014 07:30:00,0.0
29/12/2014 07:45:00,0.0
29/12/2014 08:00:00,0.0
29/12/2014 08:15:00,0.0
29/12/2014 08:30:00,0.0
29/12/2014 08:45:00,0.0
29/12/2014 09:00:00,0.0
29/12/2014 09:15:00,0.0
29/12/2014 09:30:00,0.0
29/12/2014 09:45:00,0.0
29/12/2014 10:00:00,0.0
29/12/2014 10:15:00,0.0
29/12/2014 10:30:00,0.0
29/12/2014 10:45:00,0.0
29/12/2014 11:00:00,0.0
29/12/2014 11:15:00,0.0
29/12/2014 11:30:00,0.0
29/12/2014 11:45:00,0.0
29/12/2014 12:00:00,0.0
29/12/2014 12:15:00,0.0
29/12/2014 12:30:00,0.0
29/12/2014 12:45:00,0.0
29/12/2014 13:00:00,0.0
29/12/2014 13:15:00,0.0
29/12/2014 13:30:00,0.0
29/12/2014 13:45:00,0.0
29/12/2014 14:00:00,0.0
29/12/2014 14:15:00,0.0
29/12/2014 14:30:00,0.0
29/12/2014 14:45:00,0.0
29/12/2014 15:00:00,0.0
29/12/2014 15:15:00,0.0
29/12/2014 15:30:00,0.0
29/12/2014 15:45:00,0.0
29/12/2014 16:00:00,0.0
29/12/2014 16:15:00,0.0
29/12/2014 16:30:00,0.0
29/12/2014 16:45:00,0.0
29/12/2014 17:00:00,0.0
29/12/2014 17:15:00,0.0
29/12/2014 17:30:00,0.0
29/12/2014 17:45:00,0.0
29/12/2014 18:00:00,0.0
29/12/2014 18:15:00,0.0
29/12/2014 18:30:00,0.0
29/12/2014 18:45:00,0.0
29/12/2014 19:00:00,0.0
29/12/2014 19:15:00,0.0
29/12/2014 19:30:00,0.0
29/12/2014 19:45:00,0.0
29/12/2014 20:00:00,0.0
29/12/2014 20:15:00,0.0
29/12/2014 20:30:00,0.0
29/12/2014 20:45:00,0.0
29/12/2014 21:00:00,0.0
29/12/2014 21:15:00,0.0
29/12/2014 21:30:00,0.0
29/12/2014 21:45:00,0.0
29/12/2014 22:00:00,0.0
29/12/2014 22:15:00,0.0
29/12/2014 22:30:00,0.0
29/12/2014 22:45:00,0.0
29/12/2014 23:00:00,0.0
29/12/2014 23:15:00,0.0
29/12/2014 23:30:00,0.0
29/12/2014 23:45:00,0.0
30/12/2014 00:00:00,0.0
30/12/2014 00:15:00,0.0
30/12/2014 00:30:00,0.0
30/12/2014 00:45:00,0.0
30/12/2014 01:00:00,0.0
30/12/2014 01:15:00,0.0
30/12/2014 01:30:00,0.0
30/12/2014 01:45:00,0.0
30/12/2014 02:00:00,0.0
30/12/2014 02:15:00,0.0
30/12/2014 02:30:00,0.0
30/12/2014 02:45:00,0.0
30/12/2014 03:00:00,0.0
30/12/2014 03:15:00,0.0
30/12/2014 03:30:00,0.0
30/12/2014 03:45:00,0.0
30/12/2014 04:00:00,0.0
30/12/2014 04:15:00,0.0
30/12/2014 04:30:00,0.0
30/12/2014 04:45:00,0.0
30/12/2014 05:00:00,0.0
30/12/2014 05:15:00,0.0
30/12/2014 05:30:00,0.0
30/12/2014 05:45:00,0.0
30/12/2014 06:00:00,0.0
30/12/2014 06:15:00,0.0
30/12/2014 06:30:00,0.0
30/12/2014 06:45:00,0.0
30/12/2014 07:00:00,0.0
30/12/2014 07:15:00,0.0
30/12/2014 07:30:00,0.0
30/12/2014 07:45:00,0.0
30/12/2014 08:00:00,0.0
30/12/2014 08:15:00,0.0
30/12/2014 08:30:00,0.0
30/12/2014 08:45:00,0.0
30/12/2014 09:00:00,0.0
30/12/2014 09:15:00,0.0
30/12/2014 09:30:00,0.0
30/12/2014 09:45:00,0.0
30/12/2014 10:00:00,0.0
30/12/2014 10:15:00,0.0
30/12/2014 10:30:00,0.0
30/12/2014 10:45:00,0.0
30/12/2014 11:00:00,0.0
30/12/2014 11:15:00,0.0
30/12/2014 11:30:00,0.0
30/12/2014 11:45:00,0.0
30/12/2014 12:00:00,0.0
30/12/2014 12:15:00,0.0
30/12/2014 12:30:00,0.0
30/12/2014 12:45:00,0.0
30/12/2014 13:00:00,0.0
30/12/2014 13:15:00,0.0
30/12/2014 13:30:00,0.0
30/12/2014 13:45:00,0.0
30/12/2014 14:00:00,0.0
30/12/2014 14:15:00,0.0
30/12/2014 14:30:00,0.0
30/12/2014 14:45:00,0.0
30/12/2014 15:00:00,0.0
30/12/2014 15:15:00,0.0
30/12/2014 15:30:00,0.0
30/12/2014 15:45:00,0.0
30/12/2014 16:00:00,0.0
30/12/2014 16:15:00,0.0
30/12/2014 16:30:00,0.0
30/12/2014 16:45:00,0.0
30/12/2014 17:00:00,0.0
30/12/2014 17:15:00,0.0
30/12/2014 17:30:00,0.0
30/12/2014 17:45:00,0.0
30/12/2014 18:00:00,0.0
30/12/2014 18:15:00,0.0
30/12/2014 18:30:00,0.0
30/12/2014 18:45:00,0.0
30/12/2014 19:00:00,0.0
30/12/2014 19:15:00,0.0
30/12/2014 19:30:00,0.0
30/12/2014 19:45:00,0.0
30/12/2014 20:00:00,0.0
30/12/2014 20:15:00,0.0
30/12/2014 20:30:00,0.0
30/12/2014 20:45:00,0.0
30/12/2014 21:00:00,0.0
30/12/2014 21:15:00,0.0
30/12/2014 21:30:00,0.0
30/12/2014 21:45:00,0.0
30/12/2014 22:00:00,0.0
30/12/2014 22:15:00,0.0
30/12/2014 22:30:00,0.0
30/12/2014 22:45:00,0.0
30/12/2014 23:00:00,0.0
30/12/2014 23:15:00,0.0
30/12/2014 23:30:00,0.0
30/12/2014 23:45:00,0.0
31/12/2014 00:00:00,0.0
31/12/2014 00:15:00,0.0
31/12/2014 00:30:00,0.0
31/12/2014 00:45:00,0.0
31/12/2014 01:00:00,0.0
31/12/2014 01:15:00,0.0
31/12/2014 01:30:00,0.0
31/12/2014 01:45:00,0.0
31/12/2014 02:00:00,0.0
31/12/2014 02:15:00,0.0
31/12/2014 02:30:00,0.0
31/12/2014 02:45:00,0.0
31/12/2014 03:00:00,0.0
31/12/2014 03:15:00,0.0
31/12/2014 03:30:00,0.0
31/12/2014 03:45:00,0.0
31/12/2014 04:00:00,0.0
31/12/2014 04:15:00,0.0
31/12/2014 04:30:00,0.0
31/12/2014 04:45:00,0.0
31/12/2014 05:00:00,0.0
31/12/2014 05:15:00,0.0
31/12/2014 05:30:00,0.0
31/12/2014 05:45:00,0.0
31/12/2014 06:00:00,0.0
31/12/2014 06:15:00,0.0
31/12/2014 06:30:00,0.0
31/12/2014 06:45:00,0.0
31/12/2014 07:00:00,0.0
31/12/2014 07:15:00,0.0
31/12/2014 07:30:00,0.0
31/12/2014 07:45:00,0.0
31/12/2014 08:00:00,0.0
31/12/2014 08:15:00,0.0
31/12/2014 08:30:00,0.0
31/12/2014 08:45:00,0.0
31/12/2014 09:00:00,0.0
31/12/2014 09:15:00,0.0
31/12/2014 09:30:00,0.0
31/12/2014 09:45:00,0.0
31/12/2014 10:00:00,0.0
31/12/2014 10:15:00,0.0
31/12/2014 10:30:00,0.0
31/12/2014 10:45:00,0.0
31/12/2014 11:00:00,0.0
31/12/2014 11:15:00,0.0
31/12/2014 11:30:00,0.0
31/12/2014 11:45:00,0.0
31/12/2014 12:00:00,0.0
31/12/2014 12:15:00,0.296933333333
31/12/2014 12:30:00,0.348133333333
31/12/2014 12:45:00,0.186866666667
31/12/2014 13:00:00,0.0
31/12/2014 13:15:00,0.0
31/12/2014 13:30:00,0.0
31/12/2014 13:45:00,0.0
31/12/2014 14:00:00,0.0
31/12/2014 14:15:00,0.0
31/12/2014 14:30:00,0.0
31/12/2014 14:45:00,0.0
31/12/2014 15:00:00,0.0
31/12/2014 15:15:00,0.0
31/12/2014 15:30:00,0.0
31/12/2014 15:45:00,0.0
31/12/2014 16:00:00,0.0
31/12/2014 16:15:00,0.0
31/12/2014 16:30:00,0.0
31/12/2014 16:45:00,0.0
31/12/2014 17:00:00,0.0
31/12/2014 17:15:00,0.0
31/12/2014 17:30:00,0.0
31/12/2014 17:45:00,0.0
31/12/2014 18:00:00,0.0
31/12/2014 18:15:00,0.0
31/12/2014 18:30:00,0.0
31/12/2014 18:45:00,0.0
31/12/2014 19:00:00,0.0
31/12/2014 19:15:00,0.0
31/12/2014 19:30:00,0.0
31/12/2014 19:45:00,0.0
31/12/2014 20:00:00,0.0
31/12/2014 20:15:00,0.0
31/12/2014 20:30:00,0.0
31/12/2014 20:45:00,0.0
31/12/2014 21:00:00,0.0
31/12/2014 21:15:00,0.0
31/12/2014 21:30:00,0.0
31/12/2014 21:45:00,0.0
31/12/2014 22:00:00,0.0
31/12/2014 22:15:00,0.0
31/12/2014 22:30:00,0.0
31/12/2014 22:45:00,0.0
31/12/2014 23:00:00,0.0
31/12/2014 23:15:00,0.0
31/12/2014 23:30:00,0.0
31/12/2014 23:45:00,0.0
01/01/2015 00:00:00,0.0
