01/01/2014 00:00:00,0.143066666667
01/01/2014 00:15:00,0.0478666666667
01/01/2014 00:30:00,0.136466666667
01/01/2014 00:45:00,0.139066666667
01/01/2014 01:00:00,0.147466666667
01/01/2014 01:15:00,0.154
01/01/2014 01:30:00,0.1538
01/01/2014 01:45:00,0.1572
01/01/2014 02:00:00,0.160533333333
01/01/2014 02:15:00,0.156866666667
01/01/2014 02:30:00,0.1668
01/01/2014 02:45:00,0.172066666667
01/01/2014 03:00:00,0.1632
01/01/2014 03:15:00,0.1706
01/01/2014 03:30:00,0.177266666667
01/01/2014 03:45:00,0.1736
01/01/2014 04:00:00,0.164466666667
01/01/2014 04:15:00,0.182066666667
01/01/2014 04:30:00,0.197133333333
01/01/2014 04:45:00,0.2688
01/01/2014 05:00:00,0.160466666667
01/01/2014 05:15:00,0.504866666667
01/01/2014 05:30:00,0.470666666667
01/01/2014 05:45:00,0.374466666667
01/01/2014 06:00:00,0.420266666667
01/01/2014 06:15:00,0.3792
01/01/2014 06:30:00,0.258666666667
01/01/2014 06:45:00,0.307733333333
01/01/2014 07:00:00,0.383666666667
01/01/2014 07:15:00,0.624266666667
01/01/2014 07:30:00,0.326533333333
01/01/2014 07:45:00,0.267466666667
01/01/2014 08:00:00,0.264866666667
01/01/2014 08:15:00,0.221333333333
01/01/2014 08:30:00,0.2358
01/01/2014 08:45:00,0.234133333333
01/01/2014 09:00:00,0.210733333333
01/01/2014 09:15:00,0.199466666667
01/01/2014 09:30:00,0.182666666667
01/01/2014 09:45:00,0.1896
01/01/2014 10:00:00,0.162466666667
01/01/2014 10:15:00,0.159533333333
01/01/2014 10:30:00,0.198333333333
01/01/2014 10:45:00,0.222133333333
01/01/2014 11:00:00,0.174466666667
01/01/2014 11:15:00,0.142733333333
01/01/2014 11:30:00,0.142866666667
01/01/2014 11:45:00,0.0486666666667
01/01/2014 12:00:00,0.097
01/01/2014 12:15:00,0.126333333333
01/01/2014 12:30:00,0.011
01/01/2014 12:45:00,0.1218
01/01/2014 13:00:00,0.01
01/01/2014 13:15:00,0.01
01/01/2014 13:30:00,0.01
01/01/2014 13:45:00,0.01
01/01/2014 14:00:00,0.00986666666667
01/01/2014 14:15:00,0.009
01/01/2014 14:30:00,0.00906666666667
01/01/2014 14:45:00,0.00906666666667
01/01/2014 15:00:00,0.01
01/01/2014 15:15:00,0.01
01/01/2014 15:30:00,0.01
01/01/2014 15:45:00,0.00986666666667
01/01/2014 16:00:00,0.01
01/01/2014 16:15:00,0.0098
01/01/2014 16:30:00,0.009
01/01/2014 16:45:00,0.009
01/01/2014 17:00:00,0.009
01/01/2014 17:15:00,0.00993333333333
01/01/2014 17:30:00,0.00986666666667
01/01/2014 17:45:00,0.0092
01/01/2014 18:00:00,0.00906666666667
01/01/2014 18:15:00,0.139
01/01/2014 18:30:00,0.153666666667
01/01/2014 18:45:00,0.1432
01/01/2014 19:00:00,0.139933333333
01/01/2014 19:15:00,0.142533333333
01/01/2014 19:30:00,0.1372
01/01/2014 19:45:00,0.136733333333
01/01/2014 20:00:00,0.137
01/01/2014 20:15:00,0.140533333333
01/01/2014 20:30:00,0.1376
01/01/2014 20:45:00,0.137533333333
01/01/2014 21:00:00,0.138666666667
01/01/2014 21:15:00,0.00906666666667
01/01/2014 21:30:00,0.1378
01/01/2014 21:45:00,0.131533333333
01/01/2014 22:00:00,0.00986666666667
01/01/2014 22:15:00,0.01
01/01/2014 22:30:00,0.01
01/01/2014 22:45:00,0.01
01/01/2014 23:00:00,0.01
01/01/2014 23:15:00,0.01
01/01/2014 23:30:00,0.00973333333333
01/01/2014 23:45:00,0.009
02/01/2014 00:00:00,0.00946666666667
02/01/2014 00:15:00,0.00946666666667
02/01/2014 00:30:00,0.01
02/01/2014 00:45:00,0.01
02/01/2014 01:00:00,0.01
02/01/2014 01:15:00,0.01
02/01/2014 01:30:00,0.01
02/01/2014 01:45:00,0.01
02/01/2014 02:00:00,0.00933333333333
02/01/2014 02:15:00,0.009
02/01/2014 02:30:00,0.00913333333333
02/01/2014 02:45:00,0.0098
02/01/2014 03:00:00,0.01
02/01/2014 03:15:00,0.01
02/01/2014 03:30:00,0.00993333333333
02/01/2014 03:45:00,0.01
02/01/2014 04:00:00,0.01
02/01/2014 04:15:00,0.0098
02/01/2014 04:30:00,0.1044
02/01/2014 04:45:00,0.239866666667
02/01/2014 05:00:00,0.2672
02/01/2014 05:15:00,0.4484
02/01/2014 05:30:00,0.659733333333
02/01/2014 05:45:00,0.3882
02/01/2014 06:00:00,0.358666666667
02/01/2014 06:15:00,0.298133333333
02/01/2014 06:30:00,0.614533333333
02/01/2014 06:45:00,0.281933333333
02/01/2014 07:00:00,0.211333333333
02/01/2014 07:15:00,0.306066666667
02/01/2014 07:30:00,0.188133333333
02/01/2014 07:45:00,0.266733333333
02/01/2014 08:00:00,0.1822
02/01/2014 08:15:00,0.2452
02/01/2014 08:30:00,0.216666666667
02/01/2014 08:45:00,0.2484
02/01/2014 09:00:00,0.265
02/01/2014 09:15:00,0.263733333333
02/01/2014 09:30:00,0.243066666667
02/01/2014 09:45:00,0.2206
02/01/2014 10:00:00,0.213066666667
02/01/2014 10:15:00,0.183266666667
02/01/2014 10:30:00,0.193733333333
02/01/2014 10:45:00,0.214266666667
02/01/2014 11:00:00,0.2174
02/01/2014 11:15:00,0.190666666667
02/01/2014 11:30:00,0.207266666667
02/01/2014 11:45:00,0.2198
02/01/2014 12:00:00,0.246933333333
02/01/2014 12:15:00,0.198733333333
02/01/2014 12:30:00,0.157
02/01/2014 12:45:00,0.1542
02/01/2014 13:00:00,0.150733333333
02/01/2014 13:15:00,0.432533333333
02/01/2014 13:30:00,0.114066666667
02/01/2014 13:45:00,0.258133333333
02/01/2014 14:00:00,0.2218
02/01/2014 14:15:00,0.218266666667
02/01/2014 14:30:00,0.01
02/01/2014 14:45:00,0.2194
02/01/2014 15:00:00,0.01
02/01/2014 15:15:00,0.01
02/01/2014 15:30:00,0.01
02/01/2014 15:45:00,0.1496
02/01/2014 16:00:00,0.1418
02/01/2014 16:15:00,0.152066666667
02/01/2014 16:30:00,0.1372
02/01/2014 16:45:00,0.140733333333
02/01/2014 17:00:00,0.00993333333333
02/01/2014 17:15:00,0.130133333333
02/01/2014 17:30:00,0.01
02/01/2014 17:45:00,0.130333333333
02/01/2014 18:00:00,0.1394
02/01/2014 18:15:00,0.1498
02/01/2014 18:30:00,0.262133333333
02/01/2014 18:45:00,0.2362
02/01/2014 19:00:00,0.253066666667
02/01/2014 19:15:00,0.238133333333
02/01/2014 19:30:00,0.2686
02/01/2014 19:45:00,0.2796
02/01/2014 20:00:00,0.254266666667
02/01/2014 20:15:00,0.2422
02/01/2014 20:30:00,0.2596
02/01/2014 20:45:00,0.2324
02/01/2014 21:00:00,0.218466666667
02/01/2014 21:15:00,0.009
02/01/2014 21:30:00,0.157733333333
02/01/2014 21:45:00,0.182
02/01/2014 22:00:00,0.00946666666667
02/01/2014 22:15:00,0.01
02/01/2014 22:30:00,0.01
02/01/2014 22:45:00,0.01
02/01/2014 23:00:00,0.01
02/01/2014 23:15:00,0.01
02/01/2014 23:30:00,0.0092
02/01/2014 23:45:00,0.009
03/01/2014 00:00:00,0.0094
03/01/2014 00:15:00,0.01
03/01/2014 00:30:00,0.0155333333333
03/01/2014 00:45:00,0.1596
03/01/2014 01:00:00,0.180266666667
03/01/2014 01:15:00,0.169133333333
03/01/2014 01:30:00,0.198666666667
03/01/2014 01:45:00,0.189666666667
03/01/2014 02:00:00,0.1826
03/01/2014 02:15:00,0.1844
03/01/2014 02:30:00,0.171733333333
03/01/2014 02:45:00,0.198333333333
03/01/2014 03:00:00,0.208266666667
03/01/2014 03:15:00,0.194933333333
03/01/2014 03:30:00,0.210066666667
03/01/2014 03:45:00,0.257066666667
03/01/2014 04:00:00,0.244533333333
03/01/2014 04:15:00,0.240533333333
03/01/2014 04:30:00,0.237266666667
03/01/2014 04:45:00,0.267933333333
03/01/2014 05:00:00,0.288266666667
03/01/2014 05:15:00,0.667666666667
03/01/2014 05:30:00,0.6598
03/01/2014 05:45:00,0.424866666667
03/01/2014 06:00:00,0.368
03/01/2014 06:15:00,0.6434
03/01/2014 06:30:00,0.6016
03/01/2014 06:45:00,0.392866666667
03/01/2014 07:00:00,0.232466666667
03/01/2014 07:15:00,0.212666666667
03/01/2014 07:30:00,0.365866666667
03/01/2014 07:45:00,0.3086
03/01/2014 08:00:00,0.318066666667
03/01/2014 08:15:00,0.254333333333
03/01/2014 08:30:00,0.2792
03/01/2014 08:45:00,0.177466666667
03/01/2014 09:00:00,0.283133333333
03/01/2014 09:15:00,0.166533333333
03/01/2014 09:30:00,0.2926
03/01/2014 09:45:00,0.191266666667
03/01/2014 10:00:00,0.25
03/01/2014 10:15:00,0.286733333333
03/01/2014 10:30:00,0.1916
03/01/2014 10:45:00,0.184866666667
03/01/2014 11:00:00,0.180933333333
03/01/2014 11:15:00,0.211533333333
03/01/2014 11:30:00,0.187333333333
03/01/2014 11:45:00,0.176133333333
03/01/2014 12:00:00,0.277266666667
03/01/2014 12:15:00,0.1626
03/01/2014 12:30:00,0.0925333333333
03/01/2014 12:45:00,0.0963333333333
03/01/2014 13:00:00,0.1428
03/01/2014 13:15:00,0.1408
03/01/2014 13:30:00,0.134133333333
03/01/2014 13:45:00,0.206
03/01/2014 14:00:00,0.0288666666667
03/01/2014 14:15:00,0.123933333333
03/01/2014 14:30:00,0.01
03/01/2014 14:45:00,0.01
03/01/2014 15:00:00,0.01
03/01/2014 15:15:00,0.01
03/01/2014 15:30:00,0.01
03/01/2014 15:45:00,0.00993333333333
03/01/2014 16:00:00,0.00993333333333
03/01/2014 16:15:00,0.01
03/01/2014 16:30:00,0.01
03/01/2014 16:45:00,0.01
03/01/2014 17:00:00,0.01
03/01/2014 17:15:00,0.01
03/01/2014 17:30:00,0.01
03/01/2014 17:45:00,0.01
03/01/2014 18:00:00,0.01
03/01/2014 18:15:00,0.00913333333333
03/01/2014 18:30:00,0.152066666667
03/01/2014 18:45:00,0.1474
03/01/2014 19:00:00,0.160866666667
03/01/2014 19:15:00,0.254133333333
03/01/2014 19:30:00,0.0096
03/01/2014 19:45:00,0.244466666667
03/01/2014 20:00:00,0.243133333333
03/01/2014 20:15:00,0.2464
03/01/2014 20:30:00,0.2472
03/01/2014 20:45:00,0.183666666667
03/01/2014 21:00:00,0.2316
03/01/2014 21:15:00,0.139266666667
03/01/2014 21:30:00,0.01
03/01/2014 21:45:00,0.01
03/01/2014 22:00:00,0.01
03/01/2014 22:15:00,0.01
03/01/2014 22:30:00,0.01
03/01/2014 22:45:00,0.01
03/01/2014 23:00:00,0.00986666666667
03/01/2014 23:15:00,0.00993333333333
03/01/2014 23:30:00,0.01
03/01/2014 23:45:00,0.01
04/01/2014 00:00:00,0.01
04/01/2014 00:15:00,0.01
04/01/2014 00:30:00,0.01
04/01/2014 00:45:00,0.01
04/01/2014 01:00:00,0.01
04/01/2014 01:15:00,0.00986666666667
04/01/2014 01:30:00,0.00993333333333
04/01/2014 01:45:00,0.00986666666667
04/01/2014 02:00:00,0.084
04/01/2014 02:15:00,0.2056
04/01/2014 02:30:00,0.151466666667
04/01/2014 02:45:00,0.158
04/01/2014 03:00:00,0.160666666667
04/01/2014 03:15:00,0.154533333333
04/01/2014 03:30:00,0.165066666667
04/01/2014 03:45:00,0.261333333333
04/01/2014 04:00:00,0.214733333333
04/01/2014 04:15:00,0.181133333333
04/01/2014 04:30:00,0.163533333333
04/01/2014 04:45:00,0.160333333333
04/01/2014 05:00:00,0.307533333333
04/01/2014 05:15:00,0.6626
04/01/2014 05:30:00,0.668666666667
04/01/2014 05:45:00,0.5692
04/01/2014 06:00:00,0.391933333333
04/01/2014 06:15:00,0.2398
04/01/2014 06:30:00,0.309533333333
04/01/2014 06:45:00,0.273866666667
04/01/2014 07:00:00,0.259466666667
04/01/2014 07:15:00,0.167466666667
04/01/2014 07:30:00,0.177466666667
04/01/2014 07:45:00,0.2556
04/01/2014 08:00:00,0.3494
04/01/2014 08:15:00,0.271733333333
04/01/2014 08:30:00,0.2284
04/01/2014 08:45:00,0.139066666667
04/01/2014 09:00:00,0.138933333333
04/01/2014 09:15:00,0.1398
04/01/2014 09:30:00,0.146533333333
04/01/2014 09:45:00,0.1462
04/01/2014 10:00:00,0.146266666667
04/01/2014 10:15:00,0.132
04/01/2014 10:30:00,0.0110666666667
04/01/2014 10:45:00,0.139733333333
04/01/2014 11:00:00,0.098
04/01/2014 11:15:00,0.0379333333333
04/01/2014 11:30:00,0.01
04/01/2014 11:45:00,0.01
04/01/2014 12:00:00,0.01
04/01/2014 12:15:00,0.01
04/01/2014 12:30:00,0.01
04/01/2014 12:45:00,0.01
04/01/2014 13:00:00,0.01
04/01/2014 13:15:00,0.01
04/01/2014 13:30:00,0.01
04/01/2014 13:45:00,0.01
04/01/2014 14:00:00,0.01
04/01/2014 14:15:00,0.01
04/01/2014 14:30:00,0.01
04/01/2014 14:45:00,0.01
04/01/2014 15:00:00,0.01
04/01/2014 15:15:00,0.0107333333333
04/01/2014 15:30:00,0.01
04/01/2014 15:45:00,0.01
04/01/2014 16:00:00,0.01
04/01/2014 16:15:00,0.01
04/01/2014 16:30:00,0.01
04/01/2014 16:45:00,0.01
04/01/2014 17:00:00,0.01
04/01/2014 17:15:00,0.01
04/01/2014 17:30:00,0.00946666666667
04/01/2014 17:45:00,0.009
04/01/2014 18:00:00,0.009
04/01/2014 18:15:00,0.0092
04/01/2014 18:30:00,0.01
04/01/2014 18:45:00,0.01
04/01/2014 19:00:00,0.01
04/01/2014 19:15:00,0.01
04/01/2014 19:30:00,0.01
04/01/2014 19:45:00,0.01
04/01/2014 20:00:00,0.0096
04/01/2014 20:15:00,0.00913333333333
04/01/2014 20:30:00,0.0096
04/01/2014 20:45:00,0.01
04/01/2014 21:00:00,0.01
04/01/2014 21:15:00,0.01
04/01/2014 21:30:00,0.01
04/01/2014 21:45:00,0.01
04/01/2014 22:00:00,0.01
04/01/2014 22:15:00,0.01
04/01/2014 22:30:00,0.01
04/01/2014 22:45:00,0.01
04/01/2014 23:00:00,0.01
04/01/2014 23:15:00,0.01
04/01/2014 23:30:00,0.01
04/01/2014 23:45:00,0.01
05/01/2014 00:00:00,0.01
05/01/2014 00:15:00,0.01
05/01/2014 00:30:00,0.01
05/01/2014 00:45:00,0.01
05/01/2014 01:00:00,0.01
05/01/2014 01:15:00,0.01
05/01/2014 01:30:00,0.01
05/01/2014 01:45:00,0.01
05/01/2014 02:00:00,0.01
05/01/2014 02:15:00,0.01
05/01/2014 02:30:00,0.01
05/01/2014 02:45:00,0.01
05/01/2014 03:00:00,0.01
05/01/2014 03:15:00,0.01
05/01/2014 03:30:00,0.01
05/01/2014 03:45:00,0.01
05/01/2014 04:00:00,0.01
05/01/2014 04:15:00,0.01
05/01/2014 04:30:00,0.01
05/01/2014 04:45:00,0.01
05/01/2014 05:00:00,0.01
05/01/2014 05:15:00,0.01
05/01/2014 05:30:00,0.022
05/01/2014 05:45:00,0.186733333333
05/01/2014 06:00:00,0.159066666667
05/01/2014 06:15:00,0.368733333333
05/01/2014 06:30:00,0.350466666667
05/01/2014 06:45:00,0.1752
05/01/2014 07:00:00,0.1422
05/01/2014 07:15:00,0.145866666667
05/01/2014 07:30:00,0.1564
05/01/2014 07:45:00,0.156
05/01/2014 08:00:00,0.1596
05/01/2014 08:15:00,0.1486
05/01/2014 08:30:00,0.265066666667
05/01/2014 08:45:00,0.297133333333
05/01/2014 09:00:00,0.333333333333
05/01/2014 09:15:00,0.302466666667
05/01/2014 09:30:00,0.176066666667
05/01/2014 09:45:00,0.2504
05/01/2014 10:00:00,0.159466666667
05/01/2014 10:15:00,0.171933333333
05/01/2014 10:30:00,0.222066666667
05/01/2014 10:45:00,0.244066666667
05/01/2014 11:00:00,0.162533333333
05/01/2014 11:15:00,0.1626
05/01/2014 11:30:00,0.163133333333
05/01/2014 11:45:00,0.1556
05/01/2014 12:00:00,0.155933333333
05/01/2014 12:15:00,0.156266666667
05/01/2014 12:30:00,0.1528
05/01/2014 12:45:00,0.238466666667
05/01/2014 13:00:00,0.2396
05/01/2014 13:15:00,0.135
05/01/2014 13:30:00,0.132266666667
05/01/2014 13:45:00,0.1428
05/01/2014 14:00:00,0.139866666667
05/01/2014 14:15:00,0.139933333333
05/01/2014 14:30:00,0.00986666666667
05/01/2014 14:45:00,0.129666666667
05/01/2014 15:00:00,0.0094
05/01/2014 15:15:00,0.009
05/01/2014 15:30:00,0.0478666666667
05/01/2014 15:45:00,0.106133333333
05/01/2014 16:00:00,0.138266666667
05/01/2014 16:15:00,0.148533333333
05/01/2014 16:30:00,0.133533333333
05/01/2014 16:45:00,0.00913333333333
05/01/2014 17:00:00,0.1374
05/01/2014 17:15:00,0.009
05/01/2014 17:30:00,0.009
05/01/2014 17:45:00,0.130666666667
05/01/2014 18:00:00,0.265266666667
05/01/2014 18:15:00,0.301133333333
05/01/2014 18:30:00,0.3684
05/01/2014 18:45:00,0.279933333333
05/01/2014 19:00:00,0.282066666667
05/01/2014 19:15:00,0.2442
05/01/2014 19:30:00,0.115866666667
05/01/2014 19:45:00,0.00966666666667
05/01/2014 20:00:00,0.151666666667
05/01/2014 20:15:00,0.1762
05/01/2014 20:30:00,0.182933333333
05/01/2014 20:45:00,0.193266666667
05/01/2014 21:00:00,0.189933333333
05/01/2014 21:15:00,0.1782
05/01/2014 21:30:00,0.304533333333
05/01/2014 21:45:00,0.286066666667
05/01/2014 22:00:00,0.140333333333
05/01/2014 22:15:00,0.144133333333
05/01/2014 22:30:00,0.157266666667
05/01/2014 22:45:00,0.164266666667
05/01/2014 23:00:00,0.167533333333
05/01/2014 23:15:00,0.173866666667
05/01/2014 23:30:00,0.189
05/01/2014 23:45:00,0.211666666667
06/01/2014 00:00:00,0.2248
06/01/2014 00:15:00,0.2344
06/01/2014 00:30:00,0.233866666667
06/01/2014 00:45:00,0.247733333333
06/01/2014 01:00:00,0.2338
06/01/2014 01:15:00,0.244266666667
06/01/2014 01:30:00,0.2404
06/01/2014 01:45:00,0.264133333333
06/01/2014 02:00:00,0.253466666667
06/01/2014 02:15:00,0.273466666667
06/01/2014 02:30:00,0.2704
06/01/2014 02:45:00,0.290866666667
06/01/2014 03:00:00,0.300133333333
06/01/2014 03:15:00,0.2882
06/01/2014 03:30:00,0.294133333333
06/01/2014 03:45:00,0.280866666667
06/01/2014 04:00:00,0.2732
06/01/2014 04:15:00,0.293066666667
06/01/2014 04:30:00,0.273933333333
06/01/2014 04:45:00,0.302266666667
06/01/2014 05:00:00,0.295733333333
06/01/2014 05:15:00,0.6848
06/01/2014 05:30:00,0.6682
06/01/2014 05:45:00,0.532466666667
06/01/2014 06:00:00,0.455
06/01/2014 06:15:00,0.483666666667
06/01/2014 06:30:00,0.443133333333
06/01/2014 06:45:00,0.508866666667
06/01/2014 07:00:00,0.645933333333
06/01/2014 07:15:00,0.533866666667
06/01/2014 07:30:00,0.2804
06/01/2014 07:45:00,0.4268
06/01/2014 08:00:00,0.445133333333
06/01/2014 08:15:00,0.3884
06/01/2014 08:30:00,0.350666666667
06/01/2014 08:45:00,0.3682
06/01/2014 09:00:00,0.412333333333
06/01/2014 09:15:00,0.513733333333
06/01/2014 09:30:00,0.364
06/01/2014 09:45:00,0.360666666667
06/01/2014 10:00:00,0.306533333333
06/01/2014 10:15:00,0.381866666667
06/01/2014 10:30:00,0.444866666667
06/01/2014 10:45:00,0.419666666667
06/01/2014 11:00:00,0.327133333333
06/01/2014 11:15:00,0.3254
06/01/2014 11:30:00,0.3278
06/01/2014 11:45:00,0.337133333333
06/01/2014 12:00:00,0.326533333333
06/01/2014 12:15:00,0.3216
06/01/2014 12:30:00,0.319533333333
06/01/2014 12:45:00,0.308533333333
06/01/2014 13:00:00,0.176733333333
06/01/2014 13:15:00,0.1736
06/01/2014 13:30:00,0.3298
06/01/2014 13:45:00,0.235733333333
06/01/2014 14:00:00,0.2394
06/01/2014 14:15:00,0.232333333333
06/01/2014 14:30:00,0.232466666667
06/01/2014 14:45:00,0.228933333333
06/01/2014 15:00:00,0.225466666667
06/01/2014 15:15:00,0.219466666667
06/01/2014 15:30:00,0.228
06/01/2014 15:45:00,0.237333333333
06/01/2014 16:00:00,0.1714
06/01/2014 16:15:00,0.282533333333
06/01/2014 16:30:00,0.251066666667
06/01/2014 16:45:00,0.283
06/01/2014 17:00:00,0.258066666667
06/01/2014 17:15:00,0.3772
06/01/2014 17:30:00,0.371666666667
06/01/2014 17:45:00,0.1964
06/01/2014 18:00:00,0.272933333333
06/01/2014 18:15:00,0.2552
06/01/2014 18:30:00,0.2382
06/01/2014 18:45:00,0.248733333333
06/01/2014 19:00:00,0.263866666667
06/01/2014 19:15:00,0.281866666667
06/01/2014 19:30:00,0.356133333333
06/01/2014 19:45:00,0.328933333333
06/01/2014 20:00:00,0.321666666667
06/01/2014 20:15:00,0.299266666667
06/01/2014 20:30:00,0.261733333333
06/01/2014 20:45:00,0.276133333333
06/01/2014 21:00:00,0.295266666667
06/01/2014 21:15:00,0.291
06/01/2014 21:30:00,0.156533333333
06/01/2014 21:45:00,0.190866666667
06/01/2014 22:00:00,0.009
06/01/2014 22:15:00,0.00946666666667
06/01/2014 22:30:00,0.00953333333333
06/01/2014 22:45:00,0.01
06/01/2014 23:00:00,0.00993333333333
06/01/2014 23:15:00,0.164866666667
06/01/2014 23:30:00,0.163666666667
06/01/2014 23:45:00,0.1836
07/01/2014 00:00:00,0.179666666667
07/01/2014 00:15:00,0.183266666667
07/01/2014 00:30:00,0.229733333333
07/01/2014 00:45:00,0.220333333333
07/01/2014 01:00:00,0.2526
07/01/2014 01:15:00,0.2524
07/01/2014 01:30:00,0.409333333333
07/01/2014 01:45:00,0.245
07/01/2014 02:00:00,0.224733333333
07/01/2014 02:15:00,0.2216
07/01/2014 02:30:00,0.278866666667
07/01/2014 02:45:00,0.281933333333
07/01/2014 03:00:00,0.384466666667
07/01/2014 03:15:00,0.326133333333
07/01/2014 03:30:00,0.2558
07/01/2014 03:45:00,0.292666666667
07/01/2014 04:00:00,0.295666666667
07/01/2014 04:15:00,0.295533333333
07/01/2014 04:30:00,0.318533333333
07/01/2014 04:45:00,0.3356
07/01/2014 05:00:00,0.453266666667
07/01/2014 05:15:00,0.671666666667
07/01/2014 05:30:00,0.679733333333
07/01/2014 05:45:00,0.623666666667
07/01/2014 06:00:00,0.626666666667
07/01/2014 06:15:00,0.623
07/01/2014 06:30:00,0.464533333333
07/01/2014 06:45:00,0.2596
07/01/2014 07:00:00,0.273066666667
07/01/2014 07:15:00,0.589933333333
07/01/2014 07:30:00,0.4308
07/01/2014 07:45:00,0.3822
07/01/2014 08:00:00,0.3132
07/01/2014 08:15:00,0.376266666667
07/01/2014 08:30:00,0.360933333333
07/01/2014 08:45:00,0.260066666667
07/01/2014 09:00:00,0.325733333333
07/01/2014 09:15:00,0.3144
07/01/2014 09:30:00,0.271866666667
07/01/2014 09:45:00,0.244933333333
07/01/2014 10:00:00,0.300666666667
07/01/2014 10:15:00,0.344866666667
07/01/2014 10:30:00,0.2066
07/01/2014 10:45:00,0.341733333333
07/01/2014 11:00:00,0.2104
07/01/2014 11:15:00,0.213466666667
07/01/2014 11:30:00,0.210466666667
07/01/2014 11:45:00,0.2066
07/01/2014 12:00:00,0.313
07/01/2014 12:15:00,0.2812
07/01/2014 12:30:00,0.255933333333
07/01/2014 12:45:00,0.2744
07/01/2014 13:00:00,0.193733333333
07/01/2014 13:15:00,0.153733333333
07/01/2014 13:30:00,0.150533333333
07/01/2014 13:45:00,0.261133333333
07/01/2014 14:00:00,0.227933333333
07/01/2014 14:15:00,0.224066666667
07/01/2014 14:30:00,0.132933333333
07/01/2014 14:45:00,0.237866666667
07/01/2014 15:00:00,0.223866666667
07/01/2014 15:15:00,0.144133333333
07/01/2014 15:30:00,0.139466666667
07/01/2014 15:45:00,0.350866666667
07/01/2014 16:00:00,0.348133333333
07/01/2014 16:15:00,0.258066666667
07/01/2014 16:30:00,0.164866666667
07/01/2014 16:45:00,0.174466666667
07/01/2014 17:00:00,0.178
07/01/2014 17:15:00,0.178
07/01/2014 17:30:00,0.188866666667
07/01/2014 17:45:00,0.275533333333
07/01/2014 18:00:00,0.274466666667
07/01/2014 18:15:00,0.255933333333
07/01/2014 18:30:00,0.303133333333
07/01/2014 18:45:00,0.260866666667
07/01/2014 19:00:00,0.2248
07/01/2014 19:15:00,0.3244
07/01/2014 19:30:00,0.215266666667
07/01/2014 19:45:00,0.259733333333
07/01/2014 20:00:00,0.255866666667
07/01/2014 20:15:00,0.235533333333
07/01/2014 20:30:00,0.2008
07/01/2014 20:45:00,0.00953333333333
07/01/2014 21:00:00,0.171733333333
07/01/2014 21:15:00,0.1618
07/01/2014 21:30:00,0.174866666667
07/01/2014 21:45:00,0.191533333333
07/01/2014 22:00:00,0.009
07/01/2014 22:15:00,0.00993333333333
07/01/2014 22:30:00,0.01
07/01/2014 22:45:00,0.01
07/01/2014 23:00:00,0.00986666666667
07/01/2014 23:15:00,0.01
07/01/2014 23:30:00,0.152466666667
07/01/2014 23:45:00,0.147466666667
08/01/2014 00:00:00,0.1498
08/01/2014 00:15:00,0.146266666667
08/01/2014 00:30:00,0.149866666667
08/01/2014 00:45:00,0.1794
08/01/2014 01:00:00,0.207733333333
08/01/2014 01:15:00,0.225266666667
08/01/2014 01:30:00,0.185466666667
08/01/2014 01:45:00,0.176533333333
08/01/2014 02:00:00,0.16
08/01/2014 02:15:00,0.1568
08/01/2014 02:30:00,0.215466666667
08/01/2014 02:45:00,0.243
08/01/2014 03:00:00,0.1564
08/01/2014 03:15:00,0.166266666667
08/01/2014 03:30:00,0.183266666667
08/01/2014 03:45:00,0.186266666667
08/01/2014 04:00:00,0.185466666667
08/01/2014 04:15:00,0.165666666667
08/01/2014 04:30:00,0.172466666667
08/01/2014 04:45:00,0.198733333333
08/01/2014 05:00:00,0.486466666667
08/01/2014 05:15:00,0.646533333333
08/01/2014 05:30:00,0.305333333333
08/01/2014 05:45:00,0.365733333333
08/01/2014 06:00:00,0.363466666667
08/01/2014 06:15:00,0.2932
08/01/2014 06:30:00,0.2592
08/01/2014 06:45:00,0.415066666667
08/01/2014 07:00:00,0.625133333333
08/01/2014 07:15:00,0.3028
08/01/2014 07:30:00,0.256866666667
08/01/2014 07:45:00,0.2494
08/01/2014 08:00:00,0.239266666667
08/01/2014 08:15:00,0.0108666666667
08/01/2014 08:30:00,0.1026
08/01/2014 08:45:00,0.199133333333
08/01/2014 09:00:00,0.168266666667
08/01/2014 09:15:00,0.171
08/01/2014 09:30:00,0.184866666667
08/01/2014 09:45:00,0.174133333333
08/01/2014 10:00:00,0.240066666667
08/01/2014 10:15:00,0.257933333333
08/01/2014 10:30:00,0.1426
08/01/2014 10:45:00,0.112533333333
08/01/2014 11:00:00,0.236333333333
08/01/2014 11:15:00,0.220933333333
08/01/2014 11:30:00,0.1764
08/01/2014 11:45:00,0.163733333333
08/01/2014 12:00:00,0.196066666667
08/01/2014 12:15:00,0.172133333333
08/01/2014 12:30:00,0.351866666667
08/01/2014 12:45:00,0.236933333333
08/01/2014 13:00:00,0.240666666667
08/01/2014 13:15:00,0.2278
08/01/2014 13:30:00,0.248666666667
08/01/2014 13:45:00,0.241333333333
08/01/2014 14:00:00,0.164666666667
08/01/2014 14:15:00,0.158
08/01/2014 14:30:00,0.192933333333
08/01/2014 14:45:00,0.223266666667
08/01/2014 15:00:00,0.173266666667
08/01/2014 15:15:00,0.142466666667
08/01/2014 15:30:00,0.247733333333
08/01/2014 15:45:00,0.204333333333
08/01/2014 16:00:00,0.214533333333
08/01/2014 16:15:00,0.187866666667
08/01/2014 16:30:00,0.216
08/01/2014 16:45:00,0.295066666667
08/01/2014 17:00:00,0.201733333333
08/01/2014 17:15:00,0.160066666667
08/01/2014 17:30:00,0.156466666667
08/01/2014 17:45:00,0.154
08/01/2014 18:00:00,0.1508
08/01/2014 18:15:00,0.0094
08/01/2014 18:30:00,0.0098
08/01/2014 18:45:00,0.00953333333333
08/01/2014 19:00:00,0.009
08/01/2014 19:15:00,0.1326
08/01/2014 19:30:00,0.128466666667
08/01/2014 19:45:00,0.145333333333
08/01/2014 20:00:00,0.152666666667
08/01/2014 20:15:00,0.149466666667
08/01/2014 20:30:00,0.148733333333
08/01/2014 20:45:00,0.1562
08/01/2014 21:00:00,0.162133333333
08/01/2014 21:15:00,0.158666666667
08/01/2014 21:30:00,0.161933333333
08/01/2014 21:45:00,0.1552
08/01/2014 22:00:00,0.158333333333
08/01/2014 22:15:00,0.1552
08/01/2014 22:30:00,0.01
08/01/2014 22:45:00,0.01
08/01/2014 23:00:00,0.01
08/01/2014 23:15:00,0.01
08/01/2014 23:30:00,0.01
08/01/2014 23:45:00,0.01
09/01/2014 00:00:00,0.00906666666667
09/01/2014 00:15:00,0.00906666666667
09/01/2014 00:30:00,0.0094
09/01/2014 00:45:00,0.01
09/01/2014 01:00:00,0.01
09/01/2014 01:15:00,0.01
09/01/2014 01:30:00,0.01
09/01/2014 01:45:00,0.01
09/01/2014 02:00:00,0.01
09/01/2014 02:15:00,0.0098
09/01/2014 02:30:00,0.009
09/01/2014 02:45:00,0.009
09/01/2014 03:00:00,0.00946666666667
09/01/2014 03:15:00,0.01
09/01/2014 03:30:00,0.01
09/01/2014 03:45:00,0.125066666667
09/01/2014 04:00:00,0.01
09/01/2014 04:15:00,0.130066666667
09/01/2014 04:30:00,0.1338
09/01/2014 04:45:00,0.00966666666667
09/01/2014 05:00:00,0.1388
09/01/2014 05:15:00,0.249466666667
09/01/2014 05:30:00,0.3414
09/01/2014 05:45:00,0.1348
09/01/2014 06:00:00,0.0146
09/01/2014 06:15:00,0.229666666667
09/01/2014 06:30:00,0.223333333333
09/01/2014 06:45:00,0.228533333333
09/01/2014 07:00:00,0.213466666667
09/01/2014 07:15:00,0.2088
09/01/2014 07:30:00,0.009
09/01/2014 07:45:00,0.0520666666667
09/01/2014 08:00:00,0.114666666667
09/01/2014 08:15:00,0.149466666667
09/01/2014 08:30:00,0.1398
09/01/2014 08:45:00,0.139866666667
09/01/2014 09:00:00,0.1398
09/01/2014 09:15:00,0.143466666667
09/01/2014 09:30:00,0.01
09/01/2014 09:45:00,0.1398
09/01/2014 10:00:00,0.0096
09/01/2014 10:15:00,0.009
09/01/2014 10:30:00,0.01
09/01/2014 10:45:00,0.3412
09/01/2014 11:00:00,0.0902666666667
09/01/2014 11:15:00,0.148666666667
09/01/2014 11:30:00,0.2592
09/01/2014 11:45:00,0.1516
09/01/2014 12:00:00,0.144733333333
09/01/2014 12:15:00,0.135133333333
09/01/2014 12:30:00,0.127
09/01/2014 12:45:00,0.0246666666667
09/01/2014 13:00:00,0.117533333333
09/01/2014 13:15:00,0.125666666667
09/01/2014 13:30:00,0.01
09/01/2014 13:45:00,0.01
09/01/2014 14:00:00,0.01
09/01/2014 14:15:00,0.01
09/01/2014 14:30:00,0.0096
09/01/2014 14:45:00,0.01
09/01/2014 15:00:00,0.0094
09/01/2014 15:15:00,0.00966666666667
09/01/2014 15:30:00,0.01
09/01/2014 15:45:00,0.01
09/01/2014 16:00:00,0.01
09/01/2014 16:15:00,0.01
09/01/2014 16:30:00,0.01
09/01/2014 16:45:00,0.00966666666667
09/01/2014 17:00:00,0.0096
09/01/2014 17:15:00,0.009
09/01/2014 17:30:00,0.00906666666667
09/01/2014 17:45:00,0.00993333333333
09/01/2014 18:00:00,0.0092
09/01/2014 18:15:00,0.0096
09/01/2014 18:30:00,0.00926666666667
09/01/2014 18:45:00,0.009
09/01/2014 19:00:00,0.00993333333333
09/01/2014 19:15:00,0.00966666666667
09/01/2014 19:30:00,0.009
09/01/2014 19:45:00,0.009
09/01/2014 20:00:00,0.00906666666667
09/01/2014 20:15:00,0.01
09/01/2014 20:30:00,0.01
09/01/2014 20:45:00,0.01
09/01/2014 21:00:00,0.01
09/01/2014 21:15:00,0.01
09/01/2014 21:30:00,0.00973333333333
09/01/2014 21:45:00,0.00946666666667
09/01/2014 22:00:00,0.009
09/01/2014 22:15:00,0.009
09/01/2014 22:30:00,0.00973333333333
09/01/2014 22:45:00,0.01
09/01/2014 23:00:00,0.01
09/01/2014 23:15:00,0.01
09/01/2014 23:30:00,0.01
09/01/2014 23:45:00,0.01
10/01/2014 00:00:00,0.01
10/01/2014 00:15:00,0.0094
10/01/2014 00:30:00,0.009
10/01/2014 00:45:00,0.0094
10/01/2014 01:00:00,0.00926666666667
10/01/2014 01:15:00,0.01
10/01/2014 01:30:00,0.01
10/01/2014 01:45:00,0.01
10/01/2014 02:00:00,0.01
10/01/2014 02:15:00,0.01
10/01/2014 02:30:00,0.01
10/01/2014 02:45:00,0.00966666666667
10/01/2014 03:00:00,0.0094
10/01/2014 03:15:00,0.009
10/01/2014 03:30:00,0.00933333333333
10/01/2014 03:45:00,0.01
10/01/2014 04:00:00,0.01
10/01/2014 04:15:00,0.01
10/01/2014 04:30:00,0.01
10/01/2014 04:45:00,0.01
10/01/2014 05:00:00,0.01
10/01/2014 05:15:00,0.00926666666667
10/01/2014 05:30:00,0.009
10/01/2014 05:45:00,0.009
10/01/2014 06:00:00,0.0094
10/01/2014 06:15:00,0.1264
10/01/2014 06:30:00,0.01
10/01/2014 06:45:00,0.00953333333333
10/01/2014 07:00:00,0.00933333333333
10/01/2014 07:15:00,0.009
10/01/2014 07:30:00,0.00966666666667
10/01/2014 07:45:00,0.0092
10/01/2014 08:00:00,0.009
10/01/2014 08:15:00,0.009
10/01/2014 08:30:00,0.009
10/01/2014 08:45:00,0.00926666666667
10/01/2014 09:00:00,0.0098
10/01/2014 09:15:00,0.00913333333333
10/01/2014 09:30:00,0.0092
10/01/2014 09:45:00,0.00953333333333
10/01/2014 10:00:00,0.0092
10/01/2014 10:15:00,0.009
10/01/2014 10:30:00,0.009
10/01/2014 10:45:00,0.009
10/01/2014 11:00:00,0.00953333333333
10/01/2014 11:15:00,0.00926666666667
10/01/2014 11:30:00,0.009
10/01/2014 11:45:00,0.00906666666667
10/01/2014 12:00:00,0.00906666666667
10/01/2014 12:15:00,0.00993333333333
10/01/2014 12:30:00,0.00993333333333
10/01/2014 12:45:00,0.009
10/01/2014 13:00:00,0.009
10/01/2014 13:15:00,0.009
10/01/2014 13:30:00,0.00953333333333
10/01/2014 13:45:00,0.00993333333333
10/01/2014 14:00:00,0.01
10/01/2014 14:15:00,0.01
10/01/2014 14:30:00,0.01
10/01/2014 14:45:00,0.01
10/01/2014 15:00:00,0.00966666666667
10/01/2014 15:15:00,0.009
10/01/2014 15:30:00,0.00946666666667
10/01/2014 15:45:00,0.00966666666667
10/01/2014 16:00:00,0.00946666666667
10/01/2014 16:15:00,0.0096
10/01/2014 16:30:00,0.01
10/01/2014 16:45:00,0.0096
10/01/2014 17:00:00,0.009
10/01/2014 17:15:00,0.00946666666667
10/01/2014 17:30:00,0.00926666666667
10/01/2014 17:45:00,0.009
10/01/2014 18:00:00,0.00906666666667
10/01/2014 18:15:00,0.009
10/01/2014 18:30:00,0.00926666666667
10/01/2014 18:45:00,0.00906666666667
10/01/2014 19:00:00,0.00913333333333
10/01/2014 19:15:00,0.01
10/01/2014 19:30:00,0.01
10/01/2014 19:45:00,0.01
10/01/2014 20:00:00,0.0096
10/01/2014 20:15:00,0.009
10/01/2014 20:30:00,0.009
10/01/2014 20:45:00,0.009
10/01/2014 21:00:00,0.0092
10/01/2014 21:15:00,0.01
10/01/2014 21:30:00,0.01
10/01/2014 21:45:00,0.01
10/01/2014 22:00:00,0.01
10/01/2014 22:15:00,0.01
10/01/2014 22:30:00,0.01
10/01/2014 22:45:00,0.00946666666667
10/01/2014 23:00:00,0.009
10/01/2014 23:15:00,0.00906666666667
10/01/2014 23:30:00,0.00973333333333
10/01/2014 23:45:00,0.00993333333333
11/01/2014 00:00:00,0.01
11/01/2014 00:15:00,0.01
11/01/2014 00:30:00,0.01
11/01/2014 00:45:00,0.01
11/01/2014 01:00:00,0.01
11/01/2014 01:15:00,0.00973333333333
11/01/2014 01:30:00,0.00933333333333
11/01/2014 01:45:00,0.0094
11/01/2014 02:00:00,0.009
11/01/2014 02:15:00,0.0098
11/01/2014 02:30:00,0.01
11/01/2014 02:45:00,0.01
11/01/2014 03:00:00,0.01
11/01/2014 03:15:00,0.01
11/01/2014 03:30:00,0.01
11/01/2014 03:45:00,0.00993333333333
11/01/2014 04:00:00,0.009
11/01/2014 04:15:00,0.009
11/01/2014 04:30:00,0.009
11/01/2014 04:45:00,0.00986666666667
11/01/2014 05:00:00,0.01
11/01/2014 05:15:00,0.01
11/01/2014 05:30:00,0.01
11/01/2014 05:45:00,0.01
11/01/2014 06:00:00,0.01
11/01/2014 06:15:00,0.169333333333
11/01/2014 06:30:00,0.1598
11/01/2014 06:45:00,0.145466666667
11/01/2014 07:00:00,0.141933333333
11/01/2014 07:15:00,0.142333333333
11/01/2014 07:30:00,0.1426
11/01/2014 07:45:00,0.145933333333
11/01/2014 08:00:00,0.132266666667
11/01/2014 08:15:00,0.00906666666667
11/01/2014 08:30:00,0.127866666667
11/01/2014 08:45:00,0.00973333333333
11/01/2014 09:00:00,0.00913333333333
11/01/2014 09:15:00,0.009
11/01/2014 09:30:00,0.00953333333333
11/01/2014 09:45:00,0.01
11/01/2014 10:00:00,0.01
11/01/2014 10:15:00,0.01
11/01/2014 10:30:00,0.01
11/01/2014 10:45:00,0.01
11/01/2014 11:00:00,0.01
11/01/2014 11:15:00,0.00973333333333
11/01/2014 11:30:00,0.00973333333333
11/01/2014 11:45:00,0.01
11/01/2014 12:00:00,0.01
11/01/2014 12:15:00,0.01
11/01/2014 12:30:00,0.01
11/01/2014 12:45:00,0.01
11/01/2014 13:00:00,0.01
11/01/2014 13:15:00,0.01
11/01/2014 13:30:00,0.01
11/01/2014 13:45:00,0.01
11/01/2014 14:00:00,0.01
11/01/2014 14:15:00,0.01
11/01/2014 14:30:00,0.01
11/01/2014 14:45:00,0.01
11/01/2014 15:00:00,0.01
11/01/2014 15:15:00,0.01
11/01/2014 15:30:00,0.01
11/01/2014 15:45:00,0.01
11/01/2014 16:00:00,0.01
11/01/2014 16:15:00,0.009
11/01/2014 16:30:00,0.009
11/01/2014 16:45:00,0.009
11/01/2014 17:00:00,0.0096
11/01/2014 17:15:00,0.00933333333333
11/01/2014 17:30:00,0.0098
11/01/2014 17:45:00,0.009
11/01/2014 18:00:00,0.009
11/01/2014 18:15:00,0.009
11/01/2014 18:30:00,0.009
11/01/2014 18:45:00,0.009
11/01/2014 19:00:00,0.00913333333333
11/01/2014 19:15:00,0.009
11/01/2014 19:30:00,0.00986666666667
11/01/2014 19:45:00,0.01
11/01/2014 20:00:00,0.01
11/01/2014 20:15:00,0.01
11/01/2014 20:30:00,0.01
11/01/2014 20:45:00,0.01
11/01/2014 21:00:00,0.01
11/01/2014 21:15:00,0.00913333333333
11/01/2014 21:30:00,0.009
11/01/2014 21:45:00,0.009
11/01/2014 22:00:00,0.0098
11/01/2014 22:15:00,0.01
11/01/2014 22:30:00,0.01
11/01/2014 22:45:00,0.01
11/01/2014 23:00:00,0.01
11/01/2014 23:15:00,0.01
11/01/2014 23:30:00,0.00953333333333
11/01/2014 23:45:00,0.009
12/01/2014 00:00:00,0.00906666666667
12/01/2014 00:15:00,0.01
12/01/2014 00:30:00,0.01
12/01/2014 00:45:00,0.01
12/01/2014 01:00:00,0.01
12/01/2014 01:15:00,0.01
12/01/2014 01:30:00,0.01
12/01/2014 01:45:00,0.01
12/01/2014 02:00:00,0.00946666666667
12/01/2014 02:15:00,0.00953333333333
12/01/2014 02:30:00,0.0094
12/01/2014 02:45:00,0.00993333333333
12/01/2014 03:00:00,0.01
12/01/2014 03:15:00,0.01
12/01/2014 03:30:00,0.01
12/01/2014 03:45:00,0.01
12/01/2014 04:00:00,0.01
12/01/2014 04:15:00,0.0098
12/01/2014 04:30:00,0.009
12/01/2014 04:45:00,0.0094
12/01/2014 05:00:00,0.00933333333333
12/01/2014 05:15:00,0.01
12/01/2014 05:30:00,0.01
12/01/2014 05:45:00,0.01
12/01/2014 06:00:00,0.409266666667
12/01/2014 06:15:00,0.1286
12/01/2014 06:30:00,0.143266666667
12/01/2014 06:45:00,0.149733333333
12/01/2014 07:00:00,0.1596
12/01/2014 07:15:00,0.149333333333
12/01/2014 07:30:00,0.160266666667
12/01/2014 07:45:00,0.1332
12/01/2014 08:00:00,0.127533333333
12/01/2014 08:15:00,0.1722
12/01/2014 08:30:00,0.0502
12/01/2014 08:45:00,0.0962666666667
12/01/2014 09:00:00,0.01
12/01/2014 09:15:00,0.00913333333333
12/01/2014 09:30:00,0.009
12/01/2014 09:45:00,0.009
12/01/2014 10:00:00,0.01
12/01/2014 10:15:00,0.01
12/01/2014 10:30:00,0.01
12/01/2014 10:45:00,0.01
12/01/2014 11:00:00,0.0096
12/01/2014 11:15:00,0.00973333333333
12/01/2014 11:30:00,0.00946666666667
12/01/2014 11:45:00,0.009
12/01/2014 12:00:00,0.009
12/01/2014 12:15:00,0.0094
12/01/2014 12:30:00,0.01
12/01/2014 12:45:00,0.00933333333333
12/01/2014 13:00:00,0.00953333333333
12/01/2014 13:15:00,0.009
12/01/2014 13:30:00,0.00946666666667
12/01/2014 13:45:00,0.0098
12/01/2014 14:00:00,0.009
12/01/2014 14:15:00,0.009
12/01/2014 14:30:00,0.009
12/01/2014 14:45:00,0.0092
12/01/2014 15:00:00,0.00993333333333
12/01/2014 15:15:00,0.009
12/01/2014 15:30:00,0.00913333333333
12/01/2014 15:45:00,0.136733333333
12/01/2014 16:00:00,0.0861333333333
12/01/2014 16:15:00,0.0517333333333
12/01/2014 16:30:00,0.127533333333
12/01/2014 16:45:00,0.009
12/01/2014 17:00:00,0.00926666666667
12/01/2014 17:15:00,0.00913333333333
12/01/2014 17:30:00,0.009
12/01/2014 17:45:00,0.009
12/01/2014 18:00:00,0.009
12/01/2014 18:15:00,0.00913333333333
12/01/2014 18:30:00,0.01
12/01/2014 18:45:00,0.009
12/01/2014 19:00:00,0.009
12/01/2014 19:15:00,0.009
12/01/2014 19:30:00,0.009
12/01/2014 19:45:00,0.00966666666667
12/01/2014 20:00:00,0.00993333333333
12/01/2014 20:15:00,0.01
12/01/2014 20:30:00,0.01
12/01/2014 20:45:00,0.01
12/01/2014 21:00:00,0.01
12/01/2014 21:15:00,0.01
12/01/2014 21:30:00,0.01
12/01/2014 21:45:00,0.01
12/01/2014 22:00:00,0.01
12/01/2014 22:15:00,0.01
12/01/2014 22:30:00,0.01
12/01/2014 22:45:00,0.01
12/01/2014 23:00:00,0.01
12/01/2014 23:15:00,0.01
12/01/2014 23:30:00,0.00953333333333
12/01/2014 23:45:00,0.009
13/01/2014 00:00:00,0.009
13/01/2014 00:15:00,0.0092
13/01/2014 00:30:00,0.01
13/01/2014 00:45:00,0.01
13/01/2014 01:00:00,0.01
13/01/2014 01:15:00,0.01
13/01/2014 01:30:00,0.01
13/01/2014 01:45:00,0.01
13/01/2014 02:00:00,0.00933333333333
13/01/2014 02:15:00,0.009
13/01/2014 02:30:00,0.0092
13/01/2014 02:45:00,0.00953333333333
13/01/2014 03:00:00,0.01
13/01/2014 03:15:00,0.01
13/01/2014 03:30:00,0.01
13/01/2014 03:45:00,0.01
13/01/2014 04:00:00,0.01
13/01/2014 04:15:00,0.01
13/01/2014 04:30:00,0.00913333333333
13/01/2014 04:45:00,0.009
13/01/2014 05:00:00,0.009
13/01/2014 05:15:00,0.0096
13/01/2014 05:30:00,0.00986666666667
13/01/2014 05:45:00,0.01
13/01/2014 06:00:00,0.00973333333333
13/01/2014 06:15:00,0.157266666667
13/01/2014 06:30:00,0.145666666667
13/01/2014 06:45:00,0.0908666666667
13/01/2014 07:00:00,0.0757333333333
13/01/2014 07:15:00,0.1128
13/01/2014 07:30:00,0.1352
13/01/2014 07:45:00,0.139466666667
13/01/2014 08:00:00,0.00986666666667
13/01/2014 08:15:00,0.00993333333333
13/01/2014 08:30:00,0.00966666666667
13/01/2014 08:45:00,0.0094
13/01/2014 09:00:00,0.0094
13/01/2014 09:15:00,0.009
13/01/2014 09:30:00,0.00906666666667
13/01/2014 09:45:00,0.009
13/01/2014 10:00:00,0.009
13/01/2014 10:15:00,0.00966666666667
13/01/2014 10:30:00,0.00906666666667
13/01/2014 10:45:00,0.009
13/01/2014 11:00:00,0.00986666666667
13/01/2014 11:15:00,0.01
13/01/2014 11:30:00,0.00966666666667
13/01/2014 11:45:00,0.00966666666667
13/01/2014 12:00:00,0.0094
13/01/2014 12:15:00,0.00906666666667
13/01/2014 12:30:00,0.0092
13/01/2014 12:45:00,0.01
13/01/2014 13:00:00,0.01
13/01/2014 13:15:00,0.01
13/01/2014 13:30:00,0.01
13/01/2014 13:45:00,0.01
13/01/2014 14:00:00,0.01
13/01/2014 14:15:00,0.0094
13/01/2014 14:30:00,0.009
13/01/2014 14:45:00,0.009
13/01/2014 15:00:00,0.00973333333333
13/01/2014 15:15:00,0.01
13/01/2014 15:30:00,0.01
13/01/2014 15:45:00,0.01
13/01/2014 16:00:00,0.01
13/01/2014 16:15:00,0.01
13/01/2014 16:30:00,0.00946666666667
13/01/2014 16:45:00,0.009
13/01/2014 17:00:00,0.009
13/01/2014 17:15:00,0.009
13/01/2014 17:30:00,0.0098
13/01/2014 17:45:00,0.00973333333333
13/01/2014 18:00:00,0.00906666666667
13/01/2014 18:15:00,0.009
13/01/2014 18:30:00,0.009
13/01/2014 18:45:00,0.009
13/01/2014 19:00:00,0.009
13/01/2014 19:15:00,0.009
13/01/2014 19:30:00,0.009
13/01/2014 19:45:00,0.0092
13/01/2014 20:00:00,0.01
13/01/2014 20:15:00,0.0094
13/01/2014 20:30:00,0.009
13/01/2014 20:45:00,0.00906666666667
13/01/2014 21:00:00,0.00926666666667
13/01/2014 21:15:00,0.0098
13/01/2014 21:30:00,0.009
13/01/2014 21:45:00,0.009
13/01/2014 22:00:00,0.009
13/01/2014 22:15:00,0.00966666666667
13/01/2014 22:30:00,0.01
13/01/2014 22:45:00,0.01
13/01/2014 23:00:00,0.01
13/01/2014 23:15:00,0.01
13/01/2014 23:30:00,0.01
13/01/2014 23:45:00,0.0098
14/01/2014 00:00:00,0.0094
14/01/2014 00:15:00,0.00933333333333
14/01/2014 00:30:00,0.00946666666667
14/01/2014 00:45:00,0.01
14/01/2014 01:00:00,0.01
14/01/2014 01:15:00,0.01
14/01/2014 01:30:00,0.01
14/01/2014 01:45:00,0.01
14/01/2014 02:00:00,0.01
14/01/2014 02:15:00,0.00973333333333
14/01/2014 02:30:00,0.009
14/01/2014 02:45:00,0.009
14/01/2014 03:00:00,0.01
14/01/2014 03:15:00,0.148933333333
14/01/2014 03:30:00,0.0688
14/01/2014 03:45:00,0.0729333333333
14/01/2014 04:00:00,0.131066666667
14/01/2014 04:15:00,0.1302
14/01/2014 04:30:00,0.1304
14/01/2014 04:45:00,0.122666666667
14/01/2014 05:00:00,0.0180666666667
14/01/2014 05:15:00,0.132066666667
14/01/2014 05:30:00,0.130666666667
14/01/2014 05:45:00,0.3466
14/01/2014 06:00:00,0.523266666667
14/01/2014 06:15:00,0.300266666667
14/01/2014 06:30:00,0.1254
14/01/2014 06:45:00,0.330333333333
14/01/2014 07:00:00,0.6452
14/01/2014 07:15:00,0.511
14/01/2014 07:30:00,0.174
14/01/2014 07:45:00,0.1912
14/01/2014 08:00:00,0.222933333333
14/01/2014 08:15:00,0.234866666667
14/01/2014 08:30:00,0.244466666667
14/01/2014 08:45:00,0.220933333333
14/01/2014 09:00:00,0.2102
14/01/2014 09:15:00,0.287533333333
14/01/2014 09:30:00,0.171333333333
14/01/2014 09:45:00,0.1574
14/01/2014 10:00:00,0.161066666667
14/01/2014 10:15:00,0.1382
14/01/2014 10:30:00,0.1324
14/01/2014 10:45:00,0.114
14/01/2014 11:00:00,0.0352
14/01/2014 11:15:00,0.132733333333
14/01/2014 11:30:00,0.01
14/01/2014 11:45:00,0.00993333333333
14/01/2014 12:00:00,0.009
14/01/2014 12:15:00,0.0094
14/01/2014 12:30:00,0.0098
14/01/2014 12:45:00,0.01
14/01/2014 13:00:00,0.01
14/01/2014 13:15:00,0.01
14/01/2014 13:30:00,0.01
14/01/2014 13:45:00,0.01
14/01/2014 14:00:00,0.01
14/01/2014 14:15:00,0.00913333333333
14/01/2014 14:30:00,0.00926666666667
14/01/2014 14:45:00,0.00906666666667
14/01/2014 15:00:00,0.00973333333333
14/01/2014 15:15:00,0.01
14/01/2014 15:30:00,0.01
14/01/2014 15:45:00,0.01
14/01/2014 16:00:00,0.01
14/01/2014 16:15:00,0.01
14/01/2014 16:30:00,0.00993333333333
14/01/2014 16:45:00,0.009
14/01/2014 17:00:00,0.009
14/01/2014 17:15:00,0.009
14/01/2014 17:30:00,0.0094
14/01/2014 17:45:00,0.01
14/01/2014 18:00:00,0.0096
14/01/2014 18:15:00,0.009
14/01/2014 18:30:00,0.0092
14/01/2014 18:45:00,0.00906666666667
14/01/2014 19:00:00,0.0096
14/01/2014 19:15:00,0.0092
14/01/2014 19:30:00,0.009
14/01/2014 19:45:00,0.009
14/01/2014 20:00:00,0.009
14/01/2014 20:15:00,0.009
14/01/2014 20:30:00,0.009
14/01/2014 20:45:00,0.0094
14/01/2014 21:00:00,0.01
14/01/2014 21:15:00,0.01
14/01/2014 21:30:00,0.01
14/01/2014 21:45:00,0.00913333333333
14/01/2014 22:00:00,0.009
14/01/2014 22:15:00,0.009
14/01/2014 22:30:00,0.0096
14/01/2014 22:45:00,0.01
14/01/2014 23:00:00,0.009
14/01/2014 23:15:00,0.0094
14/01/2014 23:30:00,0.0092
14/01/2014 23:45:00,0.009
15/01/2014 00:00:00,0.00973333333333
15/01/2014 00:15:00,0.009
15/01/2014 00:30:00,0.009
15/01/2014 00:45:00,0.009
15/01/2014 01:00:00,0.009
15/01/2014 01:15:00,0.00966666666667
15/01/2014 01:30:00,0.009
15/01/2014 01:45:00,0.00913333333333
15/01/2014 02:00:00,0.00946666666667
15/01/2014 02:15:00,0.009
15/01/2014 02:30:00,0.0092
15/01/2014 02:45:00,0.009
15/01/2014 03:00:00,0.009
15/01/2014 03:15:00,0.009
15/01/2014 03:30:00,0.00913333333333
15/01/2014 03:45:00,0.0092
15/01/2014 04:00:00,0.01
15/01/2014 04:15:00,0.00953333333333
15/01/2014 04:30:00,0.0146
15/01/2014 04:45:00,0.139
15/01/2014 05:00:00,0.00946666666667
15/01/2014 05:15:00,0.1222
15/01/2014 05:30:00,0.0678
15/01/2014 05:45:00,0.151133333333
15/01/2014 06:00:00,0.6364
15/01/2014 06:15:00,0.456933333333
15/01/2014 06:30:00,0.229066666667
15/01/2014 06:45:00,0.352333333333
15/01/2014 07:00:00,0.310533333333
15/01/2014 07:15:00,0.2998
15/01/2014 07:30:00,0.3226
15/01/2014 07:45:00,0.398866666667
15/01/2014 08:00:00,0.322133333333
15/01/2014 08:15:00,0.187
15/01/2014 08:30:00,0.250866666667
15/01/2014 08:45:00,0.153866666667
15/01/2014 09:00:00,0.217
15/01/2014 09:15:00,0.147666666667
15/01/2014 09:30:00,0.1344
15/01/2014 09:45:00,0.101066666667
15/01/2014 10:00:00,0.0762
15/01/2014 10:15:00,0.119466666667
15/01/2014 10:30:00,0.137933333333
15/01/2014 10:45:00,0.137266666667
15/01/2014 11:00:00,0.137533333333
15/01/2014 11:15:00,0.102666666667
15/01/2014 11:30:00,0.0414666666667
15/01/2014 11:45:00,0.1346
15/01/2014 12:00:00,0.01
15/01/2014 12:15:00,0.009
15/01/2014 12:30:00,0.0098
15/01/2014 12:45:00,0.128133333333
15/01/2014 13:00:00,0.01
15/01/2014 13:15:00,0.01
15/01/2014 13:30:00,0.01
15/01/2014 13:45:00,0.01
15/01/2014 14:00:00,0.01
15/01/2014 14:15:00,0.01
15/01/2014 14:30:00,0.01
15/01/2014 14:45:00,0.01
15/01/2014 15:00:00,0.01
15/01/2014 15:15:00,0.01
15/01/2014 15:30:00,0.01
15/01/2014 15:45:00,0.01
15/01/2014 16:00:00,0.01
15/01/2014 16:15:00,0.01
15/01/2014 16:30:00,0.01
15/01/2014 16:45:00,0.00933333333333
15/01/2014 17:00:00,0.009
15/01/2014 17:15:00,0.009
15/01/2014 17:30:00,0.0092
15/01/2014 17:45:00,0.00986666666667
15/01/2014 18:00:00,0.01
15/01/2014 18:15:00,0.01
15/01/2014 18:30:00,0.01
15/01/2014 18:45:00,0.01
15/01/2014 19:00:00,0.01
15/01/2014 19:15:00,0.01
15/01/2014 19:30:00,0.01
15/01/2014 19:45:00,0.01
15/01/2014 20:00:00,0.01
15/01/2014 20:15:00,0.01
15/01/2014 20:30:00,0.01
15/01/2014 20:45:00,0.01
15/01/2014 21:00:00,0.01
15/01/2014 21:15:00,0.01
15/01/2014 21:30:00,0.0096
15/01/2014 21:45:00,0.106266666667
15/01/2014 22:00:00,0.0485333333333
15/01/2014 22:15:00,0.0094
15/01/2014 22:30:00,0.01
15/01/2014 22:45:00,0.01
15/01/2014 23:00:00,0.01
15/01/2014 23:15:00,0.01
15/01/2014 23:30:00,0.01
15/01/2014 23:45:00,0.01
16/01/2014 00:00:00,0.0092
16/01/2014 00:15:00,0.009
16/01/2014 00:30:00,0.009
16/01/2014 00:45:00,0.0098
16/01/2014 01:00:00,0.01
16/01/2014 01:15:00,0.01
16/01/2014 01:30:00,0.01
16/01/2014 01:45:00,0.01
16/01/2014 02:00:00,0.01
16/01/2014 02:15:00,0.00986666666667
16/01/2014 02:30:00,0.142133333333
16/01/2014 02:45:00,0.137733333333
16/01/2014 03:00:00,0.133266666667
16/01/2014 03:15:00,0.0802666666667
16/01/2014 03:30:00,0.0642
16/01/2014 03:45:00,0.132466666667
16/01/2014 04:00:00,0.1324
16/01/2014 04:15:00,0.133133333333
16/01/2014 04:30:00,0.132533333333
16/01/2014 04:45:00,0.1328
16/01/2014 05:00:00,0.126
16/01/2014 05:15:00,0.136466666667
16/01/2014 05:30:00,0.168666666667
16/01/2014 05:45:00,0.571066666667
16/01/2014 06:00:00,0.670533333333
16/01/2014 06:15:00,0.664466666667
16/01/2014 06:30:00,0.244866666667
16/01/2014 06:45:00,0.135666666667
16/01/2014 07:00:00,0.00906666666667
16/01/2014 07:15:00,0.009
16/01/2014 07:30:00,0.105133333333
16/01/2014 07:45:00,0.1998
16/01/2014 08:00:00,0.171066666667
16/01/2014 08:15:00,0.1716
16/01/2014 08:30:00,0.0804666666667
16/01/2014 08:45:00,0.136266666667
16/01/2014 09:00:00,0.189866666667
16/01/2014 09:15:00,0.235466666667
16/01/2014 09:30:00,0.01
16/01/2014 09:45:00,0.00986666666667
16/01/2014 10:00:00,0.1338
16/01/2014 10:15:00,0.130733333333
16/01/2014 10:30:00,0.13
16/01/2014 10:45:00,0.01
16/01/2014 11:00:00,0.0554666666667
16/01/2014 11:15:00,0.0849333333333
16/01/2014 11:30:00,0.0096
16/01/2014 11:45:00,0.00913333333333
16/01/2014 12:00:00,0.01
16/01/2014 12:15:00,0.01
16/01/2014 12:30:00,0.01
16/01/2014 12:45:00,0.01
16/01/2014 13:00:00,0.01
16/01/2014 13:15:00,0.01
16/01/2014 13:30:00,0.01
16/01/2014 13:45:00,0.01
16/01/2014 14:00:00,0.01
16/01/2014 14:15:00,0.01
16/01/2014 14:30:00,0.01
16/01/2014 14:45:00,0.01
16/01/2014 15:00:00,0.01
16/01/2014 15:15:00,0.01
16/01/2014 15:30:00,0.01
16/01/2014 15:45:00,0.01
16/01/2014 16:00:00,0.01
16/01/2014 16:15:00,0.00933333333333
16/01/2014 16:30:00,0.009
16/01/2014 16:45:00,0.009
16/01/2014 17:00:00,0.00913333333333
16/01/2014 17:15:00,0.01
16/01/2014 17:30:00,0.0094
16/01/2014 17:45:00,0.009
16/01/2014 18:00:00,0.00953333333333
16/01/2014 18:15:00,0.0094
16/01/2014 18:30:00,0.009
16/01/2014 18:45:00,0.009
16/01/2014 19:00:00,0.009
16/01/2014 19:15:00,0.009
16/01/2014 19:30:00,0.0092
16/01/2014 19:45:00,0.00906666666667
16/01/2014 20:00:00,0.01
16/01/2014 20:15:00,0.01
16/01/2014 20:30:00,0.01
16/01/2014 20:45:00,0.01
16/01/2014 21:00:00,0.0096
16/01/2014 21:15:00,0.00966666666667
16/01/2014 21:30:00,0.00993333333333
16/01/2014 21:45:00,0.01
16/01/2014 22:00:00,0.01
16/01/2014 22:15:00,0.01
16/01/2014 22:30:00,0.01
16/01/2014 22:45:00,0.01
16/01/2014 23:00:00,0.01
16/01/2014 23:15:00,0.01
16/01/2014 23:30:00,0.00906666666667
16/01/2014 23:45:00,0.00953333333333
17/01/2014 00:00:00,0.00906666666667
17/01/2014 00:15:00,0.0098
17/01/2014 00:30:00,0.01
17/01/2014 00:45:00,0.01
17/01/2014 01:00:00,0.01
17/01/2014 01:15:00,0.01
17/01/2014 01:30:00,0.01
17/01/2014 01:45:00,0.0096
17/01/2014 02:00:00,0.00906666666667
17/01/2014 02:15:00,0.00973333333333
17/01/2014 02:30:00,0.01
17/01/2014 02:45:00,0.01
17/01/2014 03:00:00,0.01
17/01/2014 03:15:00,0.01
17/01/2014 03:30:00,0.01
17/01/2014 03:45:00,0.01
17/01/2014 04:00:00,0.00993333333333
17/01/2014 04:15:00,0.009
17/01/2014 04:30:00,0.009
17/01/2014 04:45:00,0.00913333333333
17/01/2014 05:00:00,0.01
17/01/2014 05:15:00,0.01
17/01/2014 05:30:00,0.01
17/01/2014 05:45:00,0.01
17/01/2014 06:00:00,0.4768
17/01/2014 06:15:00,0.2622
17/01/2014 06:30:00,0.1836
17/01/2014 06:45:00,0.265
17/01/2014 07:00:00,0.256133333333
17/01/2014 07:15:00,0.2488
17/01/2014 07:30:00,0.2318
17/01/2014 07:45:00,0.2364
17/01/2014 08:00:00,0.243066666667
17/01/2014 08:15:00,0.222666666667
17/01/2014 08:30:00,0.1196
17/01/2014 08:45:00,0.118666666667
17/01/2014 09:00:00,0.1366
17/01/2014 09:15:00,0.00993333333333
17/01/2014 09:30:00,0.212333333333
17/01/2014 09:45:00,0.01
17/01/2014 10:00:00,0.01
17/01/2014 10:15:00,0.124733333333
17/01/2014 10:30:00,0.01
17/01/2014 10:45:00,0.124466666667
17/01/2014 11:00:00,0.01
17/01/2014 11:15:00,0.127666666667
17/01/2014 11:30:00,0.01
17/01/2014 11:45:00,0.01
17/01/2014 12:00:00,0.01
17/01/2014 12:15:00,0.01
17/01/2014 12:30:00,0.01
17/01/2014 12:45:00,0.01
17/01/2014 13:00:00,0.01
17/01/2014 13:15:00,0.01
17/01/2014 13:30:00,0.01
17/01/2014 13:45:00,0.01
17/01/2014 14:00:00,0.01
17/01/2014 14:15:00,0.01
17/01/2014 14:30:00,0.01
17/01/2014 14:45:00,0.01
17/01/2014 15:00:00,0.01
17/01/2014 15:15:00,0.01
17/01/2014 15:30:00,0.01
17/01/2014 15:45:00,0.01
17/01/2014 16:00:00,0.01
17/01/2014 16:15:00,0.01
17/01/2014 16:30:00,0.01
17/01/2014 16:45:00,0.01
17/01/2014 17:00:00,0.01
17/01/2014 17:15:00,0.01
17/01/2014 17:30:00,0.01
17/01/2014 17:45:00,0.01
17/01/2014 18:00:00,0.00933333333333
17/01/2014 18:15:00,0.009
17/01/2014 18:30:00,0.009
17/01/2014 18:45:00,0.0096
17/01/2014 19:00:00,0.01
17/01/2014 19:15:00,0.01
17/01/2014 19:30:00,0.01
17/01/2014 19:45:00,0.01
17/01/2014 20:00:00,0.01
17/01/2014 20:15:00,0.0098
17/01/2014 20:30:00,0.00913333333333
17/01/2014 20:45:00,0.00926666666667
17/01/2014 21:00:00,0.00926666666667
17/01/2014 21:15:00,0.155
17/01/2014 21:30:00,0.1522
17/01/2014 21:45:00,0.145066666667
17/01/2014 22:00:00,0.01
17/01/2014 22:15:00,0.01
17/01/2014 22:30:00,0.01
17/01/2014 22:45:00,0.00933333333333
17/01/2014 23:00:00,0.009
17/01/2014 23:15:00,0.00966666666667
17/01/2014 23:30:00,0.00993333333333
17/01/2014 23:45:00,0.01
18/01/2014 00:00:00,0.01
18/01/2014 00:15:00,0.01
18/01/2014 00:30:00,0.01
18/01/2014 00:45:00,0.01
18/01/2014 01:00:00,0.0096
18/01/2014 01:15:00,0.00946666666667
18/01/2014 01:30:00,0.1092
18/01/2014 01:45:00,0.0781333333333
18/01/2014 02:00:00,0.100533333333
18/01/2014 02:15:00,0.134933333333
18/01/2014 02:30:00,0.1348
18/01/2014 02:45:00,0.1352
18/01/2014 03:00:00,0.1344
18/01/2014 03:15:00,0.123
18/01/2014 03:30:00,0.0418
18/01/2014 03:45:00,0.112933333333
18/01/2014 04:00:00,0.1342
18/01/2014 04:15:00,0.141
18/01/2014 04:30:00,0.144266666667
18/01/2014 04:45:00,0.140933333333
18/01/2014 05:00:00,0.151
18/01/2014 05:15:00,0.159733333333
18/01/2014 05:30:00,0.189666666667
18/01/2014 05:45:00,0.411266666667
18/01/2014 06:00:00,0.644266666667
18/01/2014 06:15:00,0.408466666667
18/01/2014 06:30:00,0.298133333333
18/01/2014 06:45:00,0.494933333333
18/01/2014 07:00:00,0.467266666667
18/01/2014 07:15:00,0.327933333333
18/01/2014 07:30:00,0.292
18/01/2014 07:45:00,0.315
18/01/2014 08:00:00,0.2876
18/01/2014 08:15:00,0.307866666667
18/01/2014 08:30:00,0.293066666667
18/01/2014 08:45:00,0.217866666667
18/01/2014 09:00:00,0.126266666667
18/01/2014 09:15:00,0.123666666667
18/01/2014 09:30:00,0.144133333333
18/01/2014 09:45:00,0.134333333333
18/01/2014 10:00:00,0.1412
18/01/2014 10:15:00,0.1348
18/01/2014 10:30:00,0.0576
18/01/2014 10:45:00,0.0862
18/01/2014 11:00:00,0.133933333333
18/01/2014 11:15:00,0.01
18/01/2014 11:30:00,0.130866666667
18/01/2014 11:45:00,0.01
18/01/2014 12:00:00,0.01
18/01/2014 12:15:00,0.01
18/01/2014 12:30:00,0.01
18/01/2014 12:45:00,0.01
18/01/2014 13:00:00,0.01
18/01/2014 13:15:00,0.01
18/01/2014 13:30:00,0.01
18/01/2014 13:45:00,0.01
18/01/2014 14:00:00,0.01
18/01/2014 14:15:00,0.01
18/01/2014 14:30:00,0.01
18/01/2014 14:45:00,0.00993333333333
18/01/2014 15:00:00,0.0098
18/01/2014 15:15:00,0.01
18/01/2014 15:30:00,0.00986666666667
18/01/2014 15:45:00,0.01
18/01/2014 16:00:00,0.01
18/01/2014 16:15:00,0.01
18/01/2014 16:30:00,0.01
18/01/2014 16:45:00,0.01
18/01/2014 17:00:00,0.00973333333333
18/01/2014 17:15:00,0.009
18/01/2014 17:30:00,0.009
18/01/2014 17:45:00,0.009
18/01/2014 18:00:00,0.00926666666667
18/01/2014 18:15:00,0.00973333333333
18/01/2014 18:30:00,0.00913333333333
18/01/2014 18:45:00,0.009
18/01/2014 19:00:00,0.00966666666667
18/01/2014 19:15:00,0.0092
18/01/2014 19:30:00,0.00906666666667
18/01/2014 19:45:00,0.009
18/01/2014 20:00:00,0.009
18/01/2014 20:15:00,0.0096
18/01/2014 20:30:00,0.01
18/01/2014 20:45:00,0.01
18/01/2014 21:00:00,0.00993333333333
18/01/2014 21:15:00,0.01
18/01/2014 21:30:00,0.01
18/01/2014 21:45:00,0.0096
18/01/2014 22:00:00,0.009
18/01/2014 22:15:00,0.009
18/01/2014 22:30:00,0.00926666666667
18/01/2014 22:45:00,0.01
18/01/2014 23:00:00,0.01
18/01/2014 23:15:00,0.01
18/01/2014 23:30:00,0.01
18/01/2014 23:45:00,0.01
19/01/2014 00:00:00,0.01
19/01/2014 00:15:00,0.0094
19/01/2014 00:30:00,0.00946666666667
19/01/2014 00:45:00,0.009
19/01/2014 01:00:00,0.00993333333333
19/01/2014 01:15:00,0.01
19/01/2014 01:30:00,0.01
19/01/2014 01:45:00,0.01
19/01/2014 02:00:00,0.01
19/01/2014 02:15:00,0.01
19/01/2014 02:30:00,0.00953333333333
19/01/2014 02:45:00,0.009
19/01/2014 03:00:00,0.009
19/01/2014 03:15:00,0.00993333333333
19/01/2014 03:30:00,0.01
19/01/2014 03:45:00,0.01
19/01/2014 04:00:00,0.126133333333
19/01/2014 04:15:00,0.01
19/01/2014 04:30:00,0.121733333333
19/01/2014 04:45:00,0.0098
19/01/2014 05:00:00,0.1234
19/01/2014 05:15:00,0.009
19/01/2014 05:30:00,0.120933333333
19/01/2014 05:45:00,0.00986666666667
19/01/2014 06:00:00,0.443133333333
19/01/2014 06:15:00,0.2032
19/01/2014 06:30:00,0.218266666667
19/01/2014 06:45:00,0.0598666666667
19/01/2014 07:00:00,0.230266666667
19/01/2014 07:15:00,0.239666666667
19/01/2014 07:30:00,0.221866666667
19/01/2014 07:45:00,0.330866666667
19/01/2014 08:00:00,0.169533333333
19/01/2014 08:15:00,0.2962
19/01/2014 08:30:00,0.157266666667
19/01/2014 08:45:00,0.145266666667
19/01/2014 09:00:00,0.1432
19/01/2014 09:15:00,0.0134666666667
19/01/2014 09:30:00,0.1402
19/01/2014 09:45:00,0.1398
19/01/2014 10:00:00,0.0098
19/01/2014 10:15:00,0.140533333333
19/01/2014 10:30:00,0.01
19/01/2014 10:45:00,0.0328
19/01/2014 11:00:00,0.111866666667
19/01/2014 11:15:00,0.01
19/01/2014 11:30:00,0.01
19/01/2014 11:45:00,0.01
19/01/2014 12:00:00,0.01
19/01/2014 12:15:00,0.00993333333333
19/01/2014 12:30:00,0.01
19/01/2014 12:45:00,0.01
19/01/2014 13:00:00,0.01
19/01/2014 13:15:00,0.01
19/01/2014 13:30:00,0.01
19/01/2014 13:45:00,0.01
19/01/2014 14:00:00,0.00986666666667
19/01/2014 14:15:00,0.01
19/01/2014 14:30:00,0.01
19/01/2014 14:45:00,0.01
19/01/2014 15:00:00,0.01
19/01/2014 15:15:00,0.01
19/01/2014 15:30:00,0.01
19/01/2014 15:45:00,0.01
19/01/2014 16:00:00,0.01
19/01/2014 16:15:00,0.00993333333333
19/01/2014 16:30:00,0.0096
19/01/2014 16:45:00,0.009
19/01/2014 17:00:00,0.0092
19/01/2014 17:15:00,0.01
19/01/2014 17:30:00,0.01
19/01/2014 17:45:00,0.00973333333333
19/01/2014 18:00:00,0.00906666666667
19/01/2014 18:15:00,0.01
19/01/2014 18:30:00,0.00946666666667
19/01/2014 18:45:00,0.009
19/01/2014 19:00:00,0.009
19/01/2014 19:15:00,0.009
19/01/2014 19:30:00,0.009
19/01/2014 19:45:00,0.00966666666667
19/01/2014 20:00:00,0.0094
19/01/2014 20:15:00,0.01
19/01/2014 20:30:00,0.01
19/01/2014 20:45:00,0.01
19/01/2014 21:00:00,0.00986666666667
19/01/2014 21:15:00,0.009
19/01/2014 21:30:00,0.009
19/01/2014 21:45:00,0.0096
19/01/2014 22:00:00,0.01
19/01/2014 22:15:00,0.01
19/01/2014 22:30:00,0.01
19/01/2014 22:45:00,0.01
19/01/2014 23:00:00,0.01
19/01/2014 23:15:00,0.0098
19/01/2014 23:30:00,0.009
19/01/2014 23:45:00,0.00906666666667
20/01/2014 00:00:00,0.01
20/01/2014 00:15:00,0.01
20/01/2014 00:30:00,0.01
20/01/2014 00:45:00,0.01
20/01/2014 01:00:00,0.01
20/01/2014 01:15:00,0.01
20/01/2014 01:30:00,0.00993333333333
20/01/2014 01:45:00,0.009
20/01/2014 02:00:00,0.00973333333333
20/01/2014 02:15:00,0.00946666666667
20/01/2014 02:30:00,0.01
20/01/2014 02:45:00,0.01
20/01/2014 03:00:00,0.01
20/01/2014 03:15:00,0.01
20/01/2014 03:30:00,0.01
20/01/2014 03:45:00,0.01
20/01/2014 04:00:00,0.00926666666667
20/01/2014 04:15:00,0.009
20/01/2014 04:30:00,0.009
20/01/2014 04:45:00,0.00993333333333
20/01/2014 05:00:00,0.01
20/01/2014 05:15:00,0.01
20/01/2014 05:30:00,0.00946666666667
20/01/2014 05:45:00,0.009
20/01/2014 06:00:00,0.57
20/01/2014 06:15:00,0.1006
20/01/2014 06:30:00,0.1656
20/01/2014 06:45:00,0.1768
20/01/2014 07:00:00,0.1638
20/01/2014 07:15:00,0.227933333333
20/01/2014 07:30:00,0.176866666667
20/01/2014 07:45:00,0.2068
20/01/2014 08:00:00,0.2226
20/01/2014 08:15:00,0.251733333333
20/01/2014 08:30:00,0.604266666667
20/01/2014 08:45:00,0.425066666667
20/01/2014 09:00:00,0.172933333333
20/01/2014 09:15:00,0.167
20/01/2014 09:30:00,0.183733333333
20/01/2014 09:45:00,0.167533333333
20/01/2014 10:00:00,0.158133333333
20/01/2014 10:15:00,0.1954
20/01/2014 10:30:00,0.126
20/01/2014 10:45:00,0.01
20/01/2014 11:00:00,0.00906666666667
20/01/2014 11:15:00,0.00946666666667
20/01/2014 11:30:00,0.01
20/01/2014 11:45:00,0.01
20/01/2014 12:00:00,0.01
20/01/2014 12:15:00,0.01
20/01/2014 12:30:00,0.01
20/01/2014 12:45:00,0.01
20/01/2014 13:00:00,0.01
20/01/2014 13:15:00,0.01
20/01/2014 13:30:00,0.0092
20/01/2014 13:45:00,0.00913333333333
20/01/2014 14:00:00,0.00986666666667
20/01/2014 14:15:00,0.01
20/01/2014 14:30:00,0.01
20/01/2014 14:45:00,0.01
20/01/2014 15:00:00,0.01
20/01/2014 15:15:00,0.01
20/01/2014 15:30:00,0.00933333333333
20/01/2014 15:45:00,0.009
20/01/2014 16:00:00,0.009
20/01/2014 16:15:00,0.00946666666667
20/01/2014 16:30:00,0.01
20/01/2014 16:45:00,0.01
20/01/2014 17:00:00,0.01
20/01/2014 17:15:00,0.0098
20/01/2014 17:30:00,0.0098
20/01/2014 17:45:00,0.0094
20/01/2014 18:00:00,0.009
20/01/2014 18:15:00,0.009
20/01/2014 18:30:00,0.009
20/01/2014 18:45:00,0.009
20/01/2014 19:00:00,0.009
20/01/2014 19:15:00,0.00953333333333
20/01/2014 19:30:00,0.00926666666667
20/01/2014 19:45:00,0.00946666666667
20/01/2014 20:00:00,0.01
20/01/2014 20:15:00,0.01
20/01/2014 20:30:00,0.01
20/01/2014 20:45:00,0.01
20/01/2014 21:00:00,0.01
20/01/2014 21:15:00,0.01
20/01/2014 21:30:00,0.01
20/01/2014 21:45:00,0.01
20/01/2014 22:00:00,0.01
20/01/2014 22:15:00,0.01
20/01/2014 22:30:00,0.01
20/01/2014 22:45:00,0.00926666666667
20/01/2014 23:00:00,0.009
20/01/2014 23:15:00,0.0094
20/01/2014 23:30:00,0.00946666666667
20/01/2014 23:45:00,0.01
21/01/2014 00:00:00,0.01
21/01/2014 00:15:00,0.01
21/01/2014 00:30:00,0.01
21/01/2014 00:45:00,0.01
21/01/2014 01:00:00,0.01
21/01/2014 01:15:00,0.00906666666667
21/01/2014 01:30:00,0.0092
21/01/2014 01:45:00,0.00946666666667
21/01/2014 02:00:00,0.0098
21/01/2014 02:15:00,0.01
21/01/2014 02:30:00,0.01
21/01/2014 02:45:00,0.01
21/01/2014 03:00:00,0.01
21/01/2014 03:15:00,0.01
21/01/2014 03:30:00,0.00973333333333
21/01/2014 03:45:00,0.009
21/01/2014 04:00:00,0.009
21/01/2014 04:15:00,0.0092
21/01/2014 04:30:00,0.01
21/01/2014 04:45:00,0.01
21/01/2014 05:00:00,0.01
21/01/2014 05:15:00,0.01
21/01/2014 05:30:00,0.01
21/01/2014 05:45:00,0.01
21/01/2014 06:00:00,0.00913333333333
21/01/2014 06:15:00,0.173666666667
21/01/2014 06:30:00,0.165333333333
21/01/2014 06:45:00,0.168466666667
21/01/2014 07:00:00,0.1478
21/01/2014 07:15:00,0.0158
21/01/2014 07:30:00,0.408066666667
21/01/2014 07:45:00,0.350933333333
21/01/2014 08:00:00,0.167266666667
21/01/2014 08:15:00,0.146666666667
21/01/2014 08:30:00,0.142533333333
21/01/2014 08:45:00,0.1396
21/01/2014 09:00:00,0.1148
21/01/2014 09:15:00,0.0552666666667
21/01/2014 09:30:00,0.134333333333
21/01/2014 09:45:00,0.144133333333
21/01/2014 10:00:00,0.144266666667
21/01/2014 10:15:00,0.0138
21/01/2014 10:30:00,0.1236
21/01/2014 10:45:00,0.137466666667
21/01/2014 11:00:00,0.0096
21/01/2014 11:15:00,0.129733333333
21/01/2014 11:30:00,0.0098
21/01/2014 11:45:00,0.01
21/01/2014 12:00:00,0.01
21/01/2014 12:15:00,0.01
21/01/2014 12:30:00,0.01
21/01/2014 12:45:00,0.01
21/01/2014 13:00:00,0.01
21/01/2014 13:15:00,0.01
21/01/2014 13:30:00,0.01
21/01/2014 13:45:00,0.01
21/01/2014 14:00:00,0.01
21/01/2014 14:15:00,0.01
21/01/2014 14:30:00,0.01
21/01/2014 14:45:00,0.01
21/01/2014 15:00:00,0.01
21/01/2014 15:15:00,0.01
21/01/2014 15:30:00,0.01
21/01/2014 15:45:00,0.01
21/01/2014 16:00:00,0.01
21/01/2014 16:15:00,0.01
21/01/2014 16:30:00,0.01
21/01/2014 16:45:00,0.01
21/01/2014 17:00:00,0.01
21/01/2014 17:15:00,0.01
21/01/2014 17:30:00,0.00953333333333
21/01/2014 17:45:00,0.0094
21/01/2014 18:00:00,0.009
21/01/2014 18:15:00,0.00913333333333
21/01/2014 18:30:00,0.00986666666667
21/01/2014 18:45:00,0.0098
21/01/2014 19:00:00,0.01
21/01/2014 19:15:00,0.0102666666667
21/01/2014 19:30:00,0.0102
21/01/2014 19:45:00,0.01
21/01/2014 20:00:00,0.01
21/01/2014 20:15:00,0.01
21/01/2014 20:30:00,0.01
21/01/2014 20:45:00,0.01
21/01/2014 21:00:00,0.01
21/01/2014 21:15:00,0.01
21/01/2014 21:30:00,0.01
21/01/2014 21:45:00,0.01
21/01/2014 22:00:00,0.01
21/01/2014 22:15:00,0.00926666666667
21/01/2014 22:30:00,0.00926666666667
21/01/2014 22:45:00,0.01
21/01/2014 23:00:00,0.01
21/01/2014 23:15:00,0.01
21/01/2014 23:30:00,0.01
21/01/2014 23:45:00,0.01
22/01/2014 00:00:00,0.01
22/01/2014 00:15:00,0.01
22/01/2014 00:30:00,0.00986666666667
22/01/2014 00:45:00,0.00933333333333
22/01/2014 01:00:00,0.01
22/01/2014 01:15:00,0.01
22/01/2014 01:30:00,0.01
22/01/2014 01:45:00,0.01
22/01/2014 02:00:00,0.01
22/01/2014 02:15:00,0.01
22/01/2014 02:30:00,0.0734
22/01/2014 02:45:00,0.0661333333333
22/01/2014 03:00:00,0.0322666666667
22/01/2014 03:15:00,0.1014
22/01/2014 03:30:00,0.00966666666667
22/01/2014 03:45:00,0.01
22/01/2014 04:00:00,0.1256
22/01/2014 04:15:00,0.01
22/01/2014 04:30:00,0.135
22/01/2014 04:45:00,0.131066666667
22/01/2014 05:00:00,0.564666666667
22/01/2014 05:15:00,0.4154
22/01/2014 05:30:00,0.1876
22/01/2014 05:45:00,0.198066666667
22/01/2014 06:00:00,0.507733333333
22/01/2014 06:15:00,0.513866666667
22/01/2014 06:30:00,0.464333333333
22/01/2014 06:45:00,0.345466666667
22/01/2014 07:00:00,0.309466666667
22/01/2014 07:15:00,0.276666666667
22/01/2014 07:30:00,0.2534
22/01/2014 07:45:00,0.3184
22/01/2014 08:00:00,0.2864
22/01/2014 08:15:00,0.221933333333
22/01/2014 08:30:00,0.2346
22/01/2014 08:45:00,0.218533333333
22/01/2014 09:00:00,0.143133333333
22/01/2014 09:15:00,0.221066666667
22/01/2014 09:30:00,0.136066666667
22/01/2014 09:45:00,0.146666666667
22/01/2014 10:00:00,0.143333333333
22/01/2014 10:15:00,0.1396
22/01/2014 10:30:00,0.1364
22/01/2014 10:45:00,0.0666666666667
22/01/2014 11:00:00,0.0834666666667
22/01/2014 11:15:00,0.136866666667
22/01/2014 11:30:00,0.1372
22/01/2014 11:45:00,0.01
22/01/2014 12:00:00,0.01
22/01/2014 12:15:00,0.120533333333
22/01/2014 12:30:00,0.00993333333333
22/01/2014 12:45:00,0.01
22/01/2014 13:00:00,0.01
22/01/2014 13:15:00,0.01
22/01/2014 13:30:00,0.01
22/01/2014 13:45:00,0.01
22/01/2014 14:00:00,0.01
22/01/2014 14:15:00,0.00953333333333
22/01/2014 14:30:00,0.00973333333333
22/01/2014 14:45:00,0.01
22/01/2014 15:00:00,0.0094
22/01/2014 15:15:00,0.01
22/01/2014 15:30:00,0.01
22/01/2014 15:45:00,0.01
22/01/2014 16:00:00,0.01
22/01/2014 16:15:00,0.00926666666667
22/01/2014 16:30:00,0.00933333333333
22/01/2014 16:45:00,0.00926666666667
22/01/2014 17:00:00,0.009
22/01/2014 17:15:00,0.00953333333333
22/01/2014 17:30:00,0.009
22/01/2014 17:45:00,0.009
22/01/2014 18:00:00,0.00926666666667
22/01/2014 18:15:00,0.01
22/01/2014 18:30:00,0.01
22/01/2014 18:45:00,0.0815333333333
22/01/2014 19:00:00,0.0619333333333
22/01/2014 19:15:00,0.145933333333
22/01/2014 19:30:00,0.131933333333
22/01/2014 19:45:00,0.1382
22/01/2014 20:00:00,0.142466666667
22/01/2014 20:15:00,0.0215333333333
22/01/2014 20:30:00,0.120066666667
22/01/2014 20:45:00,0.1324
22/01/2014 21:00:00,0.132333333333
22/01/2014 21:15:00,0.132733333333
22/01/2014 21:30:00,0.01
22/01/2014 21:45:00,0.01
22/01/2014 22:00:00,0.01
22/01/2014 22:15:00,0.00926666666667
22/01/2014 22:30:00,0.00913333333333
22/01/2014 22:45:00,0.00946666666667
22/01/2014 23:00:00,0.009
22/01/2014 23:15:00,0.00933333333333
22/01/2014 23:30:00,0.00973333333333
22/01/2014 23:45:00,0.01
23/01/2014 00:00:00,0.01
23/01/2014 00:15:00,0.01
23/01/2014 00:30:00,0.01
23/01/2014 00:45:00,0.01
23/01/2014 01:00:00,0.00913333333333
23/01/2014 01:15:00,0.01
23/01/2014 01:30:00,0.00986666666667
23/01/2014 01:45:00,0.009
23/01/2014 02:00:00,0.00966666666667
23/01/2014 02:15:00,0.01
23/01/2014 02:30:00,0.01
23/01/2014 02:45:00,0.01
23/01/2014 03:00:00,0.01
23/01/2014 03:15:00,0.00953333333333
23/01/2014 03:30:00,0.00906666666667
23/01/2014 03:45:00,0.009
23/01/2014 04:00:00,0.00906666666667
23/01/2014 04:15:00,0.009
23/01/2014 04:30:00,0.00993333333333
23/01/2014 04:45:00,0.01
23/01/2014 05:00:00,0.01
23/01/2014 05:15:00,0.01
23/01/2014 05:30:00,0.00993333333333
23/01/2014 05:45:00,0.1366
23/01/2014 06:00:00,0.678933333333
23/01/2014 06:15:00,0.5046
23/01/2014 06:30:00,0.0908666666667
23/01/2014 06:45:00,0.182933333333
23/01/2014 07:00:00,0.2314
23/01/2014 07:15:00,0.258466666667
23/01/2014 07:30:00,0.0825333333333
23/01/2014 07:45:00,0.1684
23/01/2014 08:00:00,0.3938
23/01/2014 08:15:00,0.148933333333
23/01/2014 08:30:00,0.0998666666667
23/01/2014 08:45:00,0.2234
23/01/2014 09:00:00,0.222333333333
23/01/2014 09:15:00,0.223066666667
23/01/2014 09:30:00,0.219066666667
23/01/2014 09:45:00,0.179333333333
23/01/2014 10:00:00,0.2008
23/01/2014 10:15:00,0.2084
23/01/2014 10:30:00,0.1586
23/01/2014 10:45:00,0.1642
23/01/2014 11:00:00,0.234466666667
23/01/2014 11:15:00,0.229866666667
23/01/2014 11:30:00,0.2322
23/01/2014 11:45:00,0.254266666667
23/01/2014 12:00:00,0.255666666667
23/01/2014 12:15:00,0.3198
23/01/2014 12:30:00,0.306733333333
23/01/2014 12:45:00,0.204133333333
23/01/2014 13:00:00,0.311466666667
23/01/2014 13:15:00,0.224066666667
23/01/2014 13:30:00,0.348866666667
23/01/2014 13:45:00,0.215
23/01/2014 14:00:00,0.2054
23/01/2014 14:15:00,0.240333333333
23/01/2014 14:30:00,0.2304
23/01/2014 14:45:00,0.3322
23/01/2014 15:00:00,0.332933333333
23/01/2014 15:15:00,0.296
23/01/2014 15:30:00,0.2934
23/01/2014 15:45:00,0.267733333333
23/01/2014 16:00:00,0.3372
23/01/2014 16:15:00,0.307333333333
23/01/2014 16:30:00,0.315466666667
23/01/2014 16:45:00,0.307666666667
23/01/2014 17:00:00,0.336133333333
23/01/2014 17:15:00,0.245666666667
23/01/2014 17:30:00,0.234666666667
23/01/2014 17:45:00,0.2342
23/01/2014 18:00:00,0.3508
23/01/2014 18:15:00,0.3112
23/01/2014 18:30:00,0.322
23/01/2014 18:45:00,0.326333333333
23/01/2014 19:00:00,0.288533333333
23/01/2014 19:15:00,0.3326
23/01/2014 19:30:00,0.673866666667
23/01/2014 19:45:00,0.39
23/01/2014 20:00:00,0.385266666667
23/01/2014 20:15:00,0.331933333333
23/01/2014 20:30:00,0.330133333333
23/01/2014 20:45:00,0.423
23/01/2014 21:00:00,0.3678
23/01/2014 21:15:00,0.37
23/01/2014 21:30:00,0.3736
23/01/2014 21:45:00,0.3164
23/01/2014 22:00:00,0.0988666666667
23/01/2014 22:15:00,0.009
23/01/2014 22:30:00,0.009
23/01/2014 22:45:00,0.009
23/01/2014 23:00:00,0.009
23/01/2014 23:15:00,0.009
23/01/2014 23:30:00,0.009
23/01/2014 23:45:00,0.009
24/01/2014 00:00:00,0.009
24/01/2014 00:15:00,0.009
24/01/2014 00:30:00,0.1426
24/01/2014 00:45:00,0.2706
24/01/2014 01:00:00,0.353666666667
24/01/2014 01:15:00,0.2916
24/01/2014 01:30:00,0.228733333333
24/01/2014 01:45:00,0.219933333333
24/01/2014 02:00:00,0.423533333333
24/01/2014 02:15:00,0.313066666667
24/01/2014 02:30:00,0.286333333333
24/01/2014 02:45:00,0.300133333333
24/01/2014 03:00:00,0.316666666667
24/01/2014 03:15:00,0.298133333333
24/01/2014 03:30:00,0.284533333333
24/01/2014 03:45:00,0.300666666667
24/01/2014 04:00:00,0.285133333333
24/01/2014 04:15:00,0.303933333333
24/01/2014 04:30:00,0.290733333333
24/01/2014 04:45:00,0.265066666667
24/01/2014 05:00:00,0.347866666667
24/01/2014 05:15:00,0.3362
24/01/2014 05:30:00,0.366333333333
24/01/2014 05:45:00,0.629666666667
24/01/2014 06:00:00,0.668533333333
24/01/2014 06:15:00,0.6328
24/01/2014 06:30:00,0.618
24/01/2014 06:45:00,0.611066666667
24/01/2014 07:00:00,0.286133333333
24/01/2014 07:15:00,0.359133333333
24/01/2014 07:30:00,0.4178
24/01/2014 07:45:00,0.334
24/01/2014 08:00:00,0.440866666667
24/01/2014 08:15:00,0.511866666667
24/01/2014 08:30:00,0.367333333333
24/01/2014 08:45:00,0.356466666667
24/01/2014 09:00:00,0.315733333333
24/01/2014 09:15:00,0.340466666667
24/01/2014 09:30:00,0.346866666667
24/01/2014 09:45:00,0.3276
24/01/2014 10:00:00,0.334866666667
24/01/2014 10:15:00,0.355466666667
24/01/2014 10:30:00,0.287066666667
24/01/2014 10:45:00,0.3144
24/01/2014 11:00:00,0.364333333333
24/01/2014 11:15:00,0.381933333333
24/01/2014 11:30:00,0.3958
24/01/2014 11:45:00,0.304133333333
24/01/2014 12:00:00,0.3352
24/01/2014 12:15:00,0.320733333333
24/01/2014 12:30:00,0.299333333333
24/01/2014 12:45:00,0.276466666667
24/01/2014 13:00:00,0.260333333333
24/01/2014 13:15:00,0.1918
24/01/2014 13:30:00,0.314466666667
24/01/2014 13:45:00,0.2534
24/01/2014 14:00:00,0.311266666667
24/01/2014 14:15:00,0.277
24/01/2014 14:30:00,0.3032
24/01/2014 14:45:00,0.280066666667
24/01/2014 15:00:00,0.251066666667
24/01/2014 15:15:00,0.286333333333
24/01/2014 15:30:00,0.307
24/01/2014 15:45:00,0.289066666667
24/01/2014 16:00:00,0.0761333333333
24/01/2014 16:15:00,0.388933333333
24/01/2014 16:30:00,0.00906666666667
24/01/2014 16:45:00,0.009
24/01/2014 17:00:00,0.009
24/01/2014 17:15:00,0.152
24/01/2014 17:30:00,0.312733333333
24/01/2014 17:45:00,0.4124
24/01/2014 18:00:00,0.480266666667
24/01/2014 18:15:00,0.303133333333
24/01/2014 18:30:00,0.447
24/01/2014 18:45:00,0.4056
24/01/2014 19:00:00,0.3196
24/01/2014 19:15:00,0.332533333333
24/01/2014 19:30:00,0.291333333333
24/01/2014 19:45:00,0.3002
24/01/2014 20:00:00,0.293466666667
24/01/2014 20:15:00,0.2512
24/01/2014 20:30:00,0.29
24/01/2014 20:45:00,0.254133333333
24/01/2014 21:00:00,0.237333333333
24/01/2014 21:15:00,0.0892666666667
24/01/2014 21:30:00,0.242666666667
24/01/2014 21:45:00,0.221266666667
24/01/2014 22:00:00,0.009
24/01/2014 22:15:00,0.009
24/01/2014 22:30:00,0.009
24/01/2014 22:45:00,0.009
24/01/2014 23:00:00,0.009
24/01/2014 23:15:00,0.009
24/01/2014 23:30:00,0.009
24/01/2014 23:45:00,0.163733333333
25/01/2014 00:00:00,0.187466666667
25/01/2014 00:15:00,0.253533333333
25/01/2014 00:30:00,0.219866666667
25/01/2014 00:45:00,0.246666666667
25/01/2014 01:00:00,0.210133333333
25/01/2014 01:15:00,0.237333333333
25/01/2014 01:30:00,0.264
25/01/2014 01:45:00,0.367866666667
25/01/2014 02:00:00,0.249733333333
25/01/2014 02:15:00,0.237066666667
25/01/2014 02:30:00,0.222466666667
25/01/2014 02:45:00,0.2238
25/01/2014 03:00:00,0.196533333333
25/01/2014 03:15:00,0.2072
25/01/2014 03:30:00,0.217266666667
25/01/2014 03:45:00,0.322466666667
25/01/2014 04:00:00,0.340666666667
25/01/2014 04:15:00,0.245266666667
25/01/2014 04:30:00,0.366933333333
25/01/2014 04:45:00,0.2276
25/01/2014 05:00:00,0.200333333333
25/01/2014 05:15:00,0.1882
25/01/2014 05:30:00,0.3944
25/01/2014 05:45:00,0.664666666667
25/01/2014 06:00:00,0.660533333333
25/01/2014 06:15:00,0.4298
25/01/2014 06:30:00,0.446266666667
25/01/2014 06:45:00,0.527933333333
25/01/2014 07:00:00,0.404866666667
25/01/2014 07:15:00,0.541466666667
25/01/2014 07:30:00,0.412066666667
25/01/2014 07:45:00,0.3786
25/01/2014 08:00:00,0.362533333333
25/01/2014 08:15:00,0.279733333333
25/01/2014 08:30:00,0.1568
25/01/2014 08:45:00,0.284933333333
25/01/2014 09:00:00,0.424666666667
25/01/2014 09:15:00,0.6214
25/01/2014 09:30:00,0.242266666667
25/01/2014 09:45:00,0.2416
25/01/2014 10:00:00,0.282466666667
25/01/2014 10:15:00,0.241066666667
25/01/2014 10:30:00,0.268733333333
25/01/2014 10:45:00,0.0349333333333
25/01/2014 11:00:00,0.009
25/01/2014 11:15:00,0.009
25/01/2014 11:30:00,0.00993333333333
25/01/2014 11:45:00,0.01
25/01/2014 12:00:00,0.152733333333
25/01/2014 12:15:00,0.1506
25/01/2014 12:30:00,0.147133333333
25/01/2014 12:45:00,0.137533333333
25/01/2014 13:00:00,0.140066666667
25/01/2014 13:15:00,0.0448666666667
25/01/2014 13:30:00,0.0934666666667
25/01/2014 13:45:00,0.00933333333333
25/01/2014 14:00:00,0.01
25/01/2014 14:15:00,0.01
25/01/2014 14:30:00,0.126866666667
25/01/2014 14:45:00,0.01
25/01/2014 15:00:00,0.01
25/01/2014 15:15:00,0.00973333333333
25/01/2014 15:30:00,0.00906666666667
25/01/2014 15:45:00,0.009
25/01/2014 16:00:00,0.009
25/01/2014 16:15:00,0.00926666666667
25/01/2014 16:30:00,0.01
25/01/2014 16:45:00,0.121933333333
25/01/2014 17:00:00,0.178466666667
25/01/2014 17:15:00,0.193066666667
25/01/2014 17:30:00,0.188666666667
25/01/2014 17:45:00,0.249
25/01/2014 18:00:00,0.249066666667
25/01/2014 18:15:00,0.201666666667
25/01/2014 18:30:00,0.164866666667
25/01/2014 18:45:00,0.1654
25/01/2014 19:00:00,0.1696
25/01/2014 19:15:00,0.154266666667
25/01/2014 19:30:00,0.142466666667
25/01/2014 19:45:00,0.1506
25/01/2014 20:00:00,0.01
25/01/2014 20:15:00,0.01
25/01/2014 20:30:00,0.01
25/01/2014 20:45:00,0.01
25/01/2014 21:00:00,0.01
25/01/2014 21:15:00,0.01
25/01/2014 21:30:00,0.01
25/01/2014 21:45:00,0.01
25/01/2014 22:00:00,0.01
25/01/2014 22:15:00,0.01
25/01/2014 22:30:00,0.01
25/01/2014 22:45:00,0.01
25/01/2014 23:00:00,0.00993333333333
25/01/2014 23:15:00,0.00946666666667
25/01/2014 23:30:00,0.0098
25/01/2014 23:45:00,0.01
26/01/2014 00:00:00,0.01
26/01/2014 00:15:00,0.01
26/01/2014 00:30:00,0.01
26/01/2014 00:45:00,0.01
26/01/2014 01:00:00,0.01
26/01/2014 01:15:00,0.01
26/01/2014 01:30:00,0.01
26/01/2014 01:45:00,0.00973333333333
26/01/2014 02:00:00,0.01
26/01/2014 02:15:00,0.01
26/01/2014 02:30:00,0.01
26/01/2014 02:45:00,0.01
26/01/2014 03:00:00,0.01
26/01/2014 03:15:00,0.01
26/01/2014 03:30:00,0.01
26/01/2014 03:45:00,0.01
26/01/2014 04:00:00,0.01
26/01/2014 04:15:00,0.00973333333333
26/01/2014 04:30:00,0.009
26/01/2014 04:45:00,0.00913333333333
26/01/2014 05:00:00,0.01
26/01/2014 05:15:00,0.129266666667
26/01/2014 05:30:00,0.1276
26/01/2014 05:45:00,0.307133333333
26/01/2014 06:00:00,0.407666666667
26/01/2014 06:15:00,0.226733333333
26/01/2014 06:30:00,0.232733333333
26/01/2014 06:45:00,0.243066666667
26/01/2014 07:00:00,0.601266666667
26/01/2014 07:15:00,0.216533333333
26/01/2014 07:30:00,0.280866666667
26/01/2014 07:45:00,0.1968
26/01/2014 08:00:00,0.214266666667
26/01/2014 08:15:00,0.197933333333
26/01/2014 08:30:00,0.01
26/01/2014 08:45:00,0.01
26/01/2014 09:00:00,0.01
26/01/2014 09:15:00,0.01
26/01/2014 09:30:00,0.00993333333333
26/01/2014 09:45:00,0.127533333333
26/01/2014 10:00:00,0.0788666666667
26/01/2014 10:15:00,0.0606
26/01/2014 10:30:00,0.136533333333
26/01/2014 10:45:00,0.126333333333
26/01/2014 11:00:00,0.01
26/01/2014 11:15:00,0.125933333333
26/01/2014 11:30:00,0.126266666667
26/01/2014 11:45:00,0.01
26/01/2014 12:00:00,0.01
26/01/2014 12:15:00,0.01
26/01/2014 12:30:00,0.01
26/01/2014 12:45:00,0.01
26/01/2014 13:00:00,0.01
26/01/2014 13:15:00,0.01
26/01/2014 13:30:00,0.01
26/01/2014 13:45:00,0.01
26/01/2014 14:00:00,0.01
26/01/2014 14:15:00,0.01
26/01/2014 14:30:00,0.01
26/01/2014 14:45:00,0.01
26/01/2014 15:00:00,0.01
26/01/2014 15:15:00,0.01
26/01/2014 15:30:00,0.01
26/01/2014 15:45:00,0.01
26/01/2014 16:00:00,0.01
26/01/2014 16:15:00,0.01
26/01/2014 16:30:00,0.01
26/01/2014 16:45:00,0.01
26/01/2014 17:00:00,0.01
26/01/2014 17:15:00,0.01
26/01/2014 17:30:00,0.01
26/01/2014 17:45:00,0.01
26/01/2014 18:00:00,0.01
26/01/2014 18:15:00,0.01
26/01/2014 18:30:00,0.01
26/01/2014 18:45:00,0.01
26/01/2014 19:00:00,0.01
26/01/2014 19:15:00,0.01
26/01/2014 19:30:00,0.00973333333333
26/01/2014 19:45:00,0.00986666666667
26/01/2014 20:00:00,0.00993333333333
26/01/2014 20:15:00,0.01
26/01/2014 20:30:00,0.01
26/01/2014 20:45:00,0.01
26/01/2014 21:00:00,0.01
26/01/2014 21:15:00,0.01
26/01/2014 21:30:00,0.01
26/01/2014 21:45:00,0.01
26/01/2014 22:00:00,0.01
26/01/2014 22:15:00,0.0094
26/01/2014 22:30:00,0.00973333333333
26/01/2014 22:45:00,0.0098
26/01/2014 23:00:00,0.00973333333333
26/01/2014 23:15:00,0.00993333333333
26/01/2014 23:30:00,0.01
26/01/2014 23:45:00,0.01
27/01/2014 00:00:00,0.01
27/01/2014 00:15:00,0.01
27/01/2014 00:30:00,0.01
27/01/2014 00:45:00,0.01
27/01/2014 01:00:00,0.0094
27/01/2014 01:15:00,0.00966666666667
27/01/2014 01:30:00,0.009
27/01/2014 01:45:00,0.00906666666667
27/01/2014 02:00:00,0.01
27/01/2014 02:15:00,0.01
27/01/2014 02:30:00,0.01
27/01/2014 02:45:00,0.01
27/01/2014 03:00:00,0.01
27/01/2014 03:15:00,0.01
27/01/2014 03:30:00,0.01
27/01/2014 03:45:00,0.0092
27/01/2014 04:00:00,0.009
27/01/2014 04:15:00,0.009
27/01/2014 04:30:00,0.00933333333333
27/01/2014 04:45:00,0.01
27/01/2014 05:00:00,0.01
27/01/2014 05:15:00,0.0098
27/01/2014 05:30:00,0.01
27/01/2014 05:45:00,0.4112
27/01/2014 06:00:00,0.0516
27/01/2014 06:15:00,0.468533333333
27/01/2014 06:30:00,0.280266666667
27/01/2014 06:45:00,0.3472
27/01/2014 07:00:00,0.2438
27/01/2014 07:15:00,0.143533333333
27/01/2014 07:30:00,0.1442
27/01/2014 07:45:00,0.138733333333
27/01/2014 08:00:00,0.1418
27/01/2014 08:15:00,0.144133333333
27/01/2014 08:30:00,0.233866666667
27/01/2014 08:45:00,0.2288
27/01/2014 09:00:00,0.131666666667
27/01/2014 09:15:00,0.126333333333
27/01/2014 09:30:00,0.111
27/01/2014 09:45:00,0.1234
27/01/2014 10:00:00,0.0640666666667
27/01/2014 10:15:00,0.147266666667
27/01/2014 10:30:00,0.136133333333
27/01/2014 10:45:00,0.1534
27/01/2014 11:00:00,0.139866666667
27/01/2014 11:15:00,0.1368
27/01/2014 11:30:00,0.1392
27/01/2014 11:45:00,0.129266666667
27/01/2014 12:00:00,0.0103333333333
27/01/2014 12:15:00,0.1256
27/01/2014 12:30:00,0.01
27/01/2014 12:45:00,0.123533333333
27/01/2014 13:00:00,0.01
27/01/2014 13:15:00,0.01
27/01/2014 13:30:00,0.01
27/01/2014 13:45:00,0.0923333333333
27/01/2014 14:00:00,0.0940666666667
27/01/2014 14:15:00,0.2028
27/01/2014 14:30:00,0.219333333333
27/01/2014 14:45:00,0.1416
27/01/2014 15:00:00,0.2324
27/01/2014 15:15:00,0.232733333333
27/01/2014 15:30:00,0.1348
27/01/2014 15:45:00,0.148866666667
27/01/2014 16:00:00,0.145
27/01/2014 16:15:00,0.239133333333
27/01/2014 16:30:00,0.2294
27/01/2014 16:45:00,0.242933333333
27/01/2014 17:00:00,0.143
27/01/2014 17:15:00,0.277533333333
27/01/2014 17:30:00,0.342466666667
27/01/2014 17:45:00,0.2188
27/01/2014 18:00:00,0.2536
27/01/2014 18:15:00,0.237
27/01/2014 18:30:00,0.249933333333
27/01/2014 18:45:00,0.230066666667
27/01/2014 19:00:00,0.190666666667
27/01/2014 19:15:00,0.188733333333
27/01/2014 19:30:00,0.1932
27/01/2014 19:45:00,0.2902
27/01/2014 20:00:00,0.3892
27/01/2014 20:15:00,0.212533333333
27/01/2014 20:30:00,0.2822
27/01/2014 20:45:00,0.185266666667
27/01/2014 21:00:00,0.01
27/01/2014 21:15:00,0.144666666667
27/01/2014 21:30:00,0.157666666667
27/01/2014 21:45:00,0.1884
27/01/2014 22:00:00,0.009
27/01/2014 22:15:00,0.009
27/01/2014 22:30:00,0.009
27/01/2014 22:45:00,0.009
27/01/2014 23:00:00,0.009
27/01/2014 23:15:00,0.009
27/01/2014 23:30:00,0.009
27/01/2014 23:45:00,0.009
28/01/2014 00:00:00,0.009
28/01/2014 00:15:00,0.150666666667
28/01/2014 00:30:00,0.232266666667
28/01/2014 00:45:00,0.177333333333
28/01/2014 01:00:00,0.179666666667
28/01/2014 01:15:00,0.2052
28/01/2014 01:30:00,0.189733333333
28/01/2014 01:45:00,0.203066666667
28/01/2014 02:00:00,0.213466666667
28/01/2014 02:15:00,0.233266666667
28/01/2014 02:30:00,0.246466666667
28/01/2014 02:45:00,0.233266666667
28/01/2014 03:00:00,0.2294
28/01/2014 03:15:00,0.242533333333
28/01/2014 03:30:00,0.2666
28/01/2014 03:45:00,0.282466666667
28/01/2014 04:00:00,0.292666666667
28/01/2014 04:15:00,0.232466666667
28/01/2014 04:30:00,0.235933333333
28/01/2014 04:45:00,0.286333333333
28/01/2014 05:00:00,0.578333333333
28/01/2014 05:15:00,0.603866666667
28/01/2014 05:30:00,0.368
28/01/2014 05:45:00,0.4184
28/01/2014 06:00:00,0.571733333333
28/01/2014 06:15:00,0.641666666667
28/01/2014 06:30:00,0.386133333333
28/01/2014 06:45:00,0.290933333333
28/01/2014 07:00:00,0.4192
28/01/2014 07:15:00,0.428066666667
28/01/2014 07:30:00,0.406733333333
28/01/2014 07:45:00,0.379666666667
28/01/2014 08:00:00,0.111533333333
28/01/2014 08:15:00,0.2698
28/01/2014 08:30:00,0.289666666667
28/01/2014 08:45:00,0.2312
28/01/2014 09:00:00,0.395466666667
28/01/2014 09:15:00,0.506466666667
28/01/2014 09:30:00,0.216133333333
28/01/2014 09:45:00,0.353066666667
28/01/2014 10:00:00,0.375
28/01/2014 10:15:00,0.325266666667
28/01/2014 10:30:00,0.4092
28/01/2014 10:45:00,0.359933333333
28/01/2014 11:00:00,0.3396
28/01/2014 11:15:00,0.6512
28/01/2014 11:30:00,0.302333333333
28/01/2014 11:45:00,0.311466666667
28/01/2014 12:00:00,0.2542
28/01/2014 12:15:00,0.2866
28/01/2014 12:30:00,0.260733333333
28/01/2014 12:45:00,0.317066666667
28/01/2014 13:00:00,0.423533333333
28/01/2014 13:15:00,0.357933333333
28/01/2014 13:30:00,0.324133333333
28/01/2014 13:45:00,0.324466666667
28/01/2014 14:00:00,0.3182
28/01/2014 14:15:00,0.32
28/01/2014 14:30:00,0.320133333333
28/01/2014 14:45:00,0.351733333333
28/01/2014 15:00:00,0.345933333333
28/01/2014 15:15:00,0.2672
28/01/2014 15:30:00,0.2642
28/01/2014 15:45:00,0.289866666667
28/01/2014 16:00:00,0.2052
28/01/2014 16:15:00,0.249466666667
28/01/2014 16:30:00,0.1836
28/01/2014 16:45:00,0.264
28/01/2014 17:00:00,0.166933333333
28/01/2014 17:15:00,0.269333333333
28/01/2014 17:30:00,0.254333333333
28/01/2014 17:45:00,0.267666666667
28/01/2014 18:00:00,0.292266666667
28/01/2014 18:15:00,0.307733333333
28/01/2014 18:30:00,0.3262
28/01/2014 18:45:00,0.345066666667
28/01/2014 19:00:00,0.335733333333
28/01/2014 19:15:00,0.274466666667
28/01/2014 19:30:00,0.2552
28/01/2014 19:45:00,0.240266666667
28/01/2014 20:00:00,0.234933333333
28/01/2014 20:15:00,0.204
28/01/2014 20:30:00,0.0964
28/01/2014 20:45:00,0.229866666667
28/01/2014 21:00:00,0.199533333333
28/01/2014 21:15:00,0.2026
28/01/2014 21:30:00,0.230066666667
28/01/2014 21:45:00,0.219866666667
28/01/2014 22:00:00,0.009
28/01/2014 22:15:00,0.009
28/01/2014 22:30:00,0.009
28/01/2014 22:45:00,0.148733333333
28/01/2014 23:00:00,0.168466666667
28/01/2014 23:15:00,0.212533333333
28/01/2014 23:30:00,0.268933333333
28/01/2014 23:45:00,0.194866666667
29/01/2014 00:00:00,0.201266666667
29/01/2014 00:15:00,0.191
29/01/2014 00:30:00,0.191066666667
29/01/2014 00:45:00,0.228266666667
29/01/2014 01:00:00,0.214666666667
29/01/2014 01:15:00,0.235466666667
29/01/2014 01:30:00,0.241466666667
29/01/2014 01:45:00,0.2412
29/01/2014 02:00:00,0.241333333333
29/01/2014 02:15:00,0.234466666667
29/01/2014 02:30:00,0.228266666667
29/01/2014 02:45:00,0.246666666667
29/01/2014 03:00:00,0.285133333333
29/01/2014 03:15:00,0.268
29/01/2014 03:30:00,0.267933333333
29/01/2014 03:45:00,0.296666666667
29/01/2014 04:00:00,0.284733333333
29/01/2014 04:15:00,0.237
29/01/2014 04:30:00,0.257733333333
29/01/2014 04:45:00,0.227533333333
29/01/2014 05:00:00,0.2766
29/01/2014 05:15:00,0.2368
29/01/2014 05:30:00,0.276
29/01/2014 05:45:00,0.685466666667
29/01/2014 06:00:00,0.6644
29/01/2014 06:15:00,0.5036
29/01/2014 06:30:00,0.2984
29/01/2014 06:45:00,0.619533333333
29/01/2014 07:00:00,0.3808
29/01/2014 07:15:00,0.332533333333
29/01/2014 07:30:00,0.656133333333
29/01/2014 07:45:00,0.408866666667
29/01/2014 08:00:00,0.302866666667
29/01/2014 08:15:00,0.278533333333
29/01/2014 08:30:00,0.379133333333
29/01/2014 08:45:00,0.009
29/01/2014 09:00:00,0.0570666666667
29/01/2014 09:15:00,0.277133333333
29/01/2014 09:30:00,0.181933333333
29/01/2014 09:45:00,0.5174
29/01/2014 10:00:00,0.22
29/01/2014 10:15:00,0.304333333333
29/01/2014 10:30:00,0.291866666667
29/01/2014 10:45:00,0.300866666667
29/01/2014 11:00:00,0.290266666667
29/01/2014 11:15:00,0.279466666667
29/01/2014 11:30:00,0.166
29/01/2014 11:45:00,0.260866666667
29/01/2014 12:00:00,0.2542
29/01/2014 12:15:00,0.152466666667
29/01/2014 12:30:00,0.149466666667
29/01/2014 12:45:00,0.226933333333
29/01/2014 13:00:00,0.308866666667
29/01/2014 13:15:00,0.188133333333
29/01/2014 13:30:00,0.199933333333
29/01/2014 13:45:00,0.2732
29/01/2014 14:00:00,0.189533333333
29/01/2014 14:15:00,0.155266666667
29/01/2014 14:30:00,0.139466666667
29/01/2014 14:45:00,0.108866666667
29/01/2014 15:00:00,0.0332666666667
29/01/2014 15:15:00,0.009
29/01/2014 15:30:00,0.009
29/01/2014 15:45:00,0.009
29/01/2014 16:00:00,0.009
29/01/2014 16:15:00,0.009
29/01/2014 16:30:00,0.009
29/01/2014 16:45:00,0.00946666666667
29/01/2014 17:00:00,0.00906666666667
29/01/2014 17:15:00,0.009
29/01/2014 17:30:00,0.009
29/01/2014 17:45:00,0.152133333333
29/01/2014 18:00:00,0.1606
29/01/2014 18:15:00,0.160066666667
29/01/2014 18:30:00,0.247866666667
29/01/2014 18:45:00,0.258733333333
29/01/2014 19:00:00,0.0282666666667
29/01/2014 19:15:00,0.178933333333
29/01/2014 19:30:00,0.237933333333
29/01/2014 19:45:00,0.1612
29/01/2014 20:00:00,0.165133333333
29/01/2014 20:15:00,0.265866666667
29/01/2014 20:30:00,0.412666666667
29/01/2014 20:45:00,0.328866666667
29/01/2014 21:00:00,0.2544
29/01/2014 21:15:00,0.251333333333
29/01/2014 21:30:00,0.196733333333
29/01/2014 21:45:00,0.009
29/01/2014 22:00:00,0.009
29/01/2014 22:15:00,0.009
29/01/2014 22:30:00,0.009
29/01/2014 22:45:00,0.009
29/01/2014 23:00:00,0.009
29/01/2014 23:15:00,0.009
29/01/2014 23:30:00,0.009
29/01/2014 23:45:00,0.0503333333333
30/01/2014 00:00:00,0.1496
30/01/2014 00:15:00,0.189466666667
30/01/2014 00:30:00,0.2084
30/01/2014 00:45:00,0.1736
30/01/2014 01:00:00,0.2042
30/01/2014 01:15:00,0.223933333333
30/01/2014 01:30:00,0.214133333333
30/01/2014 01:45:00,0.241133333333
30/01/2014 02:00:00,0.2316
30/01/2014 02:15:00,0.231
30/01/2014 02:30:00,0.239733333333
30/01/2014 02:45:00,0.2564
30/01/2014 03:00:00,0.2674
30/01/2014 03:15:00,0.2738
30/01/2014 03:30:00,0.2772
30/01/2014 03:45:00,0.2926
30/01/2014 04:00:00,0.253666666667
30/01/2014 04:15:00,0.223
30/01/2014 04:30:00,0.223
30/01/2014 04:45:00,0.2228
30/01/2014 05:00:00,0.255466666667
30/01/2014 05:15:00,0.2936
30/01/2014 05:30:00,0.377333333333
30/01/2014 05:45:00,0.675466666667
30/01/2014 06:00:00,0.670133333333
30/01/2014 06:15:00,0.600866666667
30/01/2014 06:30:00,0.4318
30/01/2014 06:45:00,0.290266666667
30/01/2014 07:00:00,0.321933333333
30/01/2014 07:15:00,0.351266666667
30/01/2014 07:30:00,0.341266666667
30/01/2014 07:45:00,0.353666666667
30/01/2014 08:00:00,0.238066666667
30/01/2014 08:15:00,0.232733333333
30/01/2014 08:30:00,0.247
30/01/2014 08:45:00,0.229466666667
30/01/2014 09:00:00,0.2582
30/01/2014 09:15:00,0.3254
30/01/2014 09:30:00,0.362133333333
30/01/2014 09:45:00,0.3422
30/01/2014 10:00:00,0.2482
30/01/2014 10:15:00,0.257866666667
30/01/2014 10:30:00,0.373666666667
30/01/2014 10:45:00,0.3534
30/01/2014 11:00:00,0.266266666667
30/01/2014 11:15:00,0.250733333333
30/01/2014 11:30:00,0.5094
30/01/2014 11:45:00,0.238733333333
30/01/2014 12:00:00,0.222733333333
30/01/2014 12:15:00,0.2196
30/01/2014 12:30:00,0.250133333333
30/01/2014 12:45:00,0.24
30/01/2014 13:00:00,0.270466666667
30/01/2014 13:15:00,0.246
30/01/2014 13:30:00,0.183066666667
30/01/2014 13:45:00,0.200533333333
30/01/2014 14:00:00,0.184066666667
30/01/2014 14:15:00,0.164266666667
30/01/2014 14:30:00,0.147933333333
30/01/2014 14:45:00,0.00973333333333
30/01/2014 15:00:00,0.009
30/01/2014 15:15:00,0.009
30/01/2014 15:30:00,0.00966666666667
30/01/2014 15:45:00,0.009
30/01/2014 16:00:00,0.009
30/01/2014 16:15:00,0.009
30/01/2014 16:30:00,0.009
30/01/2014 16:45:00,0.009
30/01/2014 17:00:00,0.009
30/01/2014 17:15:00,0.009
30/01/2014 17:30:00,0.009
30/01/2014 17:45:00,0.009
30/01/2014 18:00:00,0.009
30/01/2014 18:15:00,0.009
30/01/2014 18:30:00,0.009
30/01/2014 18:45:00,0.009
30/01/2014 19:00:00,0.125933333333
30/01/2014 19:15:00,0.159866666667
30/01/2014 19:30:00,0.1528
30/01/2014 19:45:00,0.1496
30/01/2014 20:00:00,0.162533333333
30/01/2014 20:15:00,0.1728
30/01/2014 20:30:00,0.162266666667
30/01/2014 20:45:00,0.00973333333333
30/01/2014 21:00:00,0.0092
30/01/2014 21:15:00,0.009
30/01/2014 21:30:00,0.009
30/01/2014 21:45:00,0.009
30/01/2014 22:00:00,0.009
30/01/2014 22:15:00,0.009
30/01/2014 22:30:00,0.009
30/01/2014 22:45:00,0.009
30/01/2014 23:00:00,0.009
30/01/2014 23:15:00,0.009
30/01/2014 23:30:00,0.009
30/01/2014 23:45:00,0.009
31/01/2014 00:00:00,0.009
31/01/2014 00:15:00,0.009
31/01/2014 00:30:00,0.009
31/01/2014 00:45:00,0.009
31/01/2014 01:00:00,0.0096
31/01/2014 01:15:00,0.009
31/01/2014 01:30:00,0.00913333333333
31/01/2014 01:45:00,0.00953333333333
31/01/2014 02:00:00,0.009
31/01/2014 02:15:00,0.009
31/01/2014 02:30:00,0.009
31/01/2014 02:45:00,0.009
31/01/2014 03:00:00,0.0092
31/01/2014 03:15:00,0.00926666666667
31/01/2014 03:30:00,0.009
31/01/2014 03:45:00,0.00926666666667
31/01/2014 04:00:00,0.00906666666667
31/01/2014 04:15:00,0.009
31/01/2014 04:30:00,0.009
31/01/2014 04:45:00,0.009
31/01/2014 05:00:00,0.009
31/01/2014 05:15:00,0.009
31/01/2014 05:30:00,0.009
31/01/2014 05:45:00,0.0432
31/01/2014 06:00:00,0.473733333333
31/01/2014 06:15:00,0.009
31/01/2014 06:30:00,0.134533333333
31/01/2014 06:45:00,0.134533333333
31/01/2014 07:00:00,0.0997333333333
31/01/2014 07:15:00,0.047
31/01/2014 07:30:00,0.1412
31/01/2014 07:45:00,0.131066666667
31/01/2014 08:00:00,0.1312
31/01/2014 08:15:00,0.0869333333333
31/01/2014 08:30:00,0.0533333333333
31/01/2014 08:45:00,0.131533333333
31/01/2014 09:00:00,0.009
31/01/2014 09:15:00,0.009
31/01/2014 09:30:00,0.128866666667
31/01/2014 09:45:00,0.009
31/01/2014 10:00:00,0.009
31/01/2014 10:15:00,0.009
31/01/2014 10:30:00,0.009
31/01/2014 10:45:00,0.009
31/01/2014 11:00:00,0.009
31/01/2014 11:15:00,0.009
31/01/2014 11:30:00,0.009
31/01/2014 11:45:00,0.009
31/01/2014 12:00:00,0.0092
31/01/2014 12:15:00,0.009
31/01/2014 12:30:00,0.00906666666667
31/01/2014 12:45:00,0.009
31/01/2014 13:00:00,0.009
31/01/2014 13:15:00,0.009
31/01/2014 13:30:00,0.00913333333333
31/01/2014 13:45:00,0.01
31/01/2014 14:00:00,0.01
31/01/2014 14:15:00,0.01
31/01/2014 14:30:00,0.01
31/01/2014 14:45:00,0.01
31/01/2014 15:00:00,0.01
31/01/2014 15:15:00,0.00966666666667
31/01/2014 15:30:00,0.009
31/01/2014 15:45:00,0.009
31/01/2014 16:00:00,0.009
31/01/2014 16:15:00,0.009
31/01/2014 16:30:00,0.00986666666667
31/01/2014 16:45:00,0.01
31/01/2014 17:00:00,0.01
31/01/2014 17:15:00,0.01
31/01/2014 17:30:00,0.01
31/01/2014 17:45:00,0.01
31/01/2014 18:00:00,0.00966666666667
31/01/2014 18:15:00,0.009
31/01/2014 18:30:00,0.009
31/01/2014 18:45:00,0.009
31/01/2014 19:00:00,0.009
31/01/2014 19:15:00,0.00986666666667
31/01/2014 19:30:00,0.01
31/01/2014 19:45:00,0.01
31/01/2014 20:00:00,0.01
31/01/2014 20:15:00,0.01
31/01/2014 20:30:00,0.01
31/01/2014 20:45:00,0.01
31/01/2014 21:00:00,0.00966666666667
31/01/2014 21:15:00,0.009
31/01/2014 21:30:00,0.009
31/01/2014 21:45:00,0.009
31/01/2014 22:00:00,0.00973333333333
31/01/2014 22:15:00,0.01
31/01/2014 22:30:00,0.00973333333333
31/01/2014 22:45:00,0.00986666666667
31/01/2014 23:00:00,0.00933333333333
31/01/2014 23:15:00,0.01
31/01/2014 23:30:00,0.01
31/01/2014 23:45:00,0.00933333333333
01/02/2014 00:00:00,0.009
01/02/2014 00:15:00,0.009
01/02/2014 00:30:00,0.009
01/02/2014 00:45:00,0.00953333333333
01/02/2014 01:00:00,0.01
01/02/2014 01:15:00,0.01
01/02/2014 01:30:00,0.01
01/02/2014 01:45:00,0.01
01/02/2014 02:00:00,0.01
01/02/2014 02:15:00,0.01
01/02/2014 02:30:00,0.0096
01/02/2014 02:45:00,0.009
01/02/2014 03:00:00,0.009
01/02/2014 03:15:00,0.009
01/02/2014 03:30:00,0.00933333333333
01/02/2014 03:45:00,0.01
01/02/2014 04:00:00,0.01
01/02/2014 04:15:00,0.01
01/02/2014 04:30:00,0.01
01/02/2014 04:45:00,0.01
01/02/2014 05:00:00,0.01
01/02/2014 05:15:00,0.00973333333333
01/02/2014 05:30:00,0.009
01/02/2014 05:45:00,0.009
01/02/2014 06:00:00,0.009
01/02/2014 06:15:00,0.00926666666667
01/02/2014 06:30:00,0.01
01/02/2014 06:45:00,0.00973333333333
01/02/2014 07:00:00,0.0094
01/02/2014 07:15:00,0.00906666666667
01/02/2014 07:30:00,0.009
01/02/2014 07:45:00,0.009
01/02/2014 08:00:00,0.009
01/02/2014 08:15:00,0.009
01/02/2014 08:30:00,0.009
01/02/2014 08:45:00,0.00906666666667
01/02/2014 09:00:00,0.009
01/02/2014 09:15:00,0.009
01/02/2014 09:30:00,0.00946666666667
01/02/2014 09:45:00,0.00913333333333
01/02/2014 10:00:00,0.0094
01/02/2014 10:15:00,0.009
01/02/2014 10:30:00,0.00933333333333
01/02/2014 10:45:00,0.00953333333333
01/02/2014 11:00:00,0.009
01/02/2014 11:15:00,0.009
01/02/2014 11:30:00,0.009
01/02/2014 11:45:00,0.0092
01/02/2014 12:00:00,0.01
01/02/2014 12:15:00,0.00986666666667
01/02/2014 12:30:00,0.00906666666667
01/02/2014 12:45:00,0.00993333333333
01/02/2014 13:00:00,0.009
01/02/2014 13:15:00,0.00986666666667
01/02/2014 13:30:00,0.0092
01/02/2014 13:45:00,0.009
01/02/2014 14:00:00,0.009
01/02/2014 14:15:00,0.009
01/02/2014 14:30:00,0.00906666666667
01/02/2014 14:45:00,0.00993333333333
01/02/2014 15:00:00,0.01
01/02/2014 15:15:00,0.01
01/02/2014 15:30:00,0.0098
01/02/2014 15:45:00,0.01
01/02/2014 16:00:00,0.0094
01/02/2014 16:15:00,0.00953333333333
01/02/2014 16:30:00,0.009
01/02/2014 16:45:00,0.009
01/02/2014 17:00:00,0.009
01/02/2014 17:15:00,0.009
01/02/2014 17:30:00,0.009
01/02/2014 17:45:00,0.00913333333333
01/02/2014 18:00:00,0.01
01/02/2014 18:15:00,0.0096
01/02/2014 18:30:00,0.009
01/02/2014 18:45:00,0.009
01/02/2014 19:00:00,0.00913333333333
01/02/2014 19:15:00,0.01
01/02/2014 19:30:00,0.01
01/02/2014 19:45:00,0.01
01/02/2014 20:00:00,0.01
01/02/2014 20:15:00,0.01
01/02/2014 20:30:00,0.01
01/02/2014 20:45:00,0.01
01/02/2014 21:00:00,0.01
01/02/2014 21:15:00,0.00933333333333
01/02/2014 21:30:00,0.0092
01/02/2014 21:45:00,0.0098
01/02/2014 22:00:00,0.01
01/02/2014 22:15:00,0.009
01/02/2014 22:30:00,0.009
01/02/2014 22:45:00,0.009
01/02/2014 23:00:00,0.009
01/02/2014 23:15:00,0.00973333333333
01/02/2014 23:30:00,0.01
01/02/2014 23:45:00,0.01
02/02/2014 00:00:00,0.01
02/02/2014 00:15:00,0.01
02/02/2014 00:30:00,0.01
02/02/2014 00:45:00,0.01
02/02/2014 01:00:00,0.00933333333333
02/02/2014 01:15:00,0.00913333333333
02/02/2014 01:30:00,0.0098
02/02/2014 01:45:00,0.00986666666667
02/02/2014 02:00:00,0.01
02/02/2014 02:15:00,0.01
02/02/2014 02:30:00,0.01
02/02/2014 02:45:00,0.01
02/02/2014 03:00:00,0.01
02/02/2014 03:15:00,0.01
02/02/2014 03:30:00,0.01
02/02/2014 03:45:00,0.00926666666667
02/02/2014 04:00:00,0.00973333333333
02/02/2014 04:15:00,0.0096
02/02/2014 04:30:00,0.01
02/02/2014 04:45:00,0.01
02/02/2014 05:00:00,0.01
02/02/2014 05:15:00,0.01
02/02/2014 05:30:00,0.01
02/02/2014 05:45:00,0.01
02/02/2014 06:00:00,0.01
02/02/2014 06:15:00,0.1794
02/02/2014 06:30:00,0.167266666667
02/02/2014 06:45:00,0.1916
02/02/2014 07:00:00,0.177133333333
02/02/2014 07:15:00,0.149133333333
02/02/2014 07:30:00,0.2108
02/02/2014 07:45:00,0.177733333333
02/02/2014 08:00:00,0.149533333333
02/02/2014 08:15:00,0.256466666667
02/02/2014 08:30:00,0.242466666667
02/02/2014 08:45:00,0.180533333333
02/02/2014 09:00:00,0.254
02/02/2014 09:15:00,0.1254
02/02/2014 09:30:00,0.269066666667
02/02/2014 09:45:00,0.213333333333
02/02/2014 10:00:00,0.242733333333
02/02/2014 10:15:00,0.282533333333
02/02/2014 10:30:00,0.2628
02/02/2014 10:45:00,0.264933333333
02/02/2014 11:00:00,0.229133333333
02/02/2014 11:15:00,0.235133333333
02/02/2014 11:30:00,0.2012
02/02/2014 11:45:00,0.249666666667
02/02/2014 12:00:00,0.2296
02/02/2014 12:15:00,0.2052
02/02/2014 12:30:00,0.286133333333
02/02/2014 12:45:00,0.251266666667
02/02/2014 13:00:00,0.3864
02/02/2014 13:15:00,0.273066666667
02/02/2014 13:30:00,0.266266666667
02/02/2014 13:45:00,0.212
02/02/2014 14:00:00,0.258333333333
02/02/2014 14:15:00,0.2572
02/02/2014 14:30:00,0.259933333333
02/02/2014 14:45:00,0.270933333333
02/02/2014 15:00:00,0.293066666667
02/02/2014 15:15:00,0.303
02/02/2014 15:30:00,0.279
02/02/2014 15:45:00,0.231933333333
02/02/2014 16:00:00,0.283266666667
02/02/2014 16:15:00,0.2822
02/02/2014 16:30:00,0.237733333333
02/02/2014 16:45:00,0.228066666667
02/02/2014 17:00:00,0.2248
02/02/2014 17:15:00,0.221066666667
02/02/2014 17:30:00,0.217333333333
02/02/2014 17:45:00,0.2106
02/02/2014 18:00:00,0.231266666667
02/02/2014 18:15:00,0.224466666667
02/02/2014 18:30:00,0.244133333333
02/02/2014 18:45:00,0.152466666667
02/02/2014 19:00:00,0.2394
02/02/2014 19:15:00,0.320733333333
02/02/2014 19:30:00,0.313066666667
02/02/2014 19:45:00,0.272266666667
02/02/2014 20:00:00,0.288533333333
02/02/2014 20:15:00,0.2764
02/02/2014 20:30:00,0.3398
02/02/2014 20:45:00,0.355133333333
02/02/2014 21:00:00,0.3342
02/02/2014 21:15:00,0.245666666667
02/02/2014 21:30:00,0.186933333333
02/02/2014 21:45:00,0.177466666667
02/02/2014 22:00:00,0.00993333333333
02/02/2014 22:15:00,0.00926666666667
02/02/2014 22:30:00,0.009
02/02/2014 22:45:00,0.009
02/02/2014 23:00:00,0.009
02/02/2014 23:15:00,0.009
02/02/2014 23:30:00,0.009
02/02/2014 23:45:00,0.146933333333
03/02/2014 00:00:00,0.203733333333
03/02/2014 00:15:00,0.1826
03/02/2014 00:30:00,0.1774
03/02/2014 00:45:00,0.185133333333
03/02/2014 01:00:00,0.159733333333
03/02/2014 01:15:00,0.163333333333
03/02/2014 01:30:00,0.183466666667
03/02/2014 01:45:00,0.176666666667
03/02/2014 02:00:00,0.196933333333
03/02/2014 02:15:00,0.1964
03/02/2014 02:30:00,0.252466666667
03/02/2014 02:45:00,0.246866666667
03/02/2014 03:00:00,0.237133333333
03/02/2014 03:15:00,0.2452
03/02/2014 03:30:00,0.2188
03/02/2014 03:45:00,0.1932
03/02/2014 04:00:00,0.193
03/02/2014 04:15:00,0.2554
03/02/2014 04:30:00,0.297666666667
03/02/2014 04:45:00,0.209066666667
03/02/2014 05:00:00,0.192066666667
03/02/2014 05:15:00,0.204
03/02/2014 05:30:00,0.312666666667
03/02/2014 05:45:00,0.6614
03/02/2014 06:00:00,0.5668
03/02/2014 06:15:00,0.372066666667
03/02/2014 06:30:00,0.3618
03/02/2014 06:45:00,0.383266666667
03/02/2014 07:00:00,0.634933333333
03/02/2014 07:15:00,0.608333333333
03/02/2014 07:30:00,0.376133333333
03/02/2014 07:45:00,0.328733333333
03/02/2014 08:00:00,0.306066666667
03/02/2014 08:15:00,0.2814
03/02/2014 08:30:00,0.2972
03/02/2014 08:45:00,0.3006
03/02/2014 09:00:00,0.336733333333
03/02/2014 09:15:00,0.325933333333
03/02/2014 09:30:00,0.315133333333
03/02/2014 09:45:00,0.313866666667
03/02/2014 10:00:00,0.3244
03/02/2014 10:15:00,0.3224
03/02/2014 10:30:00,0.333666666667
03/02/2014 10:45:00,0.318866666667
03/02/2014 11:00:00,0.1642
03/02/2014 11:15:00,0.161466666667
03/02/2014 11:30:00,0.280066666667
03/02/2014 11:45:00,0.1924
03/02/2014 12:00:00,0.1314
03/02/2014 12:15:00,0.225733333333
03/02/2014 12:30:00,0.222133333333
03/02/2014 12:45:00,0.212466666667
03/02/2014 13:00:00,0.0997333333333
03/02/2014 13:15:00,0.140733333333
03/02/2014 13:30:00,0.212866666667
03/02/2014 13:45:00,0.235066666667
03/02/2014 14:00:00,0.2348
03/02/2014 14:15:00,0.238133333333
03/02/2014 14:30:00,0.147666666667
03/02/2014 14:45:00,0.151466666667
03/02/2014 15:00:00,0.151466666667
03/02/2014 15:15:00,0.2854
03/02/2014 15:30:00,0.2604
03/02/2014 15:45:00,0.2584
03/02/2014 16:00:00,0.260533333333
03/02/2014 16:15:00,0.283533333333
03/02/2014 16:30:00,0.262866666667
03/02/2014 16:45:00,0.256266666667
03/02/2014 17:00:00,0.149866666667
03/02/2014 17:15:00,0.1668
03/02/2014 17:30:00,0.164066666667
03/02/2014 17:45:00,0.154066666667
03/02/2014 18:00:00,0.156933333333
03/02/2014 18:15:00,0.2814
03/02/2014 18:30:00,0.314666666667
03/02/2014 18:45:00,0.318266666667
03/02/2014 19:00:00,0.293533333333
03/02/2014 19:15:00,0.260933333333
03/02/2014 19:30:00,0.175733333333
03/02/2014 19:45:00,0.231333333333
03/02/2014 20:00:00,0.227666666667
03/02/2014 20:15:00,0.2278
03/02/2014 20:30:00,0.240933333333
03/02/2014 20:45:00,0.240533333333
03/02/2014 21:00:00,0.1468
03/02/2014 21:15:00,0.228133333333
03/02/2014 21:30:00,0.0094
03/02/2014 21:45:00,0.153266666667
03/02/2014 22:00:00,0.009
03/02/2014 22:15:00,0.009
03/02/2014 22:30:00,0.009
03/02/2014 22:45:00,0.009
03/02/2014 23:00:00,0.009
03/02/2014 23:15:00,0.009
03/02/2014 23:30:00,0.009
03/02/2014 23:45:00,0.009
04/02/2014 00:00:00,0.009
04/02/2014 00:15:00,0.009
04/02/2014 00:30:00,0.141266666667
04/02/2014 00:45:00,0.1464
04/02/2014 01:00:00,0.142333333333
04/02/2014 01:15:00,0.141866666667
04/02/2014 01:30:00,0.148533333333
04/02/2014 01:45:00,0.1452
04/02/2014 02:00:00,0.151866666667
04/02/2014 02:15:00,0.155266666667
04/02/2014 02:30:00,0.1518
04/02/2014 02:45:00,0.152066666667
04/02/2014 03:00:00,0.1588
04/02/2014 03:15:00,0.145533333333
04/02/2014 03:30:00,0.1652
04/02/2014 03:45:00,0.155466666667
04/02/2014 04:00:00,0.148133333333
04/02/2014 04:15:00,0.171466666667
04/02/2014 04:30:00,0.161333333333
04/02/2014 04:45:00,0.171333333333
04/02/2014 05:00:00,0.1642
04/02/2014 05:15:00,0.1778
04/02/2014 05:30:00,0.167533333333
04/02/2014 05:45:00,0.4142
04/02/2014 06:00:00,0.638333333333
04/02/2014 06:15:00,0.355466666667
04/02/2014 06:30:00,0.615133333333
04/02/2014 06:45:00,0.195333333333
04/02/2014 07:00:00,0.140266666667
04/02/2014 07:15:00,0.203133333333
04/02/2014 07:30:00,0.285866666667
04/02/2014 07:45:00,0.176133333333
04/02/2014 08:00:00,0.107666666667
04/02/2014 08:15:00,0.213666666667
04/02/2014 08:30:00,0.2514
04/02/2014 08:45:00,0.2406
04/02/2014 09:00:00,0.247733333333
04/02/2014 09:15:00,0.238533333333
04/02/2014 09:30:00,0.225866666667
04/02/2014 09:45:00,0.207266666667
04/02/2014 10:00:00,0.159266666667
04/02/2014 10:15:00,0.197666666667
04/02/2014 10:30:00,0.1022
04/02/2014 10:45:00,0.2404
04/02/2014 11:00:00,0.127933333333
04/02/2014 11:15:00,0.213866666667
04/02/2014 11:30:00,0.0094
04/02/2014 11:45:00,0.009
04/02/2014 12:00:00,0.00926666666667
04/02/2014 12:15:00,0.009
04/02/2014 12:30:00,0.00913333333333
04/02/2014 12:45:00,0.009
04/02/2014 13:00:00,0.00933333333333
04/02/2014 13:15:00,0.00953333333333
04/02/2014 13:30:00,0.0100666666667
04/02/2014 13:45:00,0.147866666667
04/02/2014 14:00:00,0.146133333333
04/02/2014 14:15:00,0.159733333333
04/02/2014 14:30:00,0.148733333333
04/02/2014 14:45:00,0.00886666666667
04/02/2014 15:00:00,0.00886666666667
04/02/2014 15:15:00,0.00926666666667
04/02/2014 15:30:00,0.01
04/02/2014 15:45:00,0.01
04/02/2014 16:00:00,0.00966666666667
04/02/2014 16:15:00,0.00933333333333
04/02/2014 16:30:00,0.00953333333333
04/02/2014 16:45:00,0.00926666666667
04/02/2014 17:00:00,0.009
04/02/2014 17:15:00,0.009
04/02/2014 17:30:00,0.009
04/02/2014 17:45:00,0.009
04/02/2014 18:00:00,0.009
04/02/2014 18:15:00,0.00953333333333
04/02/2014 18:30:00,0.01
04/02/2014 18:45:00,0.01
04/02/2014 19:00:00,0.01
04/02/2014 19:15:00,0.01
04/02/2014 19:30:00,0.00933333333333
04/02/2014 19:45:00,0.009
04/02/2014 20:00:00,0.009
04/02/2014 20:15:00,0.009
04/02/2014 20:30:00,0.009
04/02/2014 20:45:00,0.009
04/02/2014 21:00:00,0.009
04/02/2014 21:15:00,0.009
04/02/2014 21:30:00,0.1368
04/02/2014 21:45:00,0.136466666667
04/02/2014 22:00:00,0.142133333333
04/02/2014 22:15:00,0.132
04/02/2014 22:30:00,0.009
04/02/2014 22:45:00,0.009
04/02/2014 23:00:00,0.00926666666667
04/02/2014 23:15:00,0.009
04/02/2014 23:30:00,0.00953333333333
04/02/2014 23:45:00,0.01
05/02/2014 00:00:00,0.0096
05/02/2014 00:15:00,0.00986666666667
05/02/2014 00:30:00,0.01
05/02/2014 00:45:00,0.00933333333333
05/02/2014 01:00:00,0.009
05/02/2014 01:15:00,0.009
05/02/2014 01:30:00,0.00966666666667
05/02/2014 01:45:00,0.00986666666667
05/02/2014 02:00:00,0.00966666666667
05/02/2014 02:15:00,0.01
05/02/2014 02:30:00,0.01
05/02/2014 02:45:00,0.01
05/02/2014 03:00:00,0.01
05/02/2014 03:15:00,0.00966666666667
05/02/2014 03:30:00,0.009
05/02/2014 03:45:00,0.009
05/02/2014 04:00:00,0.00906666666667
05/02/2014 04:15:00,0.1412
05/02/2014 04:30:00,0.145533333333
05/02/2014 04:45:00,0.151266666667
05/02/2014 05:00:00,0.1544
05/02/2014 05:15:00,0.145066666667
05/02/2014 05:30:00,0.147133333333
05/02/2014 05:45:00,0.532866666667
05/02/2014 06:00:00,0.676866666667
05/02/2014 06:15:00,0.655266666667
05/02/2014 06:30:00,0.398066666667
05/02/2014 06:45:00,0.316866666667
05/02/2014 07:00:00,0.234533333333
05/02/2014 07:15:00,0.330333333333
05/02/2014 07:30:00,0.296933333333
05/02/2014 07:45:00,0.294066666667
05/02/2014 08:00:00,0.260533333333
05/02/2014 08:15:00,0.2864
05/02/2014 08:30:00,0.3
05/02/2014 08:45:00,0.206466666667
05/02/2014 09:00:00,0.1486
05/02/2014 09:15:00,0.221333333333
05/02/2014 09:30:00,0.234
05/02/2014 09:45:00,0.199533333333
05/02/2014 10:00:00,0.160333333333
05/02/2014 10:15:00,0.200266666667
05/02/2014 10:30:00,0.175933333333
05/02/2014 10:45:00,0.162266666667
05/02/2014 11:00:00,0.268533333333
05/02/2014 11:15:00,0.2072
05/02/2014 11:30:00,0.162733333333
05/02/2014 11:45:00,0.0904666666667
05/02/2014 12:00:00,0.2256
05/02/2014 12:15:00,0.0416666666667
05/02/2014 12:30:00,0.198533333333
05/02/2014 12:45:00,0.229533333333
05/02/2014 13:00:00,0.226333333333
05/02/2014 13:15:00,0.229466666667
05/02/2014 13:30:00,0.212266666667
05/02/2014 13:45:00,0.6162
05/02/2014 14:00:00,0.300733333333
05/02/2014 14:15:00,0.177
05/02/2014 14:30:00,0.1608
05/02/2014 14:45:00,0.168933333333
05/02/2014 15:00:00,0.154533333333
05/02/2014 15:15:00,0.144133333333
05/02/2014 15:30:00,0.141066666667
05/02/2014 15:45:00,0.01
05/02/2014 16:00:00,0.0094
05/02/2014 16:15:00,0.01
05/02/2014 16:30:00,0.00953333333333
05/02/2014 16:45:00,0.01
05/02/2014 17:00:00,0.01
05/02/2014 17:15:00,0.0116
05/02/2014 17:30:00,0.378
05/02/2014 17:45:00,0.3584
05/02/2014 18:00:00,0.2914
05/02/2014 18:15:00,0.271133333333
05/02/2014 18:30:00,0.321533333333
05/02/2014 18:45:00,0.309466666667
05/02/2014 19:00:00,0.5104
05/02/2014 19:15:00,0.2464
05/02/2014 19:30:00,0.292733333333
05/02/2014 19:45:00,0.251266666667
05/02/2014 20:00:00,0.314866666667
05/02/2014 20:15:00,0.416266666667
05/02/2014 20:30:00,0.38
05/02/2014 20:45:00,0.3032
05/02/2014 21:00:00,0.2754
05/02/2014 21:15:00,0.251533333333
05/02/2014 21:30:00,0.3046
05/02/2014 21:45:00,0.348866666667
05/02/2014 22:00:00,0.338866666667
05/02/2014 22:15:00,0.268933333333
05/02/2014 22:30:00,0.267333333333
05/02/2014 22:45:00,0.144533333333
05/02/2014 23:00:00,0.009
05/02/2014 23:15:00,0.009
05/02/2014 23:30:00,0.009
05/02/2014 23:45:00,0.009
06/02/2014 00:00:00,0.009
06/02/2014 00:15:00,0.009
06/02/2014 00:30:00,0.1366
06/02/2014 00:45:00,0.1714
06/02/2014 01:00:00,0.2874
06/02/2014 01:15:00,0.225133333333
06/02/2014 01:30:00,0.2268
06/02/2014 01:45:00,0.264133333333
06/02/2014 02:00:00,0.298133333333
06/02/2014 02:15:00,0.302
06/02/2014 02:30:00,0.298066666667
06/02/2014 02:45:00,0.2916
06/02/2014 03:00:00,0.301666666667
06/02/2014 03:15:00,0.3058
06/02/2014 03:30:00,0.301733333333
06/02/2014 03:45:00,0.2858
06/02/2014 04:00:00,0.274866666667
06/02/2014 04:15:00,0.2686
06/02/2014 04:30:00,0.272266666667
06/02/2014 04:45:00,0.2424
06/02/2014 05:00:00,0.258266666667
06/02/2014 05:15:00,0.2914
06/02/2014 05:30:00,0.257133333333
06/02/2014 05:45:00,0.581266666667
06/02/2014 06:00:00,0.675933333333
06/02/2014 06:15:00,0.473466666667
06/02/2014 06:30:00,0.633266666667
06/02/2014 06:45:00,0.6028
06/02/2014 07:00:00,0.6006
06/02/2014 07:15:00,0.2804
06/02/2014 07:30:00,0.384466666667
06/02/2014 07:45:00,0.333866666667
06/02/2014 08:00:00,0.264266666667
06/02/2014 08:15:00,0.271266666667
06/02/2014 08:30:00,0.173066666667
06/02/2014 08:45:00,0.1544
06/02/2014 09:00:00,0.1718
06/02/2014 09:15:00,0.258
06/02/2014 09:30:00,0.298933333333
06/02/2014 09:45:00,0.435933333333
06/02/2014 10:00:00,0.225466666667
06/02/2014 10:15:00,0.449
06/02/2014 10:30:00,0.413133333333
06/02/2014 10:45:00,0.406733333333
06/02/2014 11:00:00,0.379
06/02/2014 11:15:00,0.385133333333
06/02/2014 11:30:00,0.355666666667
06/02/2014 11:45:00,0.370066666667
06/02/2014 12:00:00,0.424866666667
06/02/2014 12:15:00,0.3204
06/02/2014 12:30:00,0.296
06/02/2014 12:45:00,0.295533333333
06/02/2014 13:00:00,0.4874
06/02/2014 13:15:00,0.320933333333
06/02/2014 13:30:00,0.340666666667
06/02/2014 13:45:00,0.341466666667
06/02/2014 14:00:00,0.3894
06/02/2014 14:15:00,0.3702
06/02/2014 14:30:00,0.327466666667
06/02/2014 14:45:00,0.3158
06/02/2014 15:00:00,0.3094
06/02/2014 15:15:00,0.323066666667
06/02/2014 15:30:00,0.366266666667
06/02/2014 15:45:00,0.3286
06/02/2014 16:00:00,0.2674
06/02/2014 16:15:00,0.3868
06/02/2014 16:30:00,0.310666666667
06/02/2014 16:45:00,0.450666666667
06/02/2014 17:00:00,0.2978
06/02/2014 17:15:00,0.377133333333
06/02/2014 17:30:00,0.341066666667
06/02/2014 17:45:00,0.3406
06/02/2014 18:00:00,0.327133333333
06/02/2014 18:15:00,0.351933333333
06/02/2014 18:30:00,0.280666666667
06/02/2014 18:45:00,0.262733333333
06/02/2014 19:00:00,0.393466666667
06/02/2014 19:15:00,0.367666666667
06/02/2014 19:30:00,0.2776
06/02/2014 19:45:00,0.359066666667
06/02/2014 20:00:00,0.245866666667
06/02/2014 20:15:00,0.2468
06/02/2014 20:30:00,0.233066666667
06/02/2014 20:45:00,0.3834
06/02/2014 21:00:00,0.3822
06/02/2014 21:15:00,0.079
06/02/2014 21:30:00,0.210733333333
06/02/2014 21:45:00,0.2212
06/02/2014 22:00:00,0.0216
06/02/2014 22:15:00,0.00906666666667
06/02/2014 22:30:00,0.0098
06/02/2014 22:45:00,0.009
06/02/2014 23:00:00,0.009
06/02/2014 23:15:00,0.148866666667
06/02/2014 23:30:00,0.150933333333
06/02/2014 23:45:00,0.181466666667
07/02/2014 00:00:00,0.182666666667
07/02/2014 00:15:00,0.199333333333
07/02/2014 00:30:00,0.212
07/02/2014 00:45:00,0.2488
07/02/2014 01:00:00,0.392533333333
07/02/2014 01:15:00,0.347666666667
07/02/2014 01:30:00,0.289066666667
07/02/2014 01:45:00,0.2644
07/02/2014 02:00:00,0.231
07/02/2014 02:15:00,0.250933333333
07/02/2014 02:30:00,0.228133333333
07/02/2014 02:45:00,0.2332
07/02/2014 03:00:00,0.298533333333
07/02/2014 03:15:00,0.263
07/02/2014 03:30:00,0.2348
07/02/2014 03:45:00,0.335
07/02/2014 04:00:00,0.312266666667
07/02/2014 04:15:00,0.2596
07/02/2014 04:30:00,0.3074
07/02/2014 04:45:00,0.260266666667
07/02/2014 05:00:00,0.3088
07/02/2014 05:15:00,0.291266666667
07/02/2014 05:30:00,0.354266666667
07/02/2014 05:45:00,0.663666666667
07/02/2014 06:00:00,0.617466666667
07/02/2014 06:15:00,0.326533333333
07/02/2014 06:30:00,0.5782
07/02/2014 06:45:00,0.6434
07/02/2014 07:00:00,0.597133333333
07/02/2014 07:15:00,0.452066666667
07/02/2014 07:30:00,0.270933333333
07/02/2014 07:45:00,0.404533333333
07/02/2014 08:00:00,0.345733333333
07/02/2014 08:15:00,0.329466666667
07/02/2014 08:30:00,0.274
07/02/2014 08:45:00,0.270533333333
07/02/2014 09:00:00,0.2922
07/02/2014 09:15:00,0.542
07/02/2014 09:30:00,0.391733333333
07/02/2014 09:45:00,0.269466666667
07/02/2014 10:00:00,0.341733333333
07/02/2014 10:15:00,0.432133333333
07/02/2014 10:30:00,0.321733333333
07/02/2014 10:45:00,0.331333333333
07/02/2014 11:00:00,0.430666666667
07/02/2014 11:15:00,0.3344
07/02/2014 11:30:00,0.059
07/02/2014 11:45:00,0.009
07/02/2014 12:00:00,0.3022
07/02/2014 12:15:00,0.455933333333
07/02/2014 12:30:00,0.310266666667
07/02/2014 12:45:00,0.316733333333
07/02/2014 13:00:00,0.354
07/02/2014 13:15:00,0.276133333333
07/02/2014 13:30:00,0.262133333333
07/02/2014 13:45:00,0.281733333333
07/02/2014 14:00:00,0.305533333333
07/02/2014 14:15:00,0.317333333333
07/02/2014 14:30:00,0.3164
07/02/2014 14:45:00,0.236333333333
07/02/2014 15:00:00,0.3182
07/02/2014 15:15:00,0.204666666667
07/02/2014 15:30:00,0.207333333333
07/02/2014 15:45:00,0.244733333333
07/02/2014 16:00:00,0.327666666667
07/02/2014 16:15:00,0.396266666667
07/02/2014 16:30:00,0.366133333333
07/02/2014 16:45:00,0.239733333333
07/02/2014 17:00:00,0.210933333333
07/02/2014 17:15:00,0.210133333333
07/02/2014 17:30:00,0.3424
07/02/2014 17:45:00,0.0897333333333
07/02/2014 18:00:00,0.3732
07/02/2014 18:15:00,0.3038
07/02/2014 18:30:00,0.289
07/02/2014 18:45:00,0.3054
07/02/2014 19:00:00,0.3652
07/02/2014 19:15:00,0.337733333333
07/02/2014 19:30:00,0.305933333333
07/02/2014 19:45:00,0.2784
07/02/2014 20:00:00,0.286733333333
07/02/2014 20:15:00,0.308266666667
07/02/2014 20:30:00,0.288466666667
07/02/2014 20:45:00,0.312333333333
07/02/2014 21:00:00,0.334066666667
07/02/2014 21:15:00,0.223666666667
07/02/2014 21:30:00,0.312466666667
07/02/2014 21:45:00,0.009
07/02/2014 22:00:00,0.009
07/02/2014 22:15:00,0.009
07/02/2014 22:30:00,0.009
07/02/2014 22:45:00,0.009
07/02/2014 23:00:00,0.009
07/02/2014 23:15:00,0.009
07/02/2014 23:30:00,0.009
07/02/2014 23:45:00,0.009
08/02/2014 00:00:00,0.009
08/02/2014 00:15:00,0.009
08/02/2014 00:30:00,0.0502
08/02/2014 00:45:00,0.141866666667
08/02/2014 01:00:00,0.203533333333
08/02/2014 01:15:00,0.178866666667
08/02/2014 01:30:00,0.153533333333
08/02/2014 01:45:00,0.1602
08/02/2014 02:00:00,0.256733333333
08/02/2014 02:15:00,0.236333333333
08/02/2014 02:30:00,0.2244
08/02/2014 02:45:00,0.198133333333
08/02/2014 03:00:00,0.1928
08/02/2014 03:15:00,0.195866666667
08/02/2014 03:30:00,0.219666666667
08/02/2014 03:45:00,0.225133333333
08/02/2014 04:00:00,0.250466666667
08/02/2014 04:15:00,0.298066666667
08/02/2014 04:30:00,0.2086
08/02/2014 04:45:00,0.189333333333
08/02/2014 05:00:00,0.18
08/02/2014 05:15:00,0.1896
08/02/2014 05:30:00,0.5588
08/02/2014 05:45:00,0.600733333333
08/02/2014 06:00:00,0.562066666667
08/02/2014 06:15:00,0.355733333333
08/02/2014 06:30:00,0.2066
08/02/2014 06:45:00,0.224933333333
08/02/2014 07:00:00,0.2244
08/02/2014 07:15:00,0.230333333333
08/02/2014 07:30:00,0.302866666667
08/02/2014 07:45:00,0.309533333333
08/02/2014 08:00:00,0.408533333333
08/02/2014 08:15:00,0.431
08/02/2014 08:30:00,0.3042
08/02/2014 08:45:00,0.2774
08/02/2014 09:00:00,0.402733333333
08/02/2014 09:15:00,0.321666666667
08/02/2014 09:30:00,0.330066666667
08/02/2014 09:45:00,0.252466666667
08/02/2014 10:00:00,0.2216
08/02/2014 10:15:00,0.225266666667
08/02/2014 10:30:00,0.0974
08/02/2014 10:45:00,0.182
08/02/2014 11:00:00,0.2226
08/02/2014 11:15:00,0.009
08/02/2014 11:30:00,0.2348
08/02/2014 11:45:00,0.0956666666667
08/02/2014 12:00:00,0.0398666666667
08/02/2014 12:15:00,0.00926666666667
08/02/2014 12:30:00,0.009
08/02/2014 12:45:00,0.256066666667
08/02/2014 13:00:00,0.132933333333
08/02/2014 13:15:00,0.009
08/02/2014 13:30:00,0.133333333333
08/02/2014 13:45:00,0.009
08/02/2014 14:00:00,0.00906666666667
08/02/2014 14:15:00,0.009
08/02/2014 14:30:00,0.00926666666667
08/02/2014 14:45:00,0.00926666666667
08/02/2014 15:00:00,0.009
08/02/2014 15:15:00,0.009
08/02/2014 15:30:00,0.009
08/02/2014 15:45:00,0.00933333333333
08/02/2014 16:00:00,0.0092
08/02/2014 16:15:00,0.009
08/02/2014 16:30:00,0.009
08/02/2014 16:45:00,0.009
08/02/2014 17:00:00,0.009
08/02/2014 17:15:00,0.009
08/02/2014 17:30:00,0.009
08/02/2014 17:45:00,0.009
08/02/2014 18:00:00,0.009
08/02/2014 18:15:00,0.009
08/02/2014 18:30:00,0.009
08/02/2014 18:45:00,0.009
08/02/2014 19:00:00,0.009
08/02/2014 19:15:00,0.009
08/02/2014 19:30:00,0.009
08/02/2014 19:45:00,0.141066666667
08/02/2014 20:00:00,0.134333333333
08/02/2014 20:15:00,0.0559333333333
08/02/2014 20:30:00,0.142933333333
08/02/2014 20:45:00,0.0942666666667
08/02/2014 21:00:00,0.149533333333
08/02/2014 21:15:00,0.147533333333
08/02/2014 21:30:00,0.15
08/02/2014 21:45:00,0.153333333333
08/02/2014 22:00:00,0.009
08/02/2014 22:15:00,0.009
08/02/2014 22:30:00,0.009
08/02/2014 22:45:00,0.144666666667
08/02/2014 23:00:00,0.146
08/02/2014 23:15:00,0.142466666667
08/02/2014 23:30:00,0.152733333333
08/02/2014 23:45:00,0.1362
09/02/2014 00:00:00,0.153133333333
09/02/2014 00:15:00,0.139733333333
09/02/2014 00:30:00,0.156333333333
09/02/2014 00:45:00,0.159466666667
09/02/2014 01:00:00,0.156066666667
09/02/2014 01:15:00,0.152733333333
09/02/2014 01:30:00,0.159533333333
09/02/2014 01:45:00,0.1596
09/02/2014 02:00:00,0.159333333333
09/02/2014 02:15:00,0.163
09/02/2014 02:30:00,0.147733333333
09/02/2014 02:45:00,0.169533333333
09/02/2014 03:00:00,0.1664
09/02/2014 03:15:00,0.152666666667
09/02/2014 03:30:00,0.1592
09/02/2014 03:45:00,0.165066666667
09/02/2014 04:00:00,0.158933333333
09/02/2014 04:15:00,0.172266666667
09/02/2014 04:30:00,0.162466666667
09/02/2014 04:45:00,0.165666666667
09/02/2014 05:00:00,0.172133333333
09/02/2014 05:15:00,0.183333333333
09/02/2014 05:30:00,0.2244
09/02/2014 05:45:00,0.310266666667
09/02/2014 06:00:00,0.644933333333
09/02/2014 06:15:00,0.281
09/02/2014 06:30:00,0.3664
09/02/2014 06:45:00,0.284066666667
09/02/2014 07:00:00,0.264
09/02/2014 07:15:00,0.296533333333
09/02/2014 07:30:00,0.247066666667
09/02/2014 07:45:00,0.25
09/02/2014 08:00:00,0.326733333333
09/02/2014 08:15:00,0.316533333333
09/02/2014 08:30:00,0.303133333333
09/02/2014 08:45:00,0.165066666667
09/02/2014 09:00:00,0.100466666667
09/02/2014 09:15:00,0.197666666667
09/02/2014 09:30:00,0.211066666667
09/02/2014 09:45:00,0.009
09/02/2014 10:00:00,0.009
09/02/2014 10:15:00,0.0092
09/02/2014 10:30:00,0.1236
09/02/2014 10:45:00,0.00926666666667
09/02/2014 11:00:00,0.0092
09/02/2014 11:15:00,0.2128
09/02/2014 11:30:00,0.009
09/02/2014 11:45:00,0.009
09/02/2014 12:00:00,0.0092
09/02/2014 12:15:00,0.0094
09/02/2014 12:30:00,0.00906666666667
09/02/2014 12:45:00,0.00906666666667
09/02/2014 13:00:00,0.009
09/02/2014 13:15:00,0.00913333333333
09/02/2014 13:30:00,0.0094
09/02/2014 13:45:00,0.009
09/02/2014 14:00:00,0.009
09/02/2014 14:15:00,0.009
09/02/2014 14:30:00,0.009
09/02/2014 14:45:00,0.00926666666667
09/02/2014 15:00:00,0.009
09/02/2014 15:15:00,0.009
09/02/2014 15:30:00,0.009
09/02/2014 15:45:00,0.009
09/02/2014 16:00:00,0.009
09/02/2014 16:15:00,0.009
09/02/2014 16:30:00,0.009
09/02/2014 16:45:00,0.009
09/02/2014 17:00:00,0.009
09/02/2014 17:15:00,0.009
09/02/2014 17:30:00,0.009
09/02/2014 17:45:00,0.009
09/02/2014 18:00:00,0.009
09/02/2014 18:15:00,0.009
09/02/2014 18:30:00,0.009
09/02/2014 18:45:00,0.009
09/02/2014 19:00:00,0.009
09/02/2014 19:15:00,0.009
09/02/2014 19:30:00,0.009
09/02/2014 19:45:00,0.009
09/02/2014 20:00:00,0.009
09/02/2014 20:15:00,0.009
09/02/2014 20:30:00,0.009
09/02/2014 20:45:00,0.009
09/02/2014 21:00:00,0.009
09/02/2014 21:15:00,0.009
09/02/2014 21:30:00,0.009
09/02/2014 21:45:00,0.009
09/02/2014 22:00:00,0.009
09/02/2014 22:15:00,0.009
09/02/2014 22:30:00,0.009
09/02/2014 22:45:00,0.009
09/02/2014 23:00:00,0.009
09/02/2014 23:15:00,0.009
09/02/2014 23:30:00,0.00933333333333
09/02/2014 23:45:00,0.009
10/02/2014 00:00:00,0.009
10/02/2014 00:15:00,0.009
10/02/2014 00:30:00,0.0094
10/02/2014 00:45:00,0.00993333333333
10/02/2014 01:00:00,0.00946666666667
10/02/2014 01:15:00,0.0092
10/02/2014 01:30:00,0.0096
10/02/2014 01:45:00,0.00953333333333
10/02/2014 02:00:00,0.00953333333333
10/02/2014 02:15:00,0.00906666666667
10/02/2014 02:30:00,0.009
10/02/2014 02:45:00,0.009
10/02/2014 03:00:00,0.009
10/02/2014 03:15:00,0.00953333333333
10/02/2014 03:30:00,0.009
10/02/2014 03:45:00,0.009
10/02/2014 04:00:00,0.009
10/02/2014 04:15:00,0.009
10/02/2014 04:30:00,0.009
10/02/2014 04:45:00,0.009
10/02/2014 05:00:00,0.009
10/02/2014 05:15:00,0.009
10/02/2014 05:30:00,0.009
10/02/2014 05:45:00,0.009
10/02/2014 06:00:00,0.5232
10/02/2014 06:15:00,0.0400666666667
10/02/2014 06:30:00,0.145666666667
10/02/2014 06:45:00,0.162733333333
10/02/2014 07:00:00,0.1732
10/02/2014 07:15:00,0.173333333333
10/02/2014 07:30:00,0.4176
10/02/2014 07:45:00,0.4904
10/02/2014 08:00:00,0.173933333333
10/02/2014 08:15:00,0.200666666667
10/02/2014 08:30:00,0.2106
10/02/2014 08:45:00,0.1974
10/02/2014 09:00:00,0.3054
10/02/2014 09:15:00,0.3226
10/02/2014 09:30:00,0.1902
10/02/2014 09:45:00,0.280733333333
10/02/2014 10:00:00,0.224466666667
10/02/2014 10:15:00,0.348866666667
10/02/2014 10:30:00,0.1596
10/02/2014 10:45:00,0.155133333333
10/02/2014 11:00:00,0.147666666667
10/02/2014 11:15:00,0.2776
10/02/2014 11:30:00,0.263133333333
10/02/2014 11:45:00,0.2418
10/02/2014 12:00:00,0.245533333333
10/02/2014 12:15:00,0.282866666667
10/02/2014 12:30:00,0.1946
10/02/2014 12:45:00,0.303133333333
10/02/2014 13:00:00,0.195133333333
10/02/2014 13:15:00,0.217666666667
10/02/2014 13:30:00,0.220866666667
10/02/2014 13:45:00,0.237466666667
10/02/2014 14:00:00,0.230133333333
10/02/2014 14:15:00,0.264533333333
10/02/2014 14:30:00,0.2776
10/02/2014 14:45:00,0.2694
10/02/2014 15:00:00,0.224733333333
10/02/2014 15:15:00,0.314733333333
10/02/2014 15:30:00,0.314
10/02/2014 15:45:00,0.209933333333
10/02/2014 16:00:00,0.216933333333
10/02/2014 16:15:00,0.204466666667
10/02/2014 16:30:00,0.2042
10/02/2014 16:45:00,0.196266666667
10/02/2014 17:00:00,0.2382
10/02/2014 17:15:00,0.247533333333
10/02/2014 17:30:00,0.2304
10/02/2014 17:45:00,0.2146
10/02/2014 18:00:00,0.214333333333
10/02/2014 18:15:00,0.165
10/02/2014 18:30:00,0.1714
10/02/2014 18:45:00,0.256
10/02/2014 19:00:00,0.2928
10/02/2014 19:15:00,0.272866666667
10/02/2014 19:30:00,0.274266666667
10/02/2014 19:45:00,0.260533333333
10/02/2014 20:00:00,0.381933333333
10/02/2014 20:15:00,0.2324
10/02/2014 20:30:00,0.1812
10/02/2014 20:45:00,0.250466666667
10/02/2014 21:00:00,0.320866666667
10/02/2014 21:15:00,0.337933333333
10/02/2014 21:30:00,0.3256
10/02/2014 21:45:00,0.308266666667
10/02/2014 22:00:00,0.112066666667
10/02/2014 22:15:00,0.00933333333333
10/02/2014 22:30:00,0.0096
10/02/2014 22:45:00,0.009
10/02/2014 23:00:00,0.009
10/02/2014 23:15:00,0.009
10/02/2014 23:30:00,0.009
10/02/2014 23:45:00,0.00906666666667
11/02/2014 00:00:00,0.009
11/02/2014 00:15:00,0.00946666666667
11/02/2014 00:30:00,0.00906666666667
11/02/2014 00:45:00,0.009
11/02/2014 01:00:00,0.1436
11/02/2014 01:15:00,0.135666666667
11/02/2014 01:30:00,0.254866666667
11/02/2014 01:45:00,0.2346
11/02/2014 02:00:00,0.307066666667
11/02/2014 02:15:00,0.239333333333
11/02/2014 02:30:00,0.217933333333
11/02/2014 02:45:00,0.210733333333
11/02/2014 03:00:00,0.213533333333
11/02/2014 03:15:00,0.2268
11/02/2014 03:30:00,0.2
11/02/2014 03:45:00,0.209933333333
11/02/2014 04:00:00,0.219933333333
11/02/2014 04:15:00,0.333933333333
11/02/2014 04:30:00,0.328933333333
11/02/2014 04:45:00,0.285133333333
11/02/2014 05:00:00,0.480866666667
11/02/2014 05:15:00,0.258533333333
11/02/2014 05:30:00,0.258933333333
11/02/2014 05:45:00,0.441466666667
11/02/2014 06:00:00,0.659
11/02/2014 06:15:00,0.357133333333
11/02/2014 06:30:00,0.344466666667
11/02/2014 06:45:00,0.4814
11/02/2014 07:00:00,0.450266666667
11/02/2014 07:15:00,0.4422
11/02/2014 07:30:00,0.0517333333333
11/02/2014 07:45:00,0.3522
11/02/2014 08:00:00,0.2316
11/02/2014 08:15:00,0.297933333333
11/02/2014 08:30:00,0.415866666667
11/02/2014 08:45:00,0.272266666667
11/02/2014 09:00:00,0.428733333333
11/02/2014 09:15:00,0.332266666667
11/02/2014 09:30:00,0.3964
11/02/2014 09:45:00,0.300933333333
11/02/2014 10:00:00,0.276133333333
11/02/2014 10:15:00,0.274266666667
11/02/2014 10:30:00,0.3138
11/02/2014 10:45:00,0.329066666667
11/02/2014 11:00:00,0.394066666667
11/02/2014 11:15:00,0.280533333333
11/02/2014 11:30:00,0.2626
11/02/2014 11:45:00,0.336866666667
11/02/2014 12:00:00,0.377533333333
11/02/2014 12:15:00,0.3812
11/02/2014 12:30:00,0.434066666667
11/02/2014 12:45:00,0.620133333333
11/02/2014 13:00:00,0.3668
11/02/2014 13:15:00,0.3106
11/02/2014 13:30:00,0.36
11/02/2014 13:45:00,0.293266666667
11/02/2014 14:00:00,0.307266666667
11/02/2014 14:15:00,0.398466666667
11/02/2014 14:30:00,0.263266666667
11/02/2014 14:45:00,0.339933333333
11/02/2014 15:00:00,0.3332
11/02/2014 15:15:00,0.271933333333
11/02/2014 15:30:00,0.335666666667
11/02/2014 15:45:00,0.354733333333
11/02/2014 16:00:00,0.303666666667
11/02/2014 16:15:00,0.271066666667
11/02/2014 16:30:00,0.292266666667
11/02/2014 16:45:00,0.265866666667
11/02/2014 17:00:00,0.256333333333
11/02/2014 17:15:00,0.2624
11/02/2014 17:30:00,0.242933333333
11/02/2014 17:45:00,0.249666666667
11/02/2014 18:00:00,0.2726
11/02/2014 18:15:00,0.293666666667
11/02/2014 18:30:00,0.2744
11/02/2014 18:45:00,0.219666666667
11/02/2014 19:00:00,0.220333333333
11/02/2014 19:15:00,0.220733333333
11/02/2014 19:30:00,0.2598
11/02/2014 19:45:00,0.260866666667
11/02/2014 20:00:00,0.376866666667
11/02/2014 20:15:00,0.362666666667
11/02/2014 20:30:00,0.330733333333
11/02/2014 20:45:00,0.356266666667
11/02/2014 21:00:00,0.284466666667
11/02/2014 21:15:00,0.350866666667
11/02/2014 21:30:00,0.369133333333
11/02/2014 21:45:00,0.356933333333
11/02/2014 22:00:00,0.280733333333
11/02/2014 22:15:00,0.281733333333
11/02/2014 22:30:00,0.109066666667
11/02/2014 22:45:00,0.009
11/02/2014 23:00:00,0.009
11/02/2014 23:15:00,0.009
11/02/2014 23:30:00,0.009
11/02/2014 23:45:00,0.009
12/02/2014 00:00:00,0.009
12/02/2014 00:15:00,0.009
12/02/2014 00:30:00,0.00913333333333
12/02/2014 00:45:00,0.1392
12/02/2014 01:00:00,0.154666666667
12/02/2014 01:15:00,0.246666666667
12/02/2014 01:30:00,0.342266666667
12/02/2014 01:45:00,0.3044
12/02/2014 02:00:00,0.230066666667
12/02/2014 02:15:00,0.22
12/02/2014 02:30:00,0.247266666667
12/02/2014 02:45:00,0.2736
12/02/2014 03:00:00,0.3056
12/02/2014 03:15:00,0.279866666667
12/02/2014 03:30:00,0.289866666667
12/02/2014 03:45:00,0.232666666667
12/02/2014 04:00:00,0.236
12/02/2014 04:15:00,0.239466666667
12/02/2014 04:30:00,0.233066666667
12/02/2014 04:45:00,0.254133333333
12/02/2014 05:00:00,0.292933333333
12/02/2014 05:15:00,0.292533333333
12/02/2014 05:30:00,0.288733333333
12/02/2014 05:45:00,0.580866666667
12/02/2014 06:00:00,0.668533333333
12/02/2014 06:15:00,0.4354
12/02/2014 06:30:00,0.420133333333
12/02/2014 06:45:00,0.512133333333
12/02/2014 07:00:00,0.560933333333
12/02/2014 07:15:00,0.448533333333
12/02/2014 07:30:00,0.2762
12/02/2014 07:45:00,0.178733333333
12/02/2014 08:00:00,0.331266666667
12/02/2014 08:15:00,0.3062
12/02/2014 08:30:00,0.382533333333
12/02/2014 08:45:00,0.428266666667
12/02/2014 09:00:00,0.373
12/02/2014 09:15:00,0.319333333333
12/02/2014 09:30:00,0.264466666667
12/02/2014 09:45:00,0.261
12/02/2014 10:00:00,0.257733333333
12/02/2014 10:15:00,0.230066666667
12/02/2014 10:30:00,0.1908
12/02/2014 10:45:00,0.239133333333
12/02/2014 11:00:00,0.216133333333
12/02/2014 11:15:00,0.0621333333333
12/02/2014 11:30:00,0.0774666666667
12/02/2014 11:45:00,0.239066666667
12/02/2014 12:00:00,0.218666666667
12/02/2014 12:15:00,0.217733333333
12/02/2014 12:30:00,0.217666666667
12/02/2014 12:45:00,0.01
12/02/2014 13:00:00,0.189533333333
12/02/2014 13:15:00,0.0519333333333
12/02/2014 13:30:00,0.210866666667
12/02/2014 13:45:00,0.01
12/02/2014 14:00:00,0.01
12/02/2014 14:15:00,0.152133333333
12/02/2014 14:30:00,0.0586666666667
12/02/2014 14:45:00,0.139666666667
12/02/2014 15:00:00,0.01
12/02/2014 15:15:00,0.01
12/02/2014 15:30:00,0.0098
12/02/2014 15:45:00,0.00986666666667
12/02/2014 16:00:00,0.01
12/02/2014 16:15:00,0.01
12/02/2014 16:30:00,0.01
12/02/2014 16:45:00,0.01
12/02/2014 17:00:00,0.01
12/02/2014 17:15:00,0.01
12/02/2014 17:30:00,0.01
12/02/2014 17:45:00,0.01
12/02/2014 18:00:00,0.00946666666667
12/02/2014 18:15:00,0.009
12/02/2014 18:30:00,0.009
12/02/2014 18:45:00,0.133066666667
12/02/2014 19:00:00,0.1468
12/02/2014 19:15:00,0.220066666667
12/02/2014 19:30:00,0.238466666667
12/02/2014 19:45:00,0.205466666667
12/02/2014 20:00:00,0.199733333333
12/02/2014 20:15:00,0.1834
12/02/2014 20:30:00,0.194
12/02/2014 20:45:00,0.167
12/02/2014 21:00:00,0.183533333333
12/02/2014 21:15:00,0.0092
12/02/2014 21:30:00,0.0092
12/02/2014 21:45:00,0.00966666666667
12/02/2014 22:00:00,0.00993333333333
12/02/2014 22:15:00,0.01
12/02/2014 22:30:00,0.01
12/02/2014 22:45:00,0.01
12/02/2014 23:00:00,0.01
12/02/2014 23:15:00,0.00906666666667
12/02/2014 23:30:00,0.009
12/02/2014 23:45:00,0.00906666666667
13/02/2014 00:00:00,0.01
13/02/2014 00:15:00,0.01
13/02/2014 00:30:00,0.01
13/02/2014 00:45:00,0.162
13/02/2014 01:00:00,0.147466666667
13/02/2014 01:15:00,0.225333333333
13/02/2014 01:30:00,0.2332
13/02/2014 01:45:00,0.179333333333
13/02/2014 02:00:00,0.179333333333
13/02/2014 02:15:00,0.180266666667
13/02/2014 02:30:00,0.179333333333
13/02/2014 02:45:00,0.186866666667
13/02/2014 03:00:00,0.250266666667
13/02/2014 03:15:00,0.249066666667
13/02/2014 03:30:00,0.244933333333
13/02/2014 03:45:00,0.242066666667
13/02/2014 04:00:00,0.231066666667
13/02/2014 04:15:00,0.2226
13/02/2014 04:30:00,0.217533333333
13/02/2014 04:45:00,0.194133333333
13/02/2014 05:00:00,0.214666666667
13/02/2014 05:15:00,0.201533333333
13/02/2014 05:30:00,0.248066666667
13/02/2014 05:45:00,0.497133333333
13/02/2014 06:00:00,0.649333333333
13/02/2014 06:15:00,0.368733333333
13/02/2014 06:30:00,0.330266666667
13/02/2014 06:45:00,0.4312
13/02/2014 07:00:00,0.508666666667
13/02/2014 07:15:00,0.299133333333
13/02/2014 07:30:00,0.222866666667
13/02/2014 07:45:00,0.3606
13/02/2014 08:00:00,0.394066666667
13/02/2014 08:15:00,0.332466666667
13/02/2014 08:30:00,0.205533333333
13/02/2014 08:45:00,0.1728
13/02/2014 09:00:00,0.1658
13/02/2014 09:15:00,0.1814
13/02/2014 09:30:00,0.2458
13/02/2014 09:45:00,0.180866666667
13/02/2014 10:00:00,0.145866666667
13/02/2014 10:15:00,0.143133333333
13/02/2014 10:30:00,0.139266666667
13/02/2014 10:45:00,0.137
13/02/2014 11:00:00,0.1328
13/02/2014 11:15:00,0.0594
13/02/2014 11:30:00,0.0943333333333
13/02/2014 11:45:00,0.141666666667
13/02/2014 12:00:00,0.01
13/02/2014 12:15:00,0.126533333333
13/02/2014 12:30:00,0.01
13/02/2014 12:45:00,0.01
13/02/2014 13:00:00,0.01
13/02/2014 13:15:00,0.01
13/02/2014 13:30:00,0.01
13/02/2014 13:45:00,0.01
13/02/2014 14:00:00,0.01
13/02/2014 14:15:00,0.01
13/02/2014 14:30:00,0.00973333333333
13/02/2014 14:45:00,0.01
13/02/2014 15:00:00,0.01
13/02/2014 15:15:00,0.01
13/02/2014 15:30:00,0.01
13/02/2014 15:45:00,0.01
13/02/2014 16:00:00,0.01
13/02/2014 16:15:00,0.01
13/02/2014 16:30:00,0.01
13/02/2014 16:45:00,0.01
13/02/2014 17:00:00,0.0094
13/02/2014 17:15:00,0.00913333333333
13/02/2014 17:30:00,0.009
13/02/2014 17:45:00,0.00946666666667
13/02/2014 18:00:00,0.01
13/02/2014 18:15:00,0.01
13/02/2014 18:30:00,0.01
13/02/2014 18:45:00,0.01
13/02/2014 19:00:00,0.01
13/02/2014 19:15:00,0.01
13/02/2014 19:30:00,0.0098
13/02/2014 19:45:00,0.00926666666667
13/02/2014 20:00:00,0.00946666666667
13/02/2014 20:15:00,0.009
13/02/2014 20:30:00,0.00993333333333
13/02/2014 20:45:00,0.0096
13/02/2014 21:00:00,0.00933333333333
13/02/2014 21:15:00,0.00973333333333
13/02/2014 21:30:00,0.01
13/02/2014 21:45:00,0.01
13/02/2014 22:00:00,0.01
13/02/2014 22:15:00,0.00946666666667
13/02/2014 22:30:00,0.009
13/02/2014 22:45:00,0.0092
13/02/2014 23:00:00,0.00933333333333
13/02/2014 23:15:00,0.01
13/02/2014 23:30:00,0.01
13/02/2014 23:45:00,0.01
14/02/2014 00:00:00,0.01
14/02/2014 00:15:00,0.01
14/02/2014 00:30:00,0.01
14/02/2014 00:45:00,0.00986666666667
14/02/2014 01:00:00,0.00966666666667
14/02/2014 01:15:00,0.009
14/02/2014 01:30:00,0.009
14/02/2014 01:45:00,0.01
14/02/2014 02:00:00,0.01
14/02/2014 02:15:00,0.01
14/02/2014 02:30:00,0.125333333333
14/02/2014 02:45:00,0.01
14/02/2014 03:00:00,0.123933333333
14/02/2014 03:15:00,0.0894
14/02/2014 03:30:00,0.0434
14/02/2014 03:45:00,0.128266666667
14/02/2014 04:00:00,0.0092
14/02/2014 04:15:00,0.1332
14/02/2014 04:30:00,0.132666666667
14/02/2014 04:45:00,0.1338
14/02/2014 05:00:00,0.114133333333
14/02/2014 05:15:00,0.0394666666667
14/02/2014 05:30:00,0.1328
14/02/2014 05:45:00,0.263866666667
14/02/2014 06:00:00,0.659
14/02/2014 06:15:00,0.543866666667
14/02/2014 06:30:00,0.220466666667
14/02/2014 06:45:00,0.308
14/02/2014 07:00:00,0.163333333333
14/02/2014 07:15:00,0.271466666667
14/02/2014 07:30:00,0.2576
14/02/2014 07:45:00,0.145666666667
14/02/2014 08:00:00,0.144733333333
14/02/2014 08:15:00,0.141733333333
14/02/2014 08:30:00,0.142266666667
14/02/2014 08:45:00,0.134866666667
14/02/2014 09:00:00,0.132133333333
14/02/2014 09:15:00,0.128666666667
14/02/2014 09:30:00,0.0447333333333
14/02/2014 09:45:00,0.0899333333333
14/02/2014 10:00:00,0.01
14/02/2014 10:15:00,0.01
14/02/2014 10:30:00,0.01
14/02/2014 10:45:00,0.123066666667
14/02/2014 11:00:00,0.01
14/02/2014 11:15:00,0.01
14/02/2014 11:30:00,0.01
14/02/2014 11:45:00,0.01
14/02/2014 12:00:00,0.01
14/02/2014 12:15:00,0.01
14/02/2014 12:30:00,0.01
14/02/2014 12:45:00,0.01
14/02/2014 13:00:00,0.01
14/02/2014 13:15:00,0.01
14/02/2014 13:30:00,0.01
14/02/2014 13:45:00,0.00993333333333
14/02/2014 14:00:00,0.01
14/02/2014 14:15:00,0.01
14/02/2014 14:30:00,0.01
14/02/2014 14:45:00,0.01
14/02/2014 15:00:00,0.01
14/02/2014 15:15:00,0.01
14/02/2014 15:30:00,0.01
14/02/2014 15:45:00,0.01
14/02/2014 16:00:00,0.01
14/02/2014 16:15:00,0.00973333333333
14/02/2014 16:30:00,0.009
14/02/2014 16:45:00,0.00946666666667
14/02/2014 17:00:00,0.009
14/02/2014 17:15:00,0.0092
14/02/2014 17:30:00,0.01
14/02/2014 17:45:00,0.00953333333333
14/02/2014 18:00:00,0.00973333333333
14/02/2014 18:15:00,0.00933333333333
14/02/2014 18:30:00,0.00906666666667
14/02/2014 18:45:00,0.00913333333333
14/02/2014 19:00:00,0.009
14/02/2014 19:15:00,0.009
14/02/2014 19:30:00,0.009
14/02/2014 19:45:00,0.009
14/02/2014 20:00:00,0.00926666666667
14/02/2014 20:15:00,0.01
14/02/2014 20:30:00,0.0098
14/02/2014 20:45:00,0.00973333333333
14/02/2014 21:00:00,0.009
14/02/2014 21:15:00,0.00966666666667
14/02/2014 21:30:00,0.00906666666667
14/02/2014 21:45:00,0.00946666666667
14/02/2014 22:00:00,0.00946666666667
14/02/2014 22:15:00,0.00993333333333
14/02/2014 22:30:00,0.01
14/02/2014 22:45:00,0.00953333333333
14/02/2014 23:00:00,0.01
14/02/2014 23:15:00,0.01
14/02/2014 23:30:00,0.01
14/02/2014 23:45:00,0.01
15/02/2014 00:00:00,0.01
15/02/2014 00:15:00,0.01
15/02/2014 00:30:00,0.0098
15/02/2014 00:45:00,0.00913333333333
15/02/2014 01:00:00,0.00953333333333
15/02/2014 01:15:00,0.00966666666667
15/02/2014 01:30:00,0.01
15/02/2014 01:45:00,0.01
15/02/2014 02:00:00,0.01
15/02/2014 02:15:00,0.01
15/02/2014 02:30:00,0.01
15/02/2014 02:45:00,0.01
15/02/2014 03:00:00,0.01
15/02/2014 03:15:00,0.01
15/02/2014 03:30:00,0.009
15/02/2014 03:45:00,0.00966666666667
15/02/2014 04:00:00,0.00906666666667
15/02/2014 04:15:00,0.00966666666667
15/02/2014 04:30:00,0.01
15/02/2014 04:45:00,0.01
15/02/2014 05:00:00,0.01
15/02/2014 05:15:00,0.01
15/02/2014 05:30:00,0.01
15/02/2014 05:45:00,0.01
15/02/2014 06:00:00,0.00946666666667
15/02/2014 06:15:00,0.156066666667
15/02/2014 06:30:00,0.156866666667
15/02/2014 06:45:00,0.145933333333
15/02/2014 07:00:00,0.149933333333
15/02/2014 07:15:00,0.0888
15/02/2014 07:30:00,0.159133333333
15/02/2014 07:45:00,0.052
15/02/2014 08:00:00,0.145933333333
15/02/2014 08:15:00,0.129133333333
15/02/2014 08:30:00,0.0096
15/02/2014 08:45:00,0.00906666666667
15/02/2014 09:00:00,0.009
15/02/2014 09:15:00,0.009
15/02/2014 09:30:00,0.00973333333333
15/02/2014 09:45:00,0.01
15/02/2014 10:00:00,0.01
15/02/2014 10:15:00,0.01
15/02/2014 10:30:00,0.01
15/02/2014 10:45:00,0.01
15/02/2014 11:00:00,0.01
15/02/2014 11:15:00,0.0096
15/02/2014 11:30:00,0.0098
15/02/2014 11:45:00,0.01
15/02/2014 12:00:00,0.00993333333333
15/02/2014 12:15:00,0.01
15/02/2014 12:30:00,0.01
15/02/2014 12:45:00,0.01
15/02/2014 13:00:00,0.01
15/02/2014 13:15:00,0.01
15/02/2014 13:30:00,0.01
15/02/2014 13:45:00,0.00986666666667
15/02/2014 14:00:00,0.01
15/02/2014 14:15:00,0.01
15/02/2014 14:30:00,0.01
15/02/2014 14:45:00,0.01
15/02/2014 15:00:00,0.01
15/02/2014 15:15:00,0.01
15/02/2014 15:30:00,0.01
15/02/2014 15:45:00,0.01
15/02/2014 16:00:00,0.01
15/02/2014 16:15:00,0.01
15/02/2014 16:30:00,0.0096
15/02/2014 16:45:00,0.009
15/02/2014 17:00:00,0.00953333333333
15/02/2014 17:15:00,0.00926666666667
15/02/2014 17:30:00,0.01
15/02/2014 17:45:00,0.00993333333333
15/02/2014 18:00:00,0.00993333333333
15/02/2014 18:15:00,0.0096
15/02/2014 18:30:00,0.00926666666667
15/02/2014 18:45:00,0.00946666666667
15/02/2014 19:00:00,0.0096
15/02/2014 19:15:00,0.009
15/02/2014 19:30:00,0.009
15/02/2014 19:45:00,0.00906666666667
15/02/2014 20:00:00,0.0096
15/02/2014 20:15:00,0.01
15/02/2014 20:30:00,0.01
15/02/2014 20:45:00,0.01
15/02/2014 21:00:00,0.01
15/02/2014 21:15:00,0.01
15/02/2014 21:30:00,0.01
15/02/2014 21:45:00,0.00933333333333
15/02/2014 22:00:00,0.00913333333333
15/02/2014 22:15:00,0.0094
15/02/2014 22:30:00,0.00913333333333
15/02/2014 22:45:00,0.01
15/02/2014 23:00:00,0.01
15/02/2014 23:15:00,0.01
15/02/2014 23:30:00,0.01
15/02/2014 23:45:00,0.01
16/02/2014 00:00:00,0.01
16/02/2014 00:15:00,0.00993333333333
16/02/2014 00:30:00,0.009
16/02/2014 00:45:00,0.00953333333333
16/02/2014 01:00:00,0.009
16/02/2014 01:15:00,0.0096
16/02/2014 01:30:00,0.01
16/02/2014 01:45:00,0.01
16/02/2014 02:00:00,0.01
16/02/2014 02:15:00,0.01
16/02/2014 02:30:00,0.01
16/02/2014 02:45:00,0.01
16/02/2014 03:00:00,0.00946666666667
16/02/2014 03:15:00,0.009
16/02/2014 03:30:00,0.00946666666667
16/02/2014 03:45:00,0.009
16/02/2014 04:00:00,0.01
16/02/2014 04:15:00,0.01
16/02/2014 04:30:00,0.01
16/02/2014 04:45:00,0.01
16/02/2014 05:00:00,0.01
16/02/2014 05:15:00,0.01
16/02/2014 05:30:00,0.00993333333333
16/02/2014 05:45:00,0.009
16/02/2014 06:00:00,0.009
16/02/2014 06:15:00,0.009
16/02/2014 06:30:00,0.00946666666667
16/02/2014 06:45:00,0.00913333333333
16/02/2014 07:00:00,0.00946666666667
16/02/2014 07:15:00,0.00926666666667
16/02/2014 07:30:00,0.0096
16/02/2014 07:45:00,0.00926666666667
16/02/2014 08:00:00,0.00946666666667
16/02/2014 08:15:00,0.009
16/02/2014 08:30:00,0.009
16/02/2014 08:45:00,0.00913333333333
16/02/2014 09:00:00,0.009
16/02/2014 09:15:00,0.0092
16/02/2014 09:30:00,0.00933333333333
16/02/2014 09:45:00,0.0092
16/02/2014 10:00:00,0.01
16/02/2014 10:15:00,0.01
16/02/2014 10:30:00,0.01
16/02/2014 10:45:00,0.00973333333333
16/02/2014 11:00:00,0.00946666666667
16/02/2014 11:15:00,0.009
16/02/2014 11:30:00,0.00946666666667
16/02/2014 11:45:00,0.00966666666667
16/02/2014 12:00:00,0.01
16/02/2014 12:15:00,0.01
16/02/2014 12:30:00,0.01
16/02/2014 12:45:00,0.01
16/02/2014 13:00:00,0.01
16/02/2014 13:15:00,0.01
16/02/2014 13:30:00,0.00926666666667
16/02/2014 13:45:00,0.009
16/02/2014 14:00:00,0.0094
16/02/2014 14:15:00,0.00946666666667
16/02/2014 14:30:00,0.01
16/02/2014 14:45:00,0.01
16/02/2014 15:00:00,0.01
16/02/2014 15:15:00,0.01
16/02/2014 15:30:00,0.01
16/02/2014 15:45:00,0.01
16/02/2014 16:00:00,0.00906666666667
16/02/2014 16:15:00,0.00953333333333
16/02/2014 16:30:00,0.009
16/02/2014 16:45:00,0.00953333333333
16/02/2014 17:00:00,0.01
16/02/2014 17:15:00,0.01
16/02/2014 17:30:00,0.01
16/02/2014 17:45:00,0.01
16/02/2014 18:00:00,0.00986666666667
16/02/2014 18:15:00,0.00993333333333
16/02/2014 18:30:00,0.0094
16/02/2014 18:45:00,0.009
16/02/2014 19:00:00,0.009
16/02/2014 19:15:00,0.009
16/02/2014 19:30:00,0.00913333333333
16/02/2014 19:45:00,0.01
16/02/2014 20:00:00,0.01
16/02/2014 20:15:00,0.01
16/02/2014 20:30:00,0.01
16/02/2014 20:45:00,0.01
16/02/2014 21:00:00,0.01
16/02/2014 21:15:00,0.00953333333333
16/02/2014 21:30:00,0.009
16/02/2014 21:45:00,0.009
16/02/2014 22:00:00,0.0094
16/02/2014 22:15:00,0.0096
16/02/2014 22:30:00,0.01
16/02/2014 22:45:00,0.01
16/02/2014 23:00:00,0.01
16/02/2014 23:15:00,0.01
16/02/2014 23:30:00,0.01
16/02/2014 23:45:00,0.01
17/02/2014 00:00:00,0.00993333333333
17/02/2014 00:15:00,0.01
17/02/2014 00:30:00,0.01
17/02/2014 00:45:00,0.01
17/02/2014 01:00:00,0.01
17/02/2014 01:15:00,0.01
17/02/2014 01:30:00,0.01
17/02/2014 01:45:00,0.01
17/02/2014 02:00:00,0.01
17/02/2014 02:15:00,0.01
17/02/2014 02:30:00,0.01
17/02/2014 02:45:00,0.01
17/02/2014 03:00:00,0.01
17/02/2014 03:15:00,0.01
17/02/2014 03:30:00,0.01
17/02/2014 03:45:00,0.01
17/02/2014 04:00:00,0.01
17/02/2014 04:15:00,0.01
17/02/2014 04:30:00,0.01
17/02/2014 04:45:00,0.01
17/02/2014 05:00:00,0.01
17/02/2014 05:15:00,0.01
17/02/2014 05:30:00,0.0094
17/02/2014 05:45:00,0.009
17/02/2014 06:00:00,0.00953333333333
17/02/2014 06:15:00,0.009
17/02/2014 06:30:00,0.00966666666667
17/02/2014 06:45:00,0.01
17/02/2014 07:00:00,0.0098
17/02/2014 07:15:00,0.00986666666667
17/02/2014 07:30:00,0.01
17/02/2014 07:45:00,0.01
17/02/2014 08:00:00,0.01
17/02/2014 08:15:00,0.00933333333333
17/02/2014 08:30:00,0.009
17/02/2014 08:45:00,0.00933333333333
17/02/2014 09:00:00,0.009
17/02/2014 09:15:00,0.00986666666667
17/02/2014 09:30:00,0.01
17/02/2014 09:45:00,0.01
17/02/2014 10:00:00,0.01
17/02/2014 10:15:00,0.01
17/02/2014 10:30:00,0.01
17/02/2014 10:45:00,0.00993333333333
17/02/2014 11:00:00,0.00906666666667
17/02/2014 11:15:00,0.009
17/02/2014 11:30:00,0.0096
17/02/2014 11:45:00,0.00953333333333
17/02/2014 12:00:00,0.01
17/02/2014 12:15:00,0.01
17/02/2014 12:30:00,0.01
17/02/2014 12:45:00,0.01
17/02/2014 13:00:00,0.01
17/02/2014 13:15:00,0.01
17/02/2014 13:30:00,0.0096
17/02/2014 13:45:00,0.00986666666667
17/02/2014 14:00:00,0.00993333333333
17/02/2014 14:15:00,0.01
17/02/2014 14:30:00,0.01
17/02/2014 14:45:00,0.01
17/02/2014 15:00:00,0.01
17/02/2014 15:15:00,0.01
17/02/2014 15:30:00,0.01
17/02/2014 15:45:00,0.01
17/02/2014 16:00:00,0.01
17/02/2014 16:15:00,0.01
17/02/2014 16:30:00,0.01
17/02/2014 16:45:00,0.01
17/02/2014 17:00:00,0.01
17/02/2014 17:15:00,0.01
17/02/2014 17:30:00,0.01
17/02/2014 17:45:00,0.01
17/02/2014 18:00:00,0.01
17/02/2014 18:15:00,0.01
17/02/2014 18:30:00,0.01
17/02/2014 18:45:00,0.01
17/02/2014 19:00:00,0.00966666666667
17/02/2014 19:15:00,0.00953333333333
17/02/2014 19:30:00,0.01
17/02/2014 19:45:00,0.01
17/02/2014 20:00:00,0.01
17/02/2014 20:15:00,0.01
17/02/2014 20:30:00,0.01
17/02/2014 20:45:00,0.01
17/02/2014 21:00:00,0.01
17/02/2014 21:15:00,0.01
17/02/2014 21:30:00,0.01
17/02/2014 21:45:00,0.00993333333333
17/02/2014 22:00:00,0.00933333333333
17/02/2014 22:15:00,0.00993333333333
17/02/2014 22:30:00,0.01
17/02/2014 22:45:00,0.00973333333333
17/02/2014 23:00:00,0.01
17/02/2014 23:15:00,0.01
17/02/2014 23:30:00,0.01
17/02/2014 23:45:00,0.01
18/02/2014 00:00:00,0.01
18/02/2014 00:15:00,0.01
18/02/2014 00:30:00,0.00973333333333
18/02/2014 00:45:00,0.00926666666667
18/02/2014 01:00:00,0.0092
18/02/2014 01:15:00,0.00953333333333
18/02/2014 01:30:00,0.00946666666667
18/02/2014 01:45:00,0.01
18/02/2014 02:00:00,0.01
18/02/2014 02:15:00,0.01
18/02/2014 02:30:00,0.01
18/02/2014 02:45:00,0.01
18/02/2014 03:00:00,0.01
18/02/2014 03:15:00,0.0094
18/02/2014 03:30:00,0.00933333333333
18/02/2014 03:45:00,0.0096
18/02/2014 04:00:00,0.0094
18/02/2014 04:15:00,0.01
18/02/2014 04:30:00,0.01
18/02/2014 04:45:00,0.01
18/02/2014 05:00:00,0.01
18/02/2014 05:15:00,0.01
18/02/2014 05:30:00,0.01
18/02/2014 05:45:00,0.00993333333333
18/02/2014 06:00:00,0.009
18/02/2014 06:15:00,0.009
18/02/2014 06:30:00,0.009
18/02/2014 06:45:00,0.009
18/02/2014 07:00:00,0.00986666666667
18/02/2014 07:15:00,0.01
18/02/2014 07:30:00,0.01
18/02/2014 07:45:00,0.01
18/02/2014 08:00:00,0.01
18/02/2014 08:15:00,0.01
18/02/2014 08:30:00,0.00953333333333
18/02/2014 08:45:00,0.009
18/02/2014 09:00:00,0.009
18/02/2014 09:15:00,0.009
18/02/2014 09:30:00,0.00986666666667
18/02/2014 09:45:00,0.01
18/02/2014 10:00:00,0.00993333333333
18/02/2014 10:15:00,0.01
18/02/2014 10:30:00,0.01
18/02/2014 10:45:00,0.01
18/02/2014 11:00:00,0.01
18/02/2014 11:15:00,0.00933333333333
18/02/2014 11:30:00,0.00953333333333
18/02/2014 11:45:00,0.00906666666667
18/02/2014 12:00:00,0.00933333333333
18/02/2014 12:15:00,0.01
18/02/2014 12:30:00,0.01
18/02/2014 12:45:00,0.01
18/02/2014 13:00:00,0.01
18/02/2014 13:15:00,0.01
18/02/2014 13:30:00,0.01
18/02/2014 13:45:00,0.00926666666667
18/02/2014 14:00:00,0.00906666666667
18/02/2014 14:15:00,0.009
18/02/2014 14:30:00,0.00913333333333
18/02/2014 14:45:00,0.0096
18/02/2014 15:00:00,0.01
18/02/2014 15:15:00,0.00886666666667
18/02/2014 15:30:00,0.00973333333333
18/02/2014 15:45:00,0.01
18/02/2014 16:00:00,0.01
18/02/2014 16:15:00,0.0096
18/02/2014 16:30:00,0.009
18/02/2014 16:45:00,0.009
18/02/2014 17:00:00,0.009
18/02/2014 17:15:00,0.00906666666667
18/02/2014 17:30:00,0.01
18/02/2014 17:45:00,0.01
18/02/2014 18:00:00,0.01
18/02/2014 18:15:00,0.00973333333333
18/02/2014 18:30:00,0.0094
18/02/2014 18:45:00,0.00906666666667
18/02/2014 19:00:00,0.0092
18/02/2014 19:15:00,0.009
18/02/2014 19:30:00,0.009
18/02/2014 19:45:00,0.009
18/02/2014 20:00:00,0.00913333333333
18/02/2014 20:15:00,0.01
18/02/2014 20:30:00,0.01
18/02/2014 20:45:00,0.01
18/02/2014 21:00:00,0.00993333333333
18/02/2014 21:15:00,0.01
18/02/2014 21:30:00,0.01
18/02/2014 21:45:00,0.00986666666667
18/02/2014 22:00:00,0.00953333333333
18/02/2014 22:15:00,0.01
18/02/2014 22:30:00,0.00926666666667
18/02/2014 22:45:00,0.0094
18/02/2014 23:00:00,0.01
18/02/2014 23:15:00,0.01
18/02/2014 23:30:00,0.01
18/02/2014 23:45:00,0.01
19/02/2014 00:00:00,0.01
19/02/2014 00:15:00,0.01
19/02/2014 00:30:00,0.0098
19/02/2014 00:45:00,0.00966666666667
19/02/2014 01:00:00,0.01
19/02/2014 01:15:00,0.01
19/02/2014 01:30:00,0.01
19/02/2014 01:45:00,0.01
19/02/2014 02:00:00,0.01
19/02/2014 02:15:00,0.01
19/02/2014 02:30:00,0.01
19/02/2014 02:45:00,0.01
19/02/2014 03:00:00,0.01
19/02/2014 03:15:00,0.00993333333333
19/02/2014 03:30:00,0.00966666666667
19/02/2014 03:45:00,0.0098
19/02/2014 04:00:00,0.009
19/02/2014 04:15:00,0.00973333333333
19/02/2014 04:30:00,0.01
19/02/2014 04:45:00,0.01
19/02/2014 05:00:00,0.01
19/02/2014 05:15:00,0.01
19/02/2014 05:30:00,0.01
19/02/2014 05:45:00,0.01
19/02/2014 06:00:00,0.00966666666667
19/02/2014 06:15:00,0.009
19/02/2014 06:30:00,0.00906666666667
19/02/2014 06:45:00,0.009
19/02/2014 07:00:00,0.00946666666667
19/02/2014 07:15:00,0.01
19/02/2014 07:30:00,0.01
19/02/2014 07:45:00,0.01
19/02/2014 08:00:00,0.01
19/02/2014 08:15:00,0.01
19/02/2014 08:30:00,0.01
19/02/2014 08:45:00,0.0096
19/02/2014 09:00:00,0.00906666666667
19/02/2014 09:15:00,0.00953333333333
19/02/2014 09:30:00,0.0094
19/02/2014 09:45:00,0.00973333333333
19/02/2014 10:00:00,0.01
19/02/2014 10:15:00,0.01
19/02/2014 10:30:00,0.01
19/02/2014 10:45:00,0.01
19/02/2014 11:00:00,0.01
19/02/2014 11:15:00,0.01
19/02/2014 11:30:00,0.0092
19/02/2014 11:45:00,0.00946666666667
19/02/2014 12:00:00,0.01
19/02/2014 12:15:00,0.01
19/02/2014 12:30:00,0.01
19/02/2014 12:45:00,0.01
19/02/2014 13:00:00,0.01
19/02/2014 13:15:00,0.01
19/02/2014 13:30:00,0.01
19/02/2014 13:45:00,0.01
19/02/2014 14:00:00,0.00966666666667
19/02/2014 14:15:00,0.00986666666667
19/02/2014 14:30:00,0.00993333333333
19/02/2014 14:45:00,0.01
19/02/2014 15:00:00,0.00993333333333
19/02/2014 15:15:00,0.01
19/02/2014 15:30:00,0.01
19/02/2014 15:45:00,0.01
19/02/2014 16:00:00,0.01
19/02/2014 16:15:00,0.01
19/02/2014 16:30:00,0.01
19/02/2014 16:45:00,0.00973333333333
19/02/2014 17:00:00,0.0098
19/02/2014 17:15:00,0.00993333333333
19/02/2014 17:30:00,0.00993333333333
19/02/2014 17:45:00,0.00906666666667
19/02/2014 18:00:00,0.01
19/02/2014 18:15:00,0.0096
19/02/2014 18:30:00,0.00953333333333
19/02/2014 18:45:00,0.0096
19/02/2014 19:00:00,0.0096
19/02/2014 19:15:00,0.01
19/02/2014 19:30:00,0.00993333333333
19/02/2014 19:45:00,0.00926666666667
19/02/2014 20:00:00,0.009
19/02/2014 20:15:00,0.00906666666667
19/02/2014 20:30:00,0.009
19/02/2014 20:45:00,0.00966666666667
19/02/2014 21:00:00,0.01
19/02/2014 21:15:00,0.01
19/02/2014 21:30:00,0.01
19/02/2014 21:45:00,0.01
19/02/2014 22:00:00,0.01
19/02/2014 22:15:00,0.01
19/02/2014 22:30:00,0.0096
19/02/2014 22:45:00,0.00913333333333
19/02/2014 23:00:00,0.00973333333333
19/02/2014 23:15:00,0.009
19/02/2014 23:30:00,0.00966666666667
19/02/2014 23:45:00,0.01
20/02/2014 00:00:00,0.01
20/02/2014 00:15:00,0.01
20/02/2014 00:30:00,0.01
20/02/2014 00:45:00,0.01
20/02/2014 01:00:00,0.01
20/02/2014 01:15:00,0.01
20/02/2014 01:30:00,0.01
20/02/2014 01:45:00,0.01
20/02/2014 02:00:00,0.01
20/02/2014 02:15:00,0.01
20/02/2014 02:30:00,0.01
20/02/2014 02:45:00,0.01
20/02/2014 03:00:00,0.01
20/02/2014 03:15:00,0.01
20/02/2014 03:30:00,0.01
20/02/2014 03:45:00,0.01
20/02/2014 04:00:00,0.00926666666667
20/02/2014 04:15:00,0.009
20/02/2014 04:30:00,0.00926666666667
20/02/2014 04:45:00,0.009
20/02/2014 05:00:00,0.00986666666667
20/02/2014 05:15:00,0.01
20/02/2014 05:30:00,0.01
20/02/2014 05:45:00,0.01
20/02/2014 06:00:00,0.01
20/02/2014 06:15:00,0.0098
20/02/2014 06:30:00,0.01
20/02/2014 06:45:00,0.00926666666667
20/02/2014 07:00:00,0.009
20/02/2014 07:15:00,0.00906666666667
20/02/2014 07:30:00,0.0092
20/02/2014 07:45:00,0.0096
20/02/2014 08:00:00,0.01
20/02/2014 08:15:00,0.01
20/02/2014 08:30:00,0.01
20/02/2014 08:45:00,0.01
20/02/2014 09:00:00,0.00993333333333
20/02/2014 09:15:00,0.00986666666667
20/02/2014 09:30:00,0.00906666666667
20/02/2014 09:45:00,0.009
20/02/2014 10:00:00,0.009
20/02/2014 10:15:00,0.009
20/02/2014 10:30:00,0.00953333333333
20/02/2014 10:45:00,0.0094
20/02/2014 11:00:00,0.00973333333333
20/02/2014 11:15:00,0.01
20/02/2014 11:30:00,0.01
20/02/2014 11:45:00,0.01
20/02/2014 12:00:00,0.00973333333333
20/02/2014 12:15:00,0.00953333333333
20/02/2014 12:30:00,0.009
20/02/2014 12:45:00,0.00946666666667
20/02/2014 13:00:00,0.00953333333333
20/02/2014 13:15:00,0.00986666666667
20/02/2014 13:30:00,0.01
20/02/2014 13:45:00,0.01
20/02/2014 14:00:00,0.01
20/02/2014 14:15:00,0.01
20/02/2014 14:30:00,0.01
20/02/2014 14:45:00,0.00993333333333
20/02/2014 15:00:00,0.00913333333333
20/02/2014 15:15:00,0.00946666666667
20/02/2014 15:30:00,0.00926666666667
20/02/2014 15:45:00,0.00946666666667
20/02/2014 16:00:00,0.00966666666667
20/02/2014 16:15:00,0.01
20/02/2014 16:30:00,0.01
20/02/2014 16:45:00,0.01
20/02/2014 17:00:00,0.01
20/02/2014 17:15:00,0.01
20/02/2014 17:30:00,0.01
20/02/2014 17:45:00,0.00906666666667
20/02/2014 18:00:00,0.009
20/02/2014 18:15:00,0.009
20/02/2014 18:30:00,0.009
20/02/2014 18:45:00,0.009
20/02/2014 19:00:00,0.00993333333333
20/02/2014 19:15:00,0.01
20/02/2014 19:30:00,0.01
20/02/2014 19:45:00,0.01
20/02/2014 20:00:00,0.01
20/02/2014 20:15:00,0.01
20/02/2014 20:30:00,0.01
20/02/2014 20:45:00,0.01
20/02/2014 21:00:00,0.01
20/02/2014 21:15:00,0.00993333333333
20/02/2014 21:30:00,0.01
20/02/2014 21:45:00,0.01
20/02/2014 22:00:00,0.01
20/02/2014 22:15:00,0.01
20/02/2014 22:30:00,0.01
20/02/2014 22:45:00,0.01
20/02/2014 23:00:00,0.01
20/02/2014 23:15:00,0.01
20/02/2014 23:30:00,0.0098
20/02/2014 23:45:00,0.00986666666667
21/02/2014 00:00:00,0.01
21/02/2014 00:15:00,0.0098
21/02/2014 00:30:00,0.00993333333333
21/02/2014 00:45:00,0.01
21/02/2014 01:00:00,0.01
21/02/2014 01:15:00,0.01
21/02/2014 01:30:00,0.01
21/02/2014 01:45:00,0.01
21/02/2014 02:00:00,0.0098
21/02/2014 02:15:00,0.0092
21/02/2014 02:30:00,0.00926666666667
21/02/2014 02:45:00,0.00906666666667
21/02/2014 03:00:00,0.00986666666667
21/02/2014 03:15:00,0.01
21/02/2014 03:30:00,0.01
21/02/2014 03:45:00,0.01
21/02/2014 04:00:00,0.01
21/02/2014 04:15:00,0.01
21/02/2014 04:30:00,0.01
21/02/2014 04:45:00,0.00933333333333
21/02/2014 05:00:00,0.009
21/02/2014 05:15:00,0.009
21/02/2014 05:30:00,0.00926666666667
21/02/2014 05:45:00,0.01
21/02/2014 06:00:00,0.0255333333333
21/02/2014 06:15:00,0.221733333333
21/02/2014 06:30:00,0.162066666667
21/02/2014 06:45:00,0.1584
21/02/2014 07:00:00,0.150933333333
21/02/2014 07:15:00,0.161266666667
21/02/2014 07:30:00,0.1468
21/02/2014 07:45:00,0.150133333333
21/02/2014 08:00:00,0.1504
21/02/2014 08:15:00,0.01
21/02/2014 08:30:00,0.133933333333
21/02/2014 08:45:00,0.01
21/02/2014 09:00:00,0.01
21/02/2014 09:15:00,0.01
21/02/2014 09:30:00,0.01
21/02/2014 09:45:00,0.00986666666667
21/02/2014 10:00:00,0.009
21/02/2014 10:15:00,0.009
21/02/2014 10:30:00,0.0094
21/02/2014 10:45:00,0.0098
21/02/2014 11:00:00,0.01
21/02/2014 11:15:00,0.01
21/02/2014 11:30:00,0.01
21/02/2014 11:45:00,0.01
21/02/2014 12:00:00,0.01
21/02/2014 12:15:00,0.00966666666667
21/02/2014 12:30:00,0.009
21/02/2014 12:45:00,0.0096
21/02/2014 13:00:00,0.00973333333333
21/02/2014 13:15:00,0.00993333333333
21/02/2014 13:30:00,0.01
21/02/2014 13:45:00,0.01
21/02/2014 14:00:00,0.01
21/02/2014 14:15:00,0.01
21/02/2014 14:30:00,0.01
21/02/2014 14:45:00,0.00946666666667
21/02/2014 15:00:00,0.00953333333333
21/02/2014 15:15:00,0.0092
21/02/2014 15:30:00,0.00973333333333
21/02/2014 15:45:00,0.00993333333333
21/02/2014 16:00:00,0.01
21/02/2014 16:15:00,0.0108666666667
21/02/2014 16:30:00,0.01
21/02/2014 16:45:00,0.01
21/02/2014 17:00:00,0.01
21/02/2014 17:15:00,0.00933333333333
21/02/2014 17:30:00,0.009
21/02/2014 17:45:00,0.00906666666667
21/02/2014 18:00:00,0.009
21/02/2014 18:15:00,0.009
21/02/2014 18:30:00,0.00906666666667
21/02/2014 18:45:00,0.0096
21/02/2014 19:00:00,0.009
21/02/2014 19:15:00,0.0096
21/02/2014 19:30:00,0.0092
21/02/2014 19:45:00,0.0096
21/02/2014 20:00:00,0.00933333333333
21/02/2014 20:15:00,0.0092
21/02/2014 20:30:00,0.009
21/02/2014 20:45:00,0.009
21/02/2014 21:00:00,0.0094
21/02/2014 21:15:00,0.00913333333333
21/02/2014 21:30:00,0.00986666666667
21/02/2014 21:45:00,0.01
21/02/2014 22:00:00,0.01
21/02/2014 22:15:00,0.01
21/02/2014 22:30:00,0.01
21/02/2014 22:45:00,0.01
21/02/2014 23:00:00,0.0098
21/02/2014 23:15:00,0.00946666666667
21/02/2014 23:30:00,0.009
21/02/2014 23:45:00,0.00953333333333
22/02/2014 00:00:00,0.009
22/02/2014 00:15:00,0.01
22/02/2014 00:30:00,0.01
22/02/2014 00:45:00,0.01
22/02/2014 01:00:00,0.01
22/02/2014 01:15:00,0.01
22/02/2014 01:30:00,0.01
22/02/2014 01:45:00,0.00953333333333
22/02/2014 02:00:00,0.009
22/02/2014 02:15:00,0.009
22/02/2014 02:30:00,0.0094
22/02/2014 02:45:00,0.00953333333333
22/02/2014 03:00:00,0.01
22/02/2014 03:15:00,0.01
22/02/2014 03:30:00,0.01
22/02/2014 03:45:00,0.01
22/02/2014 04:00:00,0.01
22/02/2014 04:15:00,0.01
22/02/2014 04:30:00,0.00913333333333
22/02/2014 04:45:00,0.0098
22/02/2014 05:00:00,0.00933333333333
22/02/2014 05:15:00,0.0092
22/02/2014 05:30:00,0.01
22/02/2014 05:45:00,0.00993333333333
22/02/2014 06:00:00,0.476733333333
22/02/2014 06:15:00,0.0724666666667
22/02/2014 06:30:00,0.149333333333
22/02/2014 06:45:00,0.145466666667
22/02/2014 07:00:00,0.152466666667
22/02/2014 07:15:00,0.162733333333
22/02/2014 07:30:00,0.155933333333
22/02/2014 07:45:00,0.149266666667
22/02/2014 08:00:00,0.145933333333
22/02/2014 08:15:00,0.150133333333
22/02/2014 08:30:00,0.149733333333
22/02/2014 08:45:00,0.139866666667
22/02/2014 09:00:00,0.136866666667
22/02/2014 09:15:00,0.01
22/02/2014 09:30:00,0.00953333333333
22/02/2014 09:45:00,0.009
22/02/2014 10:00:00,0.00906666666667
22/02/2014 10:15:00,0.009
22/02/2014 10:30:00,0.00986666666667
22/02/2014 10:45:00,0.01
22/02/2014 11:00:00,0.01
22/02/2014 11:15:00,0.01
22/02/2014 11:30:00,0.01
22/02/2014 11:45:00,0.01
22/02/2014 12:00:00,0.00946666666667
22/02/2014 12:15:00,0.009
22/02/2014 12:30:00,0.0094
22/02/2014 12:45:00,0.00906666666667
22/02/2014 13:00:00,0.01
22/02/2014 13:15:00,0.01
22/02/2014 13:30:00,0.01
22/02/2014 13:45:00,0.01
22/02/2014 14:00:00,0.01
22/02/2014 14:15:00,0.01
22/02/2014 14:30:00,0.0098
22/02/2014 14:45:00,0.00973333333333
22/02/2014 15:00:00,0.0096
22/02/2014 15:15:00,0.00993333333333
22/02/2014 15:30:00,0.01
22/02/2014 15:45:00,0.01
22/02/2014 16:00:00,0.01
22/02/2014 16:15:00,0.01
22/02/2014 16:30:00,0.01
22/02/2014 16:45:00,0.01
22/02/2014 17:00:00,0.00986666666667
22/02/2014 17:15:00,0.009
22/02/2014 17:30:00,0.009
22/02/2014 17:45:00,0.009
22/02/2014 18:00:00,0.00906666666667
22/02/2014 18:15:00,0.00993333333333
22/02/2014 18:30:00,0.00926666666667
22/02/2014 18:45:00,0.00953333333333
22/02/2014 19:00:00,0.00966666666667
22/02/2014 19:15:00,0.01
22/02/2014 19:30:00,0.01
22/02/2014 19:45:00,0.0092
22/02/2014 20:00:00,0.00953333333333
22/02/2014 20:15:00,0.01
22/02/2014 20:30:00,0.0096
22/02/2014 20:45:00,0.0098
22/02/2014 21:00:00,0.01
22/02/2014 21:15:00,0.01
22/02/2014 21:30:00,0.01
22/02/2014 21:45:00,0.01
22/02/2014 22:00:00,0.01
22/02/2014 22:15:00,0.01
22/02/2014 22:30:00,0.009
22/02/2014 22:45:00,0.009
22/02/2014 23:00:00,0.009
22/02/2014 23:15:00,0.00913333333333
22/02/2014 23:30:00,0.01
22/02/2014 23:45:00,0.01
23/02/2014 00:00:00,0.01
23/02/2014 00:15:00,0.01
23/02/2014 00:30:00,0.01
23/02/2014 00:45:00,0.01
23/02/2014 01:00:00,0.0096
23/02/2014 01:15:00,0.009
23/02/2014 01:30:00,0.00953333333333
23/02/2014 01:45:00,0.009
23/02/2014 02:00:00,0.00973333333333
23/02/2014 02:15:00,0.01
23/02/2014 02:30:00,0.01
23/02/2014 02:45:00,0.01
23/02/2014 03:00:00,0.01
23/02/2014 03:15:00,0.01
23/02/2014 03:30:00,0.01
23/02/2014 03:45:00,0.00926666666667
23/02/2014 04:00:00,0.0092
23/02/2014 04:15:00,0.00933333333333
23/02/2014 04:30:00,0.00906666666667
23/02/2014 04:45:00,0.01
23/02/2014 05:00:00,0.01
23/02/2014 05:15:00,0.01
23/02/2014 05:30:00,0.01
23/02/2014 05:45:00,0.01
23/02/2014 06:00:00,0.01
23/02/2014 06:15:00,0.00986666666667
23/02/2014 06:30:00,0.009
23/02/2014 06:45:00,0.009
23/02/2014 07:00:00,0.009
23/02/2014 07:15:00,0.00913333333333
23/02/2014 07:30:00,0.00986666666667
23/02/2014 07:45:00,0.00973333333333
23/02/2014 08:00:00,0.01
23/02/2014 08:15:00,0.01
23/02/2014 08:30:00,0.01
23/02/2014 08:45:00,0.01
23/02/2014 09:00:00,0.00946666666667
23/02/2014 09:15:00,0.009
23/02/2014 09:30:00,0.009
23/02/2014 09:45:00,0.0096
23/02/2014 10:00:00,0.0096
23/02/2014 10:15:00,0.01
23/02/2014 10:30:00,0.01
23/02/2014 10:45:00,0.01
23/02/2014 11:00:00,0.01
23/02/2014 11:15:00,0.01
23/02/2014 11:30:00,0.00993333333333
23/02/2014 11:45:00,0.00906666666667
23/02/2014 12:00:00,0.00986666666667
23/02/2014 12:15:00,0.0098
23/02/2014 12:30:00,0.01
23/02/2014 12:45:00,0.01
23/02/2014 13:00:00,0.01
23/02/2014 13:15:00,0.01
23/02/2014 13:30:00,0.01
23/02/2014 13:45:00,0.01
23/02/2014 14:00:00,0.01
23/02/2014 14:15:00,0.00953333333333
23/02/2014 14:30:00,0.00933333333333
23/02/2014 14:45:00,0.009
23/02/2014 15:00:00,0.0092
23/02/2014 15:15:00,0.00906666666667
23/02/2014 15:30:00,0.01
23/02/2014 15:45:00,0.01
23/02/2014 16:00:00,0.01
23/02/2014 16:15:00,0.00966666666667
23/02/2014 16:30:00,0.00973333333333
23/02/2014 16:45:00,0.00986666666667
23/02/2014 17:00:00,0.009
23/02/2014 17:15:00,0.009
23/02/2014 17:30:00,0.009
23/02/2014 17:45:00,0.009
23/02/2014 18:00:00,0.009
23/02/2014 18:15:00,0.0092
23/02/2014 18:30:00,0.00933333333333
23/02/2014 18:45:00,0.01
23/02/2014 19:00:00,0.01
23/02/2014 19:15:00,0.01
23/02/2014 19:30:00,0.01
23/02/2014 19:45:00,0.00946666666667
23/02/2014 20:00:00,0.00966666666667
23/02/2014 20:15:00,0.01
23/02/2014 20:30:00,0.01
23/02/2014 20:45:00,0.01
23/02/2014 21:00:00,0.01
23/02/2014 21:15:00,0.01
23/02/2014 21:30:00,0.01
23/02/2014 21:45:00,0.01
23/02/2014 22:00:00,0.01
23/02/2014 22:15:00,0.01
23/02/2014 22:30:00,0.00993333333333
23/02/2014 22:45:00,0.01
23/02/2014 23:00:00,0.00993333333333
23/02/2014 23:15:00,0.01
23/02/2014 23:30:00,0.00933333333333
23/02/2014 23:45:00,0.00973333333333
24/02/2014 00:00:00,0.01
24/02/2014 00:15:00,0.01
24/02/2014 00:30:00,0.01
24/02/2014 00:45:00,0.01
24/02/2014 01:00:00,0.01
24/02/2014 01:15:00,0.01
24/02/2014 01:30:00,0.00953333333333
24/02/2014 01:45:00,0.00913333333333
24/02/2014 02:00:00,0.01
24/02/2014 02:15:00,0.01
24/02/2014 02:30:00,0.01
24/02/2014 02:45:00,0.01
24/02/2014 03:00:00,0.01
24/02/2014 03:15:00,0.01
24/02/2014 03:30:00,0.01
24/02/2014 03:45:00,0.01
24/02/2014 04:00:00,0.00973333333333
24/02/2014 04:15:00,0.009
24/02/2014 04:30:00,0.0096
24/02/2014 04:45:00,0.009
24/02/2014 05:00:00,0.0098
24/02/2014 05:15:00,0.01
24/02/2014 05:30:00,0.01
24/02/2014 05:45:00,0.01
24/02/2014 06:00:00,0.01
24/02/2014 06:15:00,0.01
24/02/2014 06:30:00,0.01
24/02/2014 06:45:00,0.0092
24/02/2014 07:00:00,0.009
24/02/2014 07:15:00,0.009
24/02/2014 07:30:00,0.00906666666667
24/02/2014 07:45:00,0.00993333333333
24/02/2014 08:00:00,0.01
24/02/2014 08:15:00,0.01
24/02/2014 08:30:00,0.01
24/02/2014 08:45:00,0.01
24/02/2014 09:00:00,0.0098
24/02/2014 09:15:00,0.0098
24/02/2014 09:30:00,0.009
24/02/2014 09:45:00,0.00926666666667
24/02/2014 10:00:00,0.009
24/02/2014 10:15:00,0.01
24/02/2014 10:30:00,0.01
24/02/2014 10:45:00,0.01
24/02/2014 11:00:00,0.01
24/02/2014 11:15:00,0.01
24/02/2014 11:30:00,0.01
24/02/2014 11:45:00,0.00986666666667
24/02/2014 12:00:00,0.0096
24/02/2014 12:15:00,0.00973333333333
24/02/2014 12:30:00,0.00906666666667
24/02/2014 12:45:00,0.01
24/02/2014 13:00:00,0.01
24/02/2014 13:15:00,0.01
24/02/2014 13:30:00,0.01
24/02/2014 13:45:00,0.01
24/02/2014 14:00:00,0.01
24/02/2014 14:15:00,0.01
24/02/2014 14:30:00,0.01
24/02/2014 14:45:00,0.00953333333333
24/02/2014 15:00:00,0.00953333333333
24/02/2014 15:15:00,0.00973333333333
24/02/2014 15:30:00,0.01
24/02/2014 15:45:00,0.01
24/02/2014 16:00:00,0.01
24/02/2014 16:15:00,0.01
24/02/2014 16:30:00,0.01
24/02/2014 16:45:00,0.0094
24/02/2014 17:00:00,0.009
24/02/2014 17:15:00,0.009
24/02/2014 17:30:00,0.009
24/02/2014 17:45:00,0.00906666666667
24/02/2014 18:00:00,0.00993333333333
24/02/2014 18:15:00,0.00966666666667
24/02/2014 18:30:00,0.00926666666667
24/02/2014 18:45:00,0.00993333333333
24/02/2014 19:00:00,0.01
24/02/2014 19:15:00,0.01
24/02/2014 19:30:00,0.01
24/02/2014 19:45:00,0.00906666666667
24/02/2014 20:00:00,0.01
24/02/2014 20:15:00,0.01
24/02/2014 20:30:00,0.00986666666667
24/02/2014 20:45:00,0.01
24/02/2014 21:00:00,0.01
24/02/2014 21:15:00,0.01
24/02/2014 21:30:00,0.01
24/02/2014 21:45:00,0.01
24/02/2014 22:00:00,0.01
24/02/2014 22:15:00,0.00933333333333
24/02/2014 22:30:00,0.00966666666667
24/02/2014 22:45:00,0.00913333333333
24/02/2014 23:00:00,0.00906666666667
24/02/2014 23:15:00,0.01
24/02/2014 23:30:00,0.01
24/02/2014 23:45:00,0.01
25/02/2014 00:00:00,0.01
25/02/2014 00:15:00,0.01
25/02/2014 00:30:00,0.01
25/02/2014 00:45:00,0.01
25/02/2014 01:00:00,0.00953333333333
25/02/2014 01:15:00,0.01
25/02/2014 01:30:00,0.01
25/02/2014 01:45:00,0.01
25/02/2014 02:00:00,0.01
25/02/2014 02:15:00,0.01
25/02/2014 02:30:00,0.01
25/02/2014 02:45:00,0.01
25/02/2014 03:00:00,0.01
25/02/2014 03:15:00,0.01
25/02/2014 03:30:00,0.01
25/02/2014 03:45:00,0.00926666666667
25/02/2014 04:00:00,0.009
25/02/2014 04:15:00,0.00953333333333
25/02/2014 04:30:00,0.00913333333333
25/02/2014 04:45:00,0.00973333333333
25/02/2014 05:00:00,0.01
25/02/2014 05:15:00,0.01
25/02/2014 05:30:00,0.01
25/02/2014 05:45:00,0.01
25/02/2014 06:00:00,0.01
25/02/2014 06:15:00,0.00986666666667
25/02/2014 06:30:00,0.009
25/02/2014 06:45:00,0.009
25/02/2014 07:00:00,0.009
25/02/2014 07:15:00,0.009
25/02/2014 07:30:00,0.00993333333333
25/02/2014 07:45:00,0.01
25/02/2014 08:00:00,0.01
25/02/2014 08:15:00,0.01
25/02/2014 08:30:00,0.01
25/02/2014 08:45:00,0.01
25/02/2014 09:00:00,0.00966666666667
25/02/2014 09:15:00,0.0092
25/02/2014 09:30:00,0.009
25/02/2014 09:45:00,0.00966666666667
25/02/2014 10:00:00,0.0092
25/02/2014 10:15:00,0.01
25/02/2014 10:30:00,0.01
25/02/2014 10:45:00,0.01
25/02/2014 11:00:00,0.01
25/02/2014 11:15:00,0.01
25/02/2014 11:30:00,0.00966666666667
25/02/2014 11:45:00,0.0098
25/02/2014 12:00:00,0.0096
25/02/2014 12:15:00,0.00973333333333
25/02/2014 12:30:00,0.01
25/02/2014 12:45:00,0.01
25/02/2014 13:00:00,0.01
25/02/2014 13:15:00,0.01
25/02/2014 13:30:00,0.01
25/02/2014 13:45:00,0.01
25/02/2014 14:00:00,0.00946666666667
25/02/2014 14:15:00,0.00966666666667
25/02/2014 14:30:00,0.00946666666667
25/02/2014 14:45:00,0.009
25/02/2014 15:00:00,0.0098
25/02/2014 15:15:00,0.01
25/02/2014 15:30:00,0.01
25/02/2014 15:45:00,0.01
25/02/2014 16:00:00,0.01
25/02/2014 16:15:00,0.01
25/02/2014 16:30:00,0.00946666666667
25/02/2014 16:45:00,0.009
25/02/2014 17:00:00,0.009
25/02/2014 17:15:00,0.009
25/02/2014 17:30:00,0.0098
25/02/2014 17:45:00,0.00966666666667
25/02/2014 18:00:00,0.0096
25/02/2014 18:15:00,0.0092
25/02/2014 18:30:00,0.00993333333333
25/02/2014 18:45:00,0.01
25/02/2014 19:00:00,0.0096
25/02/2014 19:15:00,0.01
25/02/2014 19:30:00,0.01
25/02/2014 19:45:00,0.01
25/02/2014 20:00:00,0.01
25/02/2014 20:15:00,0.01
25/02/2014 20:30:00,0.01
25/02/2014 20:45:00,0.01
25/02/2014 21:00:00,0.01
25/02/2014 21:15:00,0.00986666666667
25/02/2014 21:30:00,0.00953333333333
25/02/2014 21:45:00,0.01
25/02/2014 22:00:00,0.01
25/02/2014 22:15:00,0.01
25/02/2014 22:30:00,0.01
25/02/2014 22:45:00,0.01
25/02/2014 23:00:00,0.01
25/02/2014 23:15:00,0.01
25/02/2014 23:30:00,0.01
25/02/2014 23:45:00,0.01
26/02/2014 00:00:00,0.01
26/02/2014 00:15:00,0.01
26/02/2014 00:30:00,0.01
26/02/2014 00:45:00,0.01
26/02/2014 01:00:00,0.01
26/02/2014 01:15:00,0.01
26/02/2014 01:30:00,0.01
26/02/2014 01:45:00,0.01
26/02/2014 02:00:00,0.01
26/02/2014 02:15:00,0.00913333333333
26/02/2014 02:30:00,0.00986666666667
26/02/2014 02:45:00,0.01
26/02/2014 03:00:00,0.01
26/02/2014 03:15:00,0.01
26/02/2014 03:30:00,0.01
26/02/2014 03:45:00,0.01
26/02/2014 04:00:00,0.01
26/02/2014 04:15:00,0.01
26/02/2014 04:30:00,0.00966666666667
26/02/2014 04:45:00,0.009
26/02/2014 05:00:00,0.009
26/02/2014 05:15:00,0.00926666666667
26/02/2014 05:30:00,0.00926666666667
26/02/2014 05:45:00,0.0102666666667
26/02/2014 06:00:00,0.6058
26/02/2014 06:15:00,0.0244
26/02/2014 06:30:00,0.1606
26/02/2014 06:45:00,0.188666666667
26/02/2014 07:00:00,0.191333333333
26/02/2014 07:15:00,0.579933333333
26/02/2014 07:30:00,0.493333333333
26/02/2014 07:45:00,0.161533333333
26/02/2014 08:00:00,0.178933333333
26/02/2014 08:15:00,0.197733333333
26/02/2014 08:30:00,0.238133333333
26/02/2014 08:45:00,0.231666666667
26/02/2014 09:00:00,0.300066666667
26/02/2014 09:15:00,0.300133333333
26/02/2014 09:30:00,0.271866666667
26/02/2014 09:45:00,0.203933333333
26/02/2014 10:00:00,0.221466666667
26/02/2014 10:15:00,0.266066666667
26/02/2014 10:30:00,0.2542
26/02/2014 10:45:00,0.2884
26/02/2014 11:00:00,0.2626
26/02/2014 11:15:00,0.2764
26/02/2014 11:30:00,0.175533333333
26/02/2014 11:45:00,0.272933333333
26/02/2014 12:00:00,0.258733333333
26/02/2014 12:15:00,0.160733333333
26/02/2014 12:30:00,0.373733333333
26/02/2014 12:45:00,0.2818
26/02/2014 13:00:00,0.169133333333
26/02/2014 13:15:00,0.166333333333
26/02/2014 13:30:00,0.361533333333
26/02/2014 13:45:00,0.367
26/02/2014 14:00:00,0.267133333333
26/02/2014 14:15:00,0.1648
26/02/2014 14:30:00,0.2022
26/02/2014 14:45:00,0.280133333333
26/02/2014 15:00:00,0.267066666667
26/02/2014 15:15:00,0.2458
26/02/2014 15:30:00,0.278466666667
26/02/2014 15:45:00,0.300866666667
26/02/2014 16:00:00,0.324266666667
26/02/2014 16:15:00,0.165066666667
26/02/2014 16:30:00,0.276466666667
26/02/2014 16:45:00,0.356066666667
26/02/2014 17:00:00,0.177066666667
26/02/2014 17:15:00,0.165466666667
26/02/2014 17:30:00,0.197333333333
26/02/2014 17:45:00,0.403533333333
26/02/2014 18:00:00,0.3232
26/02/2014 18:15:00,0.248466666667
26/02/2014 18:30:00,0.195466666667
26/02/2014 18:45:00,0.38
26/02/2014 19:00:00,0.238666666667
26/02/2014 19:15:00,0.249066666667
26/02/2014 19:30:00,0.276733333333
26/02/2014 19:45:00,0.245733333333
26/02/2014 20:00:00,0.214
26/02/2014 20:15:00,0.262466666667
26/02/2014 20:30:00,0.2572
26/02/2014 20:45:00,0.344933333333
26/02/2014 21:00:00,0.363733333333
26/02/2014 21:15:00,0.2674
26/02/2014 21:30:00,0.249666666667
26/02/2014 21:45:00,0.27
26/02/2014 22:00:00,0.271933333333
26/02/2014 22:15:00,0.2348
26/02/2014 22:30:00,0.214333333333
26/02/2014 22:45:00,0.2
26/02/2014 23:00:00,0.250733333333
26/02/2014 23:15:00,0.267533333333
26/02/2014 23:30:00,0.233933333333
26/02/2014 23:45:00,0.1906
27/02/2014 00:00:00,0.00973333333333
27/02/2014 00:15:00,0.01
27/02/2014 00:30:00,0.01
27/02/2014 00:45:00,0.01
27/02/2014 01:00:00,0.01
27/02/2014 01:15:00,0.01
27/02/2014 01:30:00,0.01
27/02/2014 01:45:00,0.01
27/02/2014 02:00:00,0.01
27/02/2014 02:15:00,0.1406
27/02/2014 02:30:00,0.1392
27/02/2014 02:45:00,0.239533333333
27/02/2014 03:00:00,0.235666666667
27/02/2014 03:15:00,0.200533333333
27/02/2014 03:30:00,0.215333333333
27/02/2014 03:45:00,0.2246
27/02/2014 04:00:00,0.228133333333
27/02/2014 04:15:00,0.293
27/02/2014 04:30:00,0.325466666667
27/02/2014 04:45:00,0.202533333333
27/02/2014 05:00:00,0.219866666667
27/02/2014 05:15:00,0.2268
27/02/2014 05:30:00,0.211933333333
27/02/2014 05:45:00,0.433666666667
27/02/2014 06:00:00,0.667
27/02/2014 06:15:00,0.674266666667
27/02/2014 06:30:00,0.582933333333
27/02/2014 06:45:00,0.449333333333
27/02/2014 07:00:00,0.337866666667
27/02/2014 07:15:00,0.342266666667
27/02/2014 07:30:00,0.3776
27/02/2014 07:45:00,0.306866666667
27/02/2014 08:00:00,0.2976
27/02/2014 08:15:00,0.292266666667
27/02/2014 08:30:00,0.244466666667
27/02/2014 08:45:00,0.1716
27/02/2014 09:00:00,0.2362
27/02/2014 09:15:00,0.202
27/02/2014 09:30:00,0.147666666667
27/02/2014 09:45:00,0.147533333333
27/02/2014 10:00:00,0.140866666667
27/02/2014 10:15:00,0.227333333333
27/02/2014 10:30:00,0.1764
27/02/2014 10:45:00,0.0722
27/02/2014 11:00:00,0.1104
27/02/2014 11:15:00,0.2256
27/02/2014 11:30:00,0.0618666666667
27/02/2014 11:45:00,0.169733333333
27/02/2014 12:00:00,0.1302
27/02/2014 12:15:00,0.01
27/02/2014 12:30:00,0.01
27/02/2014 12:45:00,0.1698
27/02/2014 13:00:00,0.0581333333333
27/02/2014 13:15:00,0.01
27/02/2014 13:30:00,0.01
27/02/2014 13:45:00,0.0722666666667
27/02/2014 14:00:00,0.0756666666667
27/02/2014 14:15:00,0.133866666667
27/02/2014 14:30:00,0.01
27/02/2014 14:45:00,0.01
27/02/2014 15:00:00,0.01
27/02/2014 15:15:00,0.01
27/02/2014 15:30:00,0.01
27/02/2014 15:45:00,0.01
27/02/2014 16:00:00,0.01
27/02/2014 16:15:00,0.01
27/02/2014 16:30:00,0.01
27/02/2014 16:45:00,0.01
27/02/2014 17:00:00,0.01
27/02/2014 17:15:00,0.01
27/02/2014 17:30:00,0.01
27/02/2014 17:45:00,0.00993333333333
27/02/2014 18:00:00,0.01
27/02/2014 18:15:00,0.0098
27/02/2014 18:30:00,0.01
27/02/2014 18:45:00,0.01
27/02/2014 19:00:00,0.01
27/02/2014 19:15:00,0.01
27/02/2014 19:30:00,0.01
27/02/2014 19:45:00,0.01
27/02/2014 20:00:00,0.01
27/02/2014 20:15:00,0.01
27/02/2014 20:30:00,0.146
27/02/2014 20:45:00,0.1346
27/02/2014 21:00:00,0.115133333333
27/02/2014 21:15:00,0.223066666667
27/02/2014 21:30:00,0.233333333333
27/02/2014 21:45:00,0.132666666667
27/02/2014 22:00:00,0.0161333333333
27/02/2014 22:15:00,0.129933333333
27/02/2014 22:30:00,0.00906666666667
27/02/2014 22:45:00,0.00913333333333
27/02/2014 23:00:00,0.00953333333333
27/02/2014 23:15:00,0.01
27/02/2014 23:30:00,0.01
27/02/2014 23:45:00,0.01
28/02/2014 00:00:00,0.168733333333
28/02/2014 00:15:00,0.163866666667
28/02/2014 00:30:00,0.197
28/02/2014 00:45:00,0.2434
28/02/2014 01:00:00,0.269733333333
28/02/2014 01:15:00,0.250733333333
28/02/2014 01:30:00,0.229133333333
28/02/2014 01:45:00,0.218933333333
28/02/2014 02:00:00,0.242733333333
28/02/2014 02:15:00,0.1962
28/02/2014 02:30:00,0.1762
28/02/2014 02:45:00,0.216466666667
28/02/2014 03:00:00,0.274466666667
28/02/2014 03:15:00,0.156
28/02/2014 03:30:00,0.152466666667
28/02/2014 03:45:00,0.149266666667
28/02/2014 04:00:00,0.173066666667
28/02/2014 04:15:00,0.01
28/02/2014 04:30:00,0.01
28/02/2014 04:45:00,0.01
28/02/2014 05:00:00,0.01
28/02/2014 05:15:00,0.0094
28/02/2014 05:30:00,0.009
28/02/2014 05:45:00,0.335133333333
28/02/2014 06:00:00,0.3462
28/02/2014 06:15:00,0.2802
28/02/2014 06:30:00,0.156133333333
28/02/2014 06:45:00,0.180733333333
28/02/2014 07:00:00,0.275266666667
28/02/2014 07:15:00,0.255733333333
28/02/2014 07:30:00,0.237533333333
28/02/2014 07:45:00,0.244066666667
28/02/2014 08:00:00,0.244933333333
28/02/2014 08:15:00,0.241866666667
28/02/2014 08:30:00,0.0876666666667
28/02/2014 08:45:00,0.158333333333
28/02/2014 09:00:00,0.232533333333
28/02/2014 09:15:00,0.226066666667
28/02/2014 09:30:00,0.0727333333333
28/02/2014 09:45:00,0.420733333333
28/02/2014 10:00:00,0.144933333333
28/02/2014 10:15:00,0.167733333333
28/02/2014 10:30:00,0.162
28/02/2014 10:45:00,0.1638
28/02/2014 11:00:00,0.1444
28/02/2014 11:15:00,0.138533333333
28/02/2014 11:30:00,0.135666666667
28/02/2014 11:45:00,0.1324
28/02/2014 12:00:00,0.01
28/02/2014 12:15:00,0.0096
28/02/2014 12:30:00,0.00966666666667
28/02/2014 12:45:00,0.00933333333333
28/02/2014 13:00:00,0.01
28/02/2014 13:15:00,0.01
28/02/2014 13:30:00,0.01
28/02/2014 13:45:00,0.01
28/02/2014 14:00:00,0.01
28/02/2014 14:15:00,0.01
28/02/2014 14:30:00,0.00913333333333
28/02/2014 14:45:00,0.009
28/02/2014 15:00:00,0.0092
28/02/2014 15:15:00,0.00946666666667
28/02/2014 15:30:00,0.01
28/02/2014 15:45:00,0.01
28/02/2014 16:00:00,0.01
28/02/2014 16:15:00,0.01
28/02/2014 16:30:00,0.01
28/02/2014 16:45:00,0.0094
28/02/2014 17:00:00,0.009
28/02/2014 17:15:00,0.009
28/02/2014 17:30:00,0.00913333333333
28/02/2014 17:45:00,0.01
28/02/2014 18:00:00,0.01
28/02/2014 18:15:00,0.00933333333333
28/02/2014 18:30:00,0.0092
28/02/2014 18:45:00,0.009
28/02/2014 19:00:00,0.009
28/02/2014 19:15:00,0.00906666666667
28/02/2014 19:30:00,0.00973333333333
28/02/2014 19:45:00,0.009
28/02/2014 20:00:00,0.00953333333333
28/02/2014 20:15:00,0.01
28/02/2014 20:30:00,0.01
28/02/2014 20:45:00,0.01
28/02/2014 21:00:00,0.01
28/02/2014 21:15:00,0.01
28/02/2014 21:30:00,0.0096
28/02/2014 21:45:00,0.00946666666667
28/02/2014 22:00:00,0.0098
28/02/2014 22:15:00,0.00946666666667
28/02/2014 22:30:00,0.01
28/02/2014 22:45:00,0.01
28/02/2014 23:00:00,0.01
28/02/2014 23:15:00,0.01
28/02/2014 23:30:00,0.01
28/02/2014 23:45:00,0.01
01/03/2014 00:00:00,0.0096
01/03/2014 00:15:00,0.01
01/03/2014 00:30:00,0.01
01/03/2014 00:45:00,0.01
01/03/2014 01:00:00,0.01
01/03/2014 01:15:00,0.01
01/03/2014 01:30:00,0.01
01/03/2014 01:45:00,0.01
01/03/2014 02:00:00,0.01
01/03/2014 02:15:00,0.00986666666667
01/03/2014 02:30:00,0.009
01/03/2014 02:45:00,0.00986666666667
01/03/2014 03:00:00,0.01
01/03/2014 03:15:00,0.01
01/03/2014 03:30:00,0.01
01/03/2014 03:45:00,0.01
01/03/2014 04:00:00,0.01
01/03/2014 04:15:00,0.01
01/03/2014 04:30:00,0.01
01/03/2014 04:45:00,0.0094
01/03/2014 05:00:00,0.009
01/03/2014 05:15:00,0.00993333333333
01/03/2014 05:30:00,0.0096
01/03/2014 05:45:00,0.01
01/03/2014 06:00:00,0.01
01/03/2014 06:15:00,0.01
01/03/2014 06:30:00,0.01
01/03/2014 06:45:00,0.145733333333
01/03/2014 07:00:00,0.0934666666667
01/03/2014 07:15:00,0.0562666666667
01/03/2014 07:30:00,0.1358
01/03/2014 07:45:00,0.009
01/03/2014 08:00:00,0.00946666666667
01/03/2014 08:15:00,0.00933333333333
01/03/2014 08:30:00,0.009
01/03/2014 08:45:00,0.00913333333333
01/03/2014 09:00:00,0.00993333333333
01/03/2014 09:15:00,0.01
01/03/2014 09:30:00,0.00913333333333
01/03/2014 09:45:00,0.009
01/03/2014 10:00:00,0.009
01/03/2014 10:15:00,0.00966666666667
01/03/2014 10:30:00,0.00946666666667
01/03/2014 10:45:00,0.01
01/03/2014 11:00:00,0.00966666666667
01/03/2014 11:15:00,0.00993333333333
01/03/2014 11:30:00,0.01
01/03/2014 11:45:00,0.00933333333333
01/03/2014 12:00:00,0.009
01/03/2014 12:15:00,0.009
01/03/2014 12:30:00,0.00926666666667
01/03/2014 12:45:00,0.01
01/03/2014 13:00:00,0.01
01/03/2014 13:15:00,0.01
01/03/2014 13:30:00,0.01
01/03/2014 13:45:00,0.01
01/03/2014 14:00:00,0.00966666666667
01/03/2014 14:15:00,0.009
01/03/2014 14:30:00,0.009
01/03/2014 14:45:00,0.00946666666667
01/03/2014 15:00:00,0.00953333333333
01/03/2014 15:15:00,0.00953333333333
01/03/2014 15:30:00,0.00973333333333
01/03/2014 15:45:00,0.01
01/03/2014 16:00:00,0.01
01/03/2014 16:15:00,0.01
01/03/2014 16:30:00,0.0092
01/03/2014 16:45:00,0.009
01/03/2014 17:00:00,0.009
01/03/2014 17:15:00,0.00913333333333
01/03/2014 17:30:00,0.00973333333333
01/03/2014 17:45:00,0.009
01/03/2014 18:00:00,0.0094
01/03/2014 18:15:00,0.00986666666667
01/03/2014 18:30:00,0.01
01/03/2014 18:45:00,0.00986666666667
01/03/2014 19:00:00,0.00906666666667
01/03/2014 19:15:00,0.00953333333333
01/03/2014 19:30:00,0.00926666666667
01/03/2014 19:45:00,0.00986666666667
01/03/2014 20:00:00,0.01
01/03/2014 20:15:00,0.01
01/03/2014 20:30:00,0.01
01/03/2014 20:45:00,0.01
01/03/2014 21:00:00,0.01
01/03/2014 21:15:00,0.01
01/03/2014 21:30:00,0.01
01/03/2014 21:45:00,0.01
01/03/2014 22:00:00,0.01
01/03/2014 22:15:00,0.01
01/03/2014 22:30:00,0.0100666666667
01/03/2014 22:45:00,0.01
01/03/2014 23:00:00,0.01
01/03/2014 23:15:00,0.01
01/03/2014 23:30:00,0.01
01/03/2014 23:45:00,0.00946666666667
02/03/2014 00:00:00,0.009
02/03/2014 00:15:00,0.009
02/03/2014 00:30:00,0.009
02/03/2014 00:45:00,0.0098
02/03/2014 01:00:00,0.01
02/03/2014 01:15:00,0.01
02/03/2014 01:30:00,0.0098
02/03/2014 01:45:00,0.01
02/03/2014 02:00:00,0.01
02/03/2014 02:15:00,0.0092
02/03/2014 02:30:00,0.009
02/03/2014 02:45:00,0.009
02/03/2014 03:00:00,0.0092
02/03/2014 03:15:00,0.01
02/03/2014 03:30:00,0.01
02/03/2014 03:45:00,0.01
02/03/2014 04:00:00,0.01
02/03/2014 04:15:00,0.01
02/03/2014 04:30:00,0.01
02/03/2014 04:45:00,0.00906666666667
02/03/2014 05:00:00,0.009
02/03/2014 05:15:00,0.009
02/03/2014 05:30:00,0.00926666666667
02/03/2014 05:45:00,0.01
02/03/2014 06:00:00,0.01
02/03/2014 06:15:00,0.00953333333333
02/03/2014 06:30:00,0.00966666666667
02/03/2014 06:45:00,0.00946666666667
02/03/2014 07:00:00,0.00913333333333
02/03/2014 07:15:00,0.009
02/03/2014 07:30:00,0.009
02/03/2014 07:45:00,0.00913333333333
02/03/2014 08:00:00,0.00953333333333
02/03/2014 08:15:00,0.009
02/03/2014 08:30:00,0.00926666666667
02/03/2014 08:45:00,0.0094
02/03/2014 09:00:00,0.009
02/03/2014 09:15:00,0.009
02/03/2014 09:30:00,0.00913333333333
02/03/2014 09:45:00,0.009
02/03/2014 10:00:00,0.009
02/03/2014 10:15:00,0.009
02/03/2014 10:30:00,0.009
02/03/2014 10:45:00,0.009
02/03/2014 11:00:00,0.009
02/03/2014 11:15:00,0.009
02/03/2014 11:30:00,0.009
02/03/2014 11:45:00,0.009
02/03/2014 12:00:00,0.009
02/03/2014 12:15:00,0.009
02/03/2014 12:30:00,0.009
02/03/2014 12:45:00,0.009
02/03/2014 13:00:00,0.009
02/03/2014 13:15:00,0.009
02/03/2014 13:30:00,0.009
02/03/2014 13:45:00,0.009
02/03/2014 14:00:00,0.009
02/03/2014 14:15:00,0.009
02/03/2014 14:30:00,0.009
02/03/2014 14:45:00,0.009
02/03/2014 15:00:00,0.009
02/03/2014 15:15:00,0.142733333333
02/03/2014 15:30:00,0.1406
02/03/2014 15:45:00,0.147466666667
02/03/2014 16:00:00,0.153866666667
02/03/2014 16:15:00,0.185866666667
02/03/2014 16:30:00,0.372133333333
02/03/2014 16:45:00,0.373266666667
02/03/2014 17:00:00,0.296066666667
02/03/2014 17:15:00,0.3226
02/03/2014 17:30:00,0.356466666667
02/03/2014 17:45:00,0.319266666667
02/03/2014 18:00:00,0.2762
02/03/2014 18:15:00,0.2508
02/03/2014 18:30:00,0.350266666667
02/03/2014 18:45:00,0.324933333333
02/03/2014 19:00:00,0.362333333333
02/03/2014 19:15:00,0.304
02/03/2014 19:30:00,0.182133333333
02/03/2014 19:45:00,0.325066666667
02/03/2014 20:00:00,0.3078
02/03/2014 20:15:00,0.283133333333
02/03/2014 20:30:00,0.304
02/03/2014 20:45:00,0.1584
02/03/2014 21:00:00,0.203533333333
02/03/2014 21:15:00,0.227933333333
02/03/2014 21:30:00,0.273
02/03/2014 21:45:00,0.231
02/03/2014 22:00:00,0.009
02/03/2014 22:15:00,0.145133333333
02/03/2014 22:30:00,0.152066666667
02/03/2014 22:45:00,0.264466666667
02/03/2014 23:00:00,0.250933333333
02/03/2014 23:15:00,0.2064
02/03/2014 23:30:00,0.2428
02/03/2014 23:45:00,0.258733333333
03/03/2014 00:00:00,0.249066666667
03/03/2014 00:15:00,0.254733333333
03/03/2014 00:30:00,0.2684
03/03/2014 00:45:00,0.2454
03/03/2014 01:00:00,0.277933333333
03/03/2014 01:15:00,0.2956
03/03/2014 01:30:00,0.278866666667
03/03/2014 01:45:00,0.324066666667
03/03/2014 02:00:00,0.3052
03/03/2014 02:15:00,0.2668
03/03/2014 02:30:00,0.327066666667
03/03/2014 02:45:00,0.341
03/03/2014 03:00:00,0.277866666667
03/03/2014 03:15:00,0.3668
03/03/2014 03:30:00,0.4034
03/03/2014 03:45:00,0.325666666667
03/03/2014 04:00:00,0.287333333333
03/03/2014 04:15:00,0.3114
03/03/2014 04:30:00,0.237466666667
03/03/2014 04:45:00,0.363133333333
03/03/2014 05:00:00,0.320666666667
03/03/2014 05:15:00,0.463533333333
03/03/2014 05:30:00,0.294933333333
03/03/2014 05:45:00,0.395066666667
03/03/2014 06:00:00,0.682133333333
03/03/2014 06:15:00,0.679666666667
03/03/2014 06:30:00,0.6694
03/03/2014 06:45:00,0.6186
03/03/2014 07:00:00,0.610333333333
03/03/2014 07:15:00,0.583333333333
03/03/2014 07:30:00,0.205266666667
03/03/2014 07:45:00,0.3604
03/03/2014 08:00:00,0.2934
03/03/2014 08:15:00,0.509066666667
03/03/2014 08:30:00,0.458133333333
03/03/2014 08:45:00,0.3462
03/03/2014 09:00:00,0.4502
03/03/2014 09:15:00,0.326333333333
03/03/2014 09:30:00,0.350533333333
03/03/2014 09:45:00,0.339
03/03/2014 10:00:00,0.248066666667
03/03/2014 10:15:00,0.472666666667
03/03/2014 10:30:00,0.262866666667
03/03/2014 10:45:00,0.336
03/03/2014 11:00:00,0.2146
03/03/2014 11:15:00,0.3604
03/03/2014 11:30:00,0.352866666667
03/03/2014 11:45:00,0.187266666667
03/03/2014 12:00:00,0.2764
03/03/2014 12:15:00,0.266066666667
03/03/2014 12:30:00,0.255866666667
03/03/2014 12:45:00,0.248733333333
03/03/2014 13:00:00,0.241066666667
03/03/2014 13:15:00,0.234466666667
03/03/2014 13:30:00,0.234266666667
03/03/2014 13:45:00,0.0102
03/03/2014 14:00:00,0.212466666667
03/03/2014 14:15:00,0.00913333333333
03/03/2014 14:30:00,0.00906666666667
03/03/2014 14:45:00,0.145
03/03/2014 15:00:00,0.140666666667
03/03/2014 15:15:00,0.137133333333
03/03/2014 15:30:00,0.00906666666667
03/03/2014 15:45:00,0.126266666667
03/03/2014 16:00:00,0.009
03/03/2014 16:15:00,0.009
03/03/2014 16:30:00,0.009
03/03/2014 16:45:00,0.009
03/03/2014 17:00:00,0.009
03/03/2014 17:15:00,0.00913333333333
03/03/2014 17:30:00,0.009
03/03/2014 17:45:00,0.145
03/03/2014 18:00:00,0.140533333333
03/03/2014 18:15:00,0.1636
03/03/2014 18:30:00,0.286466666667
03/03/2014 18:45:00,0.274
03/03/2014 19:00:00,0.2606
03/03/2014 19:15:00,0.307333333333
03/03/2014 19:30:00,0.278133333333
03/03/2014 19:45:00,0.32
03/03/2014 20:00:00,0.294133333333
03/03/2014 20:15:00,0.3078
03/03/2014 20:30:00,0.161466666667
03/03/2014 20:45:00,0.01
03/03/2014 21:00:00,0.152466666667
03/03/2014 21:15:00,0.275533333333
03/03/2014 21:30:00,0.233866666667
03/03/2014 21:45:00,0.209333333333
03/03/2014 22:00:00,0.009
03/03/2014 22:15:00,0.009
03/03/2014 22:30:00,0.009
03/03/2014 22:45:00,0.009
03/03/2014 23:00:00,0.009
03/03/2014 23:15:00,0.149266666667
03/03/2014 23:30:00,0.0388
03/03/2014 23:45:00,0.104666666667
04/03/2014 00:00:00,0.142933333333
04/03/2014 00:15:00,0.201333333333
04/03/2014 00:30:00,0.211333333333
04/03/2014 00:45:00,0.174
04/03/2014 01:00:00,0.174333333333
04/03/2014 01:15:00,0.183733333333
04/03/2014 01:30:00,0.190066666667
04/03/2014 01:45:00,0.193466666667
04/03/2014 02:00:00,0.1968
04/03/2014 02:15:00,0.2132
04/03/2014 02:30:00,0.193733333333
04/03/2014 02:45:00,0.2066
04/03/2014 03:00:00,0.317666666667
04/03/2014 03:15:00,0.3036
04/03/2014 03:30:00,0.2654
04/03/2014 03:45:00,0.2978
04/03/2014 04:00:00,0.212
04/03/2014 04:15:00,0.1964
04/03/2014 04:30:00,0.202333333333
04/03/2014 04:45:00,0.3124
04/03/2014 05:00:00,0.260466666667
04/03/2014 05:15:00,0.2876
04/03/2014 05:30:00,0.478933333333
04/03/2014 05:45:00,0.659
04/03/2014 06:00:00,0.404666666667
04/03/2014 06:15:00,0.3788
04/03/2014 06:30:00,0.520666666667
04/03/2014 06:45:00,0.382
04/03/2014 07:00:00,0.338533333333
04/03/2014 07:15:00,0.650133333333
04/03/2014 07:30:00,0.415066666667
04/03/2014 07:45:00,0.3174
04/03/2014 08:00:00,0.350666666667
04/03/2014 08:15:00,0.311533333333
04/03/2014 08:30:00,0.301266666667
04/03/2014 08:45:00,0.357333333333
04/03/2014 09:00:00,0.319533333333
04/03/2014 09:15:00,0.2964
04/03/2014 09:30:00,0.269666666667
04/03/2014 09:45:00,0.2766
04/03/2014 10:00:00,0.2676
04/03/2014 10:15:00,0.261333333333
04/03/2014 10:30:00,0.247333333333
04/03/2014 10:45:00,0.243933333333
04/03/2014 11:00:00,0.2646
04/03/2014 11:15:00,0.263133333333
04/03/2014 11:30:00,0.2304
04/03/2014 11:45:00,0.255866666667
04/03/2014 12:00:00,0.223
04/03/2014 12:15:00,0.142466666667
04/03/2014 12:30:00,0.0966
04/03/2014 12:45:00,0.218466666667
04/03/2014 13:00:00,0.009
04/03/2014 13:15:00,0.207666666667
04/03/2014 13:30:00,0.00966666666667
04/03/2014 13:45:00,0.009
04/03/2014 14:00:00,0.0142
04/03/2014 14:15:00,0.146
04/03/2014 14:30:00,0.135933333333
04/03/2014 14:45:00,0.009
04/03/2014 15:00:00,0.125533333333
04/03/2014 15:15:00,0.009
04/03/2014 15:30:00,0.009
04/03/2014 15:45:00,0.009
04/03/2014 16:00:00,0.009
04/03/2014 16:15:00,0.009
04/03/2014 16:30:00,0.00913333333333
04/03/2014 16:45:00,0.009
04/03/2014 17:00:00,0.009
04/03/2014 17:15:00,0.009
04/03/2014 17:30:00,0.009
04/03/2014 17:45:00,0.009
04/03/2014 18:00:00,0.137333333333
04/03/2014 18:15:00,0.139666666667
04/03/2014 18:30:00,0.463733333333
04/03/2014 18:45:00,0.3692
04/03/2014 19:00:00,0.1866
04/03/2014 19:15:00,0.193866666667
04/03/2014 19:30:00,0.199866666667
04/03/2014 19:45:00,0.236333333333
04/03/2014 20:00:00,0.233133333333
04/03/2014 20:15:00,0.216866666667
04/03/2014 20:30:00,0.204
04/03/2014 20:45:00,0.1938
04/03/2014 21:00:00,0.269666666667
04/03/2014 21:15:00,0.2962
04/03/2014 21:30:00,0.1972
04/03/2014 21:45:00,0.282
04/03/2014 22:00:00,0.1936
04/03/2014 22:15:00,0.189133333333
04/03/2014 22:30:00,0.224666666667
04/03/2014 22:45:00,0.1654
04/03/2014 23:00:00,0.009
04/03/2014 23:15:00,0.009
04/03/2014 23:30:00,0.009
04/03/2014 23:45:00,0.009
05/03/2014 00:00:00,0.009
05/03/2014 00:15:00,0.00906666666667
05/03/2014 00:30:00,0.009
05/03/2014 00:45:00,0.1384
05/03/2014 01:00:00,0.1372
05/03/2014 01:15:00,0.142666666667
05/03/2014 01:30:00,0.182866666667
05/03/2014 01:45:00,0.219333333333
05/03/2014 02:00:00,0.200333333333
05/03/2014 02:15:00,0.191133333333
05/03/2014 02:30:00,0.1898
05/03/2014 02:45:00,0.173
05/03/2014 03:00:00,0.175933333333
05/03/2014 03:15:00,0.1932
05/03/2014 03:30:00,0.196333333333
05/03/2014 03:45:00,0.186
05/03/2014 04:00:00,0.182333333333
05/03/2014 04:15:00,0.202266666667
05/03/2014 04:30:00,0.201
05/03/2014 04:45:00,0.222733333333
05/03/2014 05:00:00,0.215533333333
05/03/2014 05:15:00,0.242
05/03/2014 05:30:00,0.261133333333
05/03/2014 05:45:00,0.3218
05/03/2014 06:00:00,0.647866666667
05/03/2014 06:15:00,0.298466666667
05/03/2014 06:30:00,0.411533333333
05/03/2014 06:45:00,0.2762
05/03/2014 07:00:00,0.275466666667
05/03/2014 07:15:00,0.501133333333
05/03/2014 07:30:00,0.284333333333
05/03/2014 07:45:00,0.274733333333
05/03/2014 08:00:00,0.3338
05/03/2014 08:15:00,0.313266666667
05/03/2014 08:30:00,0.207933333333
05/03/2014 08:45:00,0.254066666667
05/03/2014 09:00:00,0.238533333333
05/03/2014 09:15:00,0.2622
05/03/2014 09:30:00,0.1932
05/03/2014 09:45:00,0.251933333333
05/03/2014 10:00:00,0.191733333333
05/03/2014 10:15:00,0.144933333333
05/03/2014 10:30:00,0.209866666667
05/03/2014 10:45:00,0.212533333333
05/03/2014 11:00:00,0.00953333333333
05/03/2014 11:15:00,0.215333333333
05/03/2014 11:30:00,0.01
05/03/2014 11:45:00,0.01
05/03/2014 12:00:00,0.01
05/03/2014 12:15:00,0.01
05/03/2014 12:30:00,0.01
05/03/2014 12:45:00,0.0948
05/03/2014 13:00:00,0.427866666667
05/03/2014 13:15:00,0.181
05/03/2014 13:30:00,0.203666666667
05/03/2014 13:45:00,0.190733333333
05/03/2014 14:00:00,0.1912
05/03/2014 14:15:00,0.184133333333
05/03/2014 14:30:00,0.195466666667
05/03/2014 14:45:00,0.233466666667
05/03/2014 15:00:00,0.24
05/03/2014 15:15:00,0.289266666667
05/03/2014 15:30:00,0.171
05/03/2014 15:45:00,0.009
05/03/2014 16:00:00,0.00933333333333
05/03/2014 16:15:00,0.0094
05/03/2014 16:30:00,0.009
05/03/2014 16:45:00,0.00933333333333
05/03/2014 17:00:00,0.0094
05/03/2014 17:15:00,0.009
05/03/2014 17:30:00,0.125933333333
05/03/2014 17:45:00,0.00933333333333
05/03/2014 18:00:00,0.1284
05/03/2014 18:15:00,0.137866666667
05/03/2014 18:30:00,0.1538
05/03/2014 18:45:00,0.171266666667
05/03/2014 19:00:00,0.226466666667
05/03/2014 19:15:00,0.216466666667
05/03/2014 19:30:00,0.25
05/03/2014 19:45:00,0.219666666667
05/03/2014 20:00:00,0.2002
05/03/2014 20:15:00,0.196933333333
05/03/2014 20:30:00,0.190133333333
05/03/2014 20:45:00,0.00946666666667
05/03/2014 21:00:00,0.00946666666667
05/03/2014 21:15:00,0.00973333333333
05/03/2014 21:30:00,0.00986666666667
05/03/2014 21:45:00,0.0942
05/03/2014 22:00:00,0.0678666666667
05/03/2014 22:15:00,0.01
05/03/2014 22:30:00,0.01
05/03/2014 22:45:00,0.00966666666667
05/03/2014 23:00:00,0.00906666666667
05/03/2014 23:15:00,0.009
05/03/2014 23:30:00,0.00946666666667
05/03/2014 23:45:00,0.01
06/03/2014 00:00:00,0.01
06/03/2014 00:15:00,0.01
06/03/2014 00:30:00,0.01
06/03/2014 00:45:00,0.01
06/03/2014 01:00:00,0.01
06/03/2014 01:15:00,0.0096
06/03/2014 01:30:00,0.009
06/03/2014 01:45:00,0.009
06/03/2014 02:00:00,0.0096
06/03/2014 02:15:00,0.01
06/03/2014 02:30:00,0.01
06/03/2014 02:45:00,0.0834
06/03/2014 03:00:00,0.207333333333
06/03/2014 03:15:00,0.1302
06/03/2014 03:30:00,0.0590666666667
06/03/2014 03:45:00,0.114533333333
06/03/2014 04:00:00,0.136133333333
06/03/2014 04:15:00,0.133133333333
06/03/2014 04:30:00,0.1368
06/03/2014 04:45:00,0.1506
06/03/2014 05:00:00,0.171133333333
06/03/2014 05:15:00,0.207066666667
06/03/2014 05:30:00,0.205133333333
06/03/2014 05:45:00,0.391866666667
06/03/2014 06:00:00,0.6736
06/03/2014 06:15:00,0.6236
06/03/2014 06:30:00,0.378666666667
06/03/2014 06:45:00,0.2776
06/03/2014 07:00:00,0.2118
06/03/2014 07:15:00,0.2052
06/03/2014 07:30:00,0.224333333333
06/03/2014 07:45:00,0.2256
06/03/2014 08:00:00,0.336866666667
06/03/2014 08:15:00,0.319933333333
06/03/2014 08:30:00,0.2476
06/03/2014 08:45:00,0.222133333333
06/03/2014 09:00:00,0.255466666667
06/03/2014 09:15:00,0.192
06/03/2014 09:30:00,0.0094
06/03/2014 09:45:00,0.01
06/03/2014 10:00:00,0.01
06/03/2014 10:15:00,0.00986666666667
06/03/2014 10:30:00,0.01
06/03/2014 10:45:00,0.01
06/03/2014 11:00:00,0.0110666666667
06/03/2014 11:15:00,0.1434
06/03/2014 11:30:00,0.318533333333
06/03/2014 11:45:00,0.139
06/03/2014 12:00:00,0.139333333333
06/03/2014 12:15:00,0.132866666667
06/03/2014 12:30:00,0.132533333333
06/03/2014 12:45:00,0.01
06/03/2014 13:00:00,0.01
06/03/2014 13:15:00,0.01
06/03/2014 13:30:00,0.01
06/03/2014 13:45:00,0.00933333333333
06/03/2014 14:00:00,0.00906666666667
06/03/2014 14:15:00,0.00933333333333
06/03/2014 14:30:00,0.0098
06/03/2014 14:45:00,0.01
06/03/2014 15:00:00,0.01
06/03/2014 15:15:00,0.01
06/03/2014 15:30:00,0.01
06/03/2014 15:45:00,0.01
06/03/2014 16:00:00,0.00986666666667
06/03/2014 16:15:00,0.009
06/03/2014 16:30:00,0.009
06/03/2014 16:45:00,0.00913333333333
06/03/2014 17:00:00,0.01
06/03/2014 17:15:00,0.01
06/03/2014 17:30:00,0.01
06/03/2014 17:45:00,0.01
06/03/2014 18:00:00,0.01
06/03/2014 18:15:00,0.01
06/03/2014 18:30:00,0.00966666666667
06/03/2014 18:45:00,0.00906666666667
06/03/2014 19:00:00,0.00966666666667
06/03/2014 19:15:00,0.00946666666667
06/03/2014 19:30:00,0.01
06/03/2014 19:45:00,0.01
06/03/2014 20:00:00,0.01
06/03/2014 20:15:00,0.01
06/03/2014 20:30:00,0.01
06/03/2014 20:45:00,0.01
06/03/2014 21:00:00,0.00973333333333
06/03/2014 21:15:00,0.00966666666667
06/03/2014 21:30:00,0.137066666667
06/03/2014 21:45:00,0.128933333333
06/03/2014 22:00:00,0.0096
06/03/2014 22:15:00,0.00993333333333
06/03/2014 22:30:00,0.01
06/03/2014 22:45:00,0.01
06/03/2014 23:00:00,0.01
06/03/2014 23:15:00,0.01
06/03/2014 23:30:00,0.00946666666667
06/03/2014 23:45:00,0.0098
07/03/2014 00:00:00,0.009
07/03/2014 00:15:00,0.00953333333333
07/03/2014 00:30:00,0.01
07/03/2014 00:45:00,0.01
07/03/2014 01:00:00,0.01
07/03/2014 01:15:00,0.01
07/03/2014 01:30:00,0.01
07/03/2014 01:45:00,0.01
07/03/2014 02:00:00,0.00993333333333
07/03/2014 02:15:00,0.009
07/03/2014 02:30:00,0.009
07/03/2014 02:45:00,0.00966666666667
07/03/2014 03:00:00,0.01
07/03/2014 03:15:00,0.01
07/03/2014 03:30:00,0.01
07/03/2014 03:45:00,0.01
07/03/2014 04:00:00,0.01
07/03/2014 04:15:00,0.01
07/03/2014 04:30:00,0.128866666667
07/03/2014 04:45:00,0.143733333333
07/03/2014 05:00:00,0.561666666667
07/03/2014 05:15:00,0.539666666667
07/03/2014 05:30:00,0.1996
07/03/2014 05:45:00,0.243066666667
07/03/2014 06:00:00,0.322066666667
07/03/2014 06:15:00,0.578533333333
07/03/2014 06:30:00,0.3774
07/03/2014 06:45:00,0.281466666667
07/03/2014 07:00:00,0.214066666667
07/03/2014 07:15:00,0.2794
07/03/2014 07:30:00,0.2646
07/03/2014 07:45:00,0.213466666667
07/03/2014 08:00:00,0.2646
07/03/2014 08:15:00,0.273333333333
07/03/2014 08:30:00,0.161866666667
07/03/2014 08:45:00,0.163333333333
07/03/2014 09:00:00,0.152866666667
07/03/2014 09:15:00,0.152933333333
07/03/2014 09:30:00,0.151466666667
07/03/2014 09:45:00,0.1338
07/03/2014 10:00:00,0.1518
07/03/2014 10:15:00,0.149733333333
07/03/2014 10:30:00,0.146866666667
07/03/2014 10:45:00,0.133133333333
07/03/2014 11:00:00,0.1294
07/03/2014 11:15:00,0.01
07/03/2014 11:30:00,0.123733333333
07/03/2014 11:45:00,0.0165333333333
07/03/2014 12:00:00,0.123533333333
07/03/2014 12:15:00,0.01
07/03/2014 12:30:00,0.00993333333333
07/03/2014 12:45:00,0.01
07/03/2014 13:00:00,0.01
07/03/2014 13:15:00,0.01
07/03/2014 13:30:00,0.01
07/03/2014 13:45:00,0.01
07/03/2014 14:00:00,0.01
07/03/2014 14:15:00,0.00966666666667
07/03/2014 14:30:00,0.009
07/03/2014 14:45:00,0.00933333333333
07/03/2014 15:00:00,0.0096
07/03/2014 15:15:00,0.01
07/03/2014 15:30:00,0.01
07/03/2014 15:45:00,0.01
07/03/2014 16:00:00,0.01
07/03/2014 16:15:00,0.01
07/03/2014 16:30:00,0.01
07/03/2014 16:45:00,0.00993333333333
07/03/2014 17:00:00,0.00973333333333
07/03/2014 17:15:00,0.00926666666667
07/03/2014 17:30:00,0.00966666666667
07/03/2014 17:45:00,0.01
07/03/2014 18:00:00,0.01
07/03/2014 18:15:00,0.01
07/03/2014 18:30:00,0.01
07/03/2014 18:45:00,0.01
07/03/2014 19:00:00,0.126066666667
07/03/2014 19:15:00,0.00966666666667
07/03/2014 19:30:00,0.132133333333
07/03/2014 19:45:00,0.0094
07/03/2014 20:00:00,0.119666666667
07/03/2014 20:15:00,0.011
07/03/2014 20:30:00,0.121933333333
07/03/2014 20:45:00,0.01
07/03/2014 21:00:00,0.01
07/03/2014 21:15:00,0.01
07/03/2014 21:30:00,0.01
07/03/2014 21:45:00,0.00986666666667
07/03/2014 22:00:00,0.009
07/03/2014 22:15:00,0.009
07/03/2014 22:30:00,0.00953333333333
07/03/2014 22:45:00,0.00986666666667
07/03/2014 23:00:00,0.01
07/03/2014 23:15:00,0.01
07/03/2014 23:30:00,0.01
07/03/2014 23:45:00,0.01
08/03/2014 00:00:00,0.01
08/03/2014 00:15:00,0.01
08/03/2014 00:30:00,0.00953333333333
08/03/2014 00:45:00,0.00953333333333
08/03/2014 01:00:00,0.00953333333333
08/03/2014 01:15:00,0.00973333333333
08/03/2014 01:30:00,0.01
08/03/2014 01:45:00,0.01
08/03/2014 02:00:00,0.01
08/03/2014 02:15:00,0.01
08/03/2014 02:30:00,0.01
08/03/2014 02:45:00,0.01
08/03/2014 03:00:00,0.0092
08/03/2014 03:15:00,0.009
08/03/2014 03:30:00,0.00973333333333
08/03/2014 03:45:00,0.0098
08/03/2014 04:00:00,0.01
08/03/2014 04:15:00,0.01
08/03/2014 04:30:00,0.01
08/03/2014 04:45:00,0.01
08/03/2014 05:00:00,0.01
08/03/2014 05:15:00,0.01
08/03/2014 05:30:00,0.1312
08/03/2014 05:45:00,0.180666666667
08/03/2014 06:00:00,0.435466666667
08/03/2014 06:15:00,0.192333333333
08/03/2014 06:30:00,0.334466666667
08/03/2014 06:45:00,0.2256
08/03/2014 07:00:00,0.137266666667
08/03/2014 07:15:00,0.134666666667
08/03/2014 07:30:00,0.1314
08/03/2014 07:45:00,0.0486666666667
08/03/2014 08:00:00,0.0888666666667
08/03/2014 08:15:00,0.125133333333
08/03/2014 08:30:00,0.009
08/03/2014 08:45:00,0.009
08/03/2014 09:00:00,0.0096
08/03/2014 09:15:00,0.143133333333
08/03/2014 09:30:00,0.2032
08/03/2014 09:45:00,0.0348666666667
08/03/2014 10:00:00,0.0092
08/03/2014 10:15:00,0.00926666666667
08/03/2014 10:30:00,0.0092
08/03/2014 10:45:00,0.009
08/03/2014 11:00:00,0.009
08/03/2014 11:15:00,0.00933333333333
08/03/2014 11:30:00,0.137066666667
08/03/2014 11:45:00,0.01
08/03/2014 12:00:00,0.01
08/03/2014 12:15:00,0.01
08/03/2014 12:30:00,0.01
08/03/2014 12:45:00,0.01
08/03/2014 13:00:00,0.00946666666667
08/03/2014 13:15:00,0.009
08/03/2014 13:30:00,0.009
08/03/2014 13:45:00,0.00933333333333
08/03/2014 14:00:00,0.01
08/03/2014 14:15:00,0.141333333333
08/03/2014 14:30:00,0.0604
08/03/2014 14:45:00,0.173133333333
08/03/2014 15:00:00,0.01
08/03/2014 15:15:00,0.01
08/03/2014 15:30:00,0.00926666666667
08/03/2014 15:45:00,0.387266666667
08/03/2014 16:00:00,0.201266666667
08/03/2014 16:15:00,0.182866666667
08/03/2014 16:30:00,0.196733333333
08/03/2014 16:45:00,0.1854
08/03/2014 17:00:00,0.2042
08/03/2014 17:15:00,0.2282
08/03/2014 17:30:00,0.244933333333
08/03/2014 17:45:00,0.222666666667
08/03/2014 18:00:00,0.173533333333
08/03/2014 18:15:00,0.178733333333
08/03/2014 18:30:00,0.2834
08/03/2014 18:45:00,0.2218
08/03/2014 19:00:00,0.176866666667
08/03/2014 19:15:00,0.169333333333
08/03/2014 19:30:00,0.176333333333
08/03/2014 19:45:00,0.173866666667
08/03/2014 20:00:00,0.174333333333
08/03/2014 20:15:00,0.0094
08/03/2014 20:30:00,0.009
08/03/2014 20:45:00,0.009
08/03/2014 21:00:00,0.009
08/03/2014 21:15:00,0.102
08/03/2014 21:30:00,0.202666666667
08/03/2014 21:45:00,0.186666666667
08/03/2014 22:00:00,0.0170666666667
08/03/2014 22:15:00,0.01
08/03/2014 22:30:00,0.01
08/03/2014 22:45:00,0.01
08/03/2014 23:00:00,0.00966666666667
08/03/2014 23:15:00,0.009
08/03/2014 23:30:00,0.009
08/03/2014 23:45:00,0.00953333333333
09/03/2014 00:00:00,0.15
09/03/2014 00:15:00,0.1484
09/03/2014 00:30:00,0.158066666667
09/03/2014 00:45:00,0.148666666667
09/03/2014 01:00:00,0.1852
09/03/2014 01:15:00,0.211
09/03/2014 01:30:00,0.187933333333
09/03/2014 01:45:00,0.173266666667
09/03/2014 03:00:00,0.1972
09/03/2014 03:15:00,0.1924
09/03/2014 03:30:00,0.173333333333
09/03/2014 03:45:00,0.179866666667
09/03/2014 04:00:00,0.183266666667
09/03/2014 04:15:00,0.189466666667
09/03/2014 04:30:00,0.193266666667
09/03/2014 04:45:00,0.1934
09/03/2014 05:00:00,0.193
09/03/2014 05:15:00,0.192266666667
09/03/2014 05:30:00,0.198866666667
09/03/2014 05:45:00,0.327533333333
09/03/2014 06:00:00,0.658533333333
09/03/2014 06:15:00,0.3256
09/03/2014 06:30:00,0.412333333333
09/03/2014 06:45:00,0.3794
09/03/2014 07:00:00,0.213866666667
09/03/2014 07:15:00,0.346
09/03/2014 07:30:00,0.399
09/03/2014 07:45:00,0.3032
09/03/2014 08:00:00,0.253
09/03/2014 08:15:00,0.3036
09/03/2014 08:30:00,0.345133333333
09/03/2014 08:45:00,0.330266666667
09/03/2014 09:00:00,0.238733333333
09/03/2014 09:15:00,0.246866666667
09/03/2014 09:30:00,0.2498
09/03/2014 09:45:00,0.253533333333
09/03/2014 10:00:00,0.236733333333
09/03/2014 10:15:00,0.244133333333
09/03/2014 10:30:00,0.221866666667
09/03/2014 10:45:00,0.160466666667
09/03/2014 11:00:00,0.3182
09/03/2014 11:15:00,0.4316
09/03/2014 11:30:00,0.194733333333
09/03/2014 11:45:00,0.182
09/03/2014 12:00:00,0.185333333333
09/03/2014 12:15:00,0.1778
09/03/2014 12:30:00,0.287866666667
09/03/2014 12:45:00,0.2116
09/03/2014 13:00:00,0.1822
09/03/2014 13:15:00,0.179
09/03/2014 13:30:00,0.175866666667
09/03/2014 13:45:00,0.176333333333
09/03/2014 14:00:00,0.173133333333
09/03/2014 14:15:00,0.1696
09/03/2014 14:30:00,0.168733333333
09/03/2014 14:45:00,0.159666666667
09/03/2014 15:00:00,0.1618
09/03/2014 15:15:00,0.1518
09/03/2014 15:30:00,0.138866666667
09/03/2014 15:45:00,0.135866666667
09/03/2014 16:00:00,0.0159333333333
09/03/2014 16:15:00,0.129933333333
09/03/2014 16:30:00,0.126133333333
09/03/2014 16:45:00,0.01
09/03/2014 17:00:00,0.1232
09/03/2014 17:15:00,0.0142666666667
09/03/2014 17:30:00,0.121466666667
09/03/2014 17:45:00,0.1262
09/03/2014 18:00:00,0.01
09/03/2014 18:15:00,0.1262
09/03/2014 18:30:00,0.01
09/03/2014 18:45:00,0.01
09/03/2014 19:00:00,0.01
09/03/2014 19:15:00,0.217666666667
09/03/2014 19:30:00,0.2122
09/03/2014 19:45:00,0.0144
09/03/2014 20:00:00,0.209
09/03/2014 20:15:00,0.1276
09/03/2014 20:30:00,0.0098
09/03/2014 20:45:00,0.135333333333
09/03/2014 21:00:00,0.138333333333
09/03/2014 21:15:00,0.011
09/03/2014 21:30:00,0.230466666667
09/03/2014 21:45:00,0.00973333333333
09/03/2014 22:00:00,0.00906666666667
09/03/2014 22:15:00,0.009
09/03/2014 22:30:00,0.009
09/03/2014 22:45:00,0.0092
09/03/2014 23:00:00,0.00986666666667
09/03/2014 23:15:00,0.01
09/03/2014 23:30:00,0.01
09/03/2014 23:45:00,0.01
10/03/2014 00:00:00,0.01
10/03/2014 00:15:00,0.01
10/03/2014 00:30:00,0.0094
10/03/2014 00:45:00,0.009
10/03/2014 01:00:00,0.009
10/03/2014 01:15:00,0.00966666666667
10/03/2014 01:30:00,0.01
10/03/2014 01:45:00,0.01
10/03/2014 02:00:00,0.01
10/03/2014 02:15:00,0.01
10/03/2014 02:30:00,0.01
10/03/2014 02:45:00,0.01
10/03/2014 03:00:00,0.0092
10/03/2014 03:15:00,0.009
10/03/2014 03:30:00,0.009
10/03/2014 03:45:00,0.00986666666667
10/03/2014 04:00:00,0.01
10/03/2014 04:15:00,0.01
10/03/2014 04:30:00,0.01
10/03/2014 04:45:00,0.01
10/03/2014 05:00:00,0.01
10/03/2014 05:15:00,0.01
10/03/2014 05:30:00,0.512
10/03/2014 05:45:00,0.0445333333333
10/03/2014 06:00:00,0.660066666667
10/03/2014 06:15:00,0.3866
10/03/2014 06:30:00,0.265266666667
10/03/2014 06:45:00,0.1434
10/03/2014 07:00:00,0.153133333333
10/03/2014 07:15:00,0.236466666667
10/03/2014 07:30:00,0.009
10/03/2014 07:45:00,0.00906666666667
10/03/2014 08:00:00,0.0860666666667
10/03/2014 08:15:00,0.171266666667
10/03/2014 08:30:00,0.145733333333
10/03/2014 08:45:00,0.0626
10/03/2014 09:00:00,0.1284
10/03/2014 09:15:00,0.1358
10/03/2014 09:30:00,0.01
10/03/2014 09:45:00,0.01
10/03/2014 10:00:00,0.01
10/03/2014 10:15:00,0.00973333333333
10/03/2014 10:30:00,0.009
10/03/2014 10:45:00,0.009
10/03/2014 11:00:00,0.0092
10/03/2014 11:15:00,0.01
10/03/2014 11:30:00,0.01
10/03/2014 11:45:00,0.01
10/03/2014 12:00:00,0.01
10/03/2014 12:15:00,0.01
10/03/2014 12:30:00,0.01
10/03/2014 12:45:00,0.00933333333333
10/03/2014 13:00:00,0.009
10/03/2014 13:15:00,0.009
10/03/2014 13:30:00,0.00973333333333
10/03/2014 13:45:00,0.01
10/03/2014 14:00:00,0.01
10/03/2014 14:15:00,0.01
10/03/2014 14:30:00,0.01
10/03/2014 14:45:00,0.01
10/03/2014 15:00:00,0.00993333333333
10/03/2014 15:15:00,0.009
10/03/2014 15:30:00,0.009
10/03/2014 15:45:00,0.009
10/03/2014 16:00:00,0.00966666666667
10/03/2014 16:15:00,0.01
10/03/2014 16:30:00,0.01
10/03/2014 16:45:00,0.01
10/03/2014 17:00:00,0.01
10/03/2014 17:15:00,0.01
10/03/2014 17:30:00,0.00986666666667
10/03/2014 17:45:00,0.009
10/03/2014 18:00:00,0.009
10/03/2014 18:15:00,0.009
10/03/2014 18:30:00,0.0096
10/03/2014 18:45:00,0.00993333333333
10/03/2014 19:00:00,0.00993333333333
10/03/2014 19:15:00,0.01
10/03/2014 19:30:00,0.00946666666667
10/03/2014 19:45:00,0.009
10/03/2014 20:00:00,0.0098
10/03/2014 20:15:00,0.009
10/03/2014 20:30:00,0.009
10/03/2014 20:45:00,0.00913333333333
10/03/2014 21:00:00,0.00953333333333
10/03/2014 21:15:00,0.01
10/03/2014 21:30:00,0.01
10/03/2014 21:45:00,0.01
10/03/2014 22:00:00,0.01
10/03/2014 22:15:00,0.01
10/03/2014 22:30:00,0.01
10/03/2014 22:45:00,0.00913333333333
10/03/2014 23:00:00,0.009
10/03/2014 23:15:00,0.009
10/03/2014 23:30:00,0.0094
10/03/2014 23:45:00,0.01
11/03/2014 00:00:00,0.01
11/03/2014 00:15:00,0.01
11/03/2014 00:30:00,0.01
11/03/2014 00:45:00,0.01
11/03/2014 01:00:00,0.01
11/03/2014 01:15:00,0.0094
11/03/2014 01:30:00,0.009
11/03/2014 01:45:00,0.00966666666667
11/03/2014 02:00:00,0.00973333333333
11/03/2014 02:15:00,0.01
11/03/2014 02:30:00,0.01
11/03/2014 02:45:00,0.01
11/03/2014 03:00:00,0.01
11/03/2014 03:15:00,0.01
11/03/2014 03:30:00,0.01
11/03/2014 03:45:00,0.00986666666667
11/03/2014 04:00:00,0.009
11/03/2014 04:15:00,0.009
11/03/2014 04:30:00,0.00966666666667
11/03/2014 04:45:00,0.00986666666667
11/03/2014 05:00:00,0.01
11/03/2014 05:15:00,0.01
11/03/2014 05:30:00,0.01
11/03/2014 05:45:00,0.01
11/03/2014 06:00:00,0.00933333333333
11/03/2014 06:15:00,0.144066666667
11/03/2014 06:30:00,0.1418
11/03/2014 06:45:00,0.0709333333333
11/03/2014 07:00:00,0.0662
11/03/2014 07:15:00,0.1308
11/03/2014 07:30:00,0.0678
11/03/2014 07:45:00,0.0731333333333
11/03/2014 08:00:00,0.00933333333333
11/03/2014 08:15:00,0.00933333333333
11/03/2014 08:30:00,0.125066666667
11/03/2014 08:45:00,0.00906666666667
11/03/2014 09:00:00,0.126666666667
11/03/2014 09:15:00,0.009
11/03/2014 09:30:00,0.1242
11/03/2014 09:45:00,0.00946666666667
11/03/2014 10:00:00,0.01
11/03/2014 10:15:00,0.0096
11/03/2014 10:30:00,0.01
11/03/2014 10:45:00,0.01
11/03/2014 11:00:00,0.01
11/03/2014 11:15:00,0.01
11/03/2014 11:30:00,0.00933333333333
11/03/2014 11:45:00,0.00946666666667
11/03/2014 12:00:00,0.0092
11/03/2014 12:15:00,0.00926666666667
11/03/2014 12:30:00,0.01
11/03/2014 12:45:00,0.01
11/03/2014 13:00:00,0.01
11/03/2014 13:15:00,0.01
11/03/2014 13:30:00,0.01
11/03/2014 13:45:00,0.01
11/03/2014 14:00:00,0.0096
11/03/2014 14:15:00,0.01
11/03/2014 14:30:00,0.01
11/03/2014 14:45:00,0.01
11/03/2014 15:00:00,0.01
11/03/2014 15:15:00,0.01
11/03/2014 15:30:00,0.01
11/03/2014 15:45:00,0.01
11/03/2014 16:00:00,0.01
11/03/2014 16:15:00,0.00993333333333
11/03/2014 16:30:00,0.00906666666667
11/03/2014 16:45:00,0.0096
11/03/2014 17:00:00,0.009
11/03/2014 17:15:00,0.00906666666667
11/03/2014 17:30:00,0.0098
11/03/2014 17:45:00,0.00986666666667
11/03/2014 18:00:00,0.01
11/03/2014 18:15:00,0.01
11/03/2014 18:30:00,0.01
11/03/2014 18:45:00,0.01
11/03/2014 19:00:00,0.0096
11/03/2014 19:15:00,0.009
11/03/2014 19:30:00,0.009
11/03/2014 19:45:00,0.009
11/03/2014 20:00:00,0.009
11/03/2014 20:15:00,0.00946666666667
11/03/2014 20:30:00,0.00906666666667
11/03/2014 20:45:00,0.00966666666667
11/03/2014 21:00:00,0.00993333333333
11/03/2014 21:15:00,0.00973333333333
11/03/2014 21:30:00,0.0098
11/03/2014 21:45:00,0.00973333333333
11/03/2014 22:00:00,0.009
11/03/2014 22:15:00,0.009
11/03/2014 22:30:00,0.009
11/03/2014 22:45:00,0.00926666666667
11/03/2014 23:00:00,0.01
11/03/2014 23:15:00,0.01
11/03/2014 23:30:00,0.01
11/03/2014 23:45:00,0.01
12/03/2014 00:00:00,0.01
12/03/2014 00:15:00,0.01
12/03/2014 00:30:00,0.01
12/03/2014 00:45:00,0.009
12/03/2014 01:00:00,0.00953333333333
12/03/2014 01:15:00,0.00986666666667
12/03/2014 01:30:00,0.00993333333333
12/03/2014 01:45:00,0.01
12/03/2014 02:00:00,0.01
12/03/2014 02:15:00,0.01
12/03/2014 02:30:00,0.01
12/03/2014 02:45:00,0.01
12/03/2014 03:00:00,0.01
12/03/2014 03:15:00,0.00993333333333
12/03/2014 03:30:00,0.00933333333333
12/03/2014 03:45:00,0.00953333333333
12/03/2014 04:00:00,0.0096
12/03/2014 04:15:00,0.00986666666667
12/03/2014 04:30:00,0.01
12/03/2014 04:45:00,0.01
12/03/2014 05:00:00,0.01
12/03/2014 05:15:00,0.01
12/03/2014 05:30:00,0.01
12/03/2014 05:45:00,0.01
12/03/2014 06:00:00,0.00986666666667
12/03/2014 06:15:00,0.009
12/03/2014 06:30:00,0.00986666666667
12/03/2014 06:45:00,0.0092
12/03/2014 07:00:00,0.01
12/03/2014 07:15:00,0.01
12/03/2014 07:30:00,0.01
12/03/2014 07:45:00,0.01
12/03/2014 08:00:00,0.01
12/03/2014 08:15:00,0.01
12/03/2014 08:30:00,0.01
12/03/2014 08:45:00,0.1316
12/03/2014 09:00:00,0.009
12/03/2014 09:15:00,0.121866666667
12/03/2014 09:30:00,0.0147333333333
12/03/2014 09:45:00,0.0092
12/03/2014 10:00:00,0.01
12/03/2014 10:15:00,0.01
12/03/2014 10:30:00,0.01
12/03/2014 10:45:00,0.01
12/03/2014 11:00:00,0.01
12/03/2014 11:15:00,0.00993333333333
12/03/2014 11:30:00,0.00933333333333
12/03/2014 11:45:00,0.00966666666667
12/03/2014 12:00:00,0.0098
12/03/2014 12:15:00,0.01
12/03/2014 12:30:00,0.01
12/03/2014 12:45:00,0.01
12/03/2014 13:00:00,0.01
12/03/2014 13:15:00,0.01
12/03/2014 13:30:00,0.00986666666667
12/03/2014 13:45:00,0.00893333333333
12/03/2014 14:00:00,0.01
12/03/2014 14:15:00,0.01
12/03/2014 14:30:00,0.01
12/03/2014 14:45:00,0.01
12/03/2014 15:00:00,0.01
12/03/2014 15:15:00,0.01
12/03/2014 15:30:00,0.01
12/03/2014 15:45:00,0.01
12/03/2014 16:00:00,0.01
12/03/2014 16:15:00,0.01
12/03/2014 16:30:00,0.01
12/03/2014 16:45:00,0.01
12/03/2014 17:00:00,0.01
12/03/2014 17:15:00,0.01
12/03/2014 17:30:00,0.01
12/03/2014 17:45:00,0.01
12/03/2014 18:00:00,0.01
12/03/2014 18:15:00,0.01
12/03/2014 18:30:00,0.01
12/03/2014 18:45:00,0.01
12/03/2014 19:00:00,0.01
12/03/2014 19:15:00,0.01
12/03/2014 19:30:00,0.01
12/03/2014 19:45:00,0.01
12/03/2014 20:00:00,0.01
12/03/2014 20:15:00,0.01
12/03/2014 20:30:00,0.01
12/03/2014 20:45:00,0.0100666666667
12/03/2014 21:00:00,0.01
12/03/2014 21:15:00,0.0096
12/03/2014 21:30:00,0.0098
12/03/2014 21:45:00,0.01
12/03/2014 22:00:00,0.01
12/03/2014 22:15:00,0.01
12/03/2014 22:30:00,0.01
12/03/2014 22:45:00,0.01
12/03/2014 23:00:00,0.01
12/03/2014 23:15:00,0.01
12/03/2014 23:30:00,0.01
12/03/2014 23:45:00,0.01
13/03/2014 00:00:00,0.01
13/03/2014 00:15:00,0.00993333333333
13/03/2014 00:30:00,0.01
13/03/2014 00:45:00,0.01
13/03/2014 01:00:00,0.01
13/03/2014 01:15:00,0.01
13/03/2014 01:30:00,0.01
13/03/2014 01:45:00,0.01
13/03/2014 02:00:00,0.00986666666667
13/03/2014 02:15:00,0.00946666666667
13/03/2014 02:30:00,0.009
13/03/2014 02:45:00,0.143266666667
13/03/2014 03:00:00,0.148466666667
13/03/2014 03:15:00,0.140866666667
13/03/2014 03:30:00,0.147466666667
13/03/2014 03:45:00,0.150733333333
13/03/2014 04:00:00,0.147
13/03/2014 04:15:00,0.1536
13/03/2014 04:30:00,0.1204
13/03/2014 04:45:00,0.0450666666667
13/03/2014 05:00:00,0.009
13/03/2014 05:15:00,0.0094
13/03/2014 05:30:00,0.00926666666667
13/03/2014 05:45:00,0.0096
13/03/2014 06:00:00,0.379266666667
13/03/2014 06:15:00,0.147866666667
13/03/2014 06:30:00,0.1606
13/03/2014 06:45:00,0.174
13/03/2014 07:00:00,0.16
13/03/2014 07:15:00,0.177733333333
13/03/2014 07:30:00,0.1616
13/03/2014 07:45:00,0.1718
13/03/2014 08:00:00,0.1588
13/03/2014 08:15:00,0.1776
13/03/2014 08:30:00,0.245333333333
13/03/2014 08:45:00,0.154733333333
13/03/2014 09:00:00,0.0736
13/03/2014 09:15:00,0.134466666667
13/03/2014 09:30:00,0.00946666666667
13/03/2014 09:45:00,0.00973333333333
13/03/2014 10:00:00,0.01
13/03/2014 10:15:00,0.01
13/03/2014 10:30:00,0.01
13/03/2014 10:45:00,0.01
13/03/2014 11:00:00,0.01
13/03/2014 11:15:00,0.01
13/03/2014 11:30:00,0.01
13/03/2014 11:45:00,0.01
13/03/2014 12:00:00,0.01
13/03/2014 12:15:00,0.01
13/03/2014 12:30:00,0.01
13/03/2014 12:45:00,0.01
13/03/2014 13:00:00,0.01
13/03/2014 13:15:00,0.01
13/03/2014 13:30:00,0.01
13/03/2014 13:45:00,0.01
13/03/2014 14:00:00,0.01
13/03/2014 14:15:00,0.01
13/03/2014 14:30:00,0.01
13/03/2014 14:45:00,0.01
13/03/2014 15:00:00,0.01
13/03/2014 15:15:00,0.01
13/03/2014 15:30:00,0.01
13/03/2014 15:45:00,0.01
13/03/2014 16:00:00,0.01
13/03/2014 16:15:00,0.01
13/03/2014 16:30:00,0.01
13/03/2014 16:45:00,0.01
13/03/2014 17:00:00,0.01
13/03/2014 17:15:00,0.01
13/03/2014 17:30:00,0.01
13/03/2014 17:45:00,0.01
13/03/2014 18:00:00,0.01
13/03/2014 18:15:00,0.01
13/03/2014 18:30:00,0.01
13/03/2014 18:45:00,0.01
13/03/2014 19:00:00,0.01
13/03/2014 19:15:00,0.01
13/03/2014 19:30:00,0.01
13/03/2014 19:45:00,0.01
13/03/2014 20:00:00,0.01
13/03/2014 20:15:00,0.01
13/03/2014 20:30:00,0.01
13/03/2014 20:45:00,0.0101333333333
13/03/2014 21:00:00,0.01
13/03/2014 21:15:00,0.01
13/03/2014 21:30:00,0.01
13/03/2014 21:45:00,0.01
13/03/2014 22:00:00,0.0098
13/03/2014 22:15:00,0.0096
13/03/2014 22:30:00,0.01
13/03/2014 22:45:00,0.01
13/03/2014 23:00:00,0.01
13/03/2014 23:15:00,0.01
13/03/2014 23:30:00,0.01
13/03/2014 23:45:00,0.01
14/03/2014 00:00:00,0.01
14/03/2014 00:15:00,0.00913333333333
14/03/2014 00:30:00,0.009
14/03/2014 00:45:00,0.00966666666667
14/03/2014 01:00:00,0.0094
14/03/2014 01:15:00,0.01
14/03/2014 01:30:00,0.01
14/03/2014 01:45:00,0.01
14/03/2014 02:00:00,0.01
14/03/2014 02:15:00,0.01
14/03/2014 02:30:00,0.01
14/03/2014 02:45:00,0.0094
14/03/2014 03:00:00,0.00926666666667
14/03/2014 03:15:00,0.0098
14/03/2014 03:30:00,0.00933333333333
14/03/2014 03:45:00,0.01
14/03/2014 04:00:00,0.01
14/03/2014 04:15:00,0.01
14/03/2014 04:30:00,0.01
14/03/2014 04:45:00,0.01
14/03/2014 05:00:00,0.01
14/03/2014 05:15:00,0.0094
14/03/2014 05:30:00,0.009
14/03/2014 05:45:00,0.009
14/03/2014 06:00:00,0.226266666667
14/03/2014 06:15:00,0.302333333333
14/03/2014 06:30:00,0.238
14/03/2014 06:45:00,0.2212
14/03/2014 07:00:00,0.127266666667
14/03/2014 07:15:00,0.00906666666667
14/03/2014 07:30:00,0.208866666667
14/03/2014 07:45:00,0.0445333333333
14/03/2014 08:00:00,0.170533333333
14/03/2014 08:15:00,0.009
14/03/2014 08:30:00,0.0094
14/03/2014 08:45:00,0.01
14/03/2014 09:00:00,0.01
14/03/2014 09:15:00,0.0747333333333
14/03/2014 09:30:00,0.0800666666667
14/03/2014 09:45:00,0.130733333333
14/03/2014 10:00:00,0.01
14/03/2014 10:15:00,0.00953333333333
14/03/2014 10:30:00,0.009
14/03/2014 10:45:00,0.00993333333333
14/03/2014 11:00:00,0.01
14/03/2014 11:15:00,0.01
14/03/2014 11:30:00,0.01
14/03/2014 11:45:00,0.01
14/03/2014 12:00:00,0.01
14/03/2014 12:15:00,0.01
14/03/2014 12:30:00,0.01
14/03/2014 12:45:00,0.0094
14/03/2014 13:00:00,0.00926666666667
14/03/2014 13:15:00,0.00966666666667
14/03/2014 13:30:00,0.0094
14/03/2014 13:45:00,0.01
14/03/2014 14:00:00,0.01
14/03/2014 14:15:00,0.01
14/03/2014 14:30:00,0.01
14/03/2014 14:45:00,0.01
14/03/2014 15:00:00,0.00933333333333
14/03/2014 15:15:00,0.009
14/03/2014 15:30:00,0.00946666666667
14/03/2014 15:45:00,0.0092
14/03/2014 16:00:00,0.00953333333333
14/03/2014 16:15:00,0.00993333333333
14/03/2014 16:30:00,0.01
14/03/2014 16:45:00,0.01
14/03/2014 17:00:00,0.01
14/03/2014 17:15:00,0.01
14/03/2014 17:30:00,0.01
14/03/2014 17:45:00,0.0094
14/03/2014 18:00:00,0.00926666666667
14/03/2014 18:15:00,0.009
14/03/2014 18:30:00,0.0094
14/03/2014 18:45:00,0.009
14/03/2014 19:00:00,0.01
14/03/2014 19:15:00,0.01
14/03/2014 19:30:00,0.01
14/03/2014 19:45:00,0.01
14/03/2014 20:00:00,0.0100666666667
14/03/2014 20:15:00,0.01
14/03/2014 20:30:00,0.01
14/03/2014 20:45:00,0.01
14/03/2014 21:00:00,0.01
14/03/2014 21:15:00,0.0094
14/03/2014 21:30:00,0.00946666666667
14/03/2014 21:45:00,0.01
14/03/2014 22:00:00,0.01
14/03/2014 22:15:00,0.01
14/03/2014 22:30:00,0.01
14/03/2014 22:45:00,0.01
14/03/2014 23:00:00,0.01
14/03/2014 23:15:00,0.00993333333333
14/03/2014 23:30:00,0.009
14/03/2014 23:45:00,0.0096
15/03/2014 00:00:00,0.01
15/03/2014 00:15:00,0.01
15/03/2014 00:30:00,0.01
15/03/2014 00:45:00,0.01
15/03/2014 01:00:00,0.01
15/03/2014 01:15:00,0.01
15/03/2014 01:30:00,0.01
15/03/2014 01:45:00,0.01
15/03/2014 02:00:00,0.01
15/03/2014 02:15:00,0.01
15/03/2014 02:30:00,0.01
15/03/2014 02:45:00,0.01
15/03/2014 03:00:00,0.01
15/03/2014 03:15:00,0.01
15/03/2014 03:30:00,0.01
15/03/2014 03:45:00,0.01
15/03/2014 04:00:00,0.01
15/03/2014 04:15:00,0.01
15/03/2014 04:30:00,0.01
15/03/2014 04:45:00,0.00993333333333
15/03/2014 05:00:00,0.01
15/03/2014 05:15:00,0.01
15/03/2014 05:30:00,0.00986666666667
15/03/2014 05:45:00,0.0098
15/03/2014 06:00:00,0.01
15/03/2014 06:15:00,0.01
15/03/2014 06:30:00,0.01
15/03/2014 06:45:00,0.01
15/03/2014 07:00:00,0.01
15/03/2014 07:15:00,0.01
15/03/2014 07:30:00,0.0096
15/03/2014 07:45:00,0.0092
15/03/2014 08:00:00,0.009
15/03/2014 08:15:00,0.009
15/03/2014 08:30:00,0.00946666666667
15/03/2014 08:45:00,0.01
15/03/2014 09:00:00,0.01
15/03/2014 09:15:00,0.01
15/03/2014 09:30:00,0.01
15/03/2014 09:45:00,0.01
15/03/2014 10:00:00,0.01
15/03/2014 10:15:00,0.0094
15/03/2014 10:30:00,0.00946666666667
15/03/2014 10:45:00,0.009
15/03/2014 11:00:00,0.0096
15/03/2014 11:15:00,0.00973333333333
15/03/2014 11:30:00,0.01
15/03/2014 11:45:00,0.01
15/03/2014 12:00:00,0.01
15/03/2014 12:15:00,0.01
15/03/2014 12:30:00,0.01
15/03/2014 12:45:00,0.01
15/03/2014 13:00:00,0.01
15/03/2014 13:15:00,0.01
15/03/2014 13:30:00,0.01
15/03/2014 13:45:00,0.01
15/03/2014 14:00:00,0.01
15/03/2014 14:15:00,0.01
15/03/2014 14:30:00,0.01
15/03/2014 14:45:00,0.01
15/03/2014 15:00:00,0.01
15/03/2014 15:15:00,0.01
15/03/2014 15:30:00,0.00953333333333
15/03/2014 15:45:00,0.00966666666667
15/03/2014 16:00:00,0.0094
15/03/2014 16:15:00,0.00926666666667
15/03/2014 16:30:00,0.00973333333333
15/03/2014 16:45:00,0.01
15/03/2014 17:00:00,0.01
15/03/2014 17:15:00,0.01
15/03/2014 17:30:00,0.01
15/03/2014 17:45:00,0.01
15/03/2014 18:00:00,0.00993333333333
15/03/2014 18:15:00,0.00986666666667
15/03/2014 18:30:00,0.01
15/03/2014 18:45:00,0.01
15/03/2014 19:00:00,0.01
15/03/2014 19:15:00,0.00993333333333
15/03/2014 19:30:00,0.01
15/03/2014 19:45:00,0.00993333333333
15/03/2014 20:00:00,0.01
15/03/2014 20:15:00,0.01
15/03/2014 20:30:00,0.01
15/03/2014 20:45:00,0.01
15/03/2014 21:00:00,0.00913333333333
15/03/2014 21:15:00,0.0094
15/03/2014 21:30:00,0.01
15/03/2014 21:45:00,0.01
15/03/2014 22:00:00,0.00993333333333
15/03/2014 22:15:00,0.01
15/03/2014 22:30:00,0.01
15/03/2014 22:45:00,0.01
15/03/2014 23:00:00,0.01
15/03/2014 23:15:00,0.01
15/03/2014 23:30:00,0.01
15/03/2014 23:45:00,0.00926666666667
16/03/2014 00:00:00,0.00926666666667
16/03/2014 00:15:00,0.009
16/03/2014 00:30:00,0.00966666666667
16/03/2014 00:45:00,0.00973333333333
16/03/2014 01:00:00,0.01
16/03/2014 01:15:00,0.01
16/03/2014 01:30:00,0.01
16/03/2014 01:45:00,0.01
16/03/2014 02:00:00,0.01
16/03/2014 02:15:00,0.01
16/03/2014 02:30:00,0.0096
16/03/2014 02:45:00,0.00926666666667
16/03/2014 03:00:00,0.0092
16/03/2014 03:15:00,0.00946666666667
16/03/2014 03:30:00,0.00973333333333
16/03/2014 03:45:00,0.01
16/03/2014 04:00:00,0.01
16/03/2014 04:15:00,0.01
16/03/2014 04:30:00,0.01
16/03/2014 04:45:00,0.01
16/03/2014 05:00:00,0.01
16/03/2014 05:15:00,0.00973333333333
16/03/2014 05:30:00,0.01
16/03/2014 05:45:00,0.01
16/03/2014 06:00:00,0.01
16/03/2014 06:15:00,0.01
16/03/2014 06:30:00,0.01
16/03/2014 06:45:00,0.01
16/03/2014 07:00:00,0.01
16/03/2014 07:15:00,0.01
16/03/2014 07:30:00,0.01
16/03/2014 07:45:00,0.01
16/03/2014 08:00:00,0.0094
16/03/2014 08:15:00,0.00953333333333
16/03/2014 08:30:00,0.0094
16/03/2014 08:45:00,0.00966666666667
16/03/2014 09:00:00,0.01
16/03/2014 09:15:00,0.01
16/03/2014 09:30:00,0.01
16/03/2014 09:45:00,0.0094
16/03/2014 10:00:00,0.01
16/03/2014 10:15:00,0.01
16/03/2014 10:30:00,0.01
16/03/2014 10:45:00,0.009
16/03/2014 11:00:00,0.0098
16/03/2014 11:15:00,0.00946666666667
16/03/2014 11:30:00,0.01
16/03/2014 11:45:00,0.01
16/03/2014 12:00:00,0.01
16/03/2014 12:15:00,0.01
16/03/2014 12:30:00,0.01
16/03/2014 12:45:00,0.01
16/03/2014 13:00:00,0.01
16/03/2014 13:15:00,0.01
16/03/2014 13:30:00,0.01
16/03/2014 13:45:00,0.01
16/03/2014 14:00:00,0.01
16/03/2014 14:15:00,0.01
16/03/2014 14:30:00,0.01
16/03/2014 14:45:00,0.01
16/03/2014 15:00:00,0.01
16/03/2014 15:15:00,0.01
16/03/2014 15:30:00,0.01
16/03/2014 15:45:00,0.01
16/03/2014 16:00:00,0.01
16/03/2014 16:15:00,0.01
16/03/2014 16:30:00,0.01
16/03/2014 16:45:00,0.01
16/03/2014 17:00:00,0.01
16/03/2014 17:15:00,0.01
16/03/2014 17:30:00,0.01
16/03/2014 17:45:00,0.01
16/03/2014 18:00:00,0.01
16/03/2014 18:15:00,0.00906666666667
16/03/2014 18:30:00,0.0096
16/03/2014 18:45:00,0.0092
16/03/2014 19:00:00,0.00946666666667
16/03/2014 19:15:00,0.01
16/03/2014 19:30:00,0.00993333333333
16/03/2014 19:45:00,0.0098
16/03/2014 20:00:00,0.01
16/03/2014 20:15:00,0.01
16/03/2014 20:30:00,0.01
16/03/2014 20:45:00,0.01
16/03/2014 21:00:00,0.01
16/03/2014 21:15:00,0.01
16/03/2014 21:30:00,0.142933333333
16/03/2014 21:45:00,0.142066666667
16/03/2014 22:00:00,0.01
16/03/2014 22:15:00,0.01
16/03/2014 22:30:00,0.01
16/03/2014 22:45:00,0.01
16/03/2014 23:00:00,0.01
16/03/2014 23:15:00,0.00933333333333
16/03/2014 23:30:00,0.00973333333333
16/03/2014 23:45:00,0.0094
17/03/2014 00:00:00,0.01
17/03/2014 00:15:00,0.01
17/03/2014 00:30:00,0.01
17/03/2014 00:45:00,0.01
17/03/2014 01:00:00,0.01
17/03/2014 01:15:00,0.01
17/03/2014 01:30:00,0.01
17/03/2014 01:45:00,0.01
17/03/2014 02:00:00,0.0145333333333
17/03/2014 02:15:00,0.298933333333
17/03/2014 02:30:00,0.175133333333
17/03/2014 02:45:00,0.187933333333
17/03/2014 03:00:00,0.1978
17/03/2014 03:15:00,0.2146
17/03/2014 03:30:00,0.255
17/03/2014 03:45:00,0.254
17/03/2014 04:00:00,0.216466666667
17/03/2014 04:15:00,0.186733333333
17/03/2014 04:30:00,0.186066666667
17/03/2014 04:45:00,0.190666666667
17/03/2014 05:00:00,0.183466666667
17/03/2014 05:15:00,0.176533333333
17/03/2014 05:30:00,0.170666666667
17/03/2014 05:45:00,0.213666666667
17/03/2014 06:00:00,0.4602
17/03/2014 06:15:00,0.485666666667
17/03/2014 06:30:00,0.238533333333
17/03/2014 06:45:00,0.4844
17/03/2014 07:00:00,0.300733333333
17/03/2014 07:15:00,0.2764
17/03/2014 07:30:00,0.347066666667
17/03/2014 07:45:00,0.218
17/03/2014 08:00:00,0.187866666667
17/03/2014 08:15:00,0.180933333333
17/03/2014 08:30:00,0.282266666667
17/03/2014 08:45:00,0.253266666667
17/03/2014 09:00:00,0.1628
17/03/2014 09:15:00,0.176533333333
17/03/2014 09:30:00,0.176466666667
17/03/2014 09:45:00,0.1722
17/03/2014 10:00:00,0.1642
17/03/2014 10:15:00,0.1634
17/03/2014 10:30:00,0.159733333333
17/03/2014 10:45:00,0.152933333333
17/03/2014 11:00:00,0.153333333333
17/03/2014 11:15:00,0.14
17/03/2014 11:30:00,0.136733333333
17/03/2014 11:45:00,0.1334
17/03/2014 12:00:00,0.1302
17/03/2014 12:15:00,0.01
17/03/2014 12:30:00,0.01
17/03/2014 12:45:00,0.127266666667
17/03/2014 13:00:00,0.01
17/03/2014 13:15:00,0.01
17/03/2014 13:30:00,0.01
17/03/2014 13:45:00,0.01
17/03/2014 14:00:00,0.01
17/03/2014 14:15:00,0.01
17/03/2014 14:30:00,0.01
17/03/2014 14:45:00,0.01
17/03/2014 15:00:00,0.01
17/03/2014 15:15:00,0.01
17/03/2014 15:30:00,0.01
17/03/2014 15:45:00,0.01
17/03/2014 16:00:00,0.01
17/03/2014 16:15:00,0.01
17/03/2014 16:30:00,0.01
17/03/2014 16:45:00,0.01
17/03/2014 17:00:00,0.01
17/03/2014 17:15:00,0.01
17/03/2014 17:30:00,0.01
17/03/2014 17:45:00,0.01
17/03/2014 18:00:00,0.01
17/03/2014 18:15:00,0.01
17/03/2014 18:30:00,0.01
17/03/2014 18:45:00,0.0098
17/03/2014 19:00:00,0.01
17/03/2014 19:15:00,0.01
17/03/2014 19:30:00,0.01
17/03/2014 19:45:00,0.00993333333333
17/03/2014 20:00:00,0.01
17/03/2014 20:15:00,0.01
17/03/2014 20:30:00,0.01
17/03/2014 20:45:00,0.01
17/03/2014 21:00:00,0.01
17/03/2014 21:15:00,0.01
17/03/2014 21:30:00,0.01
17/03/2014 21:45:00,0.01
17/03/2014 22:00:00,0.0096
17/03/2014 22:15:00,0.00973333333333
17/03/2014 22:30:00,0.01
17/03/2014 22:45:00,0.01
17/03/2014 23:00:00,0.01
17/03/2014 23:15:00,0.01
17/03/2014 23:30:00,0.01
17/03/2014 23:45:00,0.00986666666667
18/03/2014 00:00:00,0.009
18/03/2014 00:15:00,0.009
18/03/2014 00:30:00,0.009
18/03/2014 00:45:00,0.00966666666667
18/03/2014 01:00:00,0.01
18/03/2014 01:15:00,0.01
18/03/2014 01:30:00,0.01
18/03/2014 01:45:00,0.01
18/03/2014 02:00:00,0.01
18/03/2014 02:15:00,0.01
18/03/2014 02:30:00,0.009
18/03/2014 02:45:00,0.009
18/03/2014 03:00:00,0.009
18/03/2014 03:15:00,0.0098
18/03/2014 03:30:00,0.01
18/03/2014 03:45:00,0.01
18/03/2014 04:00:00,0.01
18/03/2014 04:15:00,0.01
18/03/2014 04:30:00,0.134933333333
18/03/2014 04:45:00,0.1332
18/03/2014 05:00:00,0.009
18/03/2014 05:15:00,0.125733333333
18/03/2014 05:30:00,0.135666666667
18/03/2014 05:45:00,0.011
18/03/2014 06:00:00,0.4892
18/03/2014 06:15:00,0.264333333333
18/03/2014 06:30:00,0.110266666667
18/03/2014 06:45:00,0.233933333333
18/03/2014 07:00:00,0.230866666667
18/03/2014 07:15:00,0.220333333333
18/03/2014 07:30:00,0.0240666666667
18/03/2014 07:45:00,0.220066666667
18/03/2014 08:00:00,0.2202
18/03/2014 08:15:00,0.22
18/03/2014 08:30:00,0.0966666666667
18/03/2014 08:45:00,0.059
18/03/2014 09:00:00,0.00933333333333
18/03/2014 09:15:00,0.00993333333333
18/03/2014 09:30:00,0.00986666666667
18/03/2014 09:45:00,0.00986666666667
18/03/2014 10:00:00,0.009
18/03/2014 10:15:00,0.0092
18/03/2014 10:30:00,0.00913333333333
18/03/2014 10:45:00,0.01
18/03/2014 11:00:00,0.01
18/03/2014 11:15:00,0.01
18/03/2014 11:30:00,0.01
18/03/2014 11:45:00,0.01
18/03/2014 12:00:00,0.01
18/03/2014 12:15:00,0.00946666666667
18/03/2014 12:30:00,0.00966666666667
18/03/2014 12:45:00,0.0094
18/03/2014 13:00:00,0.00973333333333
18/03/2014 13:15:00,0.01
18/03/2014 13:30:00,0.01
18/03/2014 13:45:00,0.01
18/03/2014 14:00:00,0.01
18/03/2014 14:15:00,0.01
18/03/2014 14:30:00,0.01
18/03/2014 14:45:00,0.00953333333333
18/03/2014 15:00:00,0.0094
18/03/2014 15:15:00,0.0094
18/03/2014 15:30:00,0.00933333333333
18/03/2014 15:45:00,0.00986666666667
18/03/2014 16:00:00,0.01
18/03/2014 16:15:00,0.01
18/03/2014 16:30:00,0.01
18/03/2014 16:45:00,0.01
18/03/2014 17:00:00,0.01
18/03/2014 17:15:00,0.009
18/03/2014 17:30:00,0.009
18/03/2014 17:45:00,0.009
18/03/2014 18:00:00,0.00946666666667
18/03/2014 18:15:00,0.00966666666667
18/03/2014 18:30:00,0.01
18/03/2014 18:45:00,0.00993333333333
18/03/2014 19:00:00,0.00986666666667
18/03/2014 19:15:00,0.009
18/03/2014 19:30:00,0.00953333333333
18/03/2014 19:45:00,0.009
18/03/2014 20:00:00,0.00913333333333
18/03/2014 20:15:00,0.01
18/03/2014 20:30:00,0.01
18/03/2014 20:45:00,0.01
18/03/2014 21:00:00,0.0096
18/03/2014 21:15:00,0.009
18/03/2014 21:30:00,0.00906666666667
18/03/2014 21:45:00,0.009
18/03/2014 22:00:00,0.0096
18/03/2014 22:15:00,0.009
18/03/2014 22:30:00,0.00933333333333
18/03/2014 22:45:00,0.009
18/03/2014 23:00:00,0.009
18/03/2014 23:15:00,0.009
18/03/2014 23:30:00,0.009
18/03/2014 23:45:00,0.01
19/03/2014 00:00:00,0.01
19/03/2014 00:15:00,0.01
19/03/2014 00:30:00,0.01
19/03/2014 00:45:00,0.01
19/03/2014 01:00:00,0.01
19/03/2014 01:15:00,0.00966666666667
19/03/2014 01:30:00,0.009
19/03/2014 01:45:00,0.009
19/03/2014 02:00:00,0.00913333333333
19/03/2014 02:15:00,0.0094
19/03/2014 02:30:00,0.01
19/03/2014 02:45:00,0.01
19/03/2014 03:00:00,0.01
19/03/2014 03:15:00,0.01
19/03/2014 03:30:00,0.00993333333333
19/03/2014 03:45:00,0.00986666666667
19/03/2014 04:00:00,0.0094
19/03/2014 04:15:00,0.009
19/03/2014 04:30:00,0.009
19/03/2014 04:45:00,0.009
19/03/2014 05:00:00,0.00953333333333
19/03/2014 05:15:00,0.0096
19/03/2014 05:30:00,0.0094
19/03/2014 05:45:00,0.00946666666667
19/03/2014 06:00:00,0.00933333333333
19/03/2014 06:15:00,0.00926666666667
19/03/2014 06:30:00,0.0098
19/03/2014 06:45:00,0.009
19/03/2014 07:00:00,0.009
19/03/2014 07:15:00,0.009
19/03/2014 07:30:00,0.009
19/03/2014 07:45:00,0.0092
19/03/2014 08:00:00,0.009
19/03/2014 08:15:00,0.00926666666667
19/03/2014 08:30:00,0.00926666666667
19/03/2014 08:45:00,0.00906666666667
19/03/2014 09:00:00,0.00946666666667
19/03/2014 09:15:00,0.009
19/03/2014 09:30:00,0.009
19/03/2014 09:45:00,0.009
19/03/2014 10:00:00,0.009
19/03/2014 10:15:00,0.009
19/03/2014 10:30:00,0.00926666666667
19/03/2014 10:45:00,0.00926666666667
19/03/2014 11:00:00,0.009
19/03/2014 11:15:00,0.00953333333333
19/03/2014 11:30:00,0.009
19/03/2014 11:45:00,0.00953333333333
19/03/2014 12:00:00,0.009
19/03/2014 12:15:00,0.009
19/03/2014 12:30:00,0.009
19/03/2014 12:45:00,0.0092
19/03/2014 13:00:00,0.0094
19/03/2014 13:15:00,0.00913333333333
19/03/2014 13:30:00,0.0096
19/03/2014 13:45:00,0.009
19/03/2014 14:00:00,0.00966666666667
19/03/2014 14:15:00,0.009
19/03/2014 14:30:00,0.009
19/03/2014 14:45:00,0.009
19/03/2014 15:00:00,0.009
19/03/2014 15:15:00,0.00953333333333
19/03/2014 15:30:00,0.009
19/03/2014 15:45:00,0.0096
19/03/2014 16:00:00,0.009
19/03/2014 16:15:00,0.00946666666667
19/03/2014 16:30:00,0.00913333333333
19/03/2014 16:45:00,0.009
19/03/2014 17:00:00,0.009
19/03/2014 17:15:00,0.009
19/03/2014 17:30:00,0.009
19/03/2014 17:45:00,0.009
19/03/2014 18:00:00,0.00906666666667
19/03/2014 18:15:00,0.009
19/03/2014 18:30:00,0.009
19/03/2014 18:45:00,0.009
19/03/2014 19:00:00,0.009
19/03/2014 19:15:00,0.009
19/03/2014 19:30:00,0.009
19/03/2014 19:45:00,0.009
19/03/2014 20:00:00,0.009
19/03/2014 20:15:00,0.00933333333333
19/03/2014 20:30:00,0.009
19/03/2014 20:45:00,0.00906666666667
19/03/2014 21:00:00,0.009
19/03/2014 21:15:00,0.0094
19/03/2014 21:30:00,0.009
19/03/2014 21:45:00,0.00906666666667
19/03/2014 22:00:00,0.009
19/03/2014 22:15:00,0.009
19/03/2014 22:30:00,0.009
19/03/2014 22:45:00,0.0096
19/03/2014 23:00:00,0.01
19/03/2014 23:15:00,0.01
19/03/2014 23:30:00,0.01
19/03/2014 23:45:00,0.01
20/03/2014 00:00:00,0.01
20/03/2014 00:15:00,0.0098
20/03/2014 00:30:00,0.00906666666667
20/03/2014 00:45:00,0.009
20/03/2014 01:00:00,0.009
20/03/2014 01:15:00,0.00993333333333
20/03/2014 01:30:00,0.01
20/03/2014 01:45:00,0.01
20/03/2014 02:00:00,0.01
20/03/2014 02:15:00,0.01
20/03/2014 02:30:00,0.01
20/03/2014 02:45:00,0.00986666666667
20/03/2014 03:00:00,0.00946666666667
20/03/2014 03:15:00,0.009
20/03/2014 03:30:00,0.0096
20/03/2014 03:45:00,0.00986666666667
20/03/2014 04:00:00,0.01
20/03/2014 04:15:00,0.01
20/03/2014 04:30:00,0.01
20/03/2014 04:45:00,0.01
20/03/2014 05:00:00,0.01
20/03/2014 05:15:00,0.00966666666667
20/03/2014 05:30:00,0.009
20/03/2014 05:45:00,0.009
20/03/2014 06:00:00,0.0140666666667
20/03/2014 06:15:00,0.211466666667
20/03/2014 06:30:00,0.165333333333
20/03/2014 06:45:00,0.1704
20/03/2014 07:00:00,0.1536
20/03/2014 07:15:00,0.153866666667
20/03/2014 07:30:00,0.148133333333
20/03/2014 07:45:00,0.150533333333
20/03/2014 08:00:00,0.1372
20/03/2014 08:15:00,0.150333333333
20/03/2014 08:30:00,0.0144666666667
20/03/2014 08:45:00,0.129333333333
20/03/2014 09:00:00,0.01
20/03/2014 09:15:00,0.01
20/03/2014 09:30:00,0.01
20/03/2014 09:45:00,0.01
20/03/2014 10:00:00,0.01
20/03/2014 10:15:00,0.009
20/03/2014 10:30:00,0.009
20/03/2014 10:45:00,0.009
20/03/2014 11:00:00,0.0098
20/03/2014 11:15:00,0.01
20/03/2014 11:30:00,0.01
20/03/2014 11:45:00,0.01
20/03/2014 12:00:00,0.01
20/03/2014 12:15:00,0.01
20/03/2014 12:30:00,0.00946666666667
20/03/2014 12:45:00,0.009
20/03/2014 13:00:00,0.009
20/03/2014 13:15:00,0.0096
20/03/2014 13:30:00,0.01
20/03/2014 13:45:00,0.01
20/03/2014 14:00:00,0.01
20/03/2014 14:15:00,0.01
20/03/2014 14:30:00,0.01
20/03/2014 14:45:00,0.01
20/03/2014 15:00:00,0.0092
20/03/2014 15:15:00,0.009
20/03/2014 15:30:00,0.0096
20/03/2014 15:45:00,0.00946666666667
20/03/2014 16:00:00,0.01
20/03/2014 16:15:00,0.01
20/03/2014 16:30:00,0.01
20/03/2014 16:45:00,0.01
20/03/2014 17:00:00,0.01
20/03/2014 17:15:00,0.00953333333333
20/03/2014 17:30:00,0.009
20/03/2014 17:45:00,0.0096
20/03/2014 18:00:00,0.00946666666667
20/03/2014 18:15:00,0.0096
20/03/2014 18:30:00,0.01
20/03/2014 18:45:00,0.01
20/03/2014 19:00:00,0.0096
20/03/2014 19:15:00,0.009
20/03/2014 19:30:00,0.009
20/03/2014 19:45:00,0.009
20/03/2014 20:00:00,0.009
20/03/2014 20:15:00,0.009
20/03/2014 20:30:00,0.009
20/03/2014 20:45:00,0.009
20/03/2014 21:00:00,0.009
20/03/2014 21:15:00,0.00946666666667
20/03/2014 21:30:00,0.009
20/03/2014 21:45:00,0.0094
20/03/2014 22:00:00,0.0098
20/03/2014 22:15:00,0.01
20/03/2014 22:30:00,0.0094
20/03/2014 22:45:00,0.009
20/03/2014 23:00:00,0.00906666666667
20/03/2014 23:15:00,0.009
20/03/2014 23:30:00,0.00993333333333
20/03/2014 23:45:00,0.01
21/03/2014 00:00:00,0.01
21/03/2014 00:15:00,0.01
21/03/2014 00:30:00,0.01
21/03/2014 00:45:00,0.01
21/03/2014 01:00:00,0.00946666666667
21/03/2014 01:15:00,0.0096
21/03/2014 01:30:00,0.00906666666667
21/03/2014 01:45:00,0.00926666666667
21/03/2014 02:00:00,0.01
21/03/2014 02:15:00,0.01
21/03/2014 02:30:00,0.01
21/03/2014 02:45:00,0.01
21/03/2014 03:00:00,0.01
21/03/2014 03:15:00,0.01
21/03/2014 03:30:00,0.00973333333333
21/03/2014 03:45:00,0.009
21/03/2014 04:00:00,0.009
21/03/2014 04:15:00,0.009
21/03/2014 04:30:00,0.0096
21/03/2014 04:45:00,0.01
21/03/2014 05:00:00,0.01
21/03/2014 05:15:00,0.01
21/03/2014 05:30:00,0.0096
21/03/2014 05:45:00,0.00973333333333
21/03/2014 06:00:00,0.00966666666667
21/03/2014 06:15:00,0.009
21/03/2014 06:30:00,0.009
21/03/2014 06:45:00,0.009
21/03/2014 07:00:00,0.00946666666667
21/03/2014 07:15:00,0.0092
21/03/2014 07:30:00,0.0096
21/03/2014 07:45:00,0.00993333333333
21/03/2014 08:00:00,0.0096
21/03/2014 08:15:00,0.0098
21/03/2014 08:30:00,0.00953333333333
21/03/2014 08:45:00,0.009
21/03/2014 09:00:00,0.009
21/03/2014 09:15:00,0.009
21/03/2014 09:30:00,0.00973333333333
21/03/2014 09:45:00,0.01
21/03/2014 10:00:00,0.00986666666667
21/03/2014 10:15:00,0.00986666666667
21/03/2014 10:30:00,0.0098
21/03/2014 10:45:00,0.00993333333333
21/03/2014 11:00:00,0.00946666666667
21/03/2014 11:15:00,0.009
21/03/2014 11:30:00,0.009
21/03/2014 11:45:00,0.009
21/03/2014 12:00:00,0.01
21/03/2014 12:15:00,0.01
21/03/2014 12:30:00,0.01
21/03/2014 12:45:00,0.01
21/03/2014 13:00:00,0.00993333333333
21/03/2014 13:15:00,0.01
21/03/2014 13:30:00,0.0096
21/03/2014 13:45:00,0.00933333333333
21/03/2014 14:00:00,0.00973333333333
21/03/2014 14:15:00,0.00966666666667
21/03/2014 14:30:00,0.00966666666667
21/03/2014 14:45:00,0.01
21/03/2014 15:00:00,0.01
21/03/2014 15:15:00,0.01
21/03/2014 15:30:00,0.01
21/03/2014 15:45:00,0.01
21/03/2014 16:00:00,0.00953333333333
21/03/2014 16:15:00,0.0092
21/03/2014 16:30:00,0.00906666666667
21/03/2014 16:45:00,0.00913333333333
21/03/2014 17:00:00,0.0092
21/03/2014 17:15:00,0.00933333333333
21/03/2014 17:30:00,0.00986666666667
21/03/2014 17:45:00,0.00993333333333
21/03/2014 18:00:00,0.01
21/03/2014 18:15:00,0.01
21/03/2014 18:30:00,0.00993333333333
21/03/2014 18:45:00,0.00973333333333
21/03/2014 19:00:00,0.009
21/03/2014 19:15:00,0.009
21/03/2014 19:30:00,0.009
21/03/2014 19:45:00,0.009
21/03/2014 20:00:00,0.009
21/03/2014 20:15:00,0.009
21/03/2014 20:30:00,0.009
21/03/2014 20:45:00,0.009
21/03/2014 21:00:00,0.0094
21/03/2014 21:15:00,0.009
21/03/2014 21:30:00,0.0096
21/03/2014 21:45:00,0.009
21/03/2014 22:00:00,0.009
21/03/2014 22:15:00,0.009
21/03/2014 22:30:00,0.009
21/03/2014 22:45:00,0.0094
21/03/2014 23:00:00,0.00993333333333
21/03/2014 23:15:00,0.01
21/03/2014 23:30:00,0.01
21/03/2014 23:45:00,0.01
22/03/2014 00:00:00,0.01
22/03/2014 00:15:00,0.01
22/03/2014 00:30:00,0.00906666666667
22/03/2014 00:45:00,0.0092
22/03/2014 01:00:00,0.009
22/03/2014 01:15:00,0.009
22/03/2014 01:30:00,0.0096
22/03/2014 01:45:00,0.01
22/03/2014 02:00:00,0.01
22/03/2014 02:15:00,0.01
22/03/2014 02:30:00,0.01
22/03/2014 02:45:00,0.01
22/03/2014 03:00:00,0.00986666666667
22/03/2014 03:15:00,0.009
22/03/2014 03:30:00,0.009
22/03/2014 03:45:00,0.009
22/03/2014 04:00:00,0.009
22/03/2014 04:15:00,0.00993333333333
22/03/2014 04:30:00,0.01
22/03/2014 04:45:00,0.01
22/03/2014 05:00:00,0.01
22/03/2014 05:15:00,0.01
22/03/2014 05:30:00,0.01
22/03/2014 05:45:00,0.00953333333333
22/03/2014 06:00:00,0.009
22/03/2014 06:15:00,0.009
22/03/2014 06:30:00,0.009
22/03/2014 06:45:00,0.00933333333333
22/03/2014 07:00:00,0.00993333333333
22/03/2014 07:15:00,0.01
22/03/2014 07:30:00,0.01
22/03/2014 07:45:00,0.01
22/03/2014 08:00:00,0.01
22/03/2014 08:15:00,0.01
22/03/2014 08:30:00,0.00973333333333
22/03/2014 08:45:00,0.00946666666667
22/03/2014 09:00:00,0.00946666666667
22/03/2014 09:15:00,0.009
22/03/2014 09:30:00,0.0098
22/03/2014 09:45:00,0.01
22/03/2014 10:00:00,0.01
22/03/2014 10:15:00,0.01
22/03/2014 10:30:00,0.00966666666667
22/03/2014 10:45:00,0.01
22/03/2014 11:00:00,0.00953333333333
22/03/2014 11:15:00,0.0096
22/03/2014 11:30:00,0.009
22/03/2014 11:45:00,0.00966666666667
22/03/2014 12:00:00,0.009
22/03/2014 12:15:00,0.00986666666667
22/03/2014 12:30:00,0.01
22/03/2014 12:45:00,0.01
22/03/2014 13:00:00,0.01
22/03/2014 13:15:00,0.01
22/03/2014 13:30:00,0.01
22/03/2014 13:45:00,0.01
22/03/2014 14:00:00,0.00953333333333
22/03/2014 14:15:00,0.01
22/03/2014 14:30:00,0.01
22/03/2014 14:45:00,0.01
22/03/2014 15:00:00,0.01
22/03/2014 15:15:00,0.01
22/03/2014 15:30:00,0.01
22/03/2014 15:45:00,0.01
22/03/2014 16:00:00,0.01
22/03/2014 16:15:00,0.01
22/03/2014 16:30:00,0.00953333333333
22/03/2014 16:45:00,0.00973333333333
22/03/2014 17:00:00,0.00966666666667
22/03/2014 17:15:00,0.0096
22/03/2014 17:30:00,0.00973333333333
22/03/2014 17:45:00,0.00973333333333
22/03/2014 18:00:00,0.01
22/03/2014 18:15:00,0.01
22/03/2014 18:30:00,0.01
22/03/2014 18:45:00,0.01
22/03/2014 19:00:00,0.01
22/03/2014 19:15:00,0.01
22/03/2014 19:30:00,0.01
22/03/2014 19:45:00,0.01
22/03/2014 20:00:00,0.01
22/03/2014 20:15:00,0.01
22/03/2014 20:30:00,0.01
22/03/2014 20:45:00,0.01
22/03/2014 21:00:00,0.01
22/03/2014 21:15:00,0.01
22/03/2014 21:30:00,0.01
22/03/2014 21:45:00,0.01
22/03/2014 22:00:00,0.01
22/03/2014 22:15:00,0.00926666666667
22/03/2014 22:30:00,0.00966666666667
22/03/2014 22:45:00,0.01
22/03/2014 23:00:00,0.01
22/03/2014 23:15:00,0.01
22/03/2014 23:30:00,0.01
22/03/2014 23:45:00,0.01
23/03/2014 00:00:00,0.01
23/03/2014 00:15:00,0.01
23/03/2014 00:30:00,0.01
23/03/2014 00:45:00,0.01
23/03/2014 01:00:00,0.00933333333333
23/03/2014 01:15:00,0.009
23/03/2014 01:30:00,0.009
23/03/2014 01:45:00,0.0096
23/03/2014 02:00:00,0.0094
23/03/2014 02:15:00,0.01
23/03/2014 02:30:00,0.01
23/03/2014 02:45:00,0.01
23/03/2014 03:00:00,0.01
23/03/2014 03:15:00,0.01
23/03/2014 03:30:00,0.01
23/03/2014 03:45:00,0.00926666666667
23/03/2014 04:00:00,0.00946666666667
23/03/2014 04:15:00,0.009
23/03/2014 04:30:00,0.00966666666667
23/03/2014 04:45:00,0.00993333333333
23/03/2014 05:00:00,0.01
23/03/2014 05:15:00,0.01
23/03/2014 05:30:00,0.01
23/03/2014 05:45:00,0.01
23/03/2014 06:00:00,0.01
23/03/2014 06:15:00,0.00973333333333
23/03/2014 06:30:00,0.009
23/03/2014 06:45:00,0.009
23/03/2014 07:00:00,0.009
23/03/2014 07:15:00,0.00993333333333
23/03/2014 07:30:00,0.01
23/03/2014 07:45:00,0.01
23/03/2014 08:00:00,0.01
23/03/2014 08:15:00,0.01
23/03/2014 08:30:00,0.01
23/03/2014 08:45:00,0.01
23/03/2014 09:00:00,0.009
23/03/2014 09:15:00,0.00893333333333
23/03/2014 09:30:00,0.009
23/03/2014 09:45:00,0.00953333333333
23/03/2014 10:00:00,0.00993333333333
23/03/2014 10:15:00,0.0094
23/03/2014 10:30:00,0.0098
23/03/2014 10:45:00,0.00973333333333
23/03/2014 11:00:00,0.01
23/03/2014 11:15:00,0.0096
23/03/2014 11:30:00,0.0094
23/03/2014 11:45:00,0.009
23/03/2014 12:00:00,0.00966666666667
23/03/2014 12:15:00,0.01
23/03/2014 12:30:00,0.01
23/03/2014 12:45:00,0.01
23/03/2014 13:00:00,0.01
23/03/2014 13:15:00,0.01
23/03/2014 13:30:00,0.01
23/03/2014 13:45:00,0.00973333333333
23/03/2014 14:00:00,0.0092
23/03/2014 14:15:00,0.00906666666667
23/03/2014 14:30:00,0.0092
23/03/2014 14:45:00,0.00993333333333
23/03/2014 15:00:00,0.01
23/03/2014 15:15:00,0.01
23/03/2014 15:30:00,0.01
23/03/2014 15:45:00,0.01
23/03/2014 16:00:00,0.01
23/03/2014 16:15:00,0.01
23/03/2014 16:30:00,0.0098
23/03/2014 16:45:00,0.01
23/03/2014 17:00:00,0.01
23/03/2014 17:15:00,0.01
23/03/2014 17:30:00,0.01
23/03/2014 17:45:00,0.01
23/03/2014 18:00:00,0.01
23/03/2014 18:15:00,0.01
23/03/2014 18:30:00,0.01
23/03/2014 18:45:00,0.00993333333333
23/03/2014 19:00:00,0.00926666666667
23/03/2014 19:15:00,0.009
23/03/2014 19:30:00,0.0092
23/03/2014 19:45:00,0.01
23/03/2014 20:00:00,0.00966666666667
23/03/2014 20:15:00,0.00986666666667
23/03/2014 20:30:00,0.01
23/03/2014 20:45:00,0.01
23/03/2014 21:00:00,0.146866666667
23/03/2014 21:15:00,0.139133333333
23/03/2014 21:30:00,0.137933333333
23/03/2014 21:45:00,0.0669333333333
23/03/2014 22:00:00,0.0766666666667
23/03/2014 22:15:00,0.01
23/03/2014 22:30:00,0.01
23/03/2014 22:45:00,0.01
23/03/2014 23:00:00,0.01
23/03/2014 23:15:00,0.01
23/03/2014 23:30:00,0.01
23/03/2014 23:45:00,0.0098
24/03/2014 00:00:00,0.01
24/03/2014 00:15:00,0.01
24/03/2014 00:30:00,0.01
24/03/2014 00:45:00,0.01
24/03/2014 01:00:00,0.01
24/03/2014 01:15:00,0.01
24/03/2014 01:30:00,0.01
24/03/2014 01:45:00,0.01
24/03/2014 02:00:00,0.01
24/03/2014 02:15:00,0.00993333333333
24/03/2014 02:30:00,0.01
24/03/2014 02:45:00,0.01
24/03/2014 03:00:00,0.01
24/03/2014 03:15:00,0.01
24/03/2014 03:30:00,0.01
24/03/2014 03:45:00,0.01
24/03/2014 04:00:00,0.01
24/03/2014 04:15:00,0.01
24/03/2014 04:30:00,0.01
24/03/2014 04:45:00,0.00986666666667
24/03/2014 05:00:00,0.009
24/03/2014 05:15:00,0.00926666666667
24/03/2014 05:30:00,0.00906666666667
24/03/2014 05:45:00,0.1716
24/03/2014 06:00:00,0.469133333333
24/03/2014 06:15:00,0.0326
24/03/2014 06:30:00,0.185266666667
24/03/2014 06:45:00,0.206066666667
24/03/2014 07:00:00,0.167666666667
24/03/2014 07:15:00,0.1294
24/03/2014 07:30:00,0.476333333333
24/03/2014 07:45:00,0.0912
24/03/2014 08:00:00,0.292466666667
24/03/2014 08:15:00,0.367733333333
24/03/2014 08:30:00,0.142533333333
24/03/2014 08:45:00,0.100866666667
24/03/2014 09:00:00,0.0904
24/03/2014 09:15:00,0.136333333333
24/03/2014 09:30:00,0.132933333333
24/03/2014 09:45:00,0.129733333333
24/03/2014 10:00:00,0.00986666666667
24/03/2014 10:15:00,0.1256
24/03/2014 10:30:00,0.0096
24/03/2014 10:45:00,0.01
24/03/2014 11:00:00,0.01
24/03/2014 11:15:00,0.01
24/03/2014 11:30:00,0.01
24/03/2014 11:45:00,0.01
24/03/2014 12:00:00,0.01
24/03/2014 12:15:00,0.00966666666667
24/03/2014 12:30:00,0.01
24/03/2014 12:45:00,0.00986666666667
24/03/2014 13:00:00,0.00946666666667
24/03/2014 13:15:00,0.01
24/03/2014 13:30:00,0.00973333333333
24/03/2014 13:45:00,0.01
24/03/2014 14:00:00,0.0096
24/03/2014 14:15:00,0.00986666666667
24/03/2014 14:30:00,0.01
24/03/2014 14:45:00,0.0096
24/03/2014 15:00:00,0.009
24/03/2014 15:15:00,0.01
24/03/2014 15:30:00,0.01
24/03/2014 15:45:00,0.01
24/03/2014 16:00:00,0.01
24/03/2014 16:15:00,0.01
24/03/2014 16:30:00,0.01
24/03/2014 16:45:00,0.01
24/03/2014 17:00:00,0.0098
24/03/2014 17:15:00,0.01
24/03/2014 17:30:00,0.0096
24/03/2014 17:45:00,0.0098
24/03/2014 18:00:00,0.01
24/03/2014 18:15:00,0.01
24/03/2014 18:30:00,0.01
24/03/2014 18:45:00,0.01
24/03/2014 19:00:00,0.01
24/03/2014 19:15:00,0.01
24/03/2014 19:30:00,0.01
24/03/2014 19:45:00,0.00993333333333
24/03/2014 20:00:00,0.01
24/03/2014 20:15:00,0.01
24/03/2014 20:30:00,0.01
24/03/2014 20:45:00,0.01
24/03/2014 21:00:00,0.01
24/03/2014 21:15:00,0.01
24/03/2014 21:30:00,0.01
24/03/2014 21:45:00,0.01
24/03/2014 22:00:00,0.01
24/03/2014 22:15:00,0.00966666666667
24/03/2014 22:30:00,0.00973333333333
24/03/2014 22:45:00,0.0098
24/03/2014 23:00:00,0.009
24/03/2014 23:15:00,0.0098
24/03/2014 23:30:00,0.01
24/03/2014 23:45:00,0.01
25/03/2014 00:00:00,0.01
25/03/2014 00:15:00,0.01
25/03/2014 00:30:00,0.01
25/03/2014 00:45:00,0.00986666666667
25/03/2014 01:00:00,0.01
25/03/2014 01:15:00,0.00953333333333
25/03/2014 01:30:00,0.00946666666667
25/03/2014 01:45:00,0.00986666666667
25/03/2014 02:00:00,0.01
25/03/2014 02:15:00,0.01
25/03/2014 02:30:00,0.01
25/03/2014 02:45:00,0.01
25/03/2014 03:00:00,0.01
25/03/2014 03:15:00,0.00993333333333
25/03/2014 03:30:00,0.009
25/03/2014 03:45:00,0.00946666666667
25/03/2014 04:00:00,0.00906666666667
25/03/2014 04:15:00,0.00966666666667
25/03/2014 04:30:00,0.01
25/03/2014 04:45:00,0.01
25/03/2014 05:00:00,0.01
25/03/2014 05:15:00,0.01
25/03/2014 05:30:00,0.01
25/03/2014 05:45:00,0.00986666666667
25/03/2014 06:00:00,0.183
25/03/2014 06:15:00,0.229666666667
25/03/2014 06:30:00,0.1422
25/03/2014 06:45:00,0.1636
25/03/2014 07:00:00,0.1412
25/03/2014 07:15:00,0.0731333333333
25/03/2014 07:30:00,0.121266666667
25/03/2014 07:45:00,0.189
25/03/2014 08:00:00,0.183666666667
25/03/2014 08:15:00,0.135866666667
25/03/2014 08:30:00,0.0672666666667
25/03/2014 08:45:00,0.1336
25/03/2014 09:00:00,0.00973333333333
25/03/2014 09:15:00,0.01
25/03/2014 09:30:00,0.01
25/03/2014 09:45:00,0.01
25/03/2014 10:00:00,0.01
25/03/2014 10:15:00,0.01
25/03/2014 10:30:00,0.01
25/03/2014 10:45:00,0.01
25/03/2014 11:00:00,0.01
25/03/2014 11:15:00,0.01
25/03/2014 11:30:00,0.01
25/03/2014 11:45:00,0.01
25/03/2014 12:00:00,0.01
25/03/2014 12:15:00,0.01
25/03/2014 12:30:00,0.01
25/03/2014 12:45:00,0.01
25/03/2014 13:00:00,0.01
25/03/2014 13:15:00,0.01
25/03/2014 13:30:00,0.01
25/03/2014 13:45:00,0.01
25/03/2014 14:00:00,0.01
25/03/2014 14:15:00,0.01
25/03/2014 14:30:00,0.01
25/03/2014 14:45:00,0.01
25/03/2014 15:00:00,0.01
25/03/2014 15:15:00,0.01
25/03/2014 15:30:00,0.01
25/03/2014 15:45:00,0.01
25/03/2014 16:00:00,0.01
25/03/2014 16:15:00,0.01
25/03/2014 16:30:00,0.01
25/03/2014 16:45:00,0.01
25/03/2014 17:00:00,0.01
25/03/2014 17:15:00,0.01
25/03/2014 17:30:00,0.01
25/03/2014 17:45:00,0.01
25/03/2014 18:00:00,0.01
25/03/2014 18:15:00,0.01
25/03/2014 18:30:00,0.01
25/03/2014 18:45:00,0.01
25/03/2014 19:00:00,0.00986666666667
25/03/2014 19:15:00,0.0098
25/03/2014 19:30:00,0.00986666666667
25/03/2014 19:45:00,0.00946666666667
25/03/2014 20:00:00,0.01
25/03/2014 20:15:00,0.01
25/03/2014 20:30:00,0.01
25/03/2014 20:45:00,0.01
25/03/2014 21:00:00,0.0094
25/03/2014 21:15:00,0.00913333333333
25/03/2014 21:30:00,0.00966666666667
25/03/2014 21:45:00,0.01
25/03/2014 22:00:00,0.01
25/03/2014 22:15:00,0.01
25/03/2014 22:30:00,0.01
25/03/2014 22:45:00,0.01
25/03/2014 23:00:00,0.01
25/03/2014 23:15:00,0.01
25/03/2014 23:30:00,0.00906666666667
25/03/2014 23:45:00,0.00953333333333
26/03/2014 00:00:00,0.00933333333333
26/03/2014 00:15:00,0.01
26/03/2014 00:30:00,0.01
26/03/2014 00:45:00,0.01
26/03/2014 01:00:00,0.01
26/03/2014 01:15:00,0.01
26/03/2014 01:30:00,0.01
26/03/2014 01:45:00,0.01
26/03/2014 02:00:00,0.009
26/03/2014 02:15:00,0.0094
26/03/2014 02:30:00,0.00926666666667
26/03/2014 02:45:00,0.0096
26/03/2014 03:00:00,0.01
26/03/2014 03:15:00,0.01
26/03/2014 03:30:00,0.01
26/03/2014 03:45:00,0.01
26/03/2014 04:00:00,0.01
26/03/2014 04:15:00,0.00986666666667
26/03/2014 04:30:00,0.009
26/03/2014 04:45:00,0.00913333333333
26/03/2014 05:00:00,0.009
26/03/2014 05:15:00,0.0098
26/03/2014 05:30:00,0.01
26/03/2014 05:45:00,0.00953333333333
26/03/2014 06:00:00,0.01
26/03/2014 06:15:00,0.1738
26/03/2014 06:30:00,0.156933333333
26/03/2014 06:45:00,0.146733333333
26/03/2014 07:00:00,0.139466666667
26/03/2014 07:15:00,0.1398
26/03/2014 07:30:00,0.124533333333
26/03/2014 07:45:00,0.0148
26/03/2014 08:00:00,0.144733333333
26/03/2014 08:15:00,0.01
26/03/2014 08:30:00,0.1342
26/03/2014 08:45:00,0.01
26/03/2014 09:00:00,0.01
26/03/2014 09:15:00,0.127733333333
26/03/2014 09:30:00,0.0094
26/03/2014 09:45:00,0.00986666666667
26/03/2014 10:00:00,0.0094
26/03/2014 10:15:00,0.01
26/03/2014 10:30:00,0.01
26/03/2014 10:45:00,0.01
26/03/2014 11:00:00,0.01
26/03/2014 11:15:00,0.01
26/03/2014 11:30:00,0.01
26/03/2014 11:45:00,0.0096
26/03/2014 12:00:00,0.0096
26/03/2014 12:15:00,0.00946666666667
26/03/2014 12:30:00,0.00913333333333
26/03/2014 12:45:00,0.01
26/03/2014 13:00:00,0.01
26/03/2014 13:15:00,0.01
26/03/2014 13:30:00,0.01
26/03/2014 13:45:00,0.01
26/03/2014 14:00:00,0.01
26/03/2014 14:15:00,0.00966666666667
26/03/2014 14:30:00,0.00926666666667
26/03/2014 14:45:00,0.0098
26/03/2014 15:00:00,0.00986666666667
26/03/2014 15:15:00,0.01
26/03/2014 15:30:00,0.01
26/03/2014 15:45:00,0.01
26/03/2014 16:00:00,0.01
26/03/2014 16:15:00,0.01
26/03/2014 16:30:00,0.01
26/03/2014 16:45:00,0.00933333333333
26/03/2014 17:00:00,0.009
26/03/2014 17:15:00,0.00933333333333
26/03/2014 17:30:00,0.00926666666667
26/03/2014 17:45:00,0.01
26/03/2014 18:00:00,0.01
26/03/2014 18:15:00,0.01
26/03/2014 18:30:00,0.01
26/03/2014 18:45:00,0.01
26/03/2014 19:00:00,0.01
26/03/2014 19:15:00,0.0092
26/03/2014 19:30:00,0.009
26/03/2014 19:45:00,0.00933333333333
26/03/2014 20:00:00,0.00953333333333
26/03/2014 20:15:00,0.01
26/03/2014 20:30:00,0.01
26/03/2014 20:45:00,0.01
26/03/2014 21:00:00,0.01
26/03/2014 21:15:00,0.01
26/03/2014 21:30:00,0.01
26/03/2014 21:45:00,0.01
26/03/2014 22:00:00,0.01
26/03/2014 22:15:00,0.00966666666667
26/03/2014 22:30:00,0.00986666666667
26/03/2014 22:45:00,0.01
26/03/2014 23:00:00,0.01
26/03/2014 23:15:00,0.01
26/03/2014 23:30:00,0.01
26/03/2014 23:45:00,0.01
27/03/2014 00:00:00,0.01
27/03/2014 00:15:00,0.00993333333333
27/03/2014 00:30:00,0.01
27/03/2014 00:45:00,0.01
27/03/2014 01:00:00,0.01
27/03/2014 01:15:00,0.01
27/03/2014 01:30:00,0.01
27/03/2014 01:45:00,0.01
27/03/2014 02:00:00,0.01
27/03/2014 02:15:00,0.01
27/03/2014 02:30:00,0.01
27/03/2014 02:45:00,0.01
27/03/2014 03:00:00,0.01
27/03/2014 03:15:00,0.01
27/03/2014 03:30:00,0.01
27/03/2014 03:45:00,0.01
27/03/2014 04:00:00,0.01
27/03/2014 04:15:00,0.01
27/03/2014 04:30:00,0.01
27/03/2014 04:45:00,0.01
27/03/2014 05:00:00,0.01
27/03/2014 05:15:00,0.01
27/03/2014 05:30:00,0.00906666666667
27/03/2014 05:45:00,0.00913333333333
27/03/2014 06:00:00,0.00946666666667
27/03/2014 06:15:00,0.00913333333333
27/03/2014 06:30:00,0.01
27/03/2014 06:45:00,0.01
27/03/2014 07:00:00,0.01
27/03/2014 07:15:00,0.01
27/03/2014 07:30:00,0.01
27/03/2014 07:45:00,0.01
27/03/2014 08:00:00,0.00933333333333
27/03/2014 08:15:00,0.00906666666667
27/03/2014 08:30:00,0.0092
27/03/2014 08:45:00,0.009
27/03/2014 09:00:00,0.00973333333333
27/03/2014 09:15:00,0.01
27/03/2014 09:30:00,0.00986666666667
27/03/2014 09:45:00,0.00966666666667
27/03/2014 10:00:00,0.0094
27/03/2014 10:15:00,0.00926666666667
27/03/2014 10:30:00,0.00986666666667
27/03/2014 10:45:00,0.009
27/03/2014 11:00:00,0.009
27/03/2014 11:15:00,0.009
27/03/2014 11:30:00,0.00926666666667
27/03/2014 11:45:00,0.00946666666667
27/03/2014 12:00:00,0.00966666666667
27/03/2014 12:15:00,0.00953333333333
27/03/2014 12:30:00,0.01
27/03/2014 12:45:00,0.01
27/03/2014 13:00:00,0.01
27/03/2014 13:15:00,0.00913333333333
27/03/2014 13:30:00,0.009
27/03/2014 13:45:00,0.009
27/03/2014 14:00:00,0.009
27/03/2014 14:15:00,0.00986666666667
27/03/2014 14:30:00,0.01
27/03/2014 14:45:00,0.01
27/03/2014 15:00:00,0.01
27/03/2014 15:15:00,0.01
27/03/2014 15:30:00,0.01
27/03/2014 15:45:00,0.01
27/03/2014 16:00:00,0.00973333333333
27/03/2014 16:15:00,0.00966666666667
27/03/2014 16:30:00,0.00913333333333
27/03/2014 16:45:00,0.00946666666667
27/03/2014 17:00:00,0.00953333333333
27/03/2014 17:15:00,0.0096
27/03/2014 17:30:00,0.01
27/03/2014 17:45:00,0.01
27/03/2014 18:00:00,0.01
27/03/2014 18:15:00,0.01
27/03/2014 18:30:00,0.01
27/03/2014 18:45:00,0.0096
27/03/2014 19:00:00,0.009
27/03/2014 19:15:00,0.009
27/03/2014 19:30:00,0.009
27/03/2014 19:45:00,0.009
27/03/2014 20:00:00,0.009
27/03/2014 20:15:00,0.009
27/03/2014 20:30:00,0.00913333333333
27/03/2014 20:45:00,0.00973333333333
27/03/2014 21:00:00,0.01
27/03/2014 21:15:00,0.237
27/03/2014 21:30:00,0.0322666666667
27/03/2014 21:45:00,0.01
27/03/2014 22:00:00,0.01
27/03/2014 22:15:00,0.01
27/03/2014 22:30:00,0.210733333333
27/03/2014 22:45:00,0.01
27/03/2014 23:00:00,0.01
27/03/2014 23:15:00,0.01
27/03/2014 23:30:00,0.01
27/03/2014 23:45:00,0.01
28/03/2014 00:00:00,0.01
28/03/2014 00:15:00,0.01
28/03/2014 00:30:00,0.01
28/03/2014 00:45:00,0.01
28/03/2014 01:00:00,0.0101333333333
28/03/2014 01:15:00,0.01
28/03/2014 01:30:00,0.01
28/03/2014 01:45:00,0.01
28/03/2014 02:00:00,0.01
28/03/2014 02:15:00,0.01
28/03/2014 02:30:00,0.01
28/03/2014 02:45:00,0.01
28/03/2014 03:00:00,0.01
28/03/2014 03:15:00,0.01
28/03/2014 03:30:00,0.01
28/03/2014 03:45:00,0.01
28/03/2014 04:00:00,0.01
28/03/2014 04:15:00,0.01
28/03/2014 04:30:00,0.01
28/03/2014 04:45:00,0.01
28/03/2014 05:00:00,0.01
28/03/2014 05:15:00,0.01
28/03/2014 05:30:00,0.01
28/03/2014 05:45:00,0.01
28/03/2014 06:00:00,0.01
28/03/2014 06:15:00,0.01
28/03/2014 06:30:00,0.01
28/03/2014 06:45:00,0.01
28/03/2014 07:00:00,0.01
28/03/2014 07:15:00,0.01
28/03/2014 07:30:00,0.01
28/03/2014 07:45:00,0.01
28/03/2014 08:00:00,0.01
28/03/2014 08:15:00,0.01
28/03/2014 08:30:00,0.01
28/03/2014 08:45:00,0.01
28/03/2014 09:00:00,0.01
28/03/2014 09:15:00,0.01
28/03/2014 09:30:00,0.01
28/03/2014 09:45:00,0.01
28/03/2014 10:00:00,0.01
28/03/2014 10:15:00,0.01
28/03/2014 10:30:00,0.01
28/03/2014 10:45:00,0.01
28/03/2014 11:00:00,0.01
28/03/2014 11:15:00,0.01
28/03/2014 11:30:00,0.01
28/03/2014 11:45:00,0.01
28/03/2014 12:00:00,0.01
28/03/2014 12:15:00,0.01
28/03/2014 12:30:00,0.01
28/03/2014 12:45:00,0.01
28/03/2014 13:00:00,0.01
28/03/2014 13:15:00,0.01
28/03/2014 13:30:00,0.01
28/03/2014 13:45:00,0.01
28/03/2014 14:00:00,0.01
28/03/2014 14:15:00,0.250733333333
28/03/2014 14:30:00,0.291933333333
28/03/2014 14:45:00,0.166866666667
28/03/2014 15:00:00,0.208066666667
28/03/2014 15:15:00,0.6342
28/03/2014 15:30:00,0.0915333333333
28/03/2014 15:45:00,0.673733333333
28/03/2014 16:00:00,0.672133333333
28/03/2014 16:15:00,0.668866666667
28/03/2014 16:30:00,0.368866666667
28/03/2014 16:45:00,0.418133333333
28/03/2014 17:00:00,0.584733333333
28/03/2014 17:15:00,0.329733333333
28/03/2014 17:30:00,0.675733333333
28/03/2014 17:45:00,0.6754
28/03/2014 18:00:00,0.514
28/03/2014 18:15:00,0.01
28/03/2014 18:30:00,0.01
28/03/2014 18:45:00,0.137533333333
28/03/2014 19:00:00,0.0929333333333
28/03/2014 19:15:00,0.01
28/03/2014 19:30:00,0.01
28/03/2014 19:45:00,0.2428
28/03/2014 20:00:00,0.01
28/03/2014 20:15:00,0.0850666666667
28/03/2014 20:30:00,0.145333333333
28/03/2014 20:45:00,0.01
28/03/2014 21:00:00,0.01
28/03/2014 21:15:00,0.01
28/03/2014 21:30:00,0.01
28/03/2014 21:45:00,0.0100666666667
28/03/2014 22:00:00,0.0101333333333
28/03/2014 22:15:00,0.01
28/03/2014 22:30:00,0.0100666666667
28/03/2014 22:45:00,0.01
28/03/2014 23:00:00,0.01
28/03/2014 23:15:00,0.01
28/03/2014 23:30:00,0.01
28/03/2014 23:45:00,0.01
29/03/2014 00:00:00,0.01
29/03/2014 00:15:00,0.01
29/03/2014 00:30:00,0.01
29/03/2014 00:45:00,0.01
29/03/2014 01:00:00,0.01
29/03/2014 01:15:00,0.01
29/03/2014 01:30:00,0.01
29/03/2014 01:45:00,0.01
29/03/2014 02:00:00,0.01
29/03/2014 02:15:00,0.01
29/03/2014 02:30:00,0.01
29/03/2014 02:45:00,0.01
29/03/2014 03:00:00,0.01
29/03/2014 03:15:00,0.01
29/03/2014 03:30:00,0.01
29/03/2014 03:45:00,0.01
29/03/2014 04:00:00,0.01
29/03/2014 04:15:00,0.01
29/03/2014 04:30:00,0.01
29/03/2014 04:45:00,0.01
29/03/2014 05:00:00,0.01
29/03/2014 05:15:00,0.01
29/03/2014 05:30:00,0.01
29/03/2014 05:45:00,0.01
29/03/2014 06:00:00,0.01
29/03/2014 06:15:00,0.01
29/03/2014 06:30:00,0.01
29/03/2014 06:45:00,0.01
29/03/2014 07:00:00,0.01
29/03/2014 07:15:00,0.01
29/03/2014 07:30:00,0.01
29/03/2014 07:45:00,0.01
29/03/2014 08:00:00,0.01
29/03/2014 08:15:00,0.01
29/03/2014 08:30:00,0.01
29/03/2014 08:45:00,0.01
29/03/2014 09:00:00,0.01
29/03/2014 09:15:00,0.01
29/03/2014 09:30:00,0.0101333333333
29/03/2014 09:45:00,0.01
29/03/2014 10:00:00,0.01
29/03/2014 10:15:00,0.01
29/03/2014 10:30:00,0.01
29/03/2014 10:45:00,0.01
29/03/2014 11:00:00,0.01
29/03/2014 11:15:00,0.01
29/03/2014 11:30:00,0.01
29/03/2014 11:45:00,0.01
29/03/2014 12:00:00,0.01
29/03/2014 12:15:00,0.01
29/03/2014 12:30:00,0.01
29/03/2014 12:45:00,0.01
29/03/2014 13:00:00,0.01
29/03/2014 13:15:00,0.01
29/03/2014 13:30:00,0.01
29/03/2014 13:45:00,0.01
29/03/2014 14:00:00,0.01
29/03/2014 14:15:00,0.01
29/03/2014 14:30:00,0.01
29/03/2014 14:45:00,0.01
29/03/2014 15:00:00,0.01
29/03/2014 15:15:00,0.01
29/03/2014 15:30:00,0.01
29/03/2014 15:45:00,0.01
29/03/2014 16:00:00,0.01
29/03/2014 16:15:00,0.450333333333
29/03/2014 16:30:00,0.416066666667
29/03/2014 16:45:00,0.254266666667
29/03/2014 17:00:00,0.462266666667
29/03/2014 17:15:00,0.691333333333
29/03/2014 17:30:00,0.691133333333
29/03/2014 17:45:00,0.690666666667
29/03/2014 18:00:00,0.362733333333
29/03/2014 18:15:00,0.01
29/03/2014 18:30:00,0.01
29/03/2014 18:45:00,0.01
29/03/2014 19:00:00,0.01
29/03/2014 19:15:00,0.01
29/03/2014 19:30:00,0.01
29/03/2014 19:45:00,0.0100666666667
29/03/2014 20:00:00,0.01
29/03/2014 20:15:00,0.0105333333333
29/03/2014 20:30:00,0.0100666666667
29/03/2014 20:45:00,0.0105333333333
29/03/2014 21:00:00,0.0108666666667
29/03/2014 21:15:00,0.0105333333333
29/03/2014 21:30:00,0.0100666666667
29/03/2014 21:45:00,0.0102666666667
29/03/2014 22:00:00,0.0100666666667
29/03/2014 22:15:00,0.01
29/03/2014 22:30:00,0.01
29/03/2014 22:45:00,0.01
29/03/2014 23:00:00,0.01
29/03/2014 23:15:00,0.01
29/03/2014 23:30:00,0.01
29/03/2014 23:45:00,0.01
30/03/2014 00:00:00,0.01
30/03/2014 00:15:00,0.01
30/03/2014 00:30:00,0.01
30/03/2014 00:45:00,0.01
30/03/2014 01:00:00,0.01
30/03/2014 01:15:00,0.01
30/03/2014 01:30:00,0.01
30/03/2014 01:45:00,0.01
30/03/2014 02:00:00,0.01
30/03/2014 02:15:00,0.01
30/03/2014 02:30:00,0.01
30/03/2014 02:45:00,0.01
30/03/2014 03:00:00,0.01
30/03/2014 03:15:00,0.01
30/03/2014 03:30:00,0.01
30/03/2014 03:45:00,0.01
30/03/2014 04:00:00,0.01
30/03/2014 04:15:00,0.01
30/03/2014 04:30:00,0.01
30/03/2014 04:45:00,0.01
30/03/2014 05:00:00,0.01
30/03/2014 05:15:00,0.01
30/03/2014 05:30:00,0.01
30/03/2014 05:45:00,0.01
30/03/2014 06:00:00,0.01
30/03/2014 06:15:00,0.01
30/03/2014 06:30:00,0.01
30/03/2014 06:45:00,0.01
30/03/2014 07:00:00,0.01
30/03/2014 07:15:00,0.0100666666667
30/03/2014 07:30:00,0.0104666666667
30/03/2014 07:45:00,0.01
30/03/2014 08:00:00,0.01
30/03/2014 08:15:00,0.01
30/03/2014 08:30:00,0.01
30/03/2014 08:45:00,0.01
30/03/2014 09:00:00,0.01
30/03/2014 09:15:00,0.01
30/03/2014 09:30:00,0.01
30/03/2014 09:45:00,0.01
30/03/2014 10:00:00,0.01
30/03/2014 10:15:00,0.01
30/03/2014 10:30:00,0.01
30/03/2014 10:45:00,0.01
30/03/2014 11:00:00,0.01
30/03/2014 11:15:00,0.01
30/03/2014 11:30:00,0.01
30/03/2014 11:45:00,0.01
30/03/2014 12:00:00,0.01
30/03/2014 12:15:00,0.01
30/03/2014 12:30:00,0.01
30/03/2014 12:45:00,0.01
30/03/2014 13:00:00,0.01
30/03/2014 13:15:00,0.01
30/03/2014 13:30:00,0.01
30/03/2014 13:45:00,0.01
30/03/2014 14:00:00,0.01
30/03/2014 14:15:00,0.01
30/03/2014 14:30:00,0.01
30/03/2014 14:45:00,0.01
30/03/2014 15:00:00,0.01
30/03/2014 15:15:00,0.01
30/03/2014 15:30:00,0.01
30/03/2014 15:45:00,0.01
30/03/2014 16:00:00,0.01
30/03/2014 16:15:00,0.2654
30/03/2014 16:30:00,0.3768
30/03/2014 16:45:00,0.202
30/03/2014 17:00:00,0.487533333333
30/03/2014 17:15:00,0.369266666667
30/03/2014 17:30:00,0.6896
30/03/2014 17:45:00,0.689533333333
30/03/2014 18:00:00,0.421533333333
30/03/2014 18:15:00,0.325866666667
30/03/2014 18:30:00,0.01
30/03/2014 18:45:00,0.01
30/03/2014 19:00:00,0.00913333333333
30/03/2014 19:15:00,0.00966666666667
30/03/2014 19:30:00,0.00946666666667
30/03/2014 19:45:00,0.01
30/03/2014 20:00:00,0.01
30/03/2014 20:15:00,0.01
30/03/2014 20:30:00,0.01
30/03/2014 20:45:00,0.0106
30/03/2014 21:00:00,0.0102
30/03/2014 21:15:00,0.011
30/03/2014 21:30:00,0.0101333333333
30/03/2014 21:45:00,0.01
30/03/2014 22:00:00,0.01
30/03/2014 22:15:00,0.01
30/03/2014 22:30:00,0.01
30/03/2014 22:45:00,0.01
30/03/2014 23:00:00,0.01
30/03/2014 23:15:00,0.01
30/03/2014 23:30:00,0.01
30/03/2014 23:45:00,0.01
31/03/2014 00:00:00,0.01
31/03/2014 00:15:00,0.01
31/03/2014 00:30:00,0.01
31/03/2014 00:45:00,0.01
31/03/2014 01:00:00,0.01
31/03/2014 01:15:00,0.01
31/03/2014 01:30:00,0.01
31/03/2014 01:45:00,0.01
31/03/2014 02:00:00,0.01
31/03/2014 02:15:00,0.01
31/03/2014 02:30:00,0.01
31/03/2014 02:45:00,0.01
31/03/2014 03:00:00,0.01
31/03/2014 03:15:00,0.01
31/03/2014 03:30:00,0.01
31/03/2014 03:45:00,0.01
31/03/2014 04:00:00,0.01
31/03/2014 04:15:00,0.0102666666667
31/03/2014 04:30:00,0.01
31/03/2014 04:45:00,0.0100666666667
31/03/2014 05:00:00,0.01
31/03/2014 05:15:00,0.01
31/03/2014 05:30:00,0.01
31/03/2014 05:45:00,0.01
31/03/2014 06:00:00,0.01
31/03/2014 06:15:00,0.01
31/03/2014 06:30:00,0.01
31/03/2014 06:45:00,0.01
31/03/2014 07:00:00,0.0100666666667
31/03/2014 07:15:00,0.01
31/03/2014 07:30:00,0.01
31/03/2014 07:45:00,0.01
31/03/2014 08:00:00,0.01
31/03/2014 08:15:00,0.01
31/03/2014 08:30:00,0.01
31/03/2014 08:45:00,0.01
31/03/2014 09:00:00,0.01
31/03/2014 09:15:00,0.01
31/03/2014 09:30:00,0.01
31/03/2014 09:45:00,0.01
31/03/2014 10:00:00,0.00953333333333
31/03/2014 10:15:00,0.01
31/03/2014 10:30:00,0.01
31/03/2014 10:45:00,0.01
31/03/2014 11:00:00,0.01
31/03/2014 11:15:00,0.01
31/03/2014 11:30:00,0.01
31/03/2014 11:45:00,0.01
31/03/2014 12:00:00,0.01
31/03/2014 12:15:00,0.01
31/03/2014 12:30:00,0.0102666666667
31/03/2014 12:45:00,0.0102666666667
31/03/2014 13:00:00,0.01
31/03/2014 13:15:00,0.0102
31/03/2014 13:30:00,0.01
31/03/2014 13:45:00,0.0100666666667
31/03/2014 14:00:00,0.01
31/03/2014 14:15:00,0.01
31/03/2014 14:30:00,0.01
31/03/2014 14:45:00,0.01
31/03/2014 15:00:00,0.01
31/03/2014 15:15:00,0.01
31/03/2014 15:30:00,0.0924
31/03/2014 15:45:00,0.1566
31/03/2014 16:00:00,0.338
31/03/2014 16:15:00,0.388333333333
31/03/2014 16:30:00,0.227666666667
31/03/2014 16:45:00,0.461666666667
31/03/2014 17:00:00,0.411666666667
31/03/2014 17:15:00,0.4724
31/03/2014 17:30:00,0.5918
31/03/2014 17:45:00,0.6872
31/03/2014 18:00:00,0.687466666667
31/03/2014 18:15:00,0.581466666667
31/03/2014 18:30:00,0.559
31/03/2014 18:45:00,0.2234
31/03/2014 19:00:00,0.331533333333
31/03/2014 19:15:00,0.01
31/03/2014 19:30:00,0.01
31/03/2014 19:45:00,0.01
31/03/2014 20:00:00,0.01
31/03/2014 20:15:00,0.01
31/03/2014 20:30:00,0.01
31/03/2014 20:45:00,0.01
31/03/2014 21:00:00,0.0104666666667
31/03/2014 21:15:00,0.011
31/03/2014 21:30:00,0.3498
31/03/2014 21:45:00,0.128933333333
31/03/2014 22:00:00,0.2802
31/03/2014 22:15:00,0.260333333333
31/03/2014 22:30:00,0.0353333333333
31/03/2014 22:45:00,0.2942
31/03/2014 23:00:00,0.137933333333
31/03/2014 23:15:00,0.126466666667
31/03/2014 23:30:00,0.254133333333
31/03/2014 23:45:00,0.01
01/04/2014 00:00:00,0.224933333333
01/04/2014 00:15:00,0.01
01/04/2014 00:30:00,0.01
01/04/2014 00:45:00,0.0658666666667
01/04/2014 01:00:00,0.1774
01/04/2014 01:15:00,0.01
01/04/2014 01:30:00,0.01
01/04/2014 01:45:00,0.01
01/04/2014 02:00:00,0.01
01/04/2014 02:15:00,0.01
01/04/2014 02:30:00,0.01
01/04/2014 02:45:00,0.01
01/04/2014 03:00:00,0.01
01/04/2014 03:15:00,0.01
01/04/2014 03:30:00,0.01
01/04/2014 03:45:00,0.01
01/04/2014 04:00:00,0.01
01/04/2014 04:15:00,0.01
01/04/2014 04:30:00,0.01
01/04/2014 04:45:00,0.01
01/04/2014 05:00:00,0.01
01/04/2014 05:15:00,0.01
01/04/2014 05:30:00,0.01
01/04/2014 05:45:00,0.01
01/04/2014 06:00:00,0.01
01/04/2014 06:15:00,0.01
01/04/2014 06:30:00,0.01
01/04/2014 06:45:00,0.01
01/04/2014 07:00:00,0.01
01/04/2014 07:15:00,0.0101333333333
01/04/2014 07:30:00,0.01
01/04/2014 07:45:00,0.01
01/04/2014 08:00:00,0.01
01/04/2014 08:15:00,0.01
01/04/2014 08:30:00,0.01
01/04/2014 08:45:00,0.01
01/04/2014 09:00:00,0.01
01/04/2014 09:15:00,0.01
01/04/2014 09:30:00,0.01
01/04/2014 09:45:00,0.01
01/04/2014 10:00:00,0.01
01/04/2014 10:15:00,0.01
01/04/2014 10:30:00,0.01
01/04/2014 10:45:00,0.01
01/04/2014 11:00:00,0.01
01/04/2014 11:15:00,0.01
01/04/2014 11:30:00,0.0100666666667
01/04/2014 11:45:00,0.0102666666667
01/04/2014 12:00:00,0.0101333333333
01/04/2014 12:15:00,0.0102
01/04/2014 12:30:00,0.01
01/04/2014 12:45:00,0.01
01/04/2014 13:00:00,0.01
01/04/2014 13:15:00,0.01
01/04/2014 13:30:00,0.236266666667
01/04/2014 13:45:00,0.1314
01/04/2014 14:00:00,0.313666666667
01/04/2014 14:15:00,0.324133333333
01/04/2014 14:30:00,0.551733333333
01/04/2014 14:45:00,0.01
01/04/2014 15:00:00,0.6824
01/04/2014 15:15:00,0.6852
01/04/2014 15:30:00,0.681933333333
01/04/2014 15:45:00,0.682333333333
01/04/2014 16:00:00,0.683333333333
01/04/2014 16:15:00,0.682
01/04/2014 16:30:00,0.679666666667
01/04/2014 16:45:00,0.457133333333
01/04/2014 17:00:00,0.215866666667
01/04/2014 17:15:00,0.600533333333
01/04/2014 17:30:00,0.2782
01/04/2014 17:45:00,0.312733333333
01/04/2014 18:00:00,0.5264
01/04/2014 18:15:00,0.0848666666667
01/04/2014 18:30:00,0.452
01/04/2014 18:45:00,0.309733333333
01/04/2014 19:00:00,0.0860666666667
01/04/2014 19:15:00,0.0699333333333
01/04/2014 19:30:00,0.172133333333
01/04/2014 19:45:00,0.01
01/04/2014 20:00:00,0.01
01/04/2014 20:15:00,0.01
01/04/2014 20:30:00,0.01
01/04/2014 20:45:00,0.01
01/04/2014 21:00:00,0.01
01/04/2014 21:15:00,0.01
01/04/2014 21:30:00,0.3056
01/04/2014 21:45:00,0.277066666667
01/04/2014 22:00:00,0.0218666666667
01/04/2014 22:15:00,0.280066666667
01/04/2014 22:30:00,0.273
01/04/2014 22:45:00,0.0590666666667
01/04/2014 23:00:00,0.256
01/04/2014 23:15:00,0.259666666667
01/04/2014 23:30:00,0.0969333333333
01/04/2014 23:45:00,0.173066666667
02/04/2014 00:00:00,0.261
02/04/2014 00:15:00,0.180333333333
02/04/2014 00:30:00,0.0910666666667
02/04/2014 00:45:00,0.255666666667
02/04/2014 01:00:00,0.01
02/04/2014 01:15:00,0.259533333333
02/04/2014 01:30:00,0.01
02/04/2014 01:45:00,0.248333333333
02/04/2014 02:00:00,0.01
02/04/2014 02:15:00,0.233333333333
02/04/2014 02:30:00,0.0102666666667
02/04/2014 02:45:00,0.01
02/04/2014 03:00:00,0.215466666667
02/04/2014 03:15:00,0.01
02/04/2014 03:30:00,0.01
02/04/2014 03:45:00,0.01
02/04/2014 04:00:00,0.01
02/04/2014 04:15:00,0.01
02/04/2014 04:30:00,0.01
02/04/2014 04:45:00,0.207933333333
02/04/2014 05:00:00,0.01
02/04/2014 05:15:00,0.01
02/04/2014 05:30:00,0.01
02/04/2014 05:45:00,0.01
02/04/2014 06:00:00,0.202466666667
02/04/2014 06:15:00,0.01
02/04/2014 06:30:00,0.01
02/04/2014 06:45:00,0.01
02/04/2014 07:00:00,0.01
02/04/2014 07:15:00,0.01
02/04/2014 07:30:00,0.01
02/04/2014 07:45:00,0.01
02/04/2014 08:00:00,0.01
02/04/2014 08:15:00,0.01
02/04/2014 08:30:00,0.01
02/04/2014 08:45:00,0.01
02/04/2014 09:00:00,0.01
02/04/2014 09:15:00,0.01
02/04/2014 09:30:00,0.01
02/04/2014 09:45:00,0.01
02/04/2014 10:00:00,0.01
02/04/2014 10:15:00,0.01
02/04/2014 10:30:00,0.01
02/04/2014 10:45:00,0.01
02/04/2014 11:00:00,0.01
02/04/2014 11:15:00,0.01
02/04/2014 11:30:00,0.01
02/04/2014 11:45:00,0.01
02/04/2014 12:00:00,0.01
02/04/2014 12:15:00,0.01
02/04/2014 12:30:00,0.01
02/04/2014 12:45:00,0.103066666667
02/04/2014 13:00:00,0.296466666667
02/04/2014 13:15:00,0.273
02/04/2014 13:30:00,0.01
02/04/2014 13:45:00,0.276
02/04/2014 14:00:00,0.268866666667
02/04/2014 14:15:00,0.0696
02/04/2014 14:30:00,0.237666666667
02/04/2014 14:45:00,0.258866666667
02/04/2014 15:00:00,0.128866666667
02/04/2014 15:15:00,0.139533333333
02/04/2014 15:30:00,0.2596
02/04/2014 15:45:00,0.0101333333333
02/04/2014 16:00:00,0.256666666667
02/04/2014 16:15:00,0.104066666667
02/04/2014 16:30:00,0.1482
02/04/2014 16:45:00,0.238333333333
02/04/2014 17:00:00,0.01
02/04/2014 17:15:00,0.241733333333
02/04/2014 17:30:00,0.327133333333
02/04/2014 17:45:00,0.306133333333
02/04/2014 18:00:00,0.686266666667
02/04/2014 18:15:00,0.4986
02/04/2014 18:30:00,0.368066666667
02/04/2014 18:45:00,0.0100666666667
02/04/2014 19:00:00,0.01
02/04/2014 19:15:00,0.01
02/04/2014 19:30:00,0.01
02/04/2014 19:45:00,0.01
02/04/2014 20:00:00,0.01
02/04/2014 20:15:00,0.01
02/04/2014 20:30:00,0.01
02/04/2014 20:45:00,0.2504
02/04/2014 21:00:00,0.01
02/04/2014 21:15:00,0.44
02/04/2014 21:30:00,0.0562
02/04/2014 21:45:00,0.349133333333
02/04/2014 22:00:00,0.315333333333
02/04/2014 22:15:00,0.178133333333
02/04/2014 22:30:00,0.203666666667
02/04/2014 22:45:00,0.342533333333
02/04/2014 23:00:00,0.288666666667
02/04/2014 23:15:00,0.076
02/04/2014 23:30:00,0.2392
02/04/2014 23:45:00,0.2954
03/04/2014 00:00:00,0.289733333333
03/04/2014 00:15:00,0.0197333333333
03/04/2014 00:30:00,0.2998
03/04/2014 00:45:00,0.263866666667
03/04/2014 01:00:00,0.0500666666667
03/04/2014 01:15:00,0.2454
03/04/2014 01:30:00,0.01
03/04/2014 01:45:00,0.268533333333
03/04/2014 02:00:00,0.01
03/04/2014 02:15:00,0.252866666667
03/04/2014 02:30:00,0.01
03/04/2014 02:45:00,0.229066666667
03/04/2014 03:00:00,0.01
03/04/2014 03:15:00,0.01
03/04/2014 03:30:00,0.214266666667
03/04/2014 03:45:00,0.01
03/04/2014 04:00:00,0.01
03/04/2014 04:15:00,0.01
03/04/2014 04:30:00,0.1346
03/04/2014 04:45:00,0.0874
03/04/2014 05:00:00,0.01
03/04/2014 05:15:00,0.01
03/04/2014 05:30:00,0.206266666667
03/04/2014 05:45:00,0.01
03/04/2014 06:00:00,0.01
03/04/2014 06:15:00,0.208266666667
03/04/2014 06:30:00,0.01
03/04/2014 06:45:00,0.01
03/04/2014 07:00:00,0.00993333333333
03/04/2014 07:15:00,0.01
03/04/2014 07:30:00,0.01
03/04/2014 07:45:00,0.01
03/04/2014 08:00:00,0.01
03/04/2014 08:15:00,0.01
03/04/2014 08:30:00,0.01
03/04/2014 08:45:00,0.01
03/04/2014 09:00:00,0.01
03/04/2014 09:15:00,0.01
03/04/2014 09:30:00,0.01
03/04/2014 09:45:00,0.01
03/04/2014 10:00:00,0.01
03/04/2014 10:15:00,0.01
03/04/2014 10:30:00,0.01
03/04/2014 10:45:00,0.01
03/04/2014 11:00:00,0.0583333333333
03/04/2014 11:15:00,0.1744
03/04/2014 11:30:00,0.01
03/04/2014 11:45:00,0.2288
03/04/2014 12:00:00,0.1422
03/04/2014 12:15:00,0.293333333333
03/04/2014 12:30:00,0.355333333333
03/04/2014 12:45:00,0.228133333333
03/04/2014 13:00:00,0.172466666667
03/04/2014 13:15:00,0.391
03/04/2014 13:30:00,0.410733333333
03/04/2014 13:45:00,0.165866666667
03/04/2014 14:00:00,0.263066666667
03/04/2014 14:15:00,0.440933333333
03/04/2014 14:30:00,0.308066666667
03/04/2014 14:45:00,0.172066666667
03/04/2014 15:00:00,0.4396
03/04/2014 15:15:00,0.381
03/04/2014 15:30:00,0.113866666667
03/04/2014 15:45:00,0.276533333333
03/04/2014 16:00:00,0.3836
03/04/2014 16:15:00,0.257866666667
03/04/2014 16:30:00,0.1324
03/04/2014 16:45:00,0.388733333333
03/04/2014 17:00:00,0.475666666667
03/04/2014 17:15:00,0.119933333333
03/04/2014 17:30:00,0.01
03/04/2014 17:45:00,0.272866666667
03/04/2014 18:00:00,0.160066666667
03/04/2014 18:15:00,0.1634
03/04/2014 18:30:00,0.348333333333
03/04/2014 18:45:00,0.186466666667
03/04/2014 19:00:00,0.113933333333
03/04/2014 19:15:00,0.254133333333
03/04/2014 19:30:00,0.01
03/04/2014 19:45:00,0.215466666667
03/04/2014 20:00:00,0.01
03/04/2014 20:15:00,0.01
03/04/2014 20:30:00,0.01
03/04/2014 20:45:00,0.01
03/04/2014 21:00:00,0.01
03/04/2014 21:15:00,0.451666666667
03/04/2014 21:30:00,0.513466666667
03/04/2014 21:45:00,0.139466666667
03/04/2014 22:00:00,0.3334
03/04/2014 22:15:00,0.467666666667
03/04/2014 22:30:00,0.207933333333
03/04/2014 22:45:00,0.3006
03/04/2014 23:00:00,0.437733333333
03/04/2014 23:15:00,0.262533333333
03/04/2014 23:30:00,0.122933333333
03/04/2014 23:45:00,0.373266666667
04/04/2014 00:00:00,0.307866666667
04/04/2014 00:15:00,0.01
04/04/2014 00:30:00,0.2946
04/04/2014 00:45:00,0.2426
04/04/2014 01:00:00,0.0247333333333
04/04/2014 01:15:00,0.236266666667
04/04/2014 01:30:00,0.01
04/04/2014 01:45:00,0.254533333333
04/04/2014 02:00:00,0.0100666666667
04/04/2014 02:15:00,0.145333333333
04/04/2014 02:30:00,0.1008
04/04/2014 02:45:00,0.01
04/04/2014 03:00:00,0.219466666667
04/04/2014 03:15:00,0.01
04/04/2014 03:30:00,0.01
04/04/2014 03:45:00,0.01
04/04/2014 04:00:00,0.01
04/04/2014 04:15:00,0.01
04/04/2014 04:30:00,0.01
04/04/2014 04:45:00,0.01
04/04/2014 05:00:00,0.01
04/04/2014 05:15:00,0.01
04/04/2014 05:30:00,0.01
04/04/2014 05:45:00,0.01
04/04/2014 06:00:00,0.01
04/04/2014 06:15:00,0.01
04/04/2014 06:30:00,0.01
04/04/2014 06:45:00,0.01
04/04/2014 07:00:00,0.01
04/04/2014 07:15:00,0.01
04/04/2014 07:30:00,0.01
04/04/2014 07:45:00,0.01
04/04/2014 08:00:00,0.01
04/04/2014 08:15:00,0.01
04/04/2014 08:30:00,0.01
04/04/2014 08:45:00,0.01
04/04/2014 09:00:00,0.01
04/04/2014 09:15:00,0.01
04/04/2014 09:30:00,0.01
04/04/2014 09:45:00,0.00966666666667
04/04/2014 10:00:00,0.0098
04/04/2014 10:15:00,0.01
04/04/2014 10:30:00,0.01
04/04/2014 10:45:00,0.01
04/04/2014 11:00:00,0.01
04/04/2014 11:15:00,0.01
04/04/2014 11:30:00,0.01
04/04/2014 11:45:00,0.01
04/04/2014 12:00:00,0.01
04/04/2014 12:15:00,0.01
04/04/2014 12:30:00,0.01
04/04/2014 12:45:00,0.01
04/04/2014 13:00:00,0.01
04/04/2014 13:15:00,0.01
04/04/2014 13:30:00,0.01
04/04/2014 13:45:00,0.01
04/04/2014 14:00:00,0.01
04/04/2014 14:15:00,0.01
04/04/2014 14:30:00,0.01
04/04/2014 14:45:00,0.01
04/04/2014 15:00:00,0.00946666666667
04/04/2014 15:15:00,0.00953333333333
04/04/2014 15:30:00,0.01
04/04/2014 15:45:00,0.01
04/04/2014 16:00:00,0.01
04/04/2014 16:15:00,0.254
04/04/2014 16:30:00,0.0378666666667
04/04/2014 16:45:00,0.264066666667
04/04/2014 17:00:00,0.01
04/04/2014 17:15:00,0.01
04/04/2014 17:30:00,0.01
04/04/2014 17:45:00,0.01
04/04/2014 18:00:00,0.00933333333333
04/04/2014 18:15:00,0.01
04/04/2014 18:30:00,0.00993333333333
04/04/2014 18:45:00,0.01
04/04/2014 19:00:00,0.01
04/04/2014 19:15:00,0.01
04/04/2014 19:30:00,0.01
04/04/2014 19:45:00,0.01
04/04/2014 20:00:00,0.01
04/04/2014 20:15:00,0.01
04/04/2014 20:30:00,0.01
04/04/2014 20:45:00,0.01
04/04/2014 21:00:00,0.01
04/04/2014 21:15:00,0.01
04/04/2014 21:30:00,0.01
04/04/2014 21:45:00,0.01
04/04/2014 22:00:00,0.190933333333
04/04/2014 22:15:00,0.029
04/04/2014 22:30:00,0.01
04/04/2014 22:45:00,0.01
04/04/2014 23:00:00,0.01
04/04/2014 23:15:00,0.01
04/04/2014 23:30:00,0.01
04/04/2014 23:45:00,0.01
05/04/2014 00:00:00,0.01
05/04/2014 00:15:00,0.01
05/04/2014 00:30:00,0.01
05/04/2014 00:45:00,0.01
05/04/2014 01:00:00,0.01
05/04/2014 01:15:00,0.01
05/04/2014 01:30:00,0.01
05/04/2014 01:45:00,0.01
05/04/2014 02:00:00,0.01
05/04/2014 02:15:00,0.01
05/04/2014 02:30:00,0.01
05/04/2014 02:45:00,0.01
05/04/2014 03:00:00,0.01
05/04/2014 03:15:00,0.01
05/04/2014 03:30:00,0.01
05/04/2014 03:45:00,0.01
05/04/2014 04:00:00,0.01
05/04/2014 04:15:00,0.01
05/04/2014 04:30:00,0.01
05/04/2014 04:45:00,0.01
05/04/2014 05:00:00,0.01
05/04/2014 05:15:00,0.01
05/04/2014 05:30:00,0.01
05/04/2014 05:45:00,0.01
05/04/2014 06:00:00,0.01
05/04/2014 06:15:00,0.01
05/04/2014 06:30:00,0.01
05/04/2014 06:45:00,0.01
05/04/2014 07:00:00,0.01
05/04/2014 07:15:00,0.01
05/04/2014 07:30:00,0.01
05/04/2014 07:45:00,0.01
05/04/2014 08:00:00,0.01
05/04/2014 08:15:00,0.01
05/04/2014 08:30:00,0.01
05/04/2014 08:45:00,0.01
05/04/2014 09:00:00,0.01
05/04/2014 09:15:00,0.01
05/04/2014 09:30:00,0.01
05/04/2014 09:45:00,0.01
05/04/2014 10:00:00,0.01
05/04/2014 10:15:00,0.01
05/04/2014 10:30:00,0.01
05/04/2014 10:45:00,0.01
05/04/2014 11:00:00,0.01
05/04/2014 11:15:00,0.01
05/04/2014 11:30:00,0.01
05/04/2014 11:45:00,0.01
05/04/2014 12:00:00,0.01
05/04/2014 12:15:00,0.01
05/04/2014 12:30:00,0.01
05/04/2014 12:45:00,0.01
05/04/2014 13:00:00,0.01
05/04/2014 13:15:00,0.01
05/04/2014 13:30:00,0.01
05/04/2014 13:45:00,0.01
05/04/2014 14:00:00,0.01
05/04/2014 14:15:00,0.01
05/04/2014 14:30:00,0.01
05/04/2014 14:45:00,0.01
05/04/2014 15:00:00,0.01
05/04/2014 15:15:00,0.01
05/04/2014 15:30:00,0.01
05/04/2014 15:45:00,0.01
05/04/2014 16:00:00,0.01
05/04/2014 16:15:00,0.01
05/04/2014 16:30:00,0.01
05/04/2014 16:45:00,0.01
05/04/2014 17:00:00,0.01
05/04/2014 17:15:00,0.01
05/04/2014 17:30:00,0.01
05/04/2014 17:45:00,0.01
05/04/2014 18:00:00,0.01
05/04/2014 18:15:00,0.01
05/04/2014 18:30:00,0.01
05/04/2014 18:45:00,0.01
05/04/2014 19:00:00,0.01
05/04/2014 19:15:00,0.01
05/04/2014 19:30:00,0.01
05/04/2014 19:45:00,0.01
05/04/2014 20:00:00,0.01
05/04/2014 20:15:00,0.01
05/04/2014 20:30:00,0.01
05/04/2014 20:45:00,0.01
05/04/2014 21:00:00,0.01
05/04/2014 21:15:00,0.01
05/04/2014 21:30:00,0.01
05/04/2014 21:45:00,0.0101333333333
05/04/2014 22:00:00,0.01
05/04/2014 22:15:00,0.0103333333333
05/04/2014 22:30:00,0.011
05/04/2014 22:45:00,0.011
05/04/2014 23:00:00,0.0100666666667
05/04/2014 23:15:00,0.01
05/04/2014 23:30:00,0.01
05/04/2014 23:45:00,0.01
06/04/2014 00:00:00,0.01
06/04/2014 00:15:00,0.01
06/04/2014 00:30:00,0.01
06/04/2014 00:45:00,0.01
06/04/2014 01:00:00,0.01
06/04/2014 01:15:00,0.01
06/04/2014 01:30:00,0.01
06/04/2014 01:45:00,0.01
06/04/2014 02:00:00,0.01
06/04/2014 02:15:00,0.01
06/04/2014 02:30:00,0.01
06/04/2014 02:45:00,0.01
06/04/2014 03:00:00,0.01
06/04/2014 03:15:00,0.01
06/04/2014 03:30:00,0.01
06/04/2014 03:45:00,0.01
06/04/2014 04:00:00,0.01
06/04/2014 04:15:00,0.01
06/04/2014 04:30:00,0.01
06/04/2014 04:45:00,0.01
06/04/2014 05:00:00,0.01
06/04/2014 05:15:00,0.01
06/04/2014 05:30:00,0.01
06/04/2014 05:45:00,0.01
06/04/2014 06:00:00,0.01
06/04/2014 06:15:00,0.01
06/04/2014 06:30:00,0.1316
06/04/2014 06:45:00,0.0136
06/04/2014 07:00:00,0.009
06/04/2014 07:15:00,0.137266666667
06/04/2014 07:30:00,0.00913333333333
06/04/2014 07:45:00,0.00966666666667
06/04/2014 08:00:00,0.1274
06/04/2014 08:15:00,0.01
06/04/2014 08:30:00,0.126866666667
06/04/2014 08:45:00,0.01
06/04/2014 09:00:00,0.01
06/04/2014 09:15:00,0.126333333333
06/04/2014 09:30:00,0.01
06/04/2014 09:45:00,0.126733333333
06/04/2014 10:00:00,0.00993333333333
06/04/2014 10:15:00,0.00973333333333
06/04/2014 10:30:00,0.126733333333
06/04/2014 10:45:00,0.01
06/04/2014 11:00:00,0.1272
06/04/2014 11:15:00,0.01
06/04/2014 11:30:00,0.01
06/04/2014 11:45:00,0.01
06/04/2014 12:00:00,0.0098
06/04/2014 12:15:00,0.00913333333333
06/04/2014 12:30:00,0.0098
06/04/2014 12:45:00,0.0094
06/04/2014 13:00:00,0.00946666666667
06/04/2014 13:15:00,0.1314
06/04/2014 13:30:00,0.01
06/04/2014 13:45:00,0.1272
06/04/2014 14:00:00,0.01
06/04/2014 14:15:00,0.127
06/04/2014 14:30:00,0.009
06/04/2014 14:45:00,0.1262
06/04/2014 15:00:00,0.00926666666667
06/04/2014 15:15:00,0.126866666667
06/04/2014 15:30:00,0.01
06/04/2014 15:45:00,0.126733333333
06/04/2014 16:00:00,0.01
06/04/2014 16:15:00,0.1268
06/04/2014 16:30:00,0.01
06/04/2014 16:45:00,0.126533333333
06/04/2014 17:00:00,0.00953333333333
06/04/2014 17:15:00,0.126066666667
06/04/2014 17:30:00,0.00966666666667
06/04/2014 17:45:00,0.126133333333
06/04/2014 18:00:00,0.0102
06/04/2014 18:15:00,0.125933333333
06/04/2014 18:30:00,0.014
06/04/2014 18:45:00,0.122266666667
06/04/2014 19:00:00,0.0213333333333
06/04/2014 19:15:00,0.115
06/04/2014 19:30:00,0.0426
06/04/2014 19:45:00,0.0936666666667
06/04/2014 20:00:00,0.218866666667
06/04/2014 20:15:00,0.01
06/04/2014 20:30:00,0.2112
06/04/2014 20:45:00,0.01
06/04/2014 21:00:00,0.01
06/04/2014 21:15:00,0.01
06/04/2014 21:30:00,0.01
06/04/2014 21:45:00,0.224333333333
06/04/2014 22:00:00,0.00993333333333
06/04/2014 22:15:00,0.116666666667
06/04/2014 22:30:00,0.0262
06/04/2014 22:45:00,0.1296
06/04/2014 23:00:00,0.129733333333
06/04/2014 23:15:00,0.127
06/04/2014 23:30:00,0.0420666666667
06/04/2014 23:45:00,0.0976
07/04/2014 00:00:00,0.129666666667
07/04/2014 00:15:00,0.13
07/04/2014 00:30:00,0.1296
07/04/2014 00:45:00,0.0284666666667
07/04/2014 01:00:00,0.111133333333
07/04/2014 01:15:00,0.126733333333
07/04/2014 01:30:00,0.1298
07/04/2014 01:45:00,0.129866666667
07/04/2014 02:00:00,0.0160666666667
07/04/2014 02:15:00,0.124333333333
07/04/2014 02:30:00,0.129733333333
07/04/2014 02:45:00,0.129866666667
07/04/2014 03:00:00,0.126933333333
07/04/2014 03:15:00,0.014
07/04/2014 03:30:00,0.125666666667
07/04/2014 03:45:00,0.129866666667
07/04/2014 04:00:00,0.1304
07/04/2014 04:15:00,0.129666666667
07/04/2014 04:30:00,0.0110666666667
07/04/2014 04:45:00,0.1286
07/04/2014 05:00:00,0.1266
07/04/2014 05:15:00,0.129333333333
07/04/2014 05:30:00,0.121266666667
07/04/2014 05:45:00,0.017
07/04/2014 06:00:00,0.151866666667
07/04/2014 06:15:00,0.350666666667
07/04/2014 06:30:00,0.209133333333
07/04/2014 06:45:00,0.213066666667
07/04/2014 07:00:00,0.00906666666667
07/04/2014 07:15:00,0.151
07/04/2014 07:30:00,0.0838666666667
07/04/2014 07:45:00,0.1952
07/04/2014 08:00:00,0.009
07/04/2014 08:15:00,0.009
07/04/2014 08:30:00,0.222866666667
07/04/2014 08:45:00,0.1302
07/04/2014 09:00:00,0.0947333333333
07/04/2014 09:15:00,0.2064
07/04/2014 09:30:00,0.00953333333333
07/04/2014 09:45:00,0.01
07/04/2014 10:00:00,0.01
07/04/2014 10:15:00,0.00946666666667
07/04/2014 10:30:00,0.009
07/04/2014 10:45:00,0.227266666667
07/04/2014 11:00:00,0.009
07/04/2014 11:15:00,0.0098
07/04/2014 11:30:00,0.01
07/04/2014 11:45:00,0.00993333333333
07/04/2014 12:00:00,0.01
07/04/2014 12:15:00,0.01
07/04/2014 12:30:00,0.01
07/04/2014 12:45:00,0.009
07/04/2014 13:00:00,0.009
07/04/2014 13:15:00,0.009
07/04/2014 13:30:00,0.0092
07/04/2014 13:45:00,0.00986666666667
07/04/2014 14:00:00,0.00986666666667
07/04/2014 14:15:00,0.01
07/04/2014 14:30:00,0.01
07/04/2014 14:45:00,0.01
07/04/2014 15:00:00,0.0098
07/04/2014 15:15:00,0.009
07/04/2014 15:30:00,0.009
07/04/2014 15:45:00,0.009
07/04/2014 16:00:00,0.0092
07/04/2014 16:15:00,0.00946666666667
07/04/2014 16:30:00,0.009
07/04/2014 16:45:00,0.00973333333333
07/04/2014 17:00:00,0.009
07/04/2014 17:15:00,0.0092
07/04/2014 17:30:00,0.00993333333333
07/04/2014 17:45:00,0.009
07/04/2014 18:00:00,0.009
07/04/2014 18:15:00,0.009
07/04/2014 18:30:00,0.009
07/04/2014 18:45:00,0.00973333333333
07/04/2014 19:00:00,0.0092
07/04/2014 19:15:00,0.009
07/04/2014 19:30:00,0.009
07/04/2014 19:45:00,0.0096
07/04/2014 20:00:00,0.00986666666667
07/04/2014 20:15:00,0.0094
07/04/2014 20:30:00,0.009
07/04/2014 20:45:00,0.009
07/04/2014 21:00:00,0.009
07/04/2014 21:15:00,0.0098
07/04/2014 21:30:00,0.01
07/04/2014 21:45:00,0.01
07/04/2014 22:00:00,0.01
07/04/2014 22:15:00,0.01
07/04/2014 22:30:00,0.01
07/04/2014 22:45:00,0.0098
07/04/2014 23:00:00,0.00993333333333
07/04/2014 23:15:00,0.01
07/04/2014 23:30:00,0.01
07/04/2014 23:45:00,0.01
08/04/2014 00:00:00,0.01
08/04/2014 00:15:00,0.01
08/04/2014 00:30:00,0.01
08/04/2014 00:45:00,0.01
08/04/2014 01:00:00,0.01
08/04/2014 01:15:00,0.0098
08/04/2014 01:30:00,0.00906666666667
08/04/2014 01:45:00,0.00933333333333
08/04/2014 02:00:00,0.009
08/04/2014 02:15:00,0.00966666666667
08/04/2014 02:30:00,0.01
08/04/2014 02:45:00,0.01
08/04/2014 03:00:00,0.01
08/04/2014 03:15:00,0.01
08/04/2014 03:30:00,0.01
08/04/2014 03:45:00,0.00973333333333
08/04/2014 04:00:00,0.009
08/04/2014 04:15:00,0.044
08/04/2014 04:30:00,0.1066
08/04/2014 04:45:00,0.137533333333
08/04/2014 05:00:00,0.147266666667
08/04/2014 05:15:00,0.133133333333
08/04/2014 05:30:00,0.132466666667
08/04/2014 05:45:00,0.1326
08/04/2014 06:00:00,0.138666666667
08/04/2014 06:15:00,0.2786
08/04/2014 06:30:00,0.225
08/04/2014 06:45:00,0.210266666667
08/04/2014 07:00:00,0.192666666667
08/04/2014 07:15:00,0.0848666666667
08/04/2014 07:30:00,0.182133333333
08/04/2014 07:45:00,0.135266666667
08/04/2014 08:00:00,0.114466666667
08/04/2014 08:15:00,0.107466666667
08/04/2014 08:30:00,0.128666666667
08/04/2014 08:45:00,0.009
08/04/2014 09:00:00,0.1226
08/04/2014 09:15:00,0.009
08/04/2014 09:30:00,0.00973333333333
08/04/2014 09:45:00,0.1216
08/04/2014 10:00:00,0.0082
08/04/2014 10:15:00,0.00826666666667
08/04/2014 10:30:00,0.00913333333333
08/04/2014 10:45:00,0.00886666666667
08/04/2014 11:00:00,0.0086
08/04/2014 11:15:00,0.009
08/04/2014 11:30:00,0.009
08/04/2014 11:45:00,0.00913333333333
08/04/2014 12:00:00,0.00933333333333
08/04/2014 12:15:00,0.1026
08/04/2014 12:30:00,0.0351333333333
08/04/2014 12:45:00,0.00973333333333
08/04/2014 13:00:00,0.01
08/04/2014 13:15:00,0.0098
08/04/2014 13:30:00,0.0098
08/04/2014 13:45:00,0.009
08/04/2014 14:00:00,0.009
08/04/2014 14:15:00,0.009
08/04/2014 14:30:00,0.00953333333333
08/04/2014 14:45:00,0.01
08/04/2014 15:00:00,0.01
08/04/2014 15:15:00,0.01
08/04/2014 15:30:00,0.01
08/04/2014 15:45:00,0.01
08/04/2014 16:00:00,0.00946666666667
08/04/2014 16:15:00,0.00913333333333
08/04/2014 16:30:00,0.00966666666667
08/04/2014 16:45:00,0.00913333333333
08/04/2014 17:00:00,0.0094
08/04/2014 17:15:00,0.0096
08/04/2014 17:30:00,0.0098
08/04/2014 17:45:00,0.0092
08/04/2014 18:00:00,0.00946666666667
08/04/2014 18:15:00,0.01
08/04/2014 18:30:00,0.00926666666667
08/04/2014 18:45:00,0.009
08/04/2014 19:00:00,0.00913333333333
08/04/2014 19:15:00,0.009
08/04/2014 19:30:00,0.00946666666667
08/04/2014 19:45:00,0.01
08/04/2014 20:00:00,0.01
08/04/2014 20:15:00,0.01
08/04/2014 20:30:00,0.01
08/04/2014 20:45:00,0.01
08/04/2014 21:00:00,0.01
08/04/2014 21:15:00,0.01
08/04/2014 21:30:00,0.01
08/04/2014 21:45:00,0.01
08/04/2014 22:00:00,0.01
08/04/2014 22:15:00,0.0102
08/04/2014 22:30:00,0.0101333333333
08/04/2014 22:45:00,0.01
08/04/2014 23:00:00,0.01
08/04/2014 23:15:00,0.01
08/04/2014 23:30:00,0.01
08/04/2014 23:45:00,0.00913333333333
09/04/2014 00:00:00,0.009
09/04/2014 00:15:00,0.009
09/04/2014 00:30:00,0.0092
09/04/2014 00:45:00,0.01
09/04/2014 01:00:00,0.01
09/04/2014 01:15:00,0.01
09/04/2014 01:30:00,0.01
09/04/2014 01:45:00,0.01
09/04/2014 02:00:00,0.01
09/04/2014 02:15:00,0.00913333333333
09/04/2014 02:30:00,0.00906666666667
09/04/2014 02:45:00,0.009
09/04/2014 03:00:00,0.00966666666667
09/04/2014 03:15:00,0.01
09/04/2014 03:30:00,0.01
09/04/2014 03:45:00,0.01
09/04/2014 04:00:00,0.01
09/04/2014 04:15:00,0.01
09/04/2014 04:30:00,0.01
09/04/2014 04:45:00,0.00926666666667
09/04/2014 05:00:00,0.0092
09/04/2014 05:15:00,0.009
09/04/2014 05:30:00,0.00953333333333
09/04/2014 05:45:00,0.01
09/04/2014 06:00:00,0.01
09/04/2014 06:15:00,0.01
09/04/2014 06:30:00,0.0094
09/04/2014 06:45:00,0.0098
09/04/2014 07:00:00,0.00973333333333
09/04/2014 07:15:00,0.00953333333333
09/04/2014 07:30:00,0.00906666666667
09/04/2014 07:45:00,0.00913333333333
09/04/2014 08:00:00,0.01
09/04/2014 08:15:00,0.01
09/04/2014 08:30:00,0.01
09/04/2014 08:45:00,0.01
09/04/2014 09:00:00,0.01
09/04/2014 09:15:00,0.01
09/04/2014 09:30:00,0.00953333333333
09/04/2014 09:45:00,0.00966666666667
09/04/2014 10:00:00,0.009
09/04/2014 10:15:00,0.00933333333333
09/04/2014 10:30:00,0.01
09/04/2014 10:45:00,0.01
09/04/2014 11:00:00,0.01
09/04/2014 11:15:00,0.01
09/04/2014 11:30:00,0.01
09/04/2014 11:45:00,0.01
09/04/2014 12:00:00,0.0094
09/04/2014 12:15:00,0.01
09/04/2014 12:30:00,0.00993333333333
09/04/2014 12:45:00,0.00986666666667
09/04/2014 13:00:00,0.01
09/04/2014 13:15:00,0.01
09/04/2014 13:30:00,0.01
09/04/2014 13:45:00,0.01
09/04/2014 14:00:00,0.01
09/04/2014 14:15:00,0.01
09/04/2014 14:30:00,0.01
09/04/2014 14:45:00,0.01
09/04/2014 15:00:00,0.01
09/04/2014 15:15:00,0.01
09/04/2014 15:30:00,0.01
09/04/2014 15:45:00,0.01
09/04/2014 16:00:00,0.01
09/04/2014 16:15:00,0.01
09/04/2014 16:30:00,0.01
09/04/2014 16:45:00,0.00973333333333
09/04/2014 17:00:00,0.01
09/04/2014 17:15:00,0.01
09/04/2014 17:30:00,0.2774
09/04/2014 17:45:00,0.283133333333
09/04/2014 18:00:00,0.445066666667
09/04/2014 18:15:00,0.3658
09/04/2014 18:30:00,0.572933333333
09/04/2014 18:45:00,0.2166
09/04/2014 19:00:00,0.399333333333
09/04/2014 19:15:00,0.01
09/04/2014 19:30:00,0.01
09/04/2014 19:45:00,0.01
09/04/2014 20:00:00,0.01
09/04/2014 20:15:00,0.01
09/04/2014 20:30:00,0.0108
09/04/2014 20:45:00,0.0102
09/04/2014 21:00:00,0.0102666666667
09/04/2014 21:15:00,0.0104666666667
09/04/2014 21:30:00,0.01
09/04/2014 21:45:00,0.271066666667
09/04/2014 22:00:00,0.01
09/04/2014 22:15:00,0.256
09/04/2014 22:30:00,0.214266666667
09/04/2014 22:45:00,0.0456
09/04/2014 23:00:00,0.235266666667
09/04/2014 23:15:00,0.01
09/04/2014 23:30:00,0.2324
09/04/2014 23:45:00,0.01
10/04/2014 00:00:00,0.01
10/04/2014 00:15:00,0.01
10/04/2014 00:30:00,0.01
10/04/2014 00:45:00,0.01
10/04/2014 01:00:00,0.01
10/04/2014 01:15:00,0.01
10/04/2014 01:30:00,0.01
10/04/2014 01:45:00,0.01
10/04/2014 02:00:00,0.01
10/04/2014 02:15:00,0.01
10/04/2014 02:30:00,0.01
10/04/2014 02:45:00,0.01
10/04/2014 03:00:00,0.01
10/04/2014 03:15:00,0.01
10/04/2014 03:30:00,0.01
10/04/2014 03:45:00,0.01
10/04/2014 04:00:00,0.01
10/04/2014 04:15:00,0.01
10/04/2014 04:30:00,0.01
10/04/2014 04:45:00,0.01
10/04/2014 05:00:00,0.01
10/04/2014 05:15:00,0.01
10/04/2014 05:30:00,0.01
10/04/2014 05:45:00,0.01
10/04/2014 06:00:00,0.01
10/04/2014 06:15:00,0.01
10/04/2014 06:30:00,0.01
10/04/2014 06:45:00,0.01
10/04/2014 07:00:00,0.01
10/04/2014 07:15:00,0.01
10/04/2014 07:30:00,0.01
10/04/2014 07:45:00,0.01
10/04/2014 08:00:00,0.01
10/04/2014 08:15:00,0.01
10/04/2014 08:30:00,0.01
10/04/2014 08:45:00,0.01
10/04/2014 09:00:00,0.01
10/04/2014 09:15:00,0.01
10/04/2014 09:30:00,0.01
10/04/2014 09:45:00,0.01
10/04/2014 10:00:00,0.01
10/04/2014 10:15:00,0.01
10/04/2014 10:30:00,0.01
10/04/2014 10:45:00,0.01
10/04/2014 11:00:00,0.01
10/04/2014 11:15:00,0.01
10/04/2014 11:30:00,0.01
10/04/2014 11:45:00,0.01
10/04/2014 12:00:00,0.01
10/04/2014 12:15:00,0.01
10/04/2014 12:30:00,0.01
10/04/2014 12:45:00,0.01
10/04/2014 13:00:00,0.01
10/04/2014 13:15:00,0.01
10/04/2014 13:30:00,0.01
10/04/2014 13:45:00,0.01
10/04/2014 14:00:00,0.01
10/04/2014 14:15:00,0.01
10/04/2014 14:30:00,0.011
10/04/2014 14:45:00,0.01
10/04/2014 15:00:00,0.0107333333333
10/04/2014 15:15:00,0.0100666666667
10/04/2014 15:30:00,0.01
10/04/2014 15:45:00,0.263866666667
10/04/2014 16:00:00,0.367
10/04/2014 16:15:00,0.186266666667
10/04/2014 16:30:00,0.4728
10/04/2014 16:45:00,0.01
10/04/2014 17:00:00,0.599266666667
10/04/2014 17:15:00,0.325333333333
10/04/2014 17:30:00,0.5522
10/04/2014 17:45:00,0.3676
10/04/2014 18:00:00,0.356533333333
10/04/2014 18:15:00,0.6164
10/04/2014 18:30:00,0.198
10/04/2014 18:45:00,0.6334
10/04/2014 19:00:00,0.01
10/04/2014 19:15:00,0.01
10/04/2014 19:30:00,0.01
10/04/2014 19:45:00,0.01
10/04/2014 20:00:00,0.00933333333333
10/04/2014 20:15:00,0.00993333333333
10/04/2014 20:30:00,0.01
10/04/2014 20:45:00,0.01
10/04/2014 21:00:00,0.579266666667
10/04/2014 21:15:00,0.0262
10/04/2014 21:30:00,0.337066666667
10/04/2014 21:45:00,0.339133333333
10/04/2014 22:00:00,0.205733333333
10/04/2014 22:15:00,0.106666666667
10/04/2014 22:30:00,0.318933333333
10/04/2014 22:45:00,0.2856
10/04/2014 23:00:00,0.0102666666667
10/04/2014 23:15:00,0.299333333333
10/04/2014 23:30:00,0.01
10/04/2014 23:45:00,0.2456
11/04/2014 00:00:00,0.01
11/04/2014 00:15:00,0.225333333333
11/04/2014 00:30:00,0.01
11/04/2014 00:45:00,0.01
11/04/2014 01:00:00,0.01
11/04/2014 01:15:00,0.01
11/04/2014 01:30:00,0.01
11/04/2014 01:45:00,0.01
11/04/2014 02:00:00,0.01
11/04/2014 02:15:00,0.01
11/04/2014 02:30:00,0.01
11/04/2014 02:45:00,0.01
11/04/2014 03:00:00,0.01
11/04/2014 03:15:00,0.01
11/04/2014 03:30:00,0.01
11/04/2014 03:45:00,0.01
11/04/2014 04:00:00,0.01
11/04/2014 04:15:00,0.01
11/04/2014 04:30:00,0.01
11/04/2014 04:45:00,0.01
11/04/2014 05:00:00,0.01
11/04/2014 05:15:00,0.01
11/04/2014 05:30:00,0.01
11/04/2014 05:45:00,0.01
11/04/2014 06:00:00,0.01
11/04/2014 06:15:00,0.01
11/04/2014 06:30:00,0.01
11/04/2014 06:45:00,0.01
11/04/2014 07:00:00,0.01
11/04/2014 07:15:00,0.01
11/04/2014 07:30:00,0.01
11/04/2014 07:45:00,0.01
11/04/2014 08:00:00,0.01
11/04/2014 08:15:00,0.01
11/04/2014 08:30:00,0.01
11/04/2014 08:45:00,0.01
11/04/2014 09:00:00,0.01
11/04/2014 09:15:00,0.01
11/04/2014 09:30:00,0.01
11/04/2014 09:45:00,0.01
11/04/2014 10:00:00,0.01
11/04/2014 10:15:00,0.01
11/04/2014 10:30:00,0.01
11/04/2014 10:45:00,0.01
11/04/2014 11:00:00,0.01
11/04/2014 11:15:00,0.01
11/04/2014 11:30:00,0.01
11/04/2014 11:45:00,0.01
11/04/2014 12:00:00,0.01
11/04/2014 12:15:00,0.01
11/04/2014 12:30:00,0.0100666666667
11/04/2014 12:45:00,0.0100666666667
11/04/2014 13:00:00,0.01
11/04/2014 13:15:00,0.01
11/04/2014 13:30:00,0.01
11/04/2014 13:45:00,0.01
11/04/2014 14:00:00,0.01
11/04/2014 14:15:00,0.01
11/04/2014 14:30:00,0.01
11/04/2014 14:45:00,0.241333333333
11/04/2014 15:00:00,0.0415333333333
11/04/2014 15:15:00,0.2516
11/04/2014 15:30:00,0.4272
11/04/2014 15:45:00,0.2808
11/04/2014 16:00:00,0.6896
11/04/2014 16:15:00,0.686733333333
11/04/2014 16:30:00,0.684733333333
11/04/2014 16:45:00,0.686266666667
11/04/2014 17:00:00,0.689266666667
11/04/2014 17:15:00,0.3972
11/04/2014 17:30:00,0.608066666667
11/04/2014 17:45:00,0.2338
11/04/2014 18:00:00,0.686466666667
11/04/2014 18:15:00,0.2364
11/04/2014 18:30:00,0.180333333333
11/04/2014 18:45:00,0.156733333333
11/04/2014 19:00:00,0.2902
11/04/2014 19:15:00,0.01
11/04/2014 19:30:00,0.00966666666667
11/04/2014 19:45:00,0.01
11/04/2014 20:00:00,0.01
11/04/2014 20:15:00,0.0108666666667
11/04/2014 20:30:00,0.011
11/04/2014 20:45:00,0.0108666666667
11/04/2014 21:00:00,0.0104
11/04/2014 21:15:00,0.3996
11/04/2014 21:30:00,0.131133333333
11/04/2014 21:45:00,0.3548
11/04/2014 22:00:00,0.3374
11/04/2014 22:15:00,0.0451333333333
11/04/2014 22:30:00,0.318133333333
11/04/2014 22:45:00,0.325666666667
11/04/2014 23:00:00,0.114
11/04/2014 23:15:00,0.185066666667
11/04/2014 23:30:00,0.286666666667
11/04/2014 23:45:00,0.0126666666667
12/04/2014 00:00:00,0.249266666667
12/04/2014 00:15:00,0.0918666666667
12/04/2014 00:30:00,0.155666666667
12/04/2014 00:45:00,0.01
12/04/2014 01:00:00,0.1764
12/04/2014 01:15:00,0.0487333333333
12/04/2014 01:30:00,0.01
12/04/2014 01:45:00,0.01
12/04/2014 02:00:00,0.01
12/04/2014 02:15:00,0.01
12/04/2014 02:30:00,0.01
12/04/2014 02:45:00,0.01
12/04/2014 03:00:00,0.01
12/04/2014 03:15:00,0.01
12/04/2014 03:30:00,0.01
12/04/2014 03:45:00,0.01
12/04/2014 04:00:00,0.01
12/04/2014 04:15:00,0.01
12/04/2014 04:30:00,0.01
12/04/2014 04:45:00,0.01
12/04/2014 05:00:00,0.01
12/04/2014 05:15:00,0.01
12/04/2014 05:30:00,0.01
12/04/2014 05:45:00,0.01
12/04/2014 06:00:00,0.01
12/04/2014 06:15:00,0.01
12/04/2014 06:30:00,0.01
12/04/2014 06:45:00,0.01
12/04/2014 07:00:00,0.01
12/04/2014 07:15:00,0.01
12/04/2014 07:30:00,0.01
12/04/2014 07:45:00,0.01
12/04/2014 08:00:00,0.01
12/04/2014 08:15:00,0.01
12/04/2014 08:30:00,0.01
12/04/2014 08:45:00,0.01
12/04/2014 09:00:00,0.01
12/04/2014 09:15:00,0.01
12/04/2014 09:30:00,0.01
12/04/2014 09:45:00,0.01
12/04/2014 10:00:00,0.01
12/04/2014 10:15:00,0.01
12/04/2014 10:30:00,0.256
12/04/2014 10:45:00,0.01
12/04/2014 11:00:00,0.231333333333
12/04/2014 11:15:00,0.01
12/04/2014 11:30:00,0.28
12/04/2014 11:45:00,0.273066666667
12/04/2014 12:00:00,0.143533333333
12/04/2014 12:15:00,0.158266666667
12/04/2014 12:30:00,0.317933333333
12/04/2014 12:45:00,0.4018
12/04/2014 13:00:00,0.140333333333
12/04/2014 13:15:00,0.427533333333
12/04/2014 13:30:00,0.413266666667
12/04/2014 13:45:00,0.2276
12/04/2014 14:00:00,0.382
12/04/2014 14:15:00,0.525466666667
12/04/2014 14:30:00,0.219
12/04/2014 14:45:00,0.689933333333
12/04/2014 15:00:00,0.222
12/04/2014 15:15:00,0.686933333333
12/04/2014 15:30:00,0.686866666667
12/04/2014 15:45:00,0.683266666667
12/04/2014 16:00:00,0.682333333333
12/04/2014 16:15:00,0.680466666667
12/04/2014 16:30:00,0.469133333333
12/04/2014 16:45:00,0.0707333333333
12/04/2014 17:00:00,0.01
12/04/2014 17:15:00,0.01
12/04/2014 17:30:00,0.01
12/04/2014 17:45:00,0.01
12/04/2014 18:00:00,0.01
12/04/2014 18:15:00,0.01
12/04/2014 18:30:00,0.01
12/04/2014 18:45:00,0.240133333333
12/04/2014 19:00:00,0.01
12/04/2014 19:15:00,0.01
12/04/2014 19:30:00,0.01
12/04/2014 19:45:00,0.01
12/04/2014 20:00:00,0.01
12/04/2014 20:15:00,0.3048
12/04/2014 20:30:00,0.0112
12/04/2014 20:45:00,0.253933333333
12/04/2014 21:00:00,0.157266666667
12/04/2014 21:15:00,0.107933333333
12/04/2014 21:30:00,0.2394
12/04/2014 21:45:00,0.3992
12/04/2014 22:00:00,0.0968
12/04/2014 22:15:00,0.235333333333
12/04/2014 22:30:00,0.308133333333
12/04/2014 22:45:00,0.261466666667
12/04/2014 23:00:00,0.0453333333333
12/04/2014 23:15:00,0.267133333333
12/04/2014 23:30:00,0.283933333333
12/04/2014 23:45:00,0.01
13/04/2014 00:00:00,0.285
13/04/2014 00:15:00,0.0716
13/04/2014 00:30:00,0.174466666667
13/04/2014 00:45:00,0.0102
13/04/2014 01:00:00,0.224533333333
13/04/2014 01:15:00,0.01
13/04/2014 01:30:00,0.01
13/04/2014 01:45:00,0.216066666667
13/04/2014 02:00:00,0.01
13/04/2014 02:15:00,0.01
13/04/2014 02:30:00,0.01
13/04/2014 02:45:00,0.01
13/04/2014 03:00:00,0.01
13/04/2014 03:15:00,0.01
13/04/2014 03:30:00,0.01
13/04/2014 03:45:00,0.01
13/04/2014 04:00:00,0.01
13/04/2014 04:15:00,0.01
13/04/2014 04:30:00,0.01
13/04/2014 04:45:00,0.01
13/04/2014 05:00:00,0.01
13/04/2014 05:15:00,0.01
13/04/2014 05:30:00,0.01
13/04/2014 05:45:00,0.01
13/04/2014 06:00:00,0.01
13/04/2014 06:15:00,0.01
13/04/2014 06:30:00,0.01
13/04/2014 06:45:00,0.01
13/04/2014 07:00:00,0.01
13/04/2014 07:15:00,0.01
13/04/2014 07:30:00,0.01
13/04/2014 07:45:00,0.0100666666667
13/04/2014 08:00:00,0.01
13/04/2014 08:15:00,0.01
13/04/2014 08:30:00,0.01
13/04/2014 08:45:00,0.01
13/04/2014 09:00:00,0.0100666666667
13/04/2014 09:15:00,0.0100666666667
13/04/2014 09:30:00,0.01
13/04/2014 09:45:00,0.01
13/04/2014 10:00:00,0.01
13/04/2014 10:15:00,0.01
13/04/2014 10:30:00,0.22
13/04/2014 10:45:00,0.01
13/04/2014 11:00:00,0.230133333333
13/04/2014 11:15:00,0.01
13/04/2014 11:30:00,0.1984
13/04/2014 11:45:00,0.0307333333333
13/04/2014 12:00:00,0.242333333333
13/04/2014 12:15:00,0.01
13/04/2014 12:30:00,0.2756
13/04/2014 12:45:00,0.271466666667
13/04/2014 13:00:00,0.126133333333
13/04/2014 13:15:00,0.217933333333
13/04/2014 13:30:00,0.287
13/04/2014 13:45:00,0.1898
13/04/2014 14:00:00,0.134666666667
13/04/2014 14:15:00,0.319333333333
13/04/2014 14:30:00,0.306733333333
13/04/2014 14:45:00,0.104866666667
13/04/2014 15:00:00,0.221933333333
13/04/2014 15:15:00,0.334933333333
13/04/2014 15:30:00,0.306133333333
13/04/2014 15:45:00,0.1016
13/04/2014 16:00:00,0.251466666667
13/04/2014 16:15:00,0.303466666667
13/04/2014 16:30:00,0.264533333333
13/04/2014 16:45:00,0.0452
13/04/2014 17:00:00,0.291733333333
13/04/2014 17:15:00,0.287866666667
13/04/2014 17:30:00,0.151733333333
13/04/2014 17:45:00,0.142266666667
13/04/2014 18:00:00,0.280933333333
13/04/2014 18:15:00,0.1444
13/04/2014 18:30:00,0.1464
13/04/2014 18:45:00,0.273466666667
13/04/2014 19:00:00,0.01
13/04/2014 19:15:00,0.263333333333
13/04/2014 19:30:00,0.01
13/04/2014 19:45:00,0.249866666667
13/04/2014 20:00:00,0.01
13/04/2014 20:15:00,0.220733333333
13/04/2014 20:30:00,0.0235333333333
13/04/2014 20:45:00,0.01
13/04/2014 21:00:00,0.2188
13/04/2014 21:15:00,0.0107333333333
13/04/2014 21:30:00,0.01
13/04/2014 21:45:00,0.0873333333333
13/04/2014 22:00:00,0.134333333333
13/04/2014 22:15:00,0.01
13/04/2014 22:30:00,0.212733333333
13/04/2014 22:45:00,0.01
13/04/2014 23:00:00,0.01
13/04/2014 23:15:00,0.01
13/04/2014 23:30:00,0.2112
13/04/2014 23:45:00,0.01
14/04/2014 00:00:00,0.01
14/04/2014 00:15:00,0.211666666667
14/04/2014 00:30:00,0.01
14/04/2014 00:45:00,0.01
14/04/2014 01:00:00,0.215733333333
14/04/2014 01:15:00,0.01
14/04/2014 01:30:00,0.01
14/04/2014 01:45:00,0.01
14/04/2014 02:00:00,0.01
14/04/2014 02:15:00,0.01
14/04/2014 02:30:00,0.208733333333
14/04/2014 02:45:00,0.01
14/04/2014 03:00:00,0.01
14/04/2014 03:15:00,0.01
14/04/2014 03:30:00,0.01
14/04/2014 03:45:00,0.209133333333
14/04/2014 04:00:00,0.01
14/04/2014 04:15:00,0.01
14/04/2014 04:30:00,0.01
14/04/2014 04:45:00,0.01
14/04/2014 05:00:00,0.2076
14/04/2014 05:15:00,0.01
14/04/2014 05:30:00,0.01
14/04/2014 05:45:00,0.01
14/04/2014 06:00:00,0.01
14/04/2014 06:15:00,0.2074
14/04/2014 06:30:00,0.01
14/04/2014 06:45:00,0.01
14/04/2014 07:00:00,0.0100666666667
14/04/2014 07:15:00,0.01
14/04/2014 07:30:00,0.01
14/04/2014 07:45:00,0.01
14/04/2014 08:00:00,0.0101333333333
14/04/2014 08:15:00,0.01
14/04/2014 08:30:00,0.01
14/04/2014 08:45:00,0.01
14/04/2014 09:00:00,0.01
14/04/2014 09:15:00,0.01
14/04/2014 09:30:00,0.01
14/04/2014 09:45:00,0.01
14/04/2014 10:00:00,0.01
14/04/2014 10:15:00,0.01
14/04/2014 10:30:00,0.01
14/04/2014 10:45:00,0.01
14/04/2014 11:00:00,0.01
14/04/2014 11:15:00,0.01
14/04/2014 11:30:00,0.01
14/04/2014 11:45:00,0.01
14/04/2014 12:00:00,0.01
14/04/2014 12:15:00,0.01
14/04/2014 12:30:00,0.01
14/04/2014 12:45:00,0.01
14/04/2014 13:00:00,0.01
14/04/2014 13:15:00,0.01
14/04/2014 13:30:00,0.0104666666667
14/04/2014 13:45:00,0.01
14/04/2014 14:00:00,0.01
14/04/2014 14:15:00,0.01
14/04/2014 14:30:00,0.01
14/04/2014 14:45:00,0.01
14/04/2014 15:00:00,0.01
14/04/2014 15:15:00,0.01
14/04/2014 15:30:00,0.01
14/04/2014 15:45:00,0.01
14/04/2014 16:00:00,0.01
14/04/2014 16:15:00,0.01
14/04/2014 16:30:00,0.277933333333
14/04/2014 16:45:00,0.01
14/04/2014 17:00:00,0.01
14/04/2014 17:15:00,0.01
14/04/2014 17:30:00,0.01
14/04/2014 17:45:00,0.01
14/04/2014 18:00:00,0.2112
14/04/2014 18:15:00,0.039
14/04/2014 18:30:00,0.242466666667
14/04/2014 18:45:00,0.01
14/04/2014 19:00:00,0.01
14/04/2014 19:15:00,0.01
14/04/2014 19:30:00,0.01
14/04/2014 19:45:00,0.01
14/04/2014 20:00:00,0.0102666666667
14/04/2014 20:15:00,0.01
14/04/2014 20:30:00,0.0103333333333
14/04/2014 20:45:00,0.0102666666667
14/04/2014 21:00:00,0.0107333333333
14/04/2014 21:15:00,0.011
14/04/2014 21:30:00,0.011
14/04/2014 21:45:00,0.0102666666667
14/04/2014 22:00:00,0.01
14/04/2014 22:15:00,0.01
14/04/2014 22:30:00,0.01
14/04/2014 22:45:00,0.01
14/04/2014 23:00:00,0.01
14/04/2014 23:15:00,0.01
14/04/2014 23:30:00,0.01
14/04/2014 23:45:00,0.01
15/04/2014 00:00:00,0.01
15/04/2014 00:15:00,0.01
15/04/2014 00:30:00,0.01
15/04/2014 00:45:00,0.01
15/04/2014 01:00:00,0.01
15/04/2014 01:15:00,0.01
15/04/2014 01:30:00,0.01
15/04/2014 01:45:00,0.01
15/04/2014 02:00:00,0.01
15/04/2014 02:15:00,0.01
15/04/2014 02:30:00,0.01
15/04/2014 02:45:00,0.01
15/04/2014 03:00:00,0.01
15/04/2014 03:15:00,0.01
15/04/2014 03:30:00,0.01
15/04/2014 03:45:00,0.01
15/04/2014 04:00:00,0.01
15/04/2014 04:15:00,0.01
15/04/2014 04:30:00,0.01
15/04/2014 04:45:00,0.01
15/04/2014 05:00:00,0.01
15/04/2014 05:15:00,0.01
15/04/2014 05:30:00,0.0428666666667
15/04/2014 05:45:00,0.1046
15/04/2014 06:00:00,0.638
15/04/2014 06:15:00,0.0965333333333
15/04/2014 06:30:00,0.297266666667
15/04/2014 06:45:00,0.288733333333
15/04/2014 07:00:00,0.267
15/04/2014 07:15:00,0.282933333333
15/04/2014 07:30:00,0.254266666667
15/04/2014 07:45:00,0.253866666667
15/04/2014 08:00:00,0.0826
15/04/2014 08:15:00,0.0708
15/04/2014 08:30:00,0.215333333333
15/04/2014 08:45:00,0.211266666667
15/04/2014 09:00:00,0.01
15/04/2014 09:15:00,0.1238
15/04/2014 09:30:00,0.01
15/04/2014 09:45:00,0.01
15/04/2014 10:00:00,0.01
15/04/2014 10:15:00,0.01
15/04/2014 10:30:00,0.01
15/04/2014 10:45:00,0.01
15/04/2014 11:00:00,0.0098
15/04/2014 11:15:00,0.00993333333333
15/04/2014 11:30:00,0.01
15/04/2014 11:45:00,0.01
15/04/2014 12:00:00,0.01
15/04/2014 12:15:00,0.01
15/04/2014 12:30:00,0.01
15/04/2014 12:45:00,0.01
15/04/2014 13:00:00,0.01
15/04/2014 13:15:00,0.01
15/04/2014 13:30:00,0.01
15/04/2014 13:45:00,0.01
15/04/2014 14:00:00,0.01
15/04/2014 14:15:00,0.01
15/04/2014 14:30:00,0.01
15/04/2014 14:45:00,0.01
15/04/2014 15:00:00,0.01
15/04/2014 15:15:00,0.01
15/04/2014 15:30:00,0.0152
15/04/2014 15:45:00,0.01
15/04/2014 16:00:00,0.01
15/04/2014 16:15:00,0.01
15/04/2014 16:30:00,0.01
15/04/2014 16:45:00,0.01
15/04/2014 17:00:00,0.01
15/04/2014 17:15:00,0.01
15/04/2014 17:30:00,0.01
15/04/2014 17:45:00,0.01
15/04/2014 18:00:00,0.01
15/04/2014 18:15:00,0.01
15/04/2014 18:30:00,0.01
15/04/2014 18:45:00,0.01
15/04/2014 19:00:00,0.0098
15/04/2014 19:15:00,0.0096
15/04/2014 19:30:00,0.01
15/04/2014 19:45:00,0.01
15/04/2014 20:00:00,0.01
15/04/2014 20:15:00,0.01
15/04/2014 20:30:00,0.01
15/04/2014 20:45:00,0.01
15/04/2014 21:00:00,0.01
15/04/2014 21:15:00,0.01
15/04/2014 21:30:00,0.01
15/04/2014 21:45:00,0.01
15/04/2014 22:00:00,0.0098
15/04/2014 22:15:00,0.0098
15/04/2014 22:30:00,0.00986666666667
15/04/2014 22:45:00,0.00986666666667
15/04/2014 23:00:00,0.00946666666667
15/04/2014 23:15:00,0.01
15/04/2014 23:30:00,0.01
15/04/2014 23:45:00,0.01
16/04/2014 00:00:00,0.01
16/04/2014 00:15:00,0.01
16/04/2014 00:30:00,0.01
16/04/2014 00:45:00,0.01
16/04/2014 01:00:00,0.01
16/04/2014 01:15:00,0.01
16/04/2014 01:30:00,0.01
16/04/2014 01:45:00,0.01
16/04/2014 02:00:00,0.01
16/04/2014 02:15:00,0.01
16/04/2014 02:30:00,0.01
16/04/2014 02:45:00,0.01
16/04/2014 03:00:00,0.01
16/04/2014 03:15:00,0.01
16/04/2014 03:30:00,0.01
16/04/2014 03:45:00,0.01
16/04/2014 04:00:00,0.01
16/04/2014 04:15:00,0.01
16/04/2014 04:30:00,0.01
16/04/2014 04:45:00,0.01
16/04/2014 05:00:00,0.130066666667
16/04/2014 05:15:00,0.1318
16/04/2014 05:30:00,0.0108
16/04/2014 05:45:00,0.133733333333
16/04/2014 06:00:00,0.5144
16/04/2014 06:15:00,0.216266666667
16/04/2014 06:30:00,0.270733333333
16/04/2014 06:45:00,0.322466666667
16/04/2014 07:00:00,0.182066666667
16/04/2014 07:15:00,0.141
16/04/2014 07:30:00,0.249466666667
16/04/2014 07:45:00,0.2268
16/04/2014 08:00:00,0.220333333333
16/04/2014 08:15:00,0.216666666667
16/04/2014 08:30:00,0.0096
16/04/2014 08:45:00,0.137333333333
16/04/2014 09:00:00,0.0098
16/04/2014 09:15:00,0.009
16/04/2014 09:30:00,0.00986666666667
16/04/2014 09:45:00,0.01
16/04/2014 10:00:00,0.01
16/04/2014 10:15:00,0.01
16/04/2014 10:30:00,0.01
16/04/2014 10:45:00,0.01
16/04/2014 11:00:00,0.00766666666667
16/04/2014 11:15:00,0.0096
16/04/2014 11:30:00,0.00953333333333
16/04/2014 11:45:00,0.00966666666667
16/04/2014 12:00:00,0.00953333333333
16/04/2014 12:15:00,0.0098
16/04/2014 12:30:00,0.01
16/04/2014 12:45:00,0.01
16/04/2014 13:00:00,0.01
16/04/2014 13:15:00,0.01
16/04/2014 13:30:00,0.0098
16/04/2014 13:45:00,0.00986666666667
16/04/2014 14:00:00,0.00973333333333
16/04/2014 14:15:00,0.00986666666667
16/04/2014 14:30:00,0.0096
16/04/2014 14:45:00,0.0098
16/04/2014 15:00:00,0.01
16/04/2014 15:15:00,0.01
16/04/2014 15:30:00,0.01
16/04/2014 15:45:00,0.01
16/04/2014 16:00:00,0.01
16/04/2014 16:15:00,0.01
16/04/2014 16:30:00,0.01
16/04/2014 16:45:00,0.0094
16/04/2014 17:00:00,0.01
16/04/2014 17:15:00,0.01
16/04/2014 17:30:00,0.01
16/04/2014 17:45:00,0.01
16/04/2014 18:00:00,0.01
16/04/2014 18:15:00,0.01
16/04/2014 18:30:00,0.01
16/04/2014 18:45:00,0.01
16/04/2014 19:00:00,0.00986666666667
16/04/2014 19:15:00,0.00986666666667
16/04/2014 19:30:00,0.01
16/04/2014 19:45:00,0.01
16/04/2014 20:00:00,0.01
16/04/2014 20:15:00,0.01
16/04/2014 20:30:00,0.0104
16/04/2014 20:45:00,0.0102
16/04/2014 21:00:00,0.0109333333333
16/04/2014 21:15:00,0.011
16/04/2014 21:30:00,0.0101333333333
16/04/2014 21:45:00,0.01
16/04/2014 22:00:00,0.01
16/04/2014 22:15:00,0.01
16/04/2014 22:30:00,0.01
16/04/2014 22:45:00,0.01
16/04/2014 23:00:00,0.01
16/04/2014 23:15:00,0.01
16/04/2014 23:30:00,0.01
16/04/2014 23:45:00,0.01
17/04/2014 00:00:00,0.01
17/04/2014 00:15:00,0.01
17/04/2014 00:30:00,0.01
17/04/2014 00:45:00,0.01
17/04/2014 01:00:00,0.01
17/04/2014 01:15:00,0.01
17/04/2014 01:30:00,0.01
17/04/2014 01:45:00,0.01
17/04/2014 02:00:00,0.01
17/04/2014 02:15:00,0.01
17/04/2014 02:30:00,0.01
17/04/2014 02:45:00,0.01
17/04/2014 03:00:00,0.01
17/04/2014 03:15:00,0.01
17/04/2014 03:30:00,0.01
17/04/2014 03:45:00,0.01
17/04/2014 04:00:00,0.01
17/04/2014 04:15:00,0.01
17/04/2014 04:30:00,0.01
17/04/2014 04:45:00,0.01
17/04/2014 05:00:00,0.01
17/04/2014 05:15:00,0.01
17/04/2014 05:30:00,0.01
17/04/2014 05:45:00,0.01
17/04/2014 06:00:00,0.01
17/04/2014 06:15:00,0.00933333333333
17/04/2014 06:30:00,0.009
17/04/2014 06:45:00,0.0094
17/04/2014 07:00:00,0.009
17/04/2014 07:15:00,0.00953333333333
17/04/2014 07:30:00,0.01
17/04/2014 07:45:00,0.01
17/04/2014 08:00:00,0.01
17/04/2014 08:15:00,0.01
17/04/2014 08:30:00,0.01
17/04/2014 08:45:00,0.01
17/04/2014 09:00:00,0.00946666666667
17/04/2014 09:15:00,0.009
17/04/2014 09:30:00,0.00966666666667
17/04/2014 09:45:00,0.009
17/04/2014 10:00:00,0.00946666666667
17/04/2014 10:15:00,0.01
17/04/2014 10:30:00,0.01
17/04/2014 10:45:00,0.01
17/04/2014 11:00:00,0.01
17/04/2014 11:15:00,0.00986666666667
17/04/2014 11:30:00,0.00993333333333
17/04/2014 11:45:00,0.00933333333333
17/04/2014 12:00:00,0.009
17/04/2014 12:15:00,0.009
17/04/2014 12:30:00,0.009
17/04/2014 12:45:00,0.0094
17/04/2014 13:00:00,0.00873333333333
17/04/2014 13:15:00,0.009
17/04/2014 13:30:00,0.0096
17/04/2014 13:45:00,0.0096
17/04/2014 14:00:00,0.0098
17/04/2014 14:15:00,0.00986666666667
17/04/2014 14:30:00,0.00873333333333
17/04/2014 14:45:00,0.009
17/04/2014 15:00:00,0.009
17/04/2014 15:15:00,0.00913333333333
17/04/2014 15:30:00,0.00993333333333
17/04/2014 15:45:00,0.01
17/04/2014 16:00:00,0.01
17/04/2014 16:15:00,0.01
17/04/2014 16:30:00,0.01
17/04/2014 16:45:00,0.01
17/04/2014 17:00:00,0.00953333333333
17/04/2014 17:15:00,0.00973333333333
17/04/2014 17:30:00,0.01
17/04/2014 17:45:00,0.01
17/04/2014 18:00:00,0.01
17/04/2014 18:15:00,0.01
17/04/2014 18:30:00,0.01
17/04/2014 18:45:00,0.01
17/04/2014 19:00:00,0.01
17/04/2014 19:15:00,0.01
17/04/2014 19:30:00,0.01
17/04/2014 19:45:00,0.01
17/04/2014 20:00:00,0.01
17/04/2014 20:15:00,0.01
17/04/2014 20:30:00,0.01
17/04/2014 20:45:00,0.01
17/04/2014 21:00:00,0.01
17/04/2014 21:15:00,0.01
17/04/2014 21:30:00,0.01
17/04/2014 21:45:00,0.01
17/04/2014 22:00:00,0.01
17/04/2014 22:15:00,0.01
17/04/2014 22:30:00,0.00946666666667
17/04/2014 22:45:00,0.00966666666667
17/04/2014 23:00:00,0.00953333333333
17/04/2014 23:15:00,0.00946666666667
17/04/2014 23:30:00,0.00973333333333
17/04/2014 23:45:00,0.01
18/04/2014 00:00:00,0.01
18/04/2014 00:15:00,0.01
18/04/2014 00:30:00,0.01
18/04/2014 00:45:00,0.01
18/04/2014 01:00:00,0.01
18/04/2014 01:15:00,0.00946666666667
18/04/2014 01:30:00,0.00986666666667
18/04/2014 01:45:00,0.009
18/04/2014 02:00:00,0.00973333333333
18/04/2014 02:15:00,0.0096
18/04/2014 02:30:00,0.01
18/04/2014 02:45:00,0.01
18/04/2014 03:00:00,0.01
18/04/2014 03:15:00,0.01
18/04/2014 03:30:00,0.01
18/04/2014 03:45:00,0.01
18/04/2014 04:00:00,0.00946666666667
18/04/2014 04:15:00,0.00926666666667
18/04/2014 04:30:00,0.00926666666667
18/04/2014 04:45:00,0.0094
18/04/2014 05:00:00,0.00986666666667
18/04/2014 05:15:00,0.01
18/04/2014 05:30:00,0.01
18/04/2014 05:45:00,0.01
18/04/2014 06:00:00,0.01
18/04/2014 06:15:00,0.01
18/04/2014 06:30:00,0.0098
18/04/2014 06:45:00,0.009
18/04/2014 07:00:00,0.009
18/04/2014 07:15:00,0.009
18/04/2014 07:30:00,0.0092
18/04/2014 07:45:00,0.01
18/04/2014 08:00:00,0.01
18/04/2014 08:15:00,0.01
18/04/2014 08:30:00,0.01
18/04/2014 08:45:00,0.01
18/04/2014 09:00:00,0.01
18/04/2014 09:15:00,0.0094
18/04/2014 09:30:00,0.009
18/04/2014 09:45:00,0.009
18/04/2014 10:00:00,0.00893333333333
18/04/2014 10:15:00,0.0098
18/04/2014 10:30:00,0.01
18/04/2014 10:45:00,0.00993333333333
18/04/2014 11:00:00,0.00953333333333
18/04/2014 11:15:00,0.00993333333333
18/04/2014 11:30:00,0.01
18/04/2014 11:45:00,0.01
18/04/2014 12:00:00,0.01
18/04/2014 12:15:00,0.01
18/04/2014 12:30:00,0.01
18/04/2014 12:45:00,0.00973333333333
18/04/2014 13:00:00,0.009
18/04/2014 13:15:00,0.00953333333333
18/04/2014 13:30:00,0.0092
18/04/2014 13:45:00,0.00993333333333
18/04/2014 14:00:00,0.01
18/04/2014 14:15:00,0.00953333333333
18/04/2014 14:30:00,0.01
18/04/2014 14:45:00,0.01
18/04/2014 15:00:00,0.00986666666667
18/04/2014 15:15:00,0.00826666666667
18/04/2014 15:30:00,0.00866666666667
18/04/2014 15:45:00,0.00906666666667
18/04/2014 16:00:00,0.0096
18/04/2014 16:15:00,0.01
18/04/2014 16:30:00,0.01
18/04/2014 16:45:00,0.01
18/04/2014 17:00:00,0.01
18/04/2014 17:15:00,0.675333333333
18/04/2014 17:30:00,0.0204666666667
18/04/2014 17:45:00,0.3546
18/04/2014 18:00:00,0.0897333333333
18/04/2014 18:15:00,0.175333333333
18/04/2014 18:30:00,0.01
18/04/2014 18:45:00,0.01
18/04/2014 19:00:00,0.01
18/04/2014 19:15:00,0.01
18/04/2014 19:30:00,0.01
18/04/2014 19:45:00,0.01
18/04/2014 20:00:00,0.01
18/04/2014 20:15:00,0.01
18/04/2014 20:30:00,0.01
18/04/2014 20:45:00,0.01
18/04/2014 21:00:00,0.01
18/04/2014 21:15:00,0.458133333333
18/04/2014 21:30:00,0.01
18/04/2014 21:45:00,0.272666666667
18/04/2014 22:00:00,0.2826
18/04/2014 22:15:00,0.0107333333333
18/04/2014 22:30:00,0.287933333333
18/04/2014 22:45:00,0.158533333333
18/04/2014 23:00:00,0.103
18/04/2014 23:15:00,0.252
18/04/2014 23:30:00,0.01
18/04/2014 23:45:00,0.01
19/04/2014 00:00:00,0.1122
19/04/2014 00:15:00,0.109333333333
19/04/2014 00:30:00,0.01
19/04/2014 00:45:00,0.01
19/04/2014 01:00:00,0.01
19/04/2014 01:15:00,0.01
19/04/2014 01:30:00,0.01
19/04/2014 01:45:00,0.01
19/04/2014 02:00:00,0.01
19/04/2014 02:15:00,0.01
19/04/2014 02:30:00,0.01
19/04/2014 02:45:00,0.01
19/04/2014 03:00:00,0.01
19/04/2014 03:15:00,0.01
19/04/2014 03:30:00,0.01
19/04/2014 03:45:00,0.01
19/04/2014 04:00:00,0.01
19/04/2014 04:15:00,0.01
19/04/2014 04:30:00,0.01
19/04/2014 04:45:00,0.01
19/04/2014 05:00:00,0.01
19/04/2014 05:15:00,0.01
19/04/2014 05:30:00,0.01
19/04/2014 05:45:00,0.01
19/04/2014 06:00:00,0.01
19/04/2014 06:15:00,0.01
19/04/2014 06:30:00,0.01
19/04/2014 06:45:00,0.01
19/04/2014 07:00:00,0.01
19/04/2014 07:15:00,0.01
19/04/2014 07:30:00,0.01
19/04/2014 07:45:00,0.01
19/04/2014 08:00:00,0.01
19/04/2014 08:15:00,0.01
19/04/2014 08:30:00,0.01
19/04/2014 08:45:00,0.01
19/04/2014 09:00:00,0.01
19/04/2014 09:15:00,0.01
19/04/2014 09:30:00,0.00986666666667
19/04/2014 09:45:00,0.00973333333333
19/04/2014 10:00:00,0.00986666666667
19/04/2014 10:15:00,0.0098
19/04/2014 10:30:00,0.01
19/04/2014 10:45:00,0.00973333333333
19/04/2014 11:00:00,0.00986666666667
19/04/2014 11:15:00,0.01
19/04/2014 11:30:00,0.00993333333333
19/04/2014 11:45:00,0.0098
19/04/2014 12:00:00,0.0103333333333
19/04/2014 12:15:00,0.0101333333333
19/04/2014 12:30:00,0.01
19/04/2014 12:45:00,0.01
19/04/2014 13:00:00,0.252733333333
19/04/2014 13:15:00,0.01
19/04/2014 13:30:00,0.01
19/04/2014 13:45:00,0.00946666666667
19/04/2014 14:00:00,0.01
19/04/2014 14:15:00,0.01
19/04/2014 14:30:00,0.01
19/04/2014 14:45:00,0.135266666667
19/04/2014 15:00:00,0.117466666667
19/04/2014 15:15:00,0.0456
19/04/2014 15:30:00,0.201133333333
19/04/2014 15:45:00,0.276866666667
19/04/2014 16:00:00,0.231333333333
19/04/2014 16:15:00,0.184533333333
19/04/2014 16:30:00,0.406266666667
19/04/2014 16:45:00,0.232666666667
19/04/2014 17:00:00,0.121866666667
19/04/2014 17:15:00,0.314933333333
19/04/2014 17:30:00,0.315466666667
19/04/2014 17:45:00,0.163133333333
19/04/2014 18:00:00,0.1682
19/04/2014 18:15:00,0.3072
19/04/2014 18:30:00,0.261866666667
19/04/2014 18:45:00,0.0174
19/04/2014 19:00:00,0.295333333333
19/04/2014 19:15:00,0.154866666667
19/04/2014 19:30:00,0.0994666666667
19/04/2014 19:45:00,0.01
19/04/2014 20:00:00,0.01
19/04/2014 20:15:00,0.01
19/04/2014 20:30:00,0.01
19/04/2014 20:45:00,0.01
19/04/2014 21:00:00,0.01
19/04/2014 21:15:00,0.01
19/04/2014 21:30:00,0.01
19/04/2014 21:45:00,0.01
19/04/2014 22:00:00,0.01
19/04/2014 22:15:00,0.01
19/04/2014 22:30:00,0.2546
19/04/2014 22:45:00,0.01
19/04/2014 23:00:00,0.2354
19/04/2014 23:15:00,0.01
19/04/2014 23:30:00,0.225266666667
19/04/2014 23:45:00,0.01
20/04/2014 00:00:00,0.2184
20/04/2014 00:15:00,0.0175333333333
20/04/2014 00:30:00,0.01
20/04/2014 00:45:00,0.01
20/04/2014 01:00:00,0.01
20/04/2014 01:15:00,0.01
20/04/2014 01:30:00,0.01
20/04/2014 01:45:00,0.01
20/04/2014 02:00:00,0.01
20/04/2014 02:15:00,0.01
20/04/2014 02:30:00,0.01
20/04/2014 02:45:00,0.01
20/04/2014 03:00:00,0.01
20/04/2014 03:15:00,0.01
20/04/2014 03:30:00,0.01
20/04/2014 03:45:00,0.01
20/04/2014 04:00:00,0.01
20/04/2014 04:15:00,0.01
20/04/2014 04:30:00,0.01
20/04/2014 04:45:00,0.01
20/04/2014 05:00:00,0.01
20/04/2014 05:15:00,0.01
20/04/2014 05:30:00,0.01
20/04/2014 05:45:00,0.01
20/04/2014 06:00:00,0.01
20/04/2014 06:15:00,0.01
20/04/2014 06:30:00,0.01
20/04/2014 06:45:00,0.01
20/04/2014 07:00:00,0.01
20/04/2014 07:15:00,0.01
20/04/2014 07:30:00,0.01
20/04/2014 07:45:00,0.01
20/04/2014 08:00:00,0.01
20/04/2014 08:15:00,0.01
20/04/2014 08:30:00,0.01
20/04/2014 08:45:00,0.01
20/04/2014 09:00:00,0.01
20/04/2014 09:15:00,0.01
20/04/2014 09:30:00,0.01
20/04/2014 09:45:00,0.01
20/04/2014 10:00:00,0.01
20/04/2014 10:15:00,0.01
20/04/2014 10:30:00,0.01
20/04/2014 10:45:00,0.01
20/04/2014 11:00:00,0.01
20/04/2014 11:15:00,0.01
20/04/2014 11:30:00,0.01
20/04/2014 11:45:00,0.01
20/04/2014 12:00:00,0.01
20/04/2014 12:15:00,0.01
20/04/2014 12:30:00,0.01
20/04/2014 12:45:00,0.01
20/04/2014 13:00:00,0.01
20/04/2014 13:15:00,0.01
20/04/2014 13:30:00,0.01
20/04/2014 13:45:00,0.01
20/04/2014 14:00:00,0.01
20/04/2014 14:15:00,0.01
20/04/2014 14:30:00,0.01
20/04/2014 14:45:00,0.01
20/04/2014 15:00:00,0.01
20/04/2014 15:15:00,0.01
20/04/2014 15:30:00,0.01
20/04/2014 15:45:00,0.01
20/04/2014 16:00:00,0.01
20/04/2014 16:15:00,0.01
20/04/2014 16:30:00,0.01
20/04/2014 16:45:00,0.01
20/04/2014 17:00:00,0.01
20/04/2014 17:15:00,0.01
20/04/2014 17:30:00,0.01
20/04/2014 17:45:00,0.01
20/04/2014 18:00:00,0.01
20/04/2014 18:15:00,0.01
20/04/2014 18:30:00,0.01
20/04/2014 18:45:00,0.01
20/04/2014 19:00:00,0.01
20/04/2014 19:15:00,0.011
20/04/2014 19:30:00,0.011
20/04/2014 19:45:00,0.0105333333333
20/04/2014 20:00:00,0.0100666666667
20/04/2014 20:15:00,0.0106
20/04/2014 20:30:00,0.011
20/04/2014 20:45:00,0.0101333333333
20/04/2014 21:00:00,0.01
20/04/2014 21:15:00,0.01
20/04/2014 21:30:00,0.01
20/04/2014 21:45:00,0.01
20/04/2014 22:00:00,0.360266666667
20/04/2014 22:15:00,0.303733333333
20/04/2014 22:30:00,0.0266666666667
20/04/2014 22:45:00,0.269
20/04/2014 23:00:00,0.278466666667
20/04/2014 23:15:00,0.100066666667
20/04/2014 23:30:00,0.171466666667
20/04/2014 23:45:00,0.256733333333
21/04/2014 00:00:00,0.01
21/04/2014 00:15:00,0.234933333333
21/04/2014 00:30:00,0.01
21/04/2014 00:45:00,0.01
21/04/2014 01:00:00,0.2162
21/04/2014 01:15:00,0.01
21/04/2014 01:30:00,0.01
21/04/2014 01:45:00,0.01
21/04/2014 02:00:00,0.01
21/04/2014 02:15:00,0.01
21/04/2014 02:30:00,0.01
21/04/2014 02:45:00,0.01
21/04/2014 03:00:00,0.01
21/04/2014 03:15:00,0.01
21/04/2014 03:30:00,0.01
21/04/2014 03:45:00,0.01
21/04/2014 04:00:00,0.01
21/04/2014 04:15:00,0.01
21/04/2014 04:30:00,0.01
21/04/2014 04:45:00,0.01
21/04/2014 05:00:00,0.0100666666667
21/04/2014 05:15:00,0.01
21/04/2014 05:30:00,0.01
21/04/2014 05:45:00,0.01
21/04/2014 06:00:00,0.01
21/04/2014 06:15:00,0.01
21/04/2014 06:30:00,0.01
21/04/2014 06:45:00,0.01
21/04/2014 07:00:00,0.01
21/04/2014 07:15:00,0.01
21/04/2014 07:30:00,0.01
21/04/2014 07:45:00,0.01
21/04/2014 08:00:00,0.01
21/04/2014 08:15:00,0.01
21/04/2014 08:30:00,0.01
21/04/2014 08:45:00,0.01
21/04/2014 09:00:00,0.01
21/04/2014 09:15:00,0.00973333333333
21/04/2014 09:30:00,0.01
21/04/2014 09:45:00,0.01
21/04/2014 10:00:00,0.01
21/04/2014 10:15:00,0.01
21/04/2014 10:30:00,0.01
21/04/2014 10:45:00,0.01
21/04/2014 11:00:00,0.00993333333333
21/04/2014 11:15:00,0.01
21/04/2014 11:30:00,0.00973333333333
21/04/2014 11:45:00,0.01
21/04/2014 12:00:00,0.233733333333
21/04/2014 12:15:00,0.186066666667
21/04/2014 12:30:00,0.0782
21/04/2014 12:45:00,0.3032
21/04/2014 13:00:00,0.322666666667
21/04/2014 13:15:00,0.1044
21/04/2014 13:30:00,0.281
21/04/2014 13:45:00,0.435533333333
21/04/2014 14:00:00,0.243866666667
21/04/2014 14:15:00,0.325266666667
21/04/2014 14:30:00,0.160533333333
21/04/2014 14:45:00,0.00926666666667
21/04/2014 15:00:00,0.00966666666667
21/04/2014 15:15:00,0.00953333333333
21/04/2014 15:30:00,0.01
21/04/2014 15:45:00,0.01
21/04/2014 16:00:00,0.1724
21/04/2014 16:15:00,0.168666666667
21/04/2014 16:30:00,0.503333333333
21/04/2014 16:45:00,0.167333333333
21/04/2014 17:00:00,0.6804
21/04/2014 17:15:00,0.680533333333
21/04/2014 17:30:00,0.6792
21/04/2014 17:45:00,0.4784
21/04/2014 18:00:00,0.01
21/04/2014 18:15:00,0.208466666667
21/04/2014 18:30:00,0.01
21/04/2014 18:45:00,0.01
21/04/2014 19:00:00,0.01
21/04/2014 19:15:00,0.01
21/04/2014 19:30:00,0.01
21/04/2014 19:45:00,0.01
21/04/2014 20:00:00,0.01
21/04/2014 20:15:00,0.01
21/04/2014 20:30:00,0.0101333333333
21/04/2014 20:45:00,0.4352
21/04/2014 21:00:00,0.172
21/04/2014 21:15:00,0.136133333333
21/04/2014 21:30:00,0.324333333333
21/04/2014 21:45:00,0.2656
21/04/2014 22:00:00,0.01
21/04/2014 22:15:00,0.01
21/04/2014 22:30:00,0.01
21/04/2014 22:45:00,0.01
21/04/2014 23:00:00,0.01
21/04/2014 23:15:00,0.01
21/04/2014 23:30:00,0.01
21/04/2014 23:45:00,0.01
22/04/2014 00:00:00,0.01
22/04/2014 00:15:00,0.01
22/04/2014 00:30:00,0.222466666667
22/04/2014 00:45:00,0.01
22/04/2014 01:00:00,0.01
22/04/2014 01:15:00,0.2116
22/04/2014 01:30:00,0.01
22/04/2014 01:45:00,0.01
22/04/2014 02:00:00,0.01
22/04/2014 02:15:00,0.01
22/04/2014 02:30:00,0.01
22/04/2014 02:45:00,0.0100666666667
22/04/2014 03:00:00,0.01
22/04/2014 03:15:00,0.01
22/04/2014 03:30:00,0.01
22/04/2014 03:45:00,0.01
22/04/2014 04:00:00,0.01
22/04/2014 04:15:00,0.01
22/04/2014 04:30:00,0.01
22/04/2014 04:45:00,0.01
22/04/2014 05:00:00,0.01
22/04/2014 05:15:00,0.01
22/04/2014 05:30:00,0.01
22/04/2014 05:45:00,0.01
22/04/2014 06:00:00,0.01
22/04/2014 06:15:00,0.01
22/04/2014 06:30:00,0.01
22/04/2014 06:45:00,0.01
22/04/2014 07:00:00,0.01
22/04/2014 07:15:00,0.01
22/04/2014 07:30:00,0.0100666666667
22/04/2014 07:45:00,0.01
22/04/2014 08:00:00,0.01
22/04/2014 08:15:00,0.01
22/04/2014 08:30:00,0.01
22/04/2014 08:45:00,0.01
22/04/2014 09:00:00,0.01
22/04/2014 09:15:00,0.01
22/04/2014 09:30:00,0.01
22/04/2014 09:45:00,0.01
22/04/2014 10:00:00,0.00966666666667
22/04/2014 10:15:00,0.01
22/04/2014 10:30:00,0.01
22/04/2014 10:45:00,0.0096
22/04/2014 11:00:00,0.00986666666667
22/04/2014 11:15:00,0.3142
22/04/2014 11:30:00,0.2808
22/04/2014 11:45:00,0.112666666667
22/04/2014 12:00:00,0.446266666667
22/04/2014 12:15:00,0.4478
22/04/2014 12:30:00,0.198133333333
22/04/2014 12:45:00,0.3962
22/04/2014 13:00:00,0.450333333333
22/04/2014 13:15:00,0.179666666667
22/04/2014 13:30:00,0.2562
22/04/2014 13:45:00,0.0820666666667
22/04/2014 14:00:00,0.308933333333
22/04/2014 14:15:00,0.364333333333
22/04/2014 14:30:00,0.201733333333
22/04/2014 14:45:00,0.4842
22/04/2014 15:00:00,0.596133333333
22/04/2014 15:15:00,0.532466666667
22/04/2014 15:30:00,0.442466666667
22/04/2014 15:45:00,0.682133333333
22/04/2014 16:00:00,0.707
22/04/2014 16:15:00,0.685733333333
22/04/2014 16:30:00,0.682266666667
22/04/2014 16:45:00,0.6828
22/04/2014 17:00:00,0.6824
22/04/2014 17:15:00,0.6824
22/04/2014 17:30:00,0.682533333333
22/04/2014 17:45:00,0.678733333333
22/04/2014 18:00:00,0.3962
22/04/2014 18:15:00,0.01
22/04/2014 18:30:00,0.368133333333
22/04/2014 18:45:00,0.352666666667
22/04/2014 19:00:00,0.354266666667
22/04/2014 19:15:00,0.518333333333
22/04/2014 19:30:00,0.414133333333
22/04/2014 19:45:00,0.0974
22/04/2014 20:00:00,0.468733333333
22/04/2014 20:15:00,0.2394
22/04/2014 20:30:00,0.189
22/04/2014 20:45:00,0.150666666667
22/04/2014 21:00:00,0.2614
22/04/2014 21:15:00,0.0728666666667
22/04/2014 21:30:00,0.7036
22/04/2014 21:45:00,0.1866
22/04/2014 22:00:00,0.259133333333
22/04/2014 22:15:00,0.4076
22/04/2014 22:30:00,0.267866666667
22/04/2014 22:45:00,0.1392
22/04/2014 23:00:00,0.379266666667
22/04/2014 23:15:00,0.320666666667
22/04/2014 23:30:00,0.149
22/04/2014 23:45:00,0.182
23/04/2014 00:00:00,0.329666666667
23/04/2014 00:15:00,0.250733333333
23/04/2014 00:30:00,0.0272666666667
23/04/2014 00:45:00,0.257133333333
23/04/2014 01:00:00,0.161333333333
23/04/2014 01:15:00,0.0952666666667
23/04/2014 01:30:00,0.226666666667
23/04/2014 01:45:00,0.0197333333333
23/04/2014 02:00:00,0.01
23/04/2014 02:15:00,0.251733333333
23/04/2014 02:30:00,0.01
23/04/2014 02:45:00,0.0100666666667
23/04/2014 03:00:00,0.220733333333
23/04/2014 03:15:00,0.01
23/04/2014 03:30:00,0.01
23/04/2014 03:45:00,0.01
23/04/2014 04:00:00,0.01
23/04/2014 04:15:00,0.01
23/04/2014 04:30:00,0.01
23/04/2014 04:45:00,0.01
23/04/2014 05:00:00,0.01
23/04/2014 05:15:00,0.01
23/04/2014 05:30:00,0.01
23/04/2014 05:45:00,0.01
23/04/2014 06:00:00,0.01
23/04/2014 06:15:00,0.01
23/04/2014 06:30:00,0.0100666666667
23/04/2014 06:45:00,0.01
23/04/2014 07:00:00,0.0100666666667
23/04/2014 07:15:00,0.01
23/04/2014 07:30:00,0.01
23/04/2014 07:45:00,0.01
23/04/2014 08:00:00,0.01
23/04/2014 08:15:00,0.01
23/04/2014 08:30:00,0.01
23/04/2014 08:45:00,0.01
23/04/2014 09:00:00,0.01
23/04/2014 09:15:00,0.01
23/04/2014 09:30:00,0.01
23/04/2014 09:45:00,0.01
23/04/2014 10:00:00,0.01
23/04/2014 10:15:00,0.01
23/04/2014 10:30:00,0.01
23/04/2014 10:45:00,0.00906666666667
23/04/2014 11:00:00,0.0096
23/04/2014 11:15:00,0.009
23/04/2014 11:30:00,0.00866666666667
23/04/2014 11:45:00,0.00946666666667
23/04/2014 12:00:00,0.242933333333
23/04/2014 12:15:00,0.0153333333333
23/04/2014 12:30:00,0.255866666667
23/04/2014 12:45:00,0.100066666667
23/04/2014 13:00:00,0.147466666667
23/04/2014 13:15:00,0.278466666667
23/04/2014 13:30:00,0.00926666666667
23/04/2014 13:45:00,0.285666666667
23/04/2014 14:00:00,0.198466666667
23/04/2014 14:15:00,0.107333333333
23/04/2014 14:30:00,0.460133333333
23/04/2014 14:45:00,0.238733333333
23/04/2014 15:00:00,0.2554
23/04/2014 15:15:00,0.590466666667
23/04/2014 15:30:00,0.267666666667
23/04/2014 15:45:00,0.406933333333
23/04/2014 16:00:00,0.59
23/04/2014 16:15:00,0.4526
23/04/2014 16:30:00,0.570466666667
23/04/2014 16:45:00,0.3016
23/04/2014 17:00:00,0.538933333333
23/04/2014 17:15:00,0.634066666667
23/04/2014 17:30:00,0.336866666667
23/04/2014 17:45:00,0.7274
23/04/2014 18:00:00,0.3424
23/04/2014 18:15:00,0.6068
23/04/2014 18:30:00,0.4048
23/04/2014 18:45:00,0.242533333333
23/04/2014 19:00:00,0.3238
23/04/2014 19:15:00,0.01
23/04/2014 19:30:00,0.2608
23/04/2014 19:45:00,0.140133333333
23/04/2014 20:00:00,0.390666666667
23/04/2014 20:15:00,0.01
23/04/2014 20:30:00,0.229733333333
23/04/2014 20:45:00,0.01
23/04/2014 21:00:00,0.248533333333
23/04/2014 21:15:00,0.01
23/04/2014 21:30:00,0.5626
23/04/2014 21:45:00,0.4252
23/04/2014 22:00:00,0.3904
23/04/2014 22:15:00,0.196266666667
23/04/2014 22:30:00,0.284066666667
23/04/2014 22:45:00,0.458266666667
23/04/2014 23:00:00,0.275933333333
23/04/2014 23:15:00,0.175066666667
23/04/2014 23:30:00,0.340733333333
23/04/2014 23:45:00,0.3646
24/04/2014 00:00:00,0.204333333333
24/04/2014 00:15:00,0.176866666667
24/04/2014 00:30:00,0.3002
24/04/2014 00:45:00,0.246733333333
24/04/2014 01:00:00,0.0444666666667
24/04/2014 01:15:00,0.2628
24/04/2014 01:30:00,0.0379333333333
24/04/2014 01:45:00,0.216333333333
24/04/2014 02:00:00,0.01
24/04/2014 02:15:00,0.228466666667
24/04/2014 02:30:00,0.01
24/04/2014 02:45:00,0.236933333333
24/04/2014 03:00:00,0.01
24/04/2014 03:15:00,0.01
24/04/2014 03:30:00,0.01
24/04/2014 03:45:00,0.01
24/04/2014 04:00:00,0.0603333333333
24/04/2014 04:15:00,0.1634
24/04/2014 04:30:00,0.01
24/04/2014 04:45:00,0.01
24/04/2014 05:00:00,0.01
24/04/2014 05:15:00,0.01
24/04/2014 05:30:00,0.01
24/04/2014 05:45:00,0.01
24/04/2014 06:00:00,0.01
24/04/2014 06:15:00,0.01
24/04/2014 06:30:00,0.01
24/04/2014 06:45:00,0.01
24/04/2014 07:00:00,0.01
24/04/2014 07:15:00,0.01
24/04/2014 07:30:00,0.01
24/04/2014 07:45:00,0.01
24/04/2014 08:00:00,0.0101333333333
24/04/2014 08:15:00,0.01
24/04/2014 08:30:00,0.3554
24/04/2014 08:45:00,0.287
24/04/2014 09:00:00,0.0794666666667
24/04/2014 09:15:00,0.283066666667
24/04/2014 09:30:00,0.306466666667
24/04/2014 09:45:00,0.124133333333
24/04/2014 10:00:00,0.183733333333
24/04/2014 10:15:00,0.313533333333
24/04/2014 10:30:00,0.331866666667
24/04/2014 10:45:00,0.0719333333333
24/04/2014 11:00:00,0.305733333333
24/04/2014 11:15:00,0.367066666667
24/04/2014 11:30:00,0.182066666667
24/04/2014 11:45:00,0.183133333333
24/04/2014 12:00:00,0.377266666667
24/04/2014 12:15:00,0.404466666667
24/04/2014 12:30:00,0.175266666667
24/04/2014 12:45:00,0.354866666667
24/04/2014 13:00:00,0.451066666667
24/04/2014 13:15:00,0.2648
24/04/2014 13:30:00,0.209133333333
24/04/2014 13:45:00,0.01
24/04/2014 14:00:00,0.01
24/04/2014 14:15:00,0.01
24/04/2014 14:30:00,0.01
24/04/2014 14:45:00,0.01
24/04/2014 15:00:00,0.4564
24/04/2014 15:15:00,0.2986
24/04/2014 15:30:00,0.286933333333
24/04/2014 15:45:00,0.6174
24/04/2014 16:00:00,0.261066666667
24/04/2014 16:15:00,0.481266666667
24/04/2014 16:30:00,0.625266666667
24/04/2014 16:45:00,0.423466666667
24/04/2014 17:00:00,0.4016
24/04/2014 17:15:00,0.718333333333
24/04/2014 17:30:00,0.726533333333
24/04/2014 17:45:00,0.7058
24/04/2014 18:00:00,0.7034
24/04/2014 18:15:00,0.7178
24/04/2014 18:30:00,0.678066666667
24/04/2014 18:45:00,0.429466666667
24/04/2014 19:00:00,0.3354
24/04/2014 19:15:00,0.1868
24/04/2014 19:30:00,0.323733333333
24/04/2014 19:45:00,0.1356
24/04/2014 20:00:00,0.6226
24/04/2014 20:15:00,0.149466666667
24/04/2014 20:30:00,0.211333333333
24/04/2014 20:45:00,0.354266666667
24/04/2014 21:00:00,0.596466666667
24/04/2014 21:15:00,0.576133333333
24/04/2014 21:30:00,0.163933333333
24/04/2014 21:45:00,0.5426
24/04/2014 22:00:00,0.396466666667
24/04/2014 22:15:00,0.1962
24/04/2014 22:30:00,0.428333333333
24/04/2014 22:45:00,0.433666666667
24/04/2014 23:00:00,0.1416
24/04/2014 23:15:00,0.252266666667
24/04/2014 23:30:00,0.377666666667
24/04/2014 23:45:00,0.326666666667
25/04/2014 00:00:00,0.0681333333333
25/04/2014 00:15:00,0.304666666667
25/04/2014 00:30:00,0.2856
25/04/2014 00:45:00,0.0210666666667
25/04/2014 01:00:00,0.252
25/04/2014 01:15:00,0.204733333333
25/04/2014 01:30:00,0.0494
25/04/2014 01:45:00,0.208
25/04/2014 02:00:00,0.0528
25/04/2014 02:15:00,0.116866666667
25/04/2014 02:30:00,0.128533333333
25/04/2014 02:45:00,0.01
25/04/2014 03:00:00,0.223733333333
25/04/2014 03:15:00,0.01
25/04/2014 03:30:00,0.01
25/04/2014 03:45:00,0.01
25/04/2014 04:00:00,0.216933333333
25/04/2014 04:15:00,0.01
25/04/2014 04:30:00,0.01
25/04/2014 04:45:00,0.01
25/04/2014 05:00:00,0.01
25/04/2014 05:15:00,0.01
25/04/2014 05:30:00,0.01
25/04/2014 05:45:00,0.209133333333
25/04/2014 06:00:00,0.01
25/04/2014 06:15:00,0.01
25/04/2014 06:30:00,0.01
25/04/2014 06:45:00,0.01
25/04/2014 07:00:00,0.01
25/04/2014 07:15:00,0.01
25/04/2014 07:30:00,0.01
25/04/2014 07:45:00,0.01
25/04/2014 08:00:00,0.01
25/04/2014 08:15:00,0.01
25/04/2014 08:30:00,0.01
25/04/2014 08:45:00,0.01
25/04/2014 09:00:00,0.01
25/04/2014 09:15:00,0.01
25/04/2014 09:30:00,0.01
25/04/2014 09:45:00,0.00986666666667
25/04/2014 10:00:00,0.01
25/04/2014 10:15:00,0.01
25/04/2014 10:30:00,0.287666666667
25/04/2014 10:45:00,0.0986666666667
25/04/2014 11:00:00,0.212533333333
25/04/2014 11:15:00,0.3738
25/04/2014 11:30:00,0.29
25/04/2014 11:45:00,0.0804666666667
25/04/2014 12:00:00,0.362933333333
25/04/2014 12:15:00,0.335266666667
25/04/2014 12:30:00,0.2788
25/04/2014 12:45:00,0.1342
25/04/2014 13:00:00,0.2892
25/04/2014 13:15:00,0.360666666667
25/04/2014 13:30:00,0.364266666667
25/04/2014 13:45:00,0.179
25/04/2014 14:00:00,0.339933333333
25/04/2014 14:15:00,0.579266666667
25/04/2014 14:30:00,0.374666666667
25/04/2014 14:45:00,0.7396
25/04/2014 15:00:00,0.436066666667
25/04/2014 15:15:00,0.7418
25/04/2014 15:30:00,0.605066666667
25/04/2014 15:45:00,0.657666666667
25/04/2014 16:00:00,0.716
25/04/2014 16:15:00,0.5548
25/04/2014 16:30:00,0.7416
25/04/2014 16:45:00,0.720733333333
25/04/2014 17:00:00,0.742133333333
25/04/2014 17:15:00,0.741733333333
25/04/2014 17:30:00,0.7412
25/04/2014 17:45:00,0.743066666667
25/04/2014 18:00:00,0.7384
25/04/2014 18:15:00,0.737866666667
25/04/2014 18:30:00,0.740266666667
25/04/2014 18:45:00,0.7262
25/04/2014 19:00:00,0.735866666667
25/04/2014 19:15:00,0.6942
25/04/2014 19:30:00,0.371333333333
25/04/2014 19:45:00,0.352933333333
25/04/2014 20:00:00,0.0380666666667
25/04/2014 20:15:00,0.290333333333
25/04/2014 20:30:00,0.341666666667
25/04/2014 20:45:00,0.2308
25/04/2014 21:00:00,0.5526
25/04/2014 21:15:00,0.6792
25/04/2014 21:30:00,0.0724
25/04/2014 21:45:00,0.694
25/04/2014 22:00:00,0.256866666667
25/04/2014 22:15:00,0.291266666667
25/04/2014 22:30:00,0.541266666667
25/04/2014 22:45:00,0.201533333333
25/04/2014 23:00:00,0.304466666667
25/04/2014 23:15:00,0.408866666667
25/04/2014 23:30:00,0.236866666667
25/04/2014 23:45:00,0.185466666667
26/04/2014 00:00:00,0.428466666667
26/04/2014 00:15:00,0.274733333333
26/04/2014 00:30:00,0.0771333333333
26/04/2014 00:45:00,0.311
26/04/2014 01:00:00,0.2186
26/04/2014 01:15:00,0.0770666666667
26/04/2014 01:30:00,0.252266666667
26/04/2014 01:45:00,0.01
26/04/2014 02:00:00,0.234466666667
26/04/2014 02:15:00,0.0122666666667
26/04/2014 02:30:00,0.2462
26/04/2014 02:45:00,0.01
26/04/2014 03:00:00,0.2306
26/04/2014 03:15:00,0.01
26/04/2014 03:30:00,0.2236
26/04/2014 03:45:00,0.01
26/04/2014 04:00:00,0.01
26/04/2014 04:15:00,0.217466666667
26/04/2014 04:30:00,0.01
26/04/2014 04:45:00,0.01
26/04/2014 05:00:00,0.216066666667
26/04/2014 05:15:00,0.01
26/04/2014 05:30:00,0.01
26/04/2014 05:45:00,0.215333333333
26/04/2014 06:00:00,0.01
26/04/2014 06:15:00,0.147866666667
26/04/2014 06:30:00,0.107666666667
26/04/2014 06:45:00,0.0344666666667
26/04/2014 07:00:00,0.2088
26/04/2014 07:15:00,0.00973333333333
26/04/2014 07:30:00,0.244266666667
26/04/2014 07:45:00,0.01
26/04/2014 08:00:00,0.248466666667
26/04/2014 08:15:00,0.01
26/04/2014 08:30:00,0.0265333333333
26/04/2014 08:45:00,0.2318
26/04/2014 09:00:00,0.01
26/04/2014 09:15:00,0.251666666667
26/04/2014 09:30:00,0.0098
26/04/2014 09:45:00,0.221533333333
26/04/2014 10:00:00,0.0101333333333
26/04/2014 10:15:00,0.220933333333
26/04/2014 10:30:00,0.01
26/04/2014 10:45:00,0.251066666667
26/04/2014 11:00:00,0.01
26/04/2014 11:15:00,0.2396
26/04/2014 11:30:00,0.01
26/04/2014 11:45:00,0.242933333333
26/04/2014 12:00:00,0.0526666666667
26/04/2014 12:15:00,0.219
26/04/2014 12:30:00,0.127466666667
26/04/2014 12:45:00,0.133
26/04/2014 13:00:00,0.2432
26/04/2014 13:15:00,0.0363333333333
26/04/2014 13:30:00,0.273466666667
26/04/2014 13:45:00,0.0722
26/04/2014 14:00:00,0.163666666667
26/04/2014 14:15:00,0.01
26/04/2014 14:30:00,0.01
26/04/2014 14:45:00,0.01
26/04/2014 15:00:00,0.01
26/04/2014 15:15:00,0.01
26/04/2014 15:30:00,0.01
26/04/2014 15:45:00,0.01
26/04/2014 16:00:00,0.01
26/04/2014 16:15:00,0.01
26/04/2014 16:30:00,0.404733333333
26/04/2014 16:45:00,0.0661333333333
26/04/2014 17:00:00,0.5156
26/04/2014 17:15:00,0.2604
26/04/2014 17:30:00,0.360933333333
26/04/2014 17:45:00,0.130666666667
26/04/2014 18:00:00,0.434466666667
26/04/2014 18:15:00,0.0378
26/04/2014 18:30:00,0.5152
26/04/2014 18:45:00,0.2554
26/04/2014 19:00:00,0.201933333333
26/04/2014 19:15:00,0.2656
26/04/2014 19:30:00,0.0176666666667
26/04/2014 19:45:00,0.231866666667
26/04/2014 20:00:00,0.01
26/04/2014 20:15:00,0.00933333333333
26/04/2014 20:30:00,0.00913333333333
26/04/2014 20:45:00,0.419066666667
26/04/2014 21:00:00,0.377133333333
26/04/2014 21:15:00,0.499066666667
26/04/2014 21:30:00,0.275133333333
26/04/2014 21:45:00,0.2554
26/04/2014 22:00:00,0.558133333333
26/04/2014 22:15:00,0.227666666667
26/04/2014 22:30:00,0.3048
26/04/2014 22:45:00,0.4912
26/04/2014 23:00:00,0.1962
26/04/2014 23:15:00,0.244266666667
26/04/2014 23:30:00,0.411866666667
26/04/2014 23:45:00,0.2112
27/04/2014 00:00:00,0.207333333333
27/04/2014 00:15:00,0.402666666667
27/04/2014 00:30:00,0.351466666667
27/04/2014 00:45:00,0.107133333333
27/04/2014 01:00:00,0.257
27/04/2014 01:15:00,0.292066666667
27/04/2014 01:30:00,0.192266666667
27/04/2014 01:45:00,0.0878
27/04/2014 02:00:00,0.278333333333
27/04/2014 02:15:00,0.240266666667
27/04/2014 02:30:00,0.0624666666667
27/04/2014 02:45:00,0.2748
27/04/2014 03:00:00,0.01
27/04/2014 03:15:00,0.268133333333
27/04/2014 03:30:00,0.152266666667
27/04/2014 03:45:00,0.107333333333
27/04/2014 04:00:00,0.238466666667
27/04/2014 04:15:00,0.01
27/04/2014 04:30:00,0.230466666667
27/04/2014 04:45:00,0.01
27/04/2014 05:00:00,0.2268
27/04/2014 05:15:00,0.01
27/04/2014 05:30:00,0.2274
27/04/2014 05:45:00,0.0887333333333
27/04/2014 06:00:00,0.1522
27/04/2014 06:15:00,0.199733333333
27/04/2014 06:30:00,0.0369333333333
27/04/2014 06:45:00,0.2272
27/04/2014 07:00:00,0.01
27/04/2014 07:15:00,0.0092
27/04/2014 07:30:00,0.00946666666667
27/04/2014 07:45:00,0.238466666667
27/04/2014 08:00:00,0.150733333333
27/04/2014 08:15:00,0.106533333333
27/04/2014 08:30:00,0.289
27/04/2014 08:45:00,0.291933333333
27/04/2014 09:00:00,0.0478666666667
27/04/2014 09:15:00,0.318
27/04/2014 09:30:00,0.2886
27/04/2014 09:45:00,0.0441333333333
27/04/2014 10:00:00,0.275
27/04/2014 10:15:00,0.3182
27/04/2014 10:30:00,0.149866666667
27/04/2014 10:45:00,0.1974
27/04/2014 11:00:00,0.333466666667
27/04/2014 11:15:00,0.01
27/04/2014 11:30:00,0.0103333333333
27/04/2014 11:45:00,0.0100666666667
27/04/2014 12:00:00,0.01
27/04/2014 12:15:00,0.01
27/04/2014 12:30:00,0.01
27/04/2014 12:45:00,0.144733333333
27/04/2014 13:00:00,0.0967333333333
27/04/2014 13:15:00,0.398533333333
27/04/2014 13:30:00,0.1132
27/04/2014 13:45:00,0.443066666667
27/04/2014 14:00:00,0.502933333333
27/04/2014 14:15:00,0.271933333333
27/04/2014 14:30:00,0.343866666667
27/04/2014 14:45:00,0.650266666667
27/04/2014 15:00:00,0.327133333333
27/04/2014 15:15:00,0.561066666667
27/04/2014 15:30:00,0.253133333333
27/04/2014 15:45:00,0.7032
27/04/2014 16:00:00,0.702
27/04/2014 16:15:00,0.681266666667
27/04/2014 16:30:00,0.6728
27/04/2014 16:45:00,0.521266666667
27/04/2014 17:00:00,0.682666666667
27/04/2014 17:15:00,0.6902
27/04/2014 17:30:00,0.709466666667
27/04/2014 17:45:00,0.701333333333
27/04/2014 18:00:00,0.689066666667
27/04/2014 18:15:00,0.701733333333
27/04/2014 18:30:00,0.715266666667
27/04/2014 18:45:00,0.6968
27/04/2014 19:00:00,0.3192
27/04/2014 19:15:00,0.477866666667
27/04/2014 19:30:00,0.460533333333
27/04/2014 19:45:00,0.2218
27/04/2014 20:00:00,0.387466666667
27/04/2014 20:15:00,0.381333333333
27/04/2014 20:30:00,0.1834
27/04/2014 20:45:00,0.199266666667
27/04/2014 21:00:00,0.3346
27/04/2014 21:15:00,0.673266666667
27/04/2014 21:30:00,0.674
27/04/2014 21:45:00,0.130066666667
27/04/2014 22:00:00,0.387666666667
27/04/2014 22:15:00,0.336466666667
27/04/2014 22:30:00,0.449666666667
27/04/2014 22:45:00,0.407866666667
27/04/2014 23:00:00,0.357133333333
27/04/2014 23:15:00,0.544066666667
27/04/2014 23:30:00,0.0526
27/04/2014 23:45:00,0.620066666667
28/04/2014 00:00:00,0.219133333333
28/04/2014 00:15:00,0.353133333333
28/04/2014 00:30:00,0.4696
28/04/2014 00:45:00,0.2456
28/04/2014 01:00:00,0.159666666667
28/04/2014 01:15:00,0.3548
28/04/2014 01:30:00,0.382066666667
28/04/2014 01:45:00,0.167133333333
28/04/2014 02:00:00,0.198466666667
28/04/2014 02:15:00,0.2856
28/04/2014 02:30:00,0.250866666667
28/04/2014 02:45:00,0.0790666666667
28/04/2014 03:00:00,0.313
28/04/2014 03:15:00,0.190266666667
28/04/2014 03:30:00,0.1204
28/04/2014 03:45:00,0.284733333333
28/04/2014 04:00:00,0.0696
28/04/2014 04:15:00,0.2062
28/04/2014 04:30:00,0.258533333333
28/04/2014 04:45:00,0.01
28/04/2014 05:00:00,0.247733333333
28/04/2014 05:15:00,0.0838666666667
28/04/2014 05:30:00,0.164
28/04/2014 05:45:00,0.181133333333
28/04/2014 06:00:00,0.01
28/04/2014 06:15:00,0.01
28/04/2014 06:30:00,0.01
28/04/2014 06:45:00,0.01
28/04/2014 07:00:00,0.01
28/04/2014 07:15:00,0.01
28/04/2014 07:30:00,0.01
28/04/2014 07:45:00,0.01
28/04/2014 08:00:00,0.01
28/04/2014 08:15:00,0.01
28/04/2014 08:30:00,0.01
28/04/2014 08:45:00,0.01
28/04/2014 09:00:00,0.00946666666667
28/04/2014 09:15:00,0.00973333333333
28/04/2014 09:30:00,0.238133333333
28/04/2014 09:45:00,0.246466666667
28/04/2014 10:00:00,0.341533333333
28/04/2014 10:15:00,0.295
28/04/2014 10:30:00,0.165066666667
28/04/2014 10:45:00,0.3982
28/04/2014 11:00:00,0.487933333333
28/04/2014 11:15:00,0.222333333333
28/04/2014 11:30:00,0.313466666667
28/04/2014 11:45:00,0.437133333333
28/04/2014 12:00:00,0.00926666666667
28/04/2014 12:15:00,0.264733333333
28/04/2014 12:30:00,0.1798
28/04/2014 12:45:00,0.308466666667
28/04/2014 13:00:00,0.499266666667
28/04/2014 13:15:00,0.254733333333
28/04/2014 13:30:00,0.2842
28/04/2014 13:45:00,0.487933333333
28/04/2014 14:00:00,0.291666666667
28/04/2014 14:15:00,0.1486
28/04/2014 14:30:00,0.3098
28/04/2014 14:45:00,0.0563333333333
28/04/2014 15:00:00,0.2512
28/04/2014 15:15:00,0.365333333333
28/04/2014 15:30:00,0.32
28/04/2014 15:45:00,0.2878
28/04/2014 16:00:00,0.7074
28/04/2014 16:15:00,0.4638
28/04/2014 16:30:00,0.699
28/04/2014 16:45:00,0.714
28/04/2014 17:00:00,0.7156
28/04/2014 17:15:00,0.394333333333
28/04/2014 17:30:00,0.699466666667
28/04/2014 17:45:00,0.719066666667
28/04/2014 18:00:00,0.416333333333
28/04/2014 18:15:00,0.7192
28/04/2014 18:30:00,0.720666666667
28/04/2014 18:45:00,0.378933333333
28/04/2014 19:00:00,0.5822
28/04/2014 19:15:00,0.2646
28/04/2014 19:30:00,0.539066666667
28/04/2014 19:45:00,0.3388
28/04/2014 20:00:00,0.322266666667
28/04/2014 20:15:00,0.391333333333
28/04/2014 20:30:00,0.4096
28/04/2014 20:45:00,0.344133333333
28/04/2014 21:00:00,0.142266666667
28/04/2014 21:15:00,0.538866666667
28/04/2014 21:30:00,0.329133333333
28/04/2014 21:45:00,0.251733333333
28/04/2014 22:00:00,0.511266666667
28/04/2014 22:15:00,0.3454
28/04/2014 22:30:00,0.128333333333
28/04/2014 22:45:00,0.381333333333
28/04/2014 23:00:00,0.390866666667
28/04/2014 23:15:00,0.175666666667
28/04/2014 23:30:00,0.223
28/04/2014 23:45:00,0.330866666667
29/04/2014 00:00:00,0.138133333333
29/04/2014 00:15:00,0.173
29/04/2014 00:30:00,0.265466666667
29/04/2014 00:45:00,0.01
29/04/2014 01:00:00,0.2456
29/04/2014 01:15:00,0.01
29/04/2014 01:30:00,0.224066666667
29/04/2014 01:45:00,0.01
29/04/2014 02:00:00,0.0654666666667
29/04/2014 02:15:00,0.17
29/04/2014 02:30:00,0.01
29/04/2014 02:45:00,0.01
29/04/2014 03:00:00,0.01
29/04/2014 03:15:00,0.01
29/04/2014 03:30:00,0.01
29/04/2014 03:45:00,0.01
29/04/2014 04:00:00,0.208866666667
29/04/2014 04:15:00,0.01
29/04/2014 04:30:00,0.01
29/04/2014 04:45:00,0.01
29/04/2014 05:00:00,0.01
29/04/2014 05:15:00,0.01
29/04/2014 05:30:00,0.01
29/04/2014 05:45:00,0.01
29/04/2014 06:00:00,0.01
29/04/2014 06:15:00,0.01
29/04/2014 06:30:00,0.00986666666667
29/04/2014 06:45:00,0.00986666666667
29/04/2014 07:00:00,0.01
29/04/2014 07:15:00,0.01
29/04/2014 07:30:00,0.01
29/04/2014 07:45:00,0.01
29/04/2014 08:00:00,0.0101333333333
29/04/2014 08:15:00,0.01
29/04/2014 08:30:00,0.01
29/04/2014 08:45:00,0.01
29/04/2014 09:00:00,0.0098
29/04/2014 09:15:00,0.01
29/04/2014 09:30:00,0.01
29/04/2014 09:45:00,0.01
29/04/2014 10:00:00,0.01
29/04/2014 10:15:00,0.01
29/04/2014 10:30:00,0.00926666666667
29/04/2014 10:45:00,0.225733333333
29/04/2014 11:00:00,0.00973333333333
29/04/2014 11:15:00,0.229
29/04/2014 11:30:00,0.01
29/04/2014 11:45:00,0.236533333333
29/04/2014 12:00:00,0.01
29/04/2014 12:15:00,0.236466666667
29/04/2014 12:30:00,0.129933333333
29/04/2014 12:45:00,0.162133333333
29/04/2014 13:00:00,0.285866666667
29/04/2014 13:15:00,0.210266666667
29/04/2014 13:30:00,0.107866666667
29/04/2014 13:45:00,0.318666666667
29/04/2014 14:00:00,0.2916
29/04/2014 14:15:00,0.1514
29/04/2014 14:30:00,0.168066666667
29/04/2014 14:45:00,0.326333333333
29/04/2014 15:00:00,0.386733333333
29/04/2014 15:15:00,0.717533333333
29/04/2014 15:30:00,0.701066666667
29/04/2014 15:45:00,0.238466666667
29/04/2014 16:00:00,0.7574
29/04/2014 16:15:00,0.489466666667
29/04/2014 16:30:00,0.755866666667
29/04/2014 16:45:00,0.745
29/04/2014 17:00:00,0.526733333333
29/04/2014 17:15:00,0.755266666667
29/04/2014 17:30:00,0.756133333333
29/04/2014 17:45:00,0.520066666667
29/04/2014 18:00:00,0.754
29/04/2014 18:15:00,0.5714
29/04/2014 18:30:00,0.727733333333
29/04/2014 18:45:00,0.215
29/04/2014 19:00:00,0.0104666666667
29/04/2014 19:15:00,0.011
29/04/2014 19:30:00,0.0101333333333
29/04/2014 19:45:00,0.01
29/04/2014 20:00:00,0.01
29/04/2014 20:15:00,0.01
29/04/2014 20:30:00,0.00986666666667
29/04/2014 20:45:00,0.250066666667
29/04/2014 21:00:00,0.01
29/04/2014 21:15:00,0.1398
29/04/2014 21:30:00,0.108
29/04/2014 21:45:00,0.0986
29/04/2014 22:00:00,0.136066666667
29/04/2014 22:15:00,0.01
29/04/2014 22:30:00,0.222466666667
29/04/2014 22:45:00,0.01
29/04/2014 23:00:00,0.01
29/04/2014 23:15:00,0.01
29/04/2014 23:30:00,0.01
29/04/2014 23:45:00,0.215733333333
30/04/2014 00:00:00,0.01
30/04/2014 00:15:00,0.01
30/04/2014 00:30:00,0.01
30/04/2014 00:45:00,0.01
30/04/2014 01:00:00,0.01
30/04/2014 01:15:00,0.01
30/04/2014 01:30:00,0.01
30/04/2014 01:45:00,0.01
30/04/2014 02:00:00,0.01
30/04/2014 02:15:00,0.01
30/04/2014 02:30:00,0.01
30/04/2014 02:45:00,0.541866666667
30/04/2014 03:00:00,0.0422
30/04/2014 03:15:00,0.2882
30/04/2014 03:30:00,0.300933333333
30/04/2014 03:45:00,0.0847333333333
30/04/2014 04:00:00,0.222533333333
30/04/2014 04:15:00,0.266933333333
30/04/2014 04:30:00,0.0384
30/04/2014 04:45:00,0.238133333333
30/04/2014 05:00:00,0.01
30/04/2014 05:15:00,0.246066666667
30/04/2014 05:30:00,0.01
30/04/2014 05:45:00,0.01
30/04/2014 06:00:00,0.01
30/04/2014 06:15:00,0.01
30/04/2014 06:30:00,0.01
30/04/2014 06:45:00,0.01
30/04/2014 07:00:00,0.01
30/04/2014 07:15:00,0.01
30/04/2014 07:30:00,0.0101333333333
30/04/2014 07:45:00,0.01
30/04/2014 08:00:00,0.01
30/04/2014 08:15:00,0.01
30/04/2014 08:30:00,0.00933333333333
30/04/2014 08:45:00,0.00993333333333
30/04/2014 09:00:00,0.00966666666667
30/04/2014 09:15:00,0.00946666666667
30/04/2014 09:30:00,0.00893333333333
30/04/2014 09:45:00,0.00986666666667
30/04/2014 10:00:00,0.01
30/04/2014 10:15:00,0.00973333333333
30/04/2014 10:30:00,0.00966666666667
30/04/2014 10:45:00,0.0092
30/04/2014 11:00:00,0.00966666666667
30/04/2014 11:15:00,0.00986666666667
30/04/2014 11:30:00,0.0096
30/04/2014 11:45:00,0.0094
30/04/2014 12:00:00,0.00986666666667
30/04/2014 12:15:00,0.00966666666667
30/04/2014 12:30:00,0.00953333333333
30/04/2014 12:45:00,0.00926666666667
30/04/2014 13:00:00,0.00933333333333
30/04/2014 13:15:00,0.0096
30/04/2014 13:30:00,0.0098
30/04/2014 13:45:00,0.0096
30/04/2014 14:00:00,0.00933333333333
30/04/2014 14:15:00,0.0094
30/04/2014 14:30:00,0.00893333333333
30/04/2014 14:45:00,0.0096
30/04/2014 15:00:00,0.00933333333333
30/04/2014 15:15:00,0.00913333333333
30/04/2014 15:30:00,0.00973333333333
30/04/2014 15:45:00,0.00973333333333
30/04/2014 16:00:00,0.00953333333333
30/04/2014 16:15:00,0.00926666666667
30/04/2014 16:30:00,0.00986666666667
30/04/2014 16:45:00,0.00886666666667
30/04/2014 17:00:00,0.00926666666667
30/04/2014 17:15:00,0.2456
30/04/2014 17:30:00,0.0868666666667
30/04/2014 17:45:00,0.183133333333
30/04/2014 18:00:00,0.283466666667
30/04/2014 18:15:00,0.0102666666667
30/04/2014 18:30:00,0.290466666667
30/04/2014 18:45:00,0.268733333333
30/04/2014 19:00:00,0.01
30/04/2014 19:15:00,0.277733333333
30/04/2014 19:30:00,0.252
30/04/2014 19:45:00,0.0100666666667
30/04/2014 20:00:00,0.0103333333333
30/04/2014 20:15:00,0.2202
30/04/2014 20:30:00,0.0102666666667
30/04/2014 20:45:00,0.011
30/04/2014 21:00:00,0.011
30/04/2014 21:15:00,0.0104
30/04/2014 21:30:00,0.0105333333333
30/04/2014 21:45:00,0.0109333333333
30/04/2014 22:00:00,0.011
30/04/2014 22:15:00,0.011
30/04/2014 22:30:00,0.0107333333333
30/04/2014 22:45:00,0.01
30/04/2014 23:00:00,0.01
30/04/2014 23:15:00,0.01
30/04/2014 23:30:00,0.01
30/04/2014 23:45:00,0.01
01/05/2014 00:00:00,0.01
01/05/2014 00:15:00,0.01
01/05/2014 00:30:00,0.01
01/05/2014 00:45:00,0.01
01/05/2014 01:00:00,0.01
01/05/2014 01:15:00,0.01
01/05/2014 01:30:00,0.01
01/05/2014 01:45:00,0.01
01/05/2014 02:00:00,0.01
01/05/2014 02:15:00,0.01
01/05/2014 02:30:00,0.01
01/05/2014 02:45:00,0.01
01/05/2014 03:00:00,0.01
01/05/2014 03:15:00,0.01
01/05/2014 03:30:00,0.01
01/05/2014 03:45:00,0.01
01/05/2014 04:00:00,0.01
01/05/2014 04:15:00,0.01
01/05/2014 04:30:00,0.01
01/05/2014 04:45:00,0.01
01/05/2014 05:00:00,0.01
01/05/2014 05:15:00,0.01
01/05/2014 05:30:00,0.01
01/05/2014 05:45:00,0.01
01/05/2014 06:00:00,0.01
01/05/2014 06:15:00,0.01
01/05/2014 06:30:00,0.01
01/05/2014 06:45:00,0.01
01/05/2014 07:00:00,0.01
01/05/2014 07:15:00,0.0100666666667
01/05/2014 07:30:00,0.01
01/05/2014 07:45:00,0.01
01/05/2014 08:00:00,0.01
01/05/2014 08:15:00,0.01
01/05/2014 08:30:00,0.01
01/05/2014 08:45:00,0.01
01/05/2014 09:00:00,0.01
01/05/2014 09:15:00,0.01
01/05/2014 09:30:00,0.01
01/05/2014 09:45:00,0.01
01/05/2014 10:00:00,0.01
01/05/2014 10:15:00,0.01
01/05/2014 10:30:00,0.01
01/05/2014 10:45:00,0.01
01/05/2014 11:00:00,0.01
01/05/2014 11:15:00,0.01
01/05/2014 11:30:00,0.01
01/05/2014 11:45:00,0.01
01/05/2014 12:00:00,0.01
01/05/2014 12:15:00,0.01
01/05/2014 12:30:00,0.01
01/05/2014 12:45:00,0.01
01/05/2014 13:00:00,0.01
01/05/2014 13:15:00,0.01
01/05/2014 13:30:00,0.01
01/05/2014 13:45:00,0.01
01/05/2014 14:00:00,0.01
01/05/2014 14:15:00,0.01
01/05/2014 14:30:00,0.01
01/05/2014 14:45:00,0.01
01/05/2014 15:00:00,0.01
01/05/2014 15:15:00,0.01
01/05/2014 15:30:00,0.227533333333
01/05/2014 15:45:00,0.0978666666667
01/05/2014 16:00:00,0.4028
01/05/2014 16:15:00,0.439866666667
01/05/2014 16:30:00,0.209933333333
01/05/2014 16:45:00,0.0910666666667
01/05/2014 17:00:00,0.281
01/05/2014 17:15:00,0.289
01/05/2014 17:30:00,0.0458
01/05/2014 17:45:00,0.2596
01/05/2014 18:00:00,0.2538
01/05/2014 18:15:00,0.01
01/05/2014 18:30:00,0.01
01/05/2014 18:45:00,0.266866666667
01/05/2014 19:00:00,0.104
01/05/2014 19:15:00,0.164
01/05/2014 19:30:00,0.242533333333
01/05/2014 19:45:00,0.0102666666667
01/05/2014 20:00:00,0.01
01/05/2014 20:15:00,0.403933333333
01/05/2014 20:30:00,0.011
01/05/2014 20:45:00,0.242133333333
01/05/2014 21:00:00,0.226
01/05/2014 21:15:00,0.252733333333
01/05/2014 21:30:00,0.365866666667
01/05/2014 21:45:00,0.217133333333
01/05/2014 22:00:00,0.1082
01/05/2014 22:15:00,0.33
01/05/2014 22:30:00,0.291333333333
01/05/2014 22:45:00,0.0958666666667
01/05/2014 23:00:00,0.2012
01/05/2014 23:15:00,0.291066666667
01/05/2014 23:30:00,0.01
01/05/2014 23:45:00,0.2394
02/05/2014 00:00:00,0.01
02/05/2014 00:15:00,0.2238
02/05/2014 00:30:00,0.01
02/05/2014 00:45:00,0.01
02/05/2014 01:00:00,0.01
02/05/2014 01:15:00,0.01
02/05/2014 01:30:00,0.01
02/05/2014 01:45:00,0.01
02/05/2014 02:00:00,0.01
02/05/2014 02:15:00,0.01
02/05/2014 02:30:00,0.215133333333
02/05/2014 02:45:00,0.01
02/05/2014 03:00:00,0.01
02/05/2014 03:15:00,0.01
02/05/2014 03:30:00,0.01
02/05/2014 03:45:00,0.01
02/05/2014 04:00:00,0.01
02/05/2014 04:15:00,0.01
02/05/2014 04:30:00,0.01
02/05/2014 04:45:00,0.01
02/05/2014 05:00:00,0.01
02/05/2014 05:15:00,0.01
02/05/2014 05:30:00,0.01
02/05/2014 05:45:00,0.01
02/05/2014 06:00:00,0.01
02/05/2014 06:15:00,0.01
02/05/2014 06:30:00,0.01
02/05/2014 06:45:00,0.01
02/05/2014 07:00:00,0.01
02/05/2014 07:15:00,0.01
02/05/2014 07:30:00,0.01
02/05/2014 07:45:00,0.01
02/05/2014 08:00:00,0.01
02/05/2014 08:15:00,0.01
02/05/2014 08:30:00,0.01
02/05/2014 08:45:00,0.01
02/05/2014 09:00:00,0.0100666666667
02/05/2014 09:15:00,0.01
02/05/2014 09:30:00,0.01
02/05/2014 09:45:00,0.01
02/05/2014 10:00:00,0.01
02/05/2014 10:15:00,0.01
02/05/2014 10:30:00,0.0100666666667
02/05/2014 10:45:00,0.0100666666667
02/05/2014 11:00:00,0.01
02/05/2014 11:15:00,0.0102
02/05/2014 11:30:00,0.01
02/05/2014 11:45:00,0.01
02/05/2014 12:00:00,0.01
02/05/2014 12:15:00,0.01
02/05/2014 12:30:00,0.0106666666667
02/05/2014 12:45:00,0.0102666666667
02/05/2014 13:00:00,0.0106
02/05/2014 13:15:00,0.0100666666667
02/05/2014 13:30:00,0.0105333333333
02/05/2014 13:45:00,0.01
02/05/2014 14:00:00,0.01
02/05/2014 14:15:00,0.01
02/05/2014 14:30:00,0.01
02/05/2014 14:45:00,0.01
02/05/2014 15:00:00,0.01
02/05/2014 15:15:00,0.01
02/05/2014 15:30:00,0.01
02/05/2014 15:45:00,0.0102
02/05/2014 16:00:00,0.01
02/05/2014 16:15:00,0.01
02/05/2014 16:30:00,0.01
02/05/2014 16:45:00,0.235066666667
02/05/2014 17:00:00,0.0582
02/05/2014 17:15:00,0.2666
02/05/2014 17:30:00,0.172
02/05/2014 17:45:00,0.263466666667
02/05/2014 18:00:00,0.314666666667
02/05/2014 18:15:00,0.101133333333
02/05/2014 18:30:00,0.271666666667
02/05/2014 18:45:00,0.126533333333
02/05/2014 19:00:00,0.7086
02/05/2014 19:15:00,0.170866666667
02/05/2014 19:30:00,0.602266666667
02/05/2014 19:45:00,0.236133333333
02/05/2014 20:00:00,0.1166
02/05/2014 20:15:00,0.312666666667
02/05/2014 20:30:00,0.304466666667
02/05/2014 20:45:00,0.0258
02/05/2014 21:00:00,0.250866666667
02/05/2014 21:15:00,0.355133333333
02/05/2014 21:30:00,0.189
02/05/2014 21:45:00,0.128466666667
02/05/2014 22:00:00,0.2862
02/05/2014 22:15:00,0.283666666667
02/05/2014 22:30:00,0.0102666666667
02/05/2014 22:45:00,0.308333333333
02/05/2014 23:00:00,0.269333333333
02/05/2014 23:15:00,0.01
02/05/2014 23:30:00,0.265733333333
02/05/2014 23:45:00,0.01
03/05/2014 00:00:00,0.265133333333
03/05/2014 00:15:00,0.01
03/05/2014 00:30:00,0.238
03/05/2014 00:45:00,0.0227333333333
03/05/2014 01:00:00,0.0100666666667
03/05/2014 01:15:00,0.01
03/05/2014 01:30:00,0.0101333333333
03/05/2014 01:45:00,0.01
03/05/2014 02:00:00,0.01
03/05/2014 02:15:00,0.01
03/05/2014 02:30:00,0.01
03/05/2014 02:45:00,0.01
03/05/2014 03:00:00,0.01
03/05/2014 03:15:00,0.01
03/05/2014 03:30:00,0.01
03/05/2014 03:45:00,0.01
03/05/2014 04:00:00,0.01
03/05/2014 04:15:00,0.01
03/05/2014 04:30:00,0.01
03/05/2014 04:45:00,0.01
03/05/2014 05:00:00,0.01
03/05/2014 05:15:00,0.01
03/05/2014 05:30:00,0.01
03/05/2014 05:45:00,0.01
03/05/2014 06:00:00,0.01
03/05/2014 06:15:00,0.01
03/05/2014 06:30:00,0.01
03/05/2014 06:45:00,0.01
03/05/2014 07:00:00,0.01
03/05/2014 07:15:00,0.01
03/05/2014 07:30:00,0.01
03/05/2014 07:45:00,0.01
03/05/2014 08:00:00,0.01
03/05/2014 08:15:00,0.0102666666667
03/05/2014 08:30:00,0.01
03/05/2014 08:45:00,0.01
03/05/2014 09:00:00,0.01
03/05/2014 09:15:00,0.01
03/05/2014 09:30:00,0.01
03/05/2014 09:45:00,0.01
03/05/2014 10:00:00,0.01
03/05/2014 10:15:00,0.01
03/05/2014 10:30:00,0.01
03/05/2014 10:45:00,0.01
03/05/2014 11:00:00,0.01
03/05/2014 11:15:00,0.01
03/05/2014 11:30:00,0.2556
03/05/2014 11:45:00,0.0522666666667
03/05/2014 12:00:00,0.212133333333
03/05/2014 12:15:00,0.269266666667
03/05/2014 12:30:00,0.0672666666667
03/05/2014 12:45:00,0.2426
03/05/2014 13:00:00,0.2724
03/05/2014 13:15:00,0.208533333333
03/05/2014 13:30:00,0.126466666667
03/05/2014 13:45:00,0.357133333333
03/05/2014 14:00:00,0.3112
03/05/2014 14:15:00,0.01
03/05/2014 14:30:00,0.01
03/05/2014 14:45:00,0.01
03/05/2014 15:00:00,0.3004
03/05/2014 15:15:00,0.327533333333
03/05/2014 15:30:00,0.0712666666667
03/05/2014 15:45:00,0.297533333333
03/05/2014 16:00:00,0.534333333333
03/05/2014 16:15:00,0.383933333333
03/05/2014 16:30:00,0.242133333333
03/05/2014 16:45:00,0.599066666667
03/05/2014 17:00:00,0.4474
03/05/2014 17:15:00,0.347333333333
03/05/2014 17:30:00,0.566333333333
03/05/2014 17:45:00,0.582466666667
03/05/2014 18:00:00,0.428266666667
03/05/2014 18:15:00,0.734133333333
03/05/2014 18:30:00,0.522733333333
03/05/2014 18:45:00,0.678266666667
03/05/2014 19:00:00,0.6604
03/05/2014 19:15:00,0.484
03/05/2014 19:30:00,0.707666666667
03/05/2014 19:45:00,0.282
03/05/2014 20:00:00,0.470666666667
03/05/2014 20:15:00,0.509533333333
03/05/2014 20:30:00,0.116066666667
03/05/2014 20:45:00,0.504533333333
03/05/2014 21:00:00,0.0353333333333
03/05/2014 21:15:00,0.410466666667
03/05/2014 21:30:00,0.0648
03/05/2014 21:45:00,0.717866666667
03/05/2014 22:00:00,0.114866666667
03/05/2014 22:15:00,0.321666666667
03/05/2014 22:30:00,0.434666666667
03/05/2014 22:45:00,0.251733333333
03/05/2014 23:00:00,0.192666666667
03/05/2014 23:15:00,0.423066666667
03/05/2014 23:30:00,0.411066666667
03/05/2014 23:45:00,0.164266666667
04/05/2014 00:00:00,0.211533333333
04/05/2014 00:15:00,0.3516
04/05/2014 00:30:00,0.3304
04/05/2014 00:45:00,0.0837333333333
04/05/2014 01:00:00,0.299
04/05/2014 01:15:00,0.327266666667
04/05/2014 01:30:00,0.107
04/05/2014 01:45:00,0.180533333333
04/05/2014 02:00:00,0.259266666667
04/05/2014 02:15:00,0.01
04/05/2014 02:30:00,0.249
04/05/2014 02:45:00,0.01
04/05/2014 03:00:00,0.2566
04/05/2014 03:15:00,0.0100666666667
04/05/2014 03:30:00,0.244933333333
04/05/2014 03:45:00,0.01
04/05/2014 04:00:00,0.01
04/05/2014 04:15:00,0.219333333333
04/05/2014 04:30:00,0.01
04/05/2014 04:45:00,0.01
04/05/2014 05:00:00,0.01
04/05/2014 05:15:00,0.01
04/05/2014 05:30:00,0.01
04/05/2014 05:45:00,0.216333333333
04/05/2014 06:00:00,0.01
04/05/2014 06:15:00,0.01
04/05/2014 06:30:00,0.01
04/05/2014 06:45:00,0.01
04/05/2014 07:00:00,0.01
04/05/2014 07:15:00,0.01
04/05/2014 07:30:00,0.01
04/05/2014 07:45:00,0.01
04/05/2014 08:00:00,0.01
04/05/2014 08:15:00,0.01
04/05/2014 08:30:00,0.01
04/05/2014 08:45:00,0.01
04/05/2014 09:00:00,0.01
04/05/2014 09:15:00,0.01
04/05/2014 09:30:00,0.01
04/05/2014 09:45:00,0.01
04/05/2014 10:00:00,0.01
04/05/2014 10:15:00,0.01
04/05/2014 10:30:00,0.01
04/05/2014 10:45:00,0.01
04/05/2014 11:00:00,0.01
04/05/2014 11:15:00,0.01
04/05/2014 11:30:00,0.01
04/05/2014 11:45:00,0.01
04/05/2014 12:00:00,0.01
04/05/2014 12:15:00,0.01
04/05/2014 12:30:00,0.01
04/05/2014 12:45:00,0.223666666667
04/05/2014 13:00:00,0.01
04/05/2014 13:15:00,0.264133333333
04/05/2014 13:30:00,0.314533333333
04/05/2014 13:45:00,0.130533333333
04/05/2014 14:00:00,0.277133333333
04/05/2014 14:15:00,0.253533333333
04/05/2014 14:30:00,0.238466666667
04/05/2014 14:45:00,0.01
04/05/2014 15:00:00,0.222
04/05/2014 15:15:00,0.121533333333
04/05/2014 15:30:00,0.360866666667
04/05/2014 15:45:00,0.391133333333
04/05/2014 16:00:00,0.2454
04/05/2014 16:15:00,0.345266666667
04/05/2014 16:30:00,0.5918
04/05/2014 16:45:00,0.307333333333
04/05/2014 17:00:00,0.3342
04/05/2014 17:15:00,0.683266666667
04/05/2014 17:30:00,0.342
04/05/2014 17:45:00,0.371933333333
04/05/2014 18:00:00,0.6864
04/05/2014 18:15:00,0.436066666667
04/05/2014 18:30:00,0.374333333333
04/05/2014 18:45:00,0.614933333333
04/05/2014 19:00:00,0.520266666667
04/05/2014 19:15:00,0.301666666667
04/05/2014 19:30:00,0.5488
04/05/2014 19:45:00,0.587
04/05/2014 20:00:00,0.400133333333
04/05/2014 20:15:00,0.161866666667
04/05/2014 20:30:00,0.256133333333
04/05/2014 20:45:00,0.3702
04/05/2014 21:00:00,0.2824
04/05/2014 21:15:00,0.0616
04/05/2014 21:30:00,0.4264
04/05/2014 21:45:00,0.308466666667
04/05/2014 22:00:00,0.147533333333
04/05/2014 22:15:00,0.311733333333
04/05/2014 22:30:00,0.333
04/05/2014 22:45:00,0.1174
04/05/2014 23:00:00,0.193533333333
04/05/2014 23:15:00,0.321866666667
04/05/2014 23:30:00,0.220933333333
04/05/2014 23:45:00,0.0718666666667
05/05/2014 00:00:00,0.282666666667
05/05/2014 00:15:00,0.2852
05/05/2014 00:30:00,0.1182
05/05/2014 00:45:00,0.170733333333
05/05/2014 01:00:00,0.279666666667
05/05/2014 01:15:00,0.01
05/05/2014 01:30:00,0.279533333333
05/05/2014 01:45:00,0.01
05/05/2014 02:00:00,0.242266666667
05/05/2014 02:15:00,0.01
05/05/2014 02:30:00,0.01
05/05/2014 02:45:00,0.233733333333
05/05/2014 03:00:00,0.01
05/05/2014 03:15:00,0.01
05/05/2014 03:30:00,0.01
05/05/2014 03:45:00,0.01
05/05/2014 04:00:00,0.01
05/05/2014 04:15:00,0.01
05/05/2014 04:30:00,0.01
05/05/2014 04:45:00,0.01
05/05/2014 05:00:00,0.01
05/05/2014 05:15:00,0.01
05/05/2014 05:30:00,0.01
05/05/2014 05:45:00,0.01
05/05/2014 06:00:00,0.01
05/05/2014 06:15:00,0.01
05/05/2014 06:30:00,0.01
05/05/2014 06:45:00,0.01
05/05/2014 07:00:00,0.01
05/05/2014 07:15:00,0.01
05/05/2014 07:30:00,0.01
05/05/2014 07:45:00,0.01
05/05/2014 08:00:00,0.01
05/05/2014 08:15:00,0.01
05/05/2014 08:30:00,0.01
05/05/2014 08:45:00,0.01
05/05/2014 09:00:00,0.01
05/05/2014 09:15:00,0.01
05/05/2014 09:30:00,0.01
05/05/2014 09:45:00,0.01
05/05/2014 10:00:00,0.01
05/05/2014 10:15:00,0.01
05/05/2014 10:30:00,0.01
05/05/2014 10:45:00,0.252933333333
05/05/2014 11:00:00,0.01
05/05/2014 11:15:00,0.232466666667
05/05/2014 11:30:00,0.01
05/05/2014 11:45:00,0.234
05/05/2014 12:00:00,0.0370666666667
05/05/2014 12:15:00,0.216466666667
05/05/2014 12:30:00,0.247066666667
05/05/2014 12:45:00,0.0706666666667
05/05/2014 13:00:00,0.244266666667
05/05/2014 13:15:00,0.293533333333
05/05/2014 13:30:00,0.187
05/05/2014 13:45:00,0.153733333333
05/05/2014 14:00:00,0.330533333333
05/05/2014 14:15:00,0.396733333333
05/05/2014 14:30:00,0.231133333333
05/05/2014 14:45:00,0.3056
05/05/2014 15:00:00,0.5758
05/05/2014 15:15:00,0.3056
05/05/2014 15:30:00,0.471266666667
05/05/2014 15:45:00,0.502933333333
05/05/2014 16:00:00,0.3248
05/05/2014 16:15:00,0.613266666667
05/05/2014 16:30:00,0.265333333333
05/05/2014 16:45:00,0.344933333333
05/05/2014 17:00:00,0.371533333333
05/05/2014 17:15:00,0.1926
05/05/2014 17:30:00,0.290666666667
05/05/2014 17:45:00,0.608133333333
05/05/2014 18:00:00,0.277066666667
05/05/2014 18:15:00,0.392933333333
05/05/2014 18:30:00,0.628866666667
05/05/2014 18:45:00,0.308266666667
05/05/2014 19:00:00,0.386866666667
05/05/2014 19:15:00,0.617066666667
05/05/2014 19:30:00,0.286466666667
05/05/2014 19:45:00,0.275133333333
05/05/2014 20:00:00,0.489133333333
05/05/2014 20:15:00,0.0101333333333
05/05/2014 20:30:00,0.413866666667
05/05/2014 20:45:00,0.293866666667
05/05/2014 21:00:00,0.550666666667
05/05/2014 21:15:00,0.332666666667
05/05/2014 21:30:00,0.136933333333
05/05/2014 21:45:00,0.3922
05/05/2014 22:00:00,0.445133333333
05/05/2014 22:15:00,0.156333333333
05/05/2014 22:30:00,0.301
05/05/2014 22:45:00,0.357466666667
05/05/2014 23:00:00,0.270866666667
05/05/2014 23:15:00,0.1346
05/05/2014 23:30:00,0.324133333333
05/05/2014 23:45:00,0.333933333333
06/05/2014 00:00:00,0.1488
06/05/2014 00:15:00,0.1518
06/05/2014 00:30:00,0.263266666667
06/05/2014 00:45:00,0.0804666666667
06/05/2014 01:00:00,0.177466666667
06/05/2014 01:15:00,0.191066666667
06/05/2014 01:30:00,0.0878
06/05/2014 01:45:00,0.126333333333
06/05/2014 02:00:00,0.1328
06/05/2014 02:15:00,0.01
06/05/2014 02:30:00,0.2276
06/05/2014 02:45:00,0.01
06/05/2014 03:00:00,0.142333333333
06/05/2014 03:15:00,0.0842666666667
06/05/2014 03:30:00,0.01
06/05/2014 03:45:00,0.01
06/05/2014 04:00:00,0.01
06/05/2014 04:15:00,0.213133333333
06/05/2014 04:30:00,0.01
06/05/2014 04:45:00,0.01
06/05/2014 05:00:00,0.01
06/05/2014 05:15:00,0.01
06/05/2014 05:30:00,0.212666666667
06/05/2014 05:45:00,0.01
06/05/2014 06:00:00,0.01
06/05/2014 06:15:00,0.01
06/05/2014 06:30:00,0.01
06/05/2014 06:45:00,0.01
06/05/2014 07:00:00,0.01
06/05/2014 07:15:00,0.01
06/05/2014 07:30:00,0.01
06/05/2014 07:45:00,0.01
06/05/2014 08:00:00,0.224
06/05/2014 08:15:00,0.01
06/05/2014 08:30:00,0.01
06/05/2014 08:45:00,0.208933333333
06/05/2014 09:00:00,0.01
06/05/2014 09:15:00,0.01
06/05/2014 09:30:00,0.211266666667
06/05/2014 09:45:00,0.01
06/05/2014 10:00:00,0.01
06/05/2014 10:15:00,0.211733333333
06/05/2014 10:30:00,0.01
06/05/2014 10:45:00,0.01
06/05/2014 11:00:00,0.210133333333
06/05/2014 11:15:00,0.0102
06/05/2014 11:30:00,0.01
06/05/2014 11:45:00,0.01
06/05/2014 12:00:00,0.01
06/05/2014 12:15:00,0.01
06/05/2014 12:30:00,0.01
06/05/2014 12:45:00,0.01
06/05/2014 13:00:00,0.1058
06/05/2014 13:15:00,0.1496
06/05/2014 13:30:00,0.1364
06/05/2014 13:45:00,0.122
06/05/2014 14:00:00,0.2718
06/05/2014 14:15:00,0.0144666666667
06/05/2014 14:30:00,0.283
06/05/2014 14:45:00,0.310866666667
06/05/2014 15:00:00,0.0722666666667
06/05/2014 15:15:00,0.263
06/05/2014 15:30:00,0.336533333333
06/05/2014 15:45:00,0.367466666667
06/05/2014 16:00:00,0.204866666667
06/05/2014 16:15:00,0.636066666667
06/05/2014 16:30:00,0.3226
06/05/2014 16:45:00,0.381133333333
06/05/2014 17:00:00,0.618133333333
06/05/2014 17:15:00,0.308066666667
06/05/2014 17:30:00,0.267466666667
06/05/2014 17:45:00,0.208866666667
06/05/2014 18:00:00,0.2642
06/05/2014 18:15:00,0.5682
06/05/2014 18:30:00,0.166466666667
06/05/2014 18:45:00,0.379533333333
06/05/2014 19:00:00,0.4554
06/05/2014 19:15:00,0.0954
06/05/2014 19:30:00,0.703866666667
06/05/2014 19:45:00,0.131466666667
06/05/2014 20:00:00,0.383
06/05/2014 20:15:00,0.3378
06/05/2014 20:30:00,0.01
06/05/2014 20:45:00,0.282933333333
06/05/2014 21:00:00,0.635
06/05/2014 21:15:00,0.115066666667
06/05/2014 21:30:00,0.231733333333
06/05/2014 21:45:00,0.410466666667
06/05/2014 22:00:00,0.295933333333
06/05/2014 22:15:00,0.1546
06/05/2014 22:30:00,0.423866666667
06/05/2014 22:45:00,0.382133333333
06/05/2014 23:00:00,0.1622
06/05/2014 23:15:00,0.189933333333
06/05/2014 23:30:00,0.339066666667
06/05/2014 23:45:00,0.339733333333
07/05/2014 00:00:00,0.0384666666667
07/05/2014 00:15:00,0.310933333333
07/05/2014 00:30:00,0.3024
07/05/2014 00:45:00,0.01
07/05/2014 01:00:00,0.2764
07/05/2014 01:15:00,0.220533333333
07/05/2014 01:30:00,0.0665333333333
07/05/2014 01:45:00,0.267
07/05/2014 02:00:00,0.01
07/05/2014 02:15:00,0.245066666667
07/05/2014 02:30:00,0.01
07/05/2014 02:45:00,0.2342
07/05/2014 03:00:00,0.01
07/05/2014 03:15:00,0.230666666667
07/05/2014 03:30:00,0.01
07/05/2014 03:45:00,0.222933333333
07/05/2014 04:00:00,0.01
07/05/2014 04:15:00,0.2228
07/05/2014 04:30:00,0.01
07/05/2014 04:45:00,0.129133333333
07/05/2014 05:00:00,0.1076
07/05/2014 05:15:00,0.01
07/05/2014 05:30:00,0.219133333333
07/05/2014 05:45:00,0.01
07/05/2014 06:00:00,0.1546
07/05/2014 06:15:00,0.0704
07/05/2014 06:30:00,0.01
07/05/2014 06:45:00,0.01
07/05/2014 07:00:00,0.01
07/05/2014 07:15:00,0.01
07/05/2014 07:30:00,0.01
07/05/2014 07:45:00,0.01
07/05/2014 08:00:00,0.01
07/05/2014 08:15:00,0.01
07/05/2014 08:30:00,0.01
07/05/2014 08:45:00,0.01
07/05/2014 09:00:00,0.01
07/05/2014 09:15:00,0.01
07/05/2014 09:30:00,0.01
07/05/2014 09:45:00,0.01
07/05/2014 10:00:00,0.01
07/05/2014 10:15:00,0.01
07/05/2014 10:30:00,0.227266666667
07/05/2014 10:45:00,0.01
07/05/2014 11:00:00,0.034
07/05/2014 11:15:00,0.210466666667
07/05/2014 11:30:00,0.250866666667
07/05/2014 11:45:00,0.0179333333333
07/05/2014 12:00:00,0.2368
07/05/2014 12:15:00,0.0259333333333
07/05/2014 12:30:00,0.224866666667
07/05/2014 12:45:00,0.2516
07/05/2014 13:00:00,0.0258666666667
07/05/2014 13:15:00,0.2442
07/05/2014 13:30:00,0.2662
07/05/2014 13:45:00,0.179333333333
07/05/2014 14:00:00,0.145066666667
07/05/2014 14:15:00,0.3364
07/05/2014 14:30:00,0.3662
07/05/2014 14:45:00,0.1378
07/05/2014 15:00:00,0.196666666667
07/05/2014 15:15:00,0.272
07/05/2014 15:30:00,0.0254666666667
07/05/2014 15:45:00,0.273066666667
07/05/2014 16:00:00,0.307066666667
07/05/2014 16:15:00,0.2782
07/05/2014 16:30:00,0.137533333333
07/05/2014 16:45:00,0.499933333333
07/05/2014 17:00:00,0.433666666667
07/05/2014 17:15:00,0.193933333333
07/05/2014 17:30:00,0.475266666667
07/05/2014 17:45:00,0.498066666667
07/05/2014 18:00:00,0.2354
07/05/2014 18:15:00,0.398733333333
07/05/2014 18:30:00,0.542266666667
07/05/2014 18:45:00,0.245066666667
07/05/2014 19:00:00,0.265066666667
07/05/2014 19:15:00,0.521533333333
07/05/2014 19:30:00,0.334266666667
07/05/2014 19:45:00,0.194866666667
07/05/2014 20:00:00,0.360333333333
07/05/2014 20:15:00,0.279533333333
07/05/2014 20:30:00,0.0399333333333
07/05/2014 20:45:00,0.247066666667
07/05/2014 21:00:00,0.2264
07/05/2014 21:15:00,0.0516
07/05/2014 21:30:00,0.2562
07/05/2014 21:45:00,0.6446
07/05/2014 22:00:00,0.2576
07/05/2014 22:15:00,0.275333333333
07/05/2014 22:30:00,0.52
07/05/2014 22:45:00,0.287266666667
07/05/2014 23:00:00,0.2044
07/05/2014 23:15:00,0.3908
07/05/2014 23:30:00,0.374933333333
07/05/2014 23:45:00,0.0940666666667
08/05/2014 00:00:00,0.3218
08/05/2014 00:15:00,0.384133333333
08/05/2014 00:30:00,0.273533333333
08/05/2014 00:45:00,0.130666666667
08/05/2014 01:00:00,0.3088
08/05/2014 01:15:00,0.287933333333
08/05/2014 01:30:00,0.142466666667
08/05/2014 01:45:00,0.183866666667
08/05/2014 02:00:00,0.297733333333
08/05/2014 02:15:00,0.0334666666667
08/05/2014 02:30:00,0.255466666667
08/05/2014 02:45:00,0.266933333333
08/05/2014 03:00:00,0.01
08/05/2014 03:15:00,0.255533333333
08/05/2014 03:30:00,0.111733333333
08/05/2014 03:45:00,0.143
08/05/2014 04:00:00,0.234733333333
08/05/2014 04:15:00,0.01
08/05/2014 04:30:00,0.236066666667
08/05/2014 04:45:00,0.0963333333333
08/05/2014 05:00:00,0.153933333333
08/05/2014 05:15:00,0.2362
08/05/2014 05:30:00,0.01
08/05/2014 05:45:00,0.231066666667
08/05/2014 06:00:00,0.1292
08/05/2014 06:15:00,0.1158
08/05/2014 06:30:00,0.2372
08/05/2014 06:45:00,0.00953333333333
08/05/2014 07:00:00,0.2372
08/05/2014 07:15:00,0.228533333333
08/05/2014 07:30:00,0.0528666666667
08/05/2014 07:45:00,0.259666666667
08/05/2014 08:00:00,0.265333333333
08/05/2014 08:15:00,0.01
08/05/2014 08:30:00,0.2786
08/05/2014 08:45:00,0.256466666667
08/05/2014 09:00:00,0.0204666666667
08/05/2014 09:15:00,0.2456
08/05/2014 09:30:00,0.252533333333
08/05/2014 09:45:00,0.0813333333333
08/05/2014 10:00:00,0.184333333333
08/05/2014 10:15:00,0.2552
08/05/2014 10:30:00,0.1416
08/05/2014 10:45:00,0.1238
08/05/2014 11:00:00,0.2508
08/05/2014 11:15:00,0.140866666667
08/05/2014 11:30:00,0.120733333333
08/05/2014 11:45:00,0.2528
08/05/2014 12:00:00,0.1614
08/05/2014 12:15:00,0.0986
08/05/2014 12:30:00,0.248666666667
08/05/2014 12:45:00,0.153533333333
08/05/2014 13:00:00,0.1088
08/05/2014 13:15:00,0.249333333333
08/05/2014 13:30:00,0.161
08/05/2014 13:45:00,0.0982
08/05/2014 14:00:00,0.249266666667
08/05/2014 14:15:00,0.167333333333
08/05/2014 14:30:00,0.0905333333333
08/05/2014 14:45:00,0.247466666667
08/05/2014 15:00:00,0.264266666667
08/05/2014 15:15:00,0.0231333333333
08/05/2014 15:30:00,0.280666666667
08/05/2014 15:45:00,0.2864
08/05/2014 16:00:00,0.192133333333
08/05/2014 16:15:00,0.1708
08/05/2014 16:30:00,0.36
08/05/2014 16:45:00,0.392
08/05/2014 17:00:00,0.159666666667
08/05/2014 17:15:00,0.345066666667
08/05/2014 17:30:00,0.429066666667
08/05/2014 17:45:00,0.3194
08/05/2014 18:00:00,0.139
08/05/2014 18:15:00,0.475466666667
08/05/2014 18:30:00,0.377066666667
08/05/2014 18:45:00,0.0496666666667
08/05/2014 19:00:00,0.0103333333333
08/05/2014 19:15:00,0.01
08/05/2014 19:30:00,0.24
08/05/2014 19:45:00,0.01
08/05/2014 20:00:00,0.1956
08/05/2014 20:15:00,0.0467333333333
08/05/2014 20:30:00,0.311866666667
08/05/2014 20:45:00,0.082
08/05/2014 21:00:00,0.0736666666667
08/05/2014 21:15:00,0.607466666667
08/05/2014 21:30:00,0.2968
08/05/2014 21:45:00,0.150266666667
08/05/2014 22:00:00,0.320133333333
08/05/2014 22:15:00,0.3954
08/05/2014 22:30:00,0.304266666667
08/05/2014 22:45:00,0.124533333333
08/05/2014 23:00:00,0.360866666667
08/05/2014 23:15:00,0.344466666667
08/05/2014 23:30:00,0.206733333333
08/05/2014 23:45:00,0.1412
09/05/2014 00:00:00,0.343866666667
09/05/2014 00:15:00,0.340533333333
09/05/2014 00:30:00,0.107533333333
09/05/2014 00:45:00,0.256066666667
09/05/2014 01:00:00,0.314866666667
09/05/2014 01:15:00,0.1458
09/05/2014 01:30:00,0.1308
09/05/2014 01:45:00,0.295333333333
09/05/2014 02:00:00,0.0464
09/05/2014 02:15:00,0.2514
09/05/2014 02:30:00,0.225133333333
09/05/2014 02:45:00,0.0545333333333
09/05/2014 03:00:00,0.258066666667
09/05/2014 03:15:00,0.01
09/05/2014 03:30:00,0.242933333333
09/05/2014 03:45:00,0.01
09/05/2014 04:00:00,0.234933333333
09/05/2014 04:15:00,0.107133333333
09/05/2014 04:30:00,0.133866666667
09/05/2014 04:45:00,0.205066666667
09/05/2014 05:00:00,0.0356666666667
09/05/2014 05:15:00,0.235
09/05/2014 05:30:00,0.01
09/05/2014 05:45:00,0.232533333333
09/05/2014 06:00:00,0.01
09/05/2014 06:15:00,0.232666666667
09/05/2014 06:30:00,0.01
09/05/2014 06:45:00,0.230133333333
09/05/2014 07:00:00,0.0916
09/05/2014 07:15:00,0.152933333333
09/05/2014 07:30:00,0.263466666667
09/05/2014 07:45:00,0.0102666666667
09/05/2014 08:00:00,0.2566
09/05/2014 08:15:00,0.01
09/05/2014 08:30:00,0.01
09/05/2014 08:45:00,0.01
09/05/2014 09:00:00,0.01
09/05/2014 09:15:00,0.01
09/05/2014 09:30:00,0.01
09/05/2014 09:45:00,0.01
09/05/2014 10:00:00,0.277866666667
09/05/2014 10:15:00,0.297
09/05/2014 10:30:00,0.0102
09/05/2014 10:45:00,0.269
09/05/2014 11:00:00,0.2922
09/05/2014 11:15:00,0.239333333333
09/05/2014 11:30:00,0.1264
09/05/2014 11:45:00,0.327866666667
09/05/2014 12:00:00,0.367133333333
09/05/2014 12:15:00,0.277733333333
09/05/2014 12:30:00,0.144933333333
09/05/2014 12:45:00,0.3392
09/05/2014 13:00:00,0.514333333333
09/05/2014 13:15:00,0.2364
09/05/2014 13:30:00,0.289266666667
09/05/2014 13:45:00,0.4734
09/05/2014 14:00:00,0.193333333333
09/05/2014 14:15:00,0.156466666667
09/05/2014 14:30:00,0.5338
09/05/2014 14:45:00,0.219466666667
09/05/2014 15:00:00,0.241866666667
09/05/2014 15:15:00,0.528
09/05/2014 15:30:00,0.215733333333
09/05/2014 15:45:00,0.2986
09/05/2014 16:00:00,0.479133333333
09/05/2014 16:15:00,0.282066666667
09/05/2014 16:30:00,0.0564
09/05/2014 16:45:00,0.2416
09/05/2014 17:00:00,0.409
09/05/2014 17:15:00,0.1956
09/05/2014 17:30:00,0.0958666666667
09/05/2014 17:45:00,0.2912
09/05/2014 18:00:00,0.2214
09/05/2014 18:15:00,0.0624666666667
09/05/2014 18:30:00,0.322933333333
09/05/2014 18:45:00,0.414133333333
09/05/2014 19:00:00,0.147533333333
09/05/2014 19:15:00,0.405266666667
09/05/2014 19:30:00,0.282466666667
09/05/2014 19:45:00,0.155733333333
09/05/2014 20:00:00,0.291266666667
09/05/2014 20:15:00,0.2448
09/05/2014 20:30:00,0.0104666666667
09/05/2014 20:45:00,0.226133333333
09/05/2014 21:00:00,0.0105333333333
09/05/2014 21:15:00,0.165333333333
09/05/2014 21:30:00,0.0856666666667
09/05/2014 21:45:00,0.304466666667
09/05/2014 22:00:00,0.280933333333
09/05/2014 22:15:00,0.0271333333333
09/05/2014 22:30:00,0.282933333333
09/05/2014 22:45:00,0.2854
09/05/2014 23:00:00,0.01
09/05/2014 23:15:00,0.2584
09/05/2014 23:30:00,0.258733333333
09/05/2014 23:45:00,0.073
10/05/2014 00:00:00,0.199933333333
10/05/2014 00:15:00,0.256066666667
10/05/2014 00:30:00,0.01
10/05/2014 00:45:00,0.259733333333
10/05/2014 01:00:00,0.01
10/05/2014 01:15:00,0.0914666666667
10/05/2014 01:30:00,0.163866666667
10/05/2014 01:45:00,0.01
10/05/2014 02:00:00,0.01
10/05/2014 02:15:00,0.01
10/05/2014 02:30:00,0.01
10/05/2014 02:45:00,0.217133333333
10/05/2014 03:00:00,0.01
10/05/2014 03:15:00,0.01
10/05/2014 03:30:00,0.01
10/05/2014 03:45:00,0.01
10/05/2014 04:00:00,0.01
10/05/2014 04:15:00,0.01
10/05/2014 04:30:00,0.01
10/05/2014 04:45:00,0.01
10/05/2014 05:00:00,0.01
10/05/2014 05:15:00,0.01
10/05/2014 05:30:00,0.01
10/05/2014 05:45:00,0.01
10/05/2014 06:00:00,0.01
10/05/2014 06:15:00,0.01
10/05/2014 06:30:00,0.01
10/05/2014 06:45:00,0.01
10/05/2014 07:00:00,0.01
10/05/2014 07:15:00,0.01
10/05/2014 07:30:00,0.01
10/05/2014 07:45:00,0.01
10/05/2014 08:00:00,0.01
10/05/2014 08:15:00,0.01
10/05/2014 08:30:00,0.01
10/05/2014 08:45:00,0.01
10/05/2014 09:00:00,0.01
10/05/2014 09:15:00,0.01
10/05/2014 09:30:00,0.01
10/05/2014 09:45:00,0.01
10/05/2014 10:00:00,0.01
10/05/2014 10:15:00,0.01
10/05/2014 10:30:00,0.01
10/05/2014 10:45:00,0.01
10/05/2014 11:00:00,0.01
10/05/2014 11:15:00,0.01
10/05/2014 11:30:00,0.01
10/05/2014 11:45:00,0.01
10/05/2014 12:00:00,0.0918666666667
10/05/2014 12:15:00,0.1598
10/05/2014 12:30:00,0.256466666667
10/05/2014 12:45:00,0.01
10/05/2014 13:00:00,0.270733333333
10/05/2014 13:15:00,0.235866666667
10/05/2014 13:30:00,0.0559333333333
10/05/2014 13:45:00,0.292266666667
10/05/2014 14:00:00,0.2876
10/05/2014 14:15:00,0.0694
10/05/2014 14:30:00,0.448133333333
10/05/2014 14:45:00,0.435866666667
10/05/2014 15:00:00,0.183733333333
10/05/2014 15:15:00,0.4336
10/05/2014 15:30:00,0.512866666667
10/05/2014 15:45:00,0.2426
10/05/2014 16:00:00,0.3738
10/05/2014 16:15:00,0.6166
10/05/2014 16:30:00,0.3092
10/05/2014 16:45:00,0.3188
10/05/2014 17:00:00,0.679733333333
10/05/2014 17:15:00,0.347466666667
10/05/2014 17:30:00,0.2562
10/05/2014 17:45:00,0.621866666667
10/05/2014 18:00:00,0.360333333333
10/05/2014 18:15:00,0.277933333333
10/05/2014 18:30:00,0.691666666667
10/05/2014 18:45:00,0.6916
10/05/2014 19:00:00,0.2254
10/05/2014 19:15:00,0.708666666667
10/05/2014 19:30:00,0.5554
10/05/2014 19:45:00,0.452266666667
10/05/2014 20:00:00,0.177466666667
10/05/2014 20:15:00,0.445666666667
10/05/2014 20:30:00,0.391
10/05/2014 20:45:00,0.139333333333
10/05/2014 21:00:00,0.225466666667
10/05/2014 21:15:00,0.614333333333
10/05/2014 21:30:00,0.6852
10/05/2014 21:45:00,0.196533333333
10/05/2014 22:00:00,0.546533333333
10/05/2014 22:15:00,0.2946
10/05/2014 22:30:00,0.422666666667
10/05/2014 22:45:00,0.476333333333
10/05/2014 23:00:00,0.243333333333
10/05/2014 23:15:00,0.504133333333
10/05/2014 23:30:00,0.2404
10/05/2014 23:45:00,0.307666666667
11/05/2014 00:00:00,0.502266666667
11/05/2014 00:15:00,0.240266666667
11/05/2014 00:30:00,0.213533333333
11/05/2014 00:45:00,0.3922
11/05/2014 01:00:00,0.297533333333
11/05/2014 01:15:00,0.0632
11/05/2014 01:30:00,0.3146
11/05/2014 01:45:00,0.279266666667
11/05/2014 02:00:00,0.01
11/05/2014 02:15:00,0.2832
11/05/2014 02:30:00,0.154333333333
11/05/2014 02:45:00,0.135066666667
11/05/2014 03:00:00,0.260133333333
11/05/2014 03:15:00,0.01
11/05/2014 03:30:00,0.247866666667
11/05/2014 03:45:00,0.206666666667
11/05/2014 04:00:00,0.0445333333333
11/05/2014 04:15:00,0.2368
11/05/2014 04:30:00,0.01
11/05/2014 04:45:00,0.236466666667
11/05/2014 05:00:00,0.1948
11/05/2014 05:15:00,0.0518
11/05/2014 05:30:00,0.2364
11/05/2014 05:45:00,0.01
11/05/2014 06:00:00,0.236333333333
11/05/2014 06:15:00,0.228666666667
11/05/2014 06:30:00,0.0184
11/05/2014 06:45:00,0.236333333333
11/05/2014 07:00:00,0.0256666666667
11/05/2014 07:15:00,0.221133333333
11/05/2014 07:30:00,0.2634
11/05/2014 07:45:00,0.01
11/05/2014 08:00:00,0.239866666667
11/05/2014 08:15:00,0.170266666667
11/05/2014 08:30:00,0.0776666666667
11/05/2014 08:45:00,0.01
11/05/2014 09:00:00,0.01
11/05/2014 09:15:00,0.01
11/05/2014 09:30:00,0.01
11/05/2014 09:45:00,0.01
11/05/2014 10:00:00,0.01
11/05/2014 10:15:00,0.01
11/05/2014 10:30:00,0.01
11/05/2014 10:45:00,0.01
11/05/2014 11:00:00,0.01
11/05/2014 11:15:00,0.242
11/05/2014 11:30:00,0.171066666667
11/05/2014 11:45:00,0.0956
11/05/2014 12:00:00,0.446666666667
11/05/2014 12:15:00,0.112
11/05/2014 12:30:00,0.385733333333
11/05/2014 12:45:00,0.4282
11/05/2014 13:00:00,0.100333333333
11/05/2014 13:15:00,0.431466666667
11/05/2014 13:30:00,0.425733333333
11/05/2014 13:45:00,0.1526
11/05/2014 14:00:00,0.450666666667
11/05/2014 14:15:00,0.489133333333
11/05/2014 14:30:00,0.231733333333
11/05/2014 14:45:00,0.395333333333
11/05/2014 15:00:00,0.565333333333
11/05/2014 15:15:00,0.259266666667
11/05/2014 15:30:00,0.380866666667
11/05/2014 15:45:00,0.5772
11/05/2014 16:00:00,0.226066666667
11/05/2014 16:15:00,0.666666666667
11/05/2014 16:30:00,0.314
11/05/2014 16:45:00,0.606733333333
11/05/2014 17:00:00,0.428133333333
11/05/2014 17:15:00,0.731
11/05/2014 17:30:00,0.523933333333
11/05/2014 17:45:00,0.622866666667
11/05/2014 18:00:00,0.6438
11/05/2014 18:15:00,0.6322
11/05/2014 18:30:00,0.427133333333
11/05/2014 18:45:00,0.1812
11/05/2014 19:00:00,0.3886
11/05/2014 19:15:00,0.169
11/05/2014 19:30:00,0.163
11/05/2014 19:45:00,0.3008
11/05/2014 20:00:00,0.1982
11/05/2014 20:15:00,0.0940666666667
11/05/2014 20:30:00,0.315533333333
11/05/2014 20:45:00,0.320933333333
11/05/2014 21:00:00,0.174533333333
11/05/2014 21:15:00,0.658666666667
11/05/2014 21:30:00,0.696533333333
11/05/2014 21:45:00,0.2902
11/05/2014 22:00:00,0.0775333333333
11/05/2014 22:15:00,0.214666666667
11/05/2014 22:30:00,0.678933333333
11/05/2014 22:45:00,0.5066
11/05/2014 23:00:00,0.290066666667
11/05/2014 23:15:00,0.192666666667
11/05/2014 23:30:00,0.572066666667
11/05/2014 23:45:00,0.215
12/05/2014 00:00:00,0.555733333333
12/05/2014 00:15:00,0.377933333333
12/05/2014 00:30:00,0.184266666667
12/05/2014 00:45:00,0.549066666667
12/05/2014 01:00:00,0.116733333333
12/05/2014 01:15:00,0.423533333333
12/05/2014 01:30:00,0.296866666667
12/05/2014 01:45:00,0.216466666667
12/05/2014 02:00:00,0.511466666667
12/05/2014 02:15:00,0.2896
12/05/2014 02:30:00,0.157666666667
12/05/2014 02:45:00,0.364266666667
12/05/2014 03:00:00,0.322733333333
12/05/2014 03:15:00,0.2014
12/05/2014 03:30:00,0.109466666667
12/05/2014 03:45:00,0.3344
12/05/2014 04:00:00,0.2926
12/05/2014 04:15:00,0.0355333333333
12/05/2014 04:30:00,0.3084
12/05/2014 04:45:00,0.281866666667
12/05/2014 05:00:00,0.0136666666667
12/05/2014 05:15:00,0.267333333333
12/05/2014 05:30:00,0.262533333333
12/05/2014 05:45:00,0.01
12/05/2014 06:00:00,0.00953333333333
12/05/2014 06:15:00,0.01
12/05/2014 06:30:00,0.01
12/05/2014 06:45:00,0.01
12/05/2014 07:00:00,0.01
12/05/2014 07:15:00,0.01
12/05/2014 07:30:00,0.01
12/05/2014 07:45:00,0.01
12/05/2014 08:00:00,0.01
12/05/2014 08:15:00,0.01
12/05/2014 08:30:00,0.01
12/05/2014 08:45:00,0.00953333333333
12/05/2014 09:00:00,0.01
12/05/2014 09:15:00,0.01
12/05/2014 09:30:00,0.01
12/05/2014 09:45:00,0.00986666666667
12/05/2014 10:00:00,0.0468
12/05/2014 10:15:00,0.3406
12/05/2014 10:30:00,0.01
12/05/2014 10:45:00,0.01
12/05/2014 11:00:00,0.2476
12/05/2014 11:15:00,0.157933333333
12/05/2014 11:30:00,0.01
12/05/2014 11:45:00,0.00986666666667
12/05/2014 12:00:00,0.2358
12/05/2014 12:15:00,0.00993333333333
12/05/2014 12:30:00,0.222666666667
12/05/2014 12:45:00,0.115133333333
12/05/2014 13:00:00,0.3168
12/05/2014 13:15:00,0.434933333333
12/05/2014 13:30:00,0.217666666667
12/05/2014 13:45:00,0.268533333333
12/05/2014 14:00:00,0.450933333333
12/05/2014 14:15:00,0.139333333333
12/05/2014 14:30:00,0.153333333333
12/05/2014 14:45:00,0.331066666667
12/05/2014 15:00:00,0.352133333333
12/05/2014 15:15:00,0.0678666666667
12/05/2014 15:30:00,0.263866666667
12/05/2014 15:45:00,0.474933333333
12/05/2014 16:00:00,0.281333333333
12/05/2014 16:15:00,0.168066666667
12/05/2014 16:30:00,0.438466666667
12/05/2014 16:45:00,0.3936
12/05/2014 17:00:00,0.0798666666667
12/05/2014 17:15:00,0.398533333333
12/05/2014 17:30:00,0.357533333333
12/05/2014 17:45:00,0.0968666666667
12/05/2014 18:00:00,0.460866666667
12/05/2014 18:15:00,0.269533333333
12/05/2014 18:30:00,0.192333333333
12/05/2014 18:45:00,0.442933333333
12/05/2014 19:00:00,0.2398
12/05/2014 19:15:00,0.2054
12/05/2014 19:30:00,0.4602
12/05/2014 19:45:00,0.212866666667
12/05/2014 20:00:00,0.251933333333
12/05/2014 20:15:00,0.464066666667
12/05/2014 20:30:00,0.168533333333
12/05/2014 20:45:00,0.3106
12/05/2014 21:00:00,0.484533333333
12/05/2014 21:15:00,0.270933333333
12/05/2014 21:30:00,0.2546
12/05/2014 21:45:00,0.4704
12/05/2014 22:00:00,0.01
12/05/2014 22:15:00,0.01
12/05/2014 22:30:00,0.01
12/05/2014 22:45:00,0.01
12/05/2014 23:00:00,0.01
12/05/2014 23:15:00,0.01
12/05/2014 23:30:00,0.01
12/05/2014 23:45:00,0.133133333333
13/05/2014 00:00:00,0.204866666667
13/05/2014 00:15:00,0.263133333333
13/05/2014 00:30:00,0.01
13/05/2014 00:45:00,0.2332
13/05/2014 01:00:00,0.01
13/05/2014 01:15:00,0.232733333333
13/05/2014 01:30:00,0.01
13/05/2014 01:45:00,0.234133333333
13/05/2014 02:00:00,0.01
13/05/2014 02:15:00,0.01
13/05/2014 02:30:00,0.01
13/05/2014 02:45:00,0.01
13/05/2014 03:00:00,0.01
13/05/2014 03:15:00,0.01
13/05/2014 03:30:00,0.01
13/05/2014 03:45:00,0.01
13/05/2014 04:00:00,0.01
13/05/2014 04:15:00,0.01
13/05/2014 04:30:00,0.01
13/05/2014 04:45:00,0.01
13/05/2014 05:00:00,0.01
13/05/2014 05:15:00,0.01
13/05/2014 05:30:00,0.01
13/05/2014 05:45:00,0.01
13/05/2014 06:00:00,0.01
13/05/2014 06:15:00,0.01
13/05/2014 06:30:00,0.01
13/05/2014 06:45:00,0.01
13/05/2014 07:00:00,0.0100666666667
13/05/2014 07:15:00,0.01
13/05/2014 07:30:00,0.01
13/05/2014 07:45:00,0.01
13/05/2014 08:00:00,0.01
13/05/2014 08:15:00,0.01
13/05/2014 08:30:00,0.01
13/05/2014 08:45:00,0.01
13/05/2014 09:00:00,0.01
13/05/2014 09:15:00,0.01
13/05/2014 09:30:00,0.01
13/05/2014 09:45:00,0.01
13/05/2014 10:00:00,0.01
13/05/2014 10:15:00,0.01
13/05/2014 10:30:00,0.01
13/05/2014 10:45:00,0.01
13/05/2014 11:00:00,0.01
13/05/2014 11:15:00,0.01
13/05/2014 11:30:00,0.01
13/05/2014 11:45:00,0.01
13/05/2014 12:00:00,0.0100666666667
13/05/2014 12:15:00,0.0100666666667
13/05/2014 12:30:00,0.0103333333333
13/05/2014 12:45:00,0.011
13/05/2014 13:00:00,0.0109333333333
13/05/2014 13:15:00,0.0102666666667
13/05/2014 13:30:00,0.01
13/05/2014 13:45:00,0.01
13/05/2014 14:00:00,0.01
13/05/2014 14:15:00,0.01
13/05/2014 14:30:00,0.01
13/05/2014 14:45:00,0.01
13/05/2014 15:00:00,0.01
13/05/2014 15:15:00,0.01
13/05/2014 15:30:00,0.01
13/05/2014 15:45:00,0.01
13/05/2014 16:00:00,0.01
13/05/2014 16:15:00,0.01
13/05/2014 16:30:00,0.01
13/05/2014 16:45:00,0.01
13/05/2014 17:00:00,0.01
13/05/2014 17:15:00,0.01
13/05/2014 17:30:00,0.01
13/05/2014 17:45:00,0.01
13/05/2014 18:00:00,0.01
13/05/2014 18:15:00,0.01
13/05/2014 18:30:00,0.01
13/05/2014 18:45:00,0.01
13/05/2014 19:00:00,0.01
13/05/2014 19:15:00,0.01
13/05/2014 19:30:00,0.01
13/05/2014 19:45:00,0.01
13/05/2014 20:00:00,0.01
13/05/2014 20:15:00,0.01
13/05/2014 20:30:00,0.0102
13/05/2014 20:45:00,0.0105333333333
13/05/2014 21:00:00,0.01
13/05/2014 21:15:00,0.01
13/05/2014 21:30:00,0.01
13/05/2014 21:45:00,0.0106
13/05/2014 22:00:00,0.01
13/05/2014 22:15:00,0.01
13/05/2014 22:30:00,0.01
13/05/2014 22:45:00,0.01
13/05/2014 23:00:00,0.01
13/05/2014 23:15:00,0.01
13/05/2014 23:30:00,0.01
13/05/2014 23:45:00,0.01
14/05/2014 00:00:00,0.0104
14/05/2014 00:15:00,0.01
14/05/2014 00:30:00,0.01
14/05/2014 00:45:00,0.01
14/05/2014 01:00:00,0.01
14/05/2014 01:15:00,0.01
14/05/2014 01:30:00,0.01
14/05/2014 01:45:00,0.01
14/05/2014 02:00:00,0.01
14/05/2014 02:15:00,0.01
14/05/2014 02:30:00,0.01
14/05/2014 02:45:00,0.01
14/05/2014 03:00:00,0.01
14/05/2014 03:15:00,0.01
14/05/2014 03:30:00,0.01
14/05/2014 03:45:00,0.01
14/05/2014 04:00:00,0.01
14/05/2014 04:15:00,0.01
14/05/2014 04:30:00,0.01
14/05/2014 04:45:00,0.01
14/05/2014 05:00:00,0.01
14/05/2014 05:15:00,0.01
14/05/2014 05:30:00,0.01
14/05/2014 05:45:00,0.01
14/05/2014 06:00:00,0.01
14/05/2014 06:15:00,0.01
14/05/2014 06:30:00,0.01
14/05/2014 06:45:00,0.01
14/05/2014 07:00:00,0.01
14/05/2014 07:15:00,0.0100666666667
14/05/2014 07:30:00,0.0100666666667
14/05/2014 07:45:00,0.01
14/05/2014 08:00:00,0.01
14/05/2014 08:15:00,0.01
14/05/2014 08:30:00,0.01
14/05/2014 08:45:00,0.01
14/05/2014 09:00:00,0.01
14/05/2014 09:15:00,0.01
14/05/2014 09:30:00,0.0101333333333
14/05/2014 09:45:00,0.0106
14/05/2014 10:00:00,0.0103333333333
14/05/2014 10:15:00,0.01
14/05/2014 10:30:00,0.01
14/05/2014 10:45:00,0.01
14/05/2014 11:00:00,0.01
14/05/2014 11:15:00,0.01
14/05/2014 11:30:00,0.01
14/05/2014 11:45:00,0.01
14/05/2014 12:00:00,0.01
14/05/2014 12:15:00,0.01
14/05/2014 12:30:00,0.01
14/05/2014 12:45:00,0.01
14/05/2014 13:00:00,0.01
14/05/2014 13:15:00,0.01
14/05/2014 13:30:00,0.01
14/05/2014 13:45:00,0.01
14/05/2014 14:00:00,0.01
14/05/2014 14:15:00,0.01
14/05/2014 14:30:00,0.01
14/05/2014 14:45:00,0.01
14/05/2014 15:00:00,0.01
14/05/2014 15:15:00,0.01
14/05/2014 15:30:00,0.01
14/05/2014 15:45:00,0.01
14/05/2014 16:00:00,0.01
14/05/2014 16:15:00,0.01
14/05/2014 16:30:00,0.01
14/05/2014 16:45:00,0.01
14/05/2014 17:00:00,0.01
14/05/2014 17:15:00,0.01
14/05/2014 17:30:00,0.01
14/05/2014 17:45:00,0.01
14/05/2014 18:00:00,0.01
14/05/2014 18:15:00,0.01
14/05/2014 18:30:00,0.0106
14/05/2014 18:45:00,0.0105333333333
14/05/2014 19:00:00,0.01
14/05/2014 19:15:00,0.01
14/05/2014 19:30:00,0.01
14/05/2014 19:45:00,0.01
14/05/2014 20:00:00,0.01
14/05/2014 20:15:00,0.01
14/05/2014 20:30:00,0.01
14/05/2014 20:45:00,0.01
14/05/2014 21:00:00,0.01
14/05/2014 21:15:00,0.0102
14/05/2014 21:30:00,0.0109333333333
14/05/2014 21:45:00,0.0109333333333
14/05/2014 22:00:00,0.01
14/05/2014 22:15:00,0.01
14/05/2014 22:30:00,0.01
14/05/2014 22:45:00,0.01
14/05/2014 23:00:00,0.01
14/05/2014 23:15:00,0.01
14/05/2014 23:30:00,0.01
14/05/2014 23:45:00,0.01
15/05/2014 00:00:00,0.01
15/05/2014 00:15:00,0.01
15/05/2014 00:30:00,0.01
15/05/2014 00:45:00,0.01
15/05/2014 01:00:00,0.01
15/05/2014 01:15:00,0.01
15/05/2014 01:30:00,0.01
15/05/2014 01:45:00,0.01
15/05/2014 02:00:00,0.01
15/05/2014 02:15:00,0.01
15/05/2014 02:30:00,0.01
15/05/2014 02:45:00,0.01
15/05/2014 03:00:00,0.01
15/05/2014 03:15:00,0.01
15/05/2014 03:30:00,0.01
15/05/2014 03:45:00,0.01
15/05/2014 04:00:00,0.01
15/05/2014 04:15:00,0.01
15/05/2014 04:30:00,0.01
15/05/2014 04:45:00,0.01
15/05/2014 05:00:00,0.01
15/05/2014 05:15:00,0.01
15/05/2014 05:30:00,0.01
15/05/2014 05:45:00,0.01
15/05/2014 06:00:00,0.01
15/05/2014 06:15:00,0.01
15/05/2014 06:30:00,0.01
15/05/2014 06:45:00,0.01
15/05/2014 07:00:00,0.01
15/05/2014 07:15:00,0.0101333333333
15/05/2014 07:30:00,0.01
15/05/2014 07:45:00,0.01
15/05/2014 08:00:00,0.01
15/05/2014 08:15:00,0.01
15/05/2014 08:30:00,0.01
15/05/2014 08:45:00,0.01
15/05/2014 09:00:00,0.01
15/05/2014 09:15:00,0.0101333333333
15/05/2014 09:30:00,0.01
15/05/2014 09:45:00,0.01
15/05/2014 10:00:00,0.01
15/05/2014 10:15:00,0.01
15/05/2014 10:30:00,0.01
15/05/2014 10:45:00,0.0100666666667
15/05/2014 11:00:00,0.01
15/05/2014 11:15:00,0.01
15/05/2014 11:30:00,0.0101333333333
15/05/2014 11:45:00,0.01
15/05/2014 12:00:00,0.01
15/05/2014 12:15:00,0.01
15/05/2014 12:30:00,0.01
15/05/2014 12:45:00,0.01
15/05/2014 13:00:00,0.01
15/05/2014 13:15:00,0.0102666666667
15/05/2014 13:30:00,0.01
15/05/2014 13:45:00,0.0106
15/05/2014 14:00:00,0.0101333333333
15/05/2014 14:15:00,0.01
15/05/2014 14:30:00,0.01
15/05/2014 14:45:00,0.00973333333333
15/05/2014 15:00:00,0.0096
15/05/2014 15:15:00,0.01
15/05/2014 15:30:00,0.0102
15/05/2014 15:45:00,0.0104666666667
15/05/2014 16:00:00,0.01
15/05/2014 16:15:00,0.0104666666667
15/05/2014 16:30:00,0.01
15/05/2014 16:45:00,0.01
15/05/2014 17:00:00,0.01
15/05/2014 17:15:00,0.01
15/05/2014 17:30:00,0.01
15/05/2014 17:45:00,0.0101333333333
15/05/2014 18:00:00,0.01
15/05/2014 18:15:00,0.0102
15/05/2014 18:30:00,0.01
15/05/2014 18:45:00,0.241266666667
15/05/2014 19:00:00,0.01
15/05/2014 19:15:00,0.267266666667
15/05/2014 19:30:00,0.01
15/05/2014 19:45:00,0.1938
15/05/2014 20:00:00,0.0672
15/05/2014 20:15:00,0.0102666666667
15/05/2014 20:30:00,0.2196
15/05/2014 20:45:00,0.0106
15/05/2014 21:00:00,0.0105333333333
15/05/2014 21:15:00,0.011
15/05/2014 21:30:00,0.0108666666667
15/05/2014 21:45:00,0.2764
15/05/2014 22:00:00,0.1768
15/05/2014 22:15:00,0.344733333333
15/05/2014 22:30:00,0.242666666667
15/05/2014 22:45:00,0.124266666667
15/05/2014 23:00:00,0.295933333333
15/05/2014 23:15:00,0.278733333333
15/05/2014 23:30:00,0.0888666666667
15/05/2014 23:45:00,0.200133333333
16/05/2014 00:00:00,0.28
16/05/2014 00:15:00,0.01
16/05/2014 00:30:00,0.237266666667
16/05/2014 00:45:00,0.01
16/05/2014 01:00:00,0.01
16/05/2014 01:15:00,0.218
16/05/2014 01:30:00,0.01
16/05/2014 01:45:00,0.01
16/05/2014 02:00:00,0.01
16/05/2014 02:15:00,0.01
16/05/2014 02:30:00,0.01
16/05/2014 02:45:00,0.00986666666667
16/05/2014 03:00:00,0.01
16/05/2014 03:15:00,0.01
16/05/2014 03:30:00,0.01
16/05/2014 03:45:00,0.01
16/05/2014 04:00:00,0.01
16/05/2014 04:15:00,0.01
16/05/2014 04:30:00,0.01
16/05/2014 04:45:00,0.01
16/05/2014 05:00:00,0.01
16/05/2014 05:15:00,0.01
16/05/2014 05:30:00,0.01
16/05/2014 05:45:00,0.01
16/05/2014 06:00:00,0.01
16/05/2014 06:15:00,0.0106666666667
16/05/2014 06:30:00,0.0103333333333
16/05/2014 06:45:00,0.01
16/05/2014 07:00:00,0.01
16/05/2014 07:15:00,0.01
16/05/2014 07:30:00,0.01
16/05/2014 07:45:00,0.01
16/05/2014 08:00:00,0.01
16/05/2014 08:15:00,0.01
16/05/2014 08:30:00,0.01
16/05/2014 08:45:00,0.01
16/05/2014 09:00:00,0.01
16/05/2014 09:15:00,0.01
16/05/2014 09:30:00,0.01
16/05/2014 09:45:00,0.01
16/05/2014 10:00:00,0.01
16/05/2014 10:15:00,0.01
16/05/2014 10:30:00,0.01
16/05/2014 10:45:00,0.01
16/05/2014 11:00:00,0.01
16/05/2014 11:15:00,0.01
16/05/2014 11:30:00,0.01
16/05/2014 11:45:00,0.01
16/05/2014 12:00:00,0.01
16/05/2014 12:15:00,0.01
16/05/2014 12:30:00,0.01
16/05/2014 12:45:00,0.01
16/05/2014 13:00:00,0.01
16/05/2014 13:15:00,0.01
16/05/2014 13:30:00,0.01
16/05/2014 13:45:00,0.01
16/05/2014 14:00:00,0.01
16/05/2014 14:15:00,0.01
16/05/2014 14:30:00,0.01
16/05/2014 14:45:00,0.01
16/05/2014 15:00:00,0.01
16/05/2014 15:15:00,0.01
16/05/2014 15:30:00,0.279866666667
16/05/2014 15:45:00,0.0102
16/05/2014 16:00:00,0.295533333333
16/05/2014 16:15:00,0.192333333333
16/05/2014 16:30:00,0.265533333333
16/05/2014 16:45:00,0.388933333333
16/05/2014 17:00:00,0.0532666666667
16/05/2014 17:15:00,0.467266666667
16/05/2014 17:30:00,0.248866666667
16/05/2014 17:45:00,0.309733333333
16/05/2014 18:00:00,0.429
16/05/2014 18:15:00,0.165666666667
16/05/2014 18:30:00,0.376133333333
16/05/2014 18:45:00,0.307666666667
16/05/2014 19:00:00,0.01
16/05/2014 19:15:00,0.321066666667
16/05/2014 19:30:00,0.254133333333
16/05/2014 19:45:00,0.0532666666667
16/05/2014 20:00:00,0.4574
16/05/2014 20:15:00,0.0255333333333
16/05/2014 20:30:00,0.3972
16/05/2014 20:45:00,0.009
16/05/2014 21:00:00,0.2498
16/05/2014 21:15:00,0.01
16/05/2014 21:30:00,0.226733333333
16/05/2014 21:45:00,0.0116
16/05/2014 22:00:00,0.2268
16/05/2014 22:15:00,0.01
16/05/2014 22:30:00,0.2224
16/05/2014 22:45:00,0.01
16/05/2014 23:00:00,0.216733333333
16/05/2014 23:15:00,0.01
16/05/2014 23:30:00,0.1024
16/05/2014 23:45:00,0.128466666667
17/05/2014 00:00:00,0.01
17/05/2014 00:15:00,0.01
17/05/2014 00:30:00,0.0263333333333
17/05/2014 00:45:00,0.202933333333
17/05/2014 01:00:00,0.01
17/05/2014 01:15:00,0.01
17/05/2014 01:30:00,0.01
17/05/2014 01:45:00,0.01
17/05/2014 02:00:00,0.01
17/05/2014 02:15:00,0.01
17/05/2014 02:30:00,0.01
17/05/2014 02:45:00,0.01
17/05/2014 03:00:00,0.01
17/05/2014 03:15:00,0.01
17/05/2014 03:30:00,0.01
17/05/2014 03:45:00,0.01
17/05/2014 04:00:00,0.01
17/05/2014 04:15:00,0.01
17/05/2014 04:30:00,0.01
17/05/2014 04:45:00,0.212266666667
17/05/2014 05:00:00,0.3048
17/05/2014 05:15:00,0.01
17/05/2014 05:30:00,0.2686
17/05/2014 05:45:00,0.257333333333
17/05/2014 06:00:00,0.0184666666667
17/05/2014 06:15:00,0.2466
17/05/2014 06:30:00,0.01
17/05/2014 06:45:00,0.01
17/05/2014 07:00:00,0.01
17/05/2014 07:15:00,0.01
17/05/2014 07:30:00,0.01
17/05/2014 07:45:00,0.0100666666667
17/05/2014 08:00:00,0.01
17/05/2014 08:15:00,0.01
17/05/2014 08:30:00,0.01
17/05/2014 08:45:00,0.01
17/05/2014 09:00:00,0.01
17/05/2014 09:15:00,0.01
17/05/2014 09:30:00,0.01
17/05/2014 09:45:00,0.01
17/05/2014 10:00:00,0.01
17/05/2014 10:15:00,0.01
17/05/2014 10:30:00,0.01
17/05/2014 10:45:00,0.01
17/05/2014 11:00:00,0.01
17/05/2014 11:15:00,0.01
17/05/2014 11:30:00,0.01
17/05/2014 11:45:00,0.01
17/05/2014 12:00:00,0.01
17/05/2014 12:15:00,0.01
17/05/2014 12:30:00,0.01
17/05/2014 12:45:00,0.2258
17/05/2014 13:00:00,0.01
17/05/2014 13:15:00,0.2366
17/05/2014 13:30:00,0.170266666667
17/05/2014 13:45:00,0.087
17/05/2014 14:00:00,0.2492
17/05/2014 14:15:00,0.1692
17/05/2014 14:30:00,0.0942
17/05/2014 14:45:00,0.313533333333
17/05/2014 15:00:00,0.310733333333
17/05/2014 15:15:00,0.192533333333
17/05/2014 15:30:00,0.3596
17/05/2014 15:45:00,0.560466666667
17/05/2014 16:00:00,0.2818
17/05/2014 16:15:00,0.306333333333
17/05/2014 16:30:00,0.523933333333
17/05/2014 16:45:00,0.01
17/05/2014 17:00:00,0.0104666666667
17/05/2014 17:15:00,0.2252
17/05/2014 17:30:00,0.118333333333
17/05/2014 17:45:00,0.3714
17/05/2014 18:00:00,0.422533333333
17/05/2014 18:15:00,0.182933333333
17/05/2014 18:30:00,0.2878
17/05/2014 18:45:00,0.446933333333
17/05/2014 19:00:00,0.325133333333
17/05/2014 19:15:00,0.556266666667
17/05/2014 19:30:00,0.5062
17/05/2014 19:45:00,0.3366
17/05/2014 20:00:00,0.011
17/05/2014 20:15:00,0.011
17/05/2014 20:30:00,0.011
17/05/2014 20:45:00,0.2388
17/05/2014 21:00:00,0.011
17/05/2014 21:15:00,0.0103333333333
17/05/2014 21:30:00,0.307133333333
17/05/2014 21:45:00,0.596
17/05/2014 22:00:00,0.0706666666667
17/05/2014 22:15:00,0.325666666667
17/05/2014 22:30:00,0.3678
17/05/2014 22:45:00,0.2996
17/05/2014 23:00:00,0.106533333333
17/05/2014 23:15:00,0.337133333333
17/05/2014 23:30:00,0.316866666667
17/05/2014 23:45:00,0.227466666667
18/05/2014 00:00:00,0.0941333333333
18/05/2014 00:15:00,0.3192
18/05/2014 00:30:00,0.161333333333
18/05/2014 00:45:00,0.101733333333
18/05/2014 01:00:00,0.2424
18/05/2014 01:15:00,0.01
18/05/2014 01:30:00,0.2238
18/05/2014 01:45:00,0.01
18/05/2014 02:00:00,0.01
18/05/2014 02:15:00,0.228266666667
18/05/2014 02:30:00,0.01
18/05/2014 02:45:00,0.01
18/05/2014 03:00:00,0.01
18/05/2014 03:15:00,0.01
18/05/2014 03:30:00,0.01
18/05/2014 03:45:00,0.01
18/05/2014 04:00:00,0.01
18/05/2014 04:15:00,0.01
18/05/2014 04:30:00,0.01
18/05/2014 04:45:00,0.01
18/05/2014 05:00:00,0.01
18/05/2014 05:15:00,0.01
18/05/2014 05:30:00,0.01
18/05/2014 05:45:00,0.01
18/05/2014 06:00:00,0.01
18/05/2014 06:15:00,0.01
18/05/2014 06:30:00,0.01
18/05/2014 06:45:00,0.01
18/05/2014 07:00:00,0.01
18/05/2014 07:15:00,0.01
18/05/2014 07:30:00,0.01
18/05/2014 07:45:00,0.01
18/05/2014 08:00:00,0.01
18/05/2014 08:15:00,0.01
18/05/2014 08:30:00,0.01
18/05/2014 08:45:00,0.01
18/05/2014 09:00:00,0.01
18/05/2014 09:15:00,0.01
18/05/2014 09:30:00,0.01
18/05/2014 09:45:00,0.01
18/05/2014 10:00:00,0.01
18/05/2014 10:15:00,0.223266666667
18/05/2014 10:30:00,0.01
18/05/2014 10:45:00,0.227533333333
18/05/2014 11:00:00,0.01
18/05/2014 11:15:00,0.01
18/05/2014 11:30:00,0.01
18/05/2014 11:45:00,0.01
18/05/2014 12:00:00,0.01
18/05/2014 12:15:00,0.01
18/05/2014 12:30:00,0.01
18/05/2014 12:45:00,0.01
18/05/2014 13:00:00,0.01
18/05/2014 13:15:00,0.01
18/05/2014 13:30:00,0.391
18/05/2014 13:45:00,0.01
18/05/2014 14:00:00,0.386533333333
18/05/2014 14:15:00,0.068
18/05/2014 14:30:00,0.207933333333
18/05/2014 14:45:00,0.401933333333
18/05/2014 15:00:00,0.0775333333333
18/05/2014 15:15:00,0.4386
18/05/2014 15:30:00,0.435
18/05/2014 15:45:00,0.212133333333
18/05/2014 16:00:00,0.292666666667
18/05/2014 16:15:00,0.474666666667
18/05/2014 16:30:00,0.378266666667
18/05/2014 16:45:00,0.2008
18/05/2014 17:00:00,0.454666666667
18/05/2014 17:15:00,0.4522
18/05/2014 17:30:00,0.234533333333
18/05/2014 17:45:00,0.4172
18/05/2014 18:00:00,0.559866666667
18/05/2014 18:15:00,0.2546
18/05/2014 18:30:00,0.344666666667
18/05/2014 18:45:00,0.5934
18/05/2014 19:00:00,0.247933333333
18/05/2014 19:15:00,0.393266666667
18/05/2014 19:30:00,0.5426
18/05/2014 19:45:00,0.311266666667
18/05/2014 20:00:00,0.2076
18/05/2014 20:15:00,0.441866666667
18/05/2014 20:30:00,0.267
18/05/2014 20:45:00,0.0170666666667
18/05/2014 21:00:00,0.248266666667
18/05/2014 21:15:00,0.646666666667
18/05/2014 21:30:00,0.01
18/05/2014 21:45:00,0.4838
18/05/2014 22:00:00,0.01
18/05/2014 22:15:00,0.01
18/05/2014 22:30:00,0.0109333333333
18/05/2014 22:45:00,0.207733333333
18/05/2014 23:00:00,0.189466666667
18/05/2014 23:15:00,0.2966
18/05/2014 23:30:00,0.298266666667
18/05/2014 23:45:00,0.103066666667
19/05/2014 00:00:00,0.198666666667
19/05/2014 00:15:00,0.272933333333
19/05/2014 00:30:00,0.2018
19/05/2014 00:45:00,0.0810666666667
19/05/2014 01:00:00,0.273533333333
19/05/2014 01:15:00,0.269466666667
19/05/2014 01:30:00,0.0103333333333
19/05/2014 01:45:00,0.273266666667
19/05/2014 02:00:00,0.01
19/05/2014 02:15:00,0.261933333333
19/05/2014 02:30:00,0.01
19/05/2014 02:45:00,0.2434
19/05/2014 03:00:00,0.01
19/05/2014 03:15:00,0.1378
19/05/2014 03:30:00,0.100133333333
19/05/2014 03:45:00,0.01
19/05/2014 04:00:00,0.01
19/05/2014 04:15:00,0.01
19/05/2014 04:30:00,0.2172
19/05/2014 04:45:00,0.01
19/05/2014 05:00:00,0.01
19/05/2014 05:15:00,0.01
19/05/2014 05:30:00,0.0732
19/05/2014 05:45:00,0.146266666667
19/05/2014 06:00:00,0.01
19/05/2014 06:15:00,0.01
19/05/2014 06:30:00,0.01
19/05/2014 06:45:00,0.00966666666667
19/05/2014 07:00:00,0.231933333333
19/05/2014 07:15:00,0.01
19/05/2014 07:30:00,0.01
19/05/2014 07:45:00,0.01
19/05/2014 08:00:00,0.2344
19/05/2014 08:15:00,0.01
19/05/2014 08:30:00,0.01
19/05/2014 08:45:00,0.01
19/05/2014 09:00:00,0.01
19/05/2014 09:15:00,0.01
19/05/2014 09:30:00,0.01
19/05/2014 09:45:00,0.01
19/05/2014 10:00:00,0.01
19/05/2014 10:15:00,0.01
19/05/2014 10:30:00,0.01
19/05/2014 10:45:00,0.01
19/05/2014 11:00:00,0.01
19/05/2014 11:15:00,0.01
19/05/2014 11:30:00,0.01
19/05/2014 11:45:00,0.01
19/05/2014 12:00:00,0.2406
19/05/2014 12:15:00,0.01
19/05/2014 12:30:00,0.415733333333
19/05/2014 12:45:00,0.0714
19/05/2014 13:00:00,0.5678
19/05/2014 13:15:00,0.319266666667
19/05/2014 13:30:00,0.134933333333
19/05/2014 13:45:00,0.366466666667
19/05/2014 14:00:00,0.49
19/05/2014 14:15:00,0.186666666667
19/05/2014 14:30:00,0.3424
19/05/2014 14:45:00,0.458
19/05/2014 15:00:00,0.01
19/05/2014 15:15:00,0.102666666667
19/05/2014 15:30:00,0.336266666667
19/05/2014 15:45:00,0.558066666667
19/05/2014 16:00:00,0.295266666667
19/05/2014 16:15:00,0.308533333333
19/05/2014 16:30:00,0.610533333333
19/05/2014 16:45:00,0.4358
19/05/2014 17:00:00,0.237666666667
19/05/2014 17:15:00,0.711533333333
19/05/2014 17:30:00,0.2674
19/05/2014 17:45:00,0.456066666667
19/05/2014 18:00:00,0.668933333333
19/05/2014 18:15:00,0.698466666667
19/05/2014 18:30:00,0.386133333333
19/05/2014 18:45:00,0.01
19/05/2014 19:00:00,0.322533333333
19/05/2014 19:15:00,0.3338
19/05/2014 19:30:00,0.0952
19/05/2014 19:45:00,0.237733333333
19/05/2014 20:00:00,0.292933333333
19/05/2014 20:15:00,0.174066666667
19/05/2014 20:30:00,0.101066666667
19/05/2014 20:45:00,0.260733333333
19/05/2014 21:00:00,0.560666666667
19/05/2014 21:15:00,0.1272
19/05/2014 21:30:00,0.181466666667
19/05/2014 21:45:00,0.307066666667
19/05/2014 22:00:00,0.3048
19/05/2014 22:15:00,0.179533333333
19/05/2014 22:30:00,0.152333333333
19/05/2014 22:45:00,0.319133333333
19/05/2014 23:00:00,0.331933333333
19/05/2014 23:15:00,0.0980666666667
19/05/2014 23:30:00,0.199266666667
19/05/2014 23:45:00,0.283133333333
20/05/2014 00:00:00,0.287533333333
20/05/2014 00:15:00,0.0718666666667
20/05/2014 00:30:00,0.222266666667
20/05/2014 00:45:00,0.283933333333
20/05/2014 01:00:00,0.106466666667
20/05/2014 01:15:00,0.2006
20/05/2014 01:30:00,0.2816
20/05/2014 01:45:00,0.01
20/05/2014 02:00:00,0.2698
20/05/2014 02:15:00,0.01
20/05/2014 02:30:00,0.251733333333
20/05/2014 02:45:00,0.01
20/05/2014 03:00:00,0.159533333333
20/05/2014 03:15:00,0.0822
20/05/2014 03:30:00,0.01
20/05/2014 03:45:00,0.2158
20/05/2014 04:00:00,0.01
20/05/2014 04:15:00,0.01
20/05/2014 04:30:00,0.01
20/05/2014 04:45:00,0.2078
20/05/2014 05:00:00,0.01
20/05/2014 05:15:00,0.01
20/05/2014 05:30:00,0.01
20/05/2014 05:45:00,0.01
20/05/2014 06:00:00,0.211733333333
20/05/2014 06:15:00,0.01
20/05/2014 06:30:00,0.01
20/05/2014 06:45:00,0.00973333333333
20/05/2014 07:00:00,0.01
20/05/2014 07:15:00,0.01
20/05/2014 07:30:00,0.01
20/05/2014 07:45:00,0.01
20/05/2014 08:00:00,0.0100666666667
20/05/2014 08:15:00,0.01
20/05/2014 08:30:00,0.223466666667
20/05/2014 08:45:00,0.01
20/05/2014 09:00:00,0.01
20/05/2014 09:15:00,0.01
20/05/2014 09:30:00,0.01
20/05/2014 09:45:00,0.01
20/05/2014 10:00:00,0.01
20/05/2014 10:15:00,0.01
20/05/2014 10:30:00,0.0108666666667
20/05/2014 10:45:00,0.231333333333
20/05/2014 11:00:00,0.0531333333333
20/05/2014 11:15:00,0.254533333333
20/05/2014 11:30:00,0.01
20/05/2014 11:45:00,0.280466666667
20/05/2014 12:00:00,0.0331333333333
20/05/2014 12:15:00,0.2262
20/05/2014 12:30:00,0.2578
20/05/2014 12:45:00,0.01
20/05/2014 13:00:00,0.260666666667
20/05/2014 13:15:00,0.233066666667
20/05/2014 13:30:00,0.0332
20/05/2014 13:45:00,0.2942
20/05/2014 14:00:00,0.265933333333
20/05/2014 14:15:00,0.0188666666667
20/05/2014 14:30:00,0.257
20/05/2014 14:45:00,0.475533333333
20/05/2014 15:00:00,0.1758
20/05/2014 15:15:00,0.498866666667
20/05/2014 15:30:00,0.6012
20/05/2014 15:45:00,0.439333333333
20/05/2014 16:00:00,0.406333333333
20/05/2014 16:15:00,0.561933333333
20/05/2014 16:30:00,0.507466666667
20/05/2014 16:45:00,0.400733333333
20/05/2014 17:00:00,0.672666666667
20/05/2014 17:15:00,0.426666666667
20/05/2014 17:30:00,0.670733333333
20/05/2014 17:45:00,0.2572
20/05/2014 18:00:00,0.6254
20/05/2014 18:15:00,0.327533333333
20/05/2014 18:30:00,0.312133333333
20/05/2014 18:45:00,0.5858
20/05/2014 19:00:00,0.240733333333
20/05/2014 19:15:00,0.732933333333
20/05/2014 19:30:00,0.3424
20/05/2014 19:45:00,0.600733333333
20/05/2014 20:00:00,0.444866666667
20/05/2014 20:15:00,0.247666666667
20/05/2014 20:30:00,0.478266666667
20/05/2014 20:45:00,0.407266666667
20/05/2014 21:00:00,0.2118
20/05/2014 21:15:00,0.449133333333
20/05/2014 21:30:00,0.4702
20/05/2014 21:45:00,0.337266666667
20/05/2014 22:00:00,0.3778
20/05/2014 22:15:00,0.3502
20/05/2014 22:30:00,0.2012
20/05/2014 22:45:00,0.196066666667
20/05/2014 23:00:00,0.318066666667
20/05/2014 23:15:00,0.3228
20/05/2014 23:30:00,0.1596
20/05/2014 23:45:00,0.171133333333
21/05/2014 00:00:00,0.323533333333
21/05/2014 00:15:00,0.322266666667
21/05/2014 00:30:00,0.0928666666667
21/05/2014 00:45:00,0.244
21/05/2014 01:00:00,0.327466666667
21/05/2014 01:15:00,0.0893333333333
21/05/2014 01:30:00,0.231466666667
21/05/2014 01:45:00,0.298933333333
21/05/2014 02:00:00,0.01
21/05/2014 02:15:00,0.2814
21/05/2014 02:30:00,0.104733333333
21/05/2014 02:45:00,0.179666666667
21/05/2014 03:00:00,0.249933333333
21/05/2014 03:15:00,0.01
21/05/2014 03:30:00,0.2436
21/05/2014 03:45:00,0.0585333333333
21/05/2014 04:00:00,0.191333333333
21/05/2014 04:15:00,0.238933333333
21/05/2014 04:30:00,0.01
21/05/2014 04:45:00,0.236733333333
21/05/2014 05:00:00,0.01
21/05/2014 05:15:00,0.2354
21/05/2014 05:30:00,0.0505333333333
21/05/2014 05:45:00,0.1898
21/05/2014 06:00:00,0.0982
21/05/2014 06:15:00,0.138733333333
21/05/2014 06:30:00,0.181333333333
21/05/2014 06:45:00,0.0610666666667
21/05/2014 07:00:00,0.2282
21/05/2014 07:15:00,0.01
21/05/2014 07:30:00,0.260066666667
21/05/2014 07:45:00,0.01
21/05/2014 08:00:00,0.2546
21/05/2014 08:15:00,0.01
21/05/2014 08:30:00,0.2718
21/05/2014 08:45:00,0.117933333333
21/05/2014 09:00:00,0.129266666667
21/05/2014 09:15:00,0.01
21/05/2014 09:30:00,0.01
21/05/2014 09:45:00,0.01
21/05/2014 10:00:00,0.01
21/05/2014 10:15:00,0.01
21/05/2014 10:30:00,0.01
21/05/2014 10:45:00,0.01
21/05/2014 11:00:00,0.235666666667
21/05/2014 11:15:00,0.198533333333
21/05/2014 11:30:00,0.421733333333
21/05/2014 11:45:00,0.248933333333
21/05/2014 12:00:00,0.187
21/05/2014 12:15:00,0.289133333333
21/05/2014 12:30:00,0.475266666667
21/05/2014 12:45:00,0.0320666666667
21/05/2014 13:00:00,0.240666666667
21/05/2014 13:15:00,0.0618
21/05/2014 13:30:00,0.238533333333
21/05/2014 13:45:00,0.329533333333
21/05/2014 14:00:00,0.186733333333
21/05/2014 14:15:00,0.122933333333
21/05/2014 14:30:00,0.3226
21/05/2014 14:45:00,0.3724
21/05/2014 15:00:00,0.185066666667
21/05/2014 15:15:00,0.155866666667
21/05/2014 15:30:00,0.372666666667
21/05/2014 15:45:00,0.3946
21/05/2014 16:00:00,0.2814
21/05/2014 16:15:00,0.339733333333
21/05/2014 16:30:00,0.557533333333
21/05/2014 16:45:00,0.6916
21/05/2014 17:00:00,0.720333333333
21/05/2014 17:15:00,0.712866666667
21/05/2014 17:30:00,0.298666666667
21/05/2014 17:45:00,0.6794
21/05/2014 18:00:00,0.6918
21/05/2014 18:15:00,0.681666666667
21/05/2014 18:30:00,0.6718
21/05/2014 18:45:00,0.672333333333
21/05/2014 19:00:00,0.673933333333
21/05/2014 19:15:00,0.383866666667
21/05/2014 19:30:00,0.0108
21/05/2014 19:45:00,0.011
21/05/2014 20:00:00,0.296333333333
21/05/2014 20:15:00,0.011
21/05/2014 20:30:00,0.2662
21/05/2014 20:45:00,0.319466666667
21/05/2014 21:00:00,0.109933333333
21/05/2014 21:15:00,0.403666666667
21/05/2014 21:30:00,0.542733333333
21/05/2014 21:45:00,0.383933333333
21/05/2014 22:00:00,0.382533333333
21/05/2014 22:15:00,0.214533333333
21/05/2014 22:30:00,0.6724
21/05/2014 22:45:00,0.187933333333
21/05/2014 23:00:00,0.5588
21/05/2014 23:15:00,0.381266666667
21/05/2014 23:30:00,0.183533333333
21/05/2014 23:45:00,0.514133333333
22/05/2014 00:00:00,0.0833333333333
22/05/2014 00:15:00,0.4416
22/05/2014 00:30:00,0.429466666667
22/05/2014 00:45:00,0.1402
22/05/2014 01:00:00,0.348533333333
22/05/2014 01:15:00,0.3626
22/05/2014 01:30:00,0.01
22/05/2014 01:45:00,0.279
22/05/2014 02:00:00,0.3064
22/05/2014 02:15:00,0.0100666666667
22/05/2014 02:30:00,0.285466666667
22/05/2014 02:45:00,0.194666666667
22/05/2014 03:00:00,0.0821333333333
22/05/2014 03:15:00,0.254
22/05/2014 03:30:00,0.0572666666667
22/05/2014 03:45:00,0.2042
22/05/2014 04:00:00,0.243933333333
22/05/2014 04:15:00,0.0103333333333
22/05/2014 04:30:00,0.244533333333
22/05/2014 04:45:00,0.01
22/05/2014 05:00:00,0.2398
22/05/2014 05:15:00,0.175066666667
22/05/2014 05:30:00,0.0706
22/05/2014 05:45:00,0.233666666667
22/05/2014 06:00:00,0.01
22/05/2014 06:15:00,0.229866666667
22/05/2014 06:30:00,0.01
22/05/2014 06:45:00,0.01
22/05/2014 07:00:00,0.01
22/05/2014 07:15:00,0.01
22/05/2014 07:30:00,0.01
22/05/2014 07:45:00,0.01
22/05/2014 08:00:00,0.01
22/05/2014 08:15:00,0.01
22/05/2014 08:30:00,0.01
22/05/2014 08:45:00,0.01
22/05/2014 09:00:00,0.01
22/05/2014 09:15:00,0.01
22/05/2014 09:30:00,0.2242
22/05/2014 09:45:00,0.01
22/05/2014 10:00:00,0.01
22/05/2014 10:15:00,0.238066666667
22/05/2014 10:30:00,0.01
22/05/2014 10:45:00,0.233866666667
22/05/2014 11:00:00,0.01
22/05/2014 11:15:00,0.205733333333
22/05/2014 11:30:00,0.033
22/05/2014 11:45:00,0.01
22/05/2014 12:00:00,0.01
22/05/2014 12:15:00,0.01
22/05/2014 12:30:00,0.01
22/05/2014 12:45:00,0.0962
22/05/2014 13:00:00,0.1578
22/05/2014 13:15:00,0.2538
22/05/2014 13:30:00,0.01
22/05/2014 13:45:00,0.267266666667
22/05/2014 14:00:00,0.2802
22/05/2014 14:15:00,0.0100666666667
22/05/2014 14:30:00,0.292266666667
22/05/2014 14:45:00,0.293066666667
22/05/2014 15:00:00,0.192866666667
22/05/2014 15:15:00,0.1334
22/05/2014 15:30:00,0.342266666667
22/05/2014 15:45:00,0.4442
22/05/2014 16:00:00,0.651
22/05/2014 16:15:00,0.163866666667
22/05/2014 16:30:00,0.5988
22/05/2014 16:45:00,0.2724
22/05/2014 17:00:00,0.597533333333
22/05/2014 17:15:00,0.428
22/05/2014 17:30:00,0.678666666667
22/05/2014 17:45:00,0.137066666667
22/05/2014 18:00:00,0.6578
22/05/2014 18:15:00,0.0098
22/05/2014 18:30:00,0.338266666667
22/05/2014 18:45:00,0.3378
22/05/2014 19:00:00,0.1102
22/05/2014 19:15:00,0.190066666667
22/05/2014 19:30:00,0.545266666667
22/05/2014 19:45:00,0.218866666667
22/05/2014 20:00:00,0.547333333333
22/05/2014 20:15:00,0.2348
22/05/2014 20:30:00,0.421533333333
22/05/2014 20:45:00,0.403666666667
22/05/2014 21:00:00,0.248866666667
22/05/2014 21:15:00,0.126533333333
22/05/2014 21:30:00,0.3816
22/05/2014 21:45:00,0.334
22/05/2014 22:00:00,0.202266666667
22/05/2014 22:15:00,0.139733333333
22/05/2014 22:30:00,0.3286
22/05/2014 22:45:00,0.3264
22/05/2014 23:00:00,0.127466666667
22/05/2014 23:15:00,0.215066666667
22/05/2014 23:30:00,0.269333333333
22/05/2014 23:45:00,0.0989333333333
23/05/2014 00:00:00,0.200533333333
23/05/2014 00:15:00,0.270466666667
23/05/2014 00:30:00,0.01
23/05/2014 00:45:00,0.271
23/05/2014 01:00:00,0.01
23/05/2014 01:15:00,0.251533333333
23/05/2014 01:30:00,0.01
23/05/2014 01:45:00,0.234933333333
23/05/2014 02:00:00,0.01
23/05/2014 02:15:00,0.228266666667
23/05/2014 02:30:00,0.01
23/05/2014 02:45:00,0.2246
23/05/2014 03:00:00,0.0107333333333
23/05/2014 03:15:00,0.0106666666667
23/05/2014 03:30:00,0.217333333333
23/05/2014 03:45:00,0.0100666666667
23/05/2014 04:00:00,0.133
23/05/2014 04:15:00,0.0941333333333
23/05/2014 04:30:00,0.01
23/05/2014 04:45:00,0.217133333333
23/05/2014 05:00:00,0.01
23/05/2014 05:15:00,0.0715333333333
23/05/2014 05:30:00,0.1544
23/05/2014 05:45:00,0.0903333333333
23/05/2014 06:00:00,0.156933333333
23/05/2014 06:15:00,0.225
23/05/2014 06:30:00,0.0182666666667
23/05/2014 06:45:00,0.01
23/05/2014 07:00:00,0.01
23/05/2014 07:15:00,0.01
23/05/2014 07:30:00,0.01
23/05/2014 07:45:00,0.01
23/05/2014 08:00:00,0.01
23/05/2014 08:15:00,0.01
23/05/2014 08:30:00,0.01
23/05/2014 08:45:00,0.01
23/05/2014 09:00:00,0.01
23/05/2014 09:15:00,0.01
23/05/2014 09:30:00,0.01
23/05/2014 09:45:00,0.01
23/05/2014 10:00:00,0.01
23/05/2014 10:15:00,0.0102
23/05/2014 10:30:00,0.0107333333333
23/05/2014 10:45:00,0.0103333333333
23/05/2014 11:00:00,0.01
23/05/2014 11:15:00,0.01
23/05/2014 11:30:00,0.01
23/05/2014 11:45:00,0.238866666667
23/05/2014 12:00:00,0.01
23/05/2014 12:15:00,0.250933333333
23/05/2014 12:30:00,0.132
23/05/2014 12:45:00,0.503133333333
23/05/2014 13:00:00,0.432933333333
23/05/2014 13:15:00,0.319
23/05/2014 13:30:00,0.309133333333
23/05/2014 13:45:00,0.609066666667
23/05/2014 14:00:00,0.214066666667
23/05/2014 14:15:00,0.312
23/05/2014 14:30:00,0.677933333333
23/05/2014 14:45:00,0.4496
23/05/2014 15:00:00,0.596333333333
23/05/2014 15:15:00,0.354066666667
23/05/2014 15:30:00,0.313266666667
23/05/2014 15:45:00,0.557333333333
23/05/2014 16:00:00,0.208066666667
23/05/2014 16:15:00,0.296866666667
23/05/2014 16:30:00,0.4132
23/05/2014 16:45:00,0.312533333333
23/05/2014 17:00:00,0.1304
23/05/2014 17:15:00,0.245666666667
23/05/2014 17:30:00,0.355933333333
23/05/2014 17:45:00,0.230333333333
23/05/2014 18:00:00,0.145866666667
23/05/2014 18:15:00,0.4652
23/05/2014 18:30:00,0.45
23/05/2014 18:45:00,0.127733333333
23/05/2014 19:00:00,0.402866666667
23/05/2014 19:15:00,0.395333333333
23/05/2014 19:30:00,0.0677333333333
23/05/2014 19:45:00,0.296066666667
23/05/2014 20:00:00,0.257733333333
23/05/2014 20:15:00,0.0262666666667
23/05/2014 20:30:00,0.260466666667
23/05/2014 20:45:00,0.230733333333
23/05/2014 21:00:00,0.0302666666667
23/05/2014 21:15:00,0.244866666667
23/05/2014 21:30:00,0.4124
23/05/2014 21:45:00,0.0126
23/05/2014 22:00:00,0.1062
23/05/2014 22:15:00,0.155866666667
23/05/2014 22:30:00,0.14
23/05/2014 22:45:00,0.108266666667
23/05/2014 23:00:00,0.107533333333
23/05/2014 23:15:00,0.127666666667
23/05/2014 23:30:00,0.01
23/05/2014 23:45:00,0.221333333333
24/05/2014 00:00:00,0.01
24/05/2014 00:15:00,0.111533333333
24/05/2014 00:30:00,0.113
24/05/2014 00:45:00,0.01
24/05/2014 01:00:00,0.214066666667
24/05/2014 01:15:00,0.01
24/05/2014 01:30:00,0.01
24/05/2014 01:45:00,0.190666666667
24/05/2014 02:00:00,0.0342
24/05/2014 02:15:00,0.01
24/05/2014 02:30:00,0.215466666667
24/05/2014 02:45:00,0.01
24/05/2014 03:00:00,0.01
24/05/2014 03:15:00,0.1004
24/05/2014 03:30:00,0.124333333333
24/05/2014 03:45:00,0.01
24/05/2014 04:00:00,0.01
24/05/2014 04:15:00,0.206933333333
24/05/2014 04:30:00,0.01
24/05/2014 04:45:00,0.01
24/05/2014 05:00:00,0.01
24/05/2014 05:15:00,0.210933333333
24/05/2014 05:30:00,0.01
24/05/2014 05:45:00,0.01
24/05/2014 06:00:00,0.211333333333
24/05/2014 06:15:00,0.01
24/05/2014 06:30:00,0.01
24/05/2014 06:45:00,0.1602
24/05/2014 07:00:00,0.0561333333333
24/05/2014 07:15:00,0.0092
24/05/2014 07:30:00,0.009
24/05/2014 07:45:00,0.3984
24/05/2014 08:00:00,0.286866666667
24/05/2014 08:15:00,0.0592666666667
24/05/2014 08:30:00,0.349266666667
24/05/2014 08:45:00,0.330333333333
24/05/2014 09:00:00,0.243666666667
24/05/2014 09:15:00,0.2794
24/05/2014 09:30:00,0.472533333333
24/05/2014 09:45:00,0.331133333333
24/05/2014 10:00:00,0.369866666667
24/05/2014 10:15:00,0.5102
24/05/2014 10:30:00,0.19
24/05/2014 10:45:00,0.556733333333
24/05/2014 11:00:00,0.306266666667
24/05/2014 11:15:00,0.234133333333
24/05/2014 11:30:00,0.501066666667
24/05/2014 11:45:00,0.291266666667
24/05/2014 12:00:00,0.1854
24/05/2014 12:15:00,0.405933333333
24/05/2014 12:30:00,0.01
24/05/2014 12:45:00,0.01
24/05/2014 13:00:00,0.01
24/05/2014 13:15:00,0.01
24/05/2014 13:30:00,0.01
24/05/2014 13:45:00,0.236266666667
24/05/2014 14:00:00,0.2134
24/05/2014 14:15:00,0.0726
24/05/2014 14:30:00,0.476466666667
24/05/2014 14:45:00,0.292533333333
24/05/2014 15:00:00,0.2232
24/05/2014 15:15:00,0.648533333333
24/05/2014 15:30:00,0.266933333333
24/05/2014 15:45:00,0.5734
24/05/2014 16:00:00,0.378
24/05/2014 16:15:00,0.6296
24/05/2014 16:30:00,0.334733333333
24/05/2014 16:45:00,0.657666666667
24/05/2014 17:00:00,0.01
24/05/2014 17:15:00,0.306933333333
24/05/2014 17:30:00,0.0156
24/05/2014 17:45:00,0.318933333333
24/05/2014 18:00:00,0.383333333333
24/05/2014 18:15:00,0.2662
24/05/2014 18:30:00,0.167933333333
24/05/2014 18:45:00,0.319533333333
24/05/2014 19:00:00,0.3718
24/05/2014 19:15:00,0.2698
24/05/2014 19:30:00,0.190866666667
24/05/2014 19:45:00,0.4558
24/05/2014 20:00:00,0.344533333333
24/05/2014 20:15:00,0.0929333333333
24/05/2014 20:30:00,0.305666666667
24/05/2014 20:45:00,0.4278
24/05/2014 21:00:00,0.171266666667
24/05/2014 21:15:00,0.208
24/05/2014 21:30:00,0.372666666667
24/05/2014 21:45:00,0.273133333333
24/05/2014 22:00:00,0.16
24/05/2014 22:15:00,0.3182
24/05/2014 22:30:00,0.378666666667
24/05/2014 22:45:00,0.186333333333
24/05/2014 23:00:00,0.1858
24/05/2014 23:15:00,0.3502
24/05/2014 23:30:00,0.250666666667
24/05/2014 23:45:00,0.0762
25/05/2014 00:00:00,0.316466666667
25/05/2014 00:15:00,0.276533333333
25/05/2014 00:30:00,0.0312
25/05/2014 00:45:00,0.290533333333
25/05/2014 01:00:00,0.2648
25/05/2014 01:15:00,0.0199333333333
25/05/2014 01:30:00,0.2604
25/05/2014 01:45:00,0.159466666667
25/05/2014 02:00:00,0.103
25/05/2014 02:15:00,0.2454
25/05/2014 02:30:00,0.0356666666667
25/05/2014 02:45:00,0.220133333333
25/05/2014 03:00:00,0.241666666667
25/05/2014 03:15:00,0.0102666666667
25/05/2014 03:30:00,0.238
25/05/2014 03:45:00,0.0244
25/05/2014 04:00:00,0.225733333333
25/05/2014 04:15:00,0.221133333333
25/05/2014 04:30:00,0.0276666666667
25/05/2014 04:45:00,0.235066666667
25/05/2014 05:00:00,0.01
25/05/2014 05:15:00,0.234866666667
25/05/2014 05:30:00,0.111266666667
25/05/2014 05:45:00,0.1332
25/05/2014 06:00:00,0.233533333333
25/05/2014 06:15:00,0.01
25/05/2014 06:30:00,0.235466666667
25/05/2014 06:45:00,0.01
25/05/2014 07:00:00,0.2352
25/05/2014 07:15:00,0.1264
25/05/2014 07:30:00,0.118133333333
25/05/2014 07:45:00,0.230666666667
25/05/2014 08:00:00,0.01
25/05/2014 08:15:00,0.229733333333
25/05/2014 08:30:00,0.01
25/05/2014 08:45:00,0.2334
25/05/2014 09:00:00,0.139733333333
25/05/2014 09:15:00,0.1276
25/05/2014 09:30:00,0.259333333333
25/05/2014 09:45:00,0.0689333333333
25/05/2014 10:00:00,0.193133333333
25/05/2014 10:15:00,0.260333333333
25/05/2014 10:30:00,0.132933333333
25/05/2014 10:45:00,0.1404
25/05/2014 11:00:00,0.2742
25/05/2014 11:15:00,0.2496
25/05/2014 11:30:00,0.0392
25/05/2014 11:45:00,0.2516
25/05/2014 12:00:00,0.01
25/05/2014 12:15:00,0.01
25/05/2014 12:30:00,0.01
25/05/2014 12:45:00,0.237066666667
25/05/2014 13:00:00,0.2712
25/05/2014 13:15:00,0.143333333333
25/05/2014 13:30:00,0.415933333333
25/05/2014 13:45:00,0.0326
25/05/2014 14:00:00,0.45
25/05/2014 14:15:00,0.163133333333
25/05/2014 14:30:00,0.311333333333
25/05/2014 14:45:00,0.561
25/05/2014 15:00:00,0.266
25/05/2014 15:15:00,0.684133333333
25/05/2014 15:30:00,0.289666666667
25/05/2014 15:45:00,0.624666666667
25/05/2014 16:00:00,0.365133333333
25/05/2014 16:15:00,0.434866666667
25/05/2014 16:30:00,0.504533333333
25/05/2014 16:45:00,0.0624666666667
25/05/2014 17:00:00,0.575333333333
25/05/2014 17:15:00,0.146666666667
25/05/2014 17:30:00,0.424066666667
25/05/2014 17:45:00,0.256533333333
25/05/2014 18:00:00,0.355266666667
25/05/2014 18:15:00,0.550266666667
25/05/2014 18:30:00,0.2596
25/05/2014 18:45:00,0.307266666667
25/05/2014 19:00:00,0.4164
25/05/2014 19:15:00,0.308266666667
25/05/2014 19:30:00,0.1184
25/05/2014 19:45:00,0.306333333333
25/05/2014 20:00:00,0.366133333333
25/05/2014 20:15:00,0.209266666667
25/05/2014 20:30:00,0.136133333333
25/05/2014 20:45:00,0.340533333333
25/05/2014 21:00:00,0.312133333333
25/05/2014 21:15:00,0.110933333333
25/05/2014 21:30:00,0.4004
25/05/2014 21:45:00,0.4572
25/05/2014 22:00:00,0.0701333333333
25/05/2014 22:15:00,0.229733333333
25/05/2014 22:30:00,0.276666666667
25/05/2014 22:45:00,0.1754
25/05/2014 23:00:00,0.1008
25/05/2014 23:15:00,0.270066666667
25/05/2014 23:30:00,0.269066666667
25/05/2014 23:45:00,0.0714666666667
26/05/2014 00:00:00,0.208266666667
26/05/2014 00:15:00,0.273933333333
26/05/2014 00:30:00,0.2314
26/05/2014 00:45:00,0.0489333333333
26/05/2014 01:00:00,0.269133333333
26/05/2014 01:15:00,0.2708
26/05/2014 01:30:00,0.128133333333
26/05/2014 01:45:00,0.1552
26/05/2014 02:00:00,0.266
26/05/2014 02:15:00,0.113133333333
26/05/2014 02:30:00,0.154933333333
26/05/2014 02:45:00,0.255066666667
26/05/2014 03:00:00,0.0214666666667
26/05/2014 03:15:00,0.239866666667
26/05/2014 03:30:00,0.247733333333
26/05/2014 03:45:00,0.01
26/05/2014 04:00:00,0.241133333333
26/05/2014 04:15:00,0.01
26/05/2014 04:30:00,0.240333333333
26/05/2014 04:45:00,0.0449333333333
26/05/2014 05:00:00,0.201333333333
26/05/2014 05:15:00,0.144
26/05/2014 05:30:00,0.0981333333333
26/05/2014 05:45:00,0.1478
26/05/2014 06:00:00,0.0907333333333
26/05/2014 06:15:00,0.197133333333
26/05/2014 06:30:00,0.0414666666667
26/05/2014 06:45:00,0.2284
26/05/2014 07:00:00,0.0100666666667
26/05/2014 07:15:00,0.229533333333
26/05/2014 07:30:00,0.01
26/05/2014 07:45:00,0.2276
26/05/2014 08:00:00,0.01
26/05/2014 08:15:00,0.223866666667
26/05/2014 08:30:00,0.01
26/05/2014 08:45:00,0.2278
26/05/2014 09:00:00,0.01
26/05/2014 09:15:00,0.252666666667
26/05/2014 09:30:00,0.01
26/05/2014 09:45:00,0.253066666667
26/05/2014 10:00:00,0.0209333333333
26/05/2014 10:15:00,0.248533333333
26/05/2014 10:30:00,0.115666666667
26/05/2014 10:45:00,0.1244
26/05/2014 11:00:00,0.229466666667
26/05/2014 11:15:00,0.01
26/05/2014 11:30:00,0.01
26/05/2014 11:45:00,0.01
26/05/2014 12:00:00,0.01
26/05/2014 12:15:00,0.01
26/05/2014 12:30:00,0.01
26/05/2014 12:45:00,0.01
26/05/2014 13:00:00,0.01
26/05/2014 13:15:00,0.01
26/05/2014 13:30:00,0.01
26/05/2014 13:45:00,0.01
26/05/2014 14:00:00,0.01
26/05/2014 14:15:00,0.01
26/05/2014 14:30:00,0.01
26/05/2014 14:45:00,0.01
26/05/2014 15:00:00,0.01
26/05/2014 15:15:00,0.01
26/05/2014 15:30:00,0.01
26/05/2014 15:45:00,0.01
26/05/2014 16:00:00,0.01
26/05/2014 16:15:00,0.01
26/05/2014 16:30:00,0.01
26/05/2014 16:45:00,0.01
26/05/2014 17:00:00,0.01
26/05/2014 17:15:00,0.01
26/05/2014 17:30:00,0.01
26/05/2014 17:45:00,0.01
26/05/2014 18:00:00,0.01
26/05/2014 18:15:00,0.01
26/05/2014 18:30:00,0.01
26/05/2014 18:45:00,0.00993333333333
26/05/2014 19:00:00,0.01
26/05/2014 19:15:00,0.237666666667
26/05/2014 19:30:00,0.01
26/05/2014 19:45:00,0.01
26/05/2014 20:00:00,0.218533333333
26/05/2014 20:15:00,0.0109333333333
26/05/2014 20:30:00,0.0108
26/05/2014 20:45:00,0.011
26/05/2014 21:00:00,0.011
26/05/2014 21:15:00,0.011
26/05/2014 21:30:00,0.0332
26/05/2014 21:45:00,0.534533333333
26/05/2014 22:00:00,0.154733333333
26/05/2014 22:15:00,0.3748
26/05/2014 22:30:00,0.2996
26/05/2014 22:45:00,0.0645333333333
26/05/2014 23:00:00,0.3538
26/05/2014 23:15:00,0.292933333333
26/05/2014 23:30:00,0.132066666667
26/05/2014 23:45:00,0.172333333333
27/05/2014 00:00:00,0.294466666667
27/05/2014 00:15:00,0.202533333333
27/05/2014 00:30:00,0.0690666666667
27/05/2014 00:45:00,0.244933333333
27/05/2014 01:00:00,0.01
27/05/2014 01:15:00,0.233733333333
27/05/2014 01:30:00,0.0104666666667
27/05/2014 01:45:00,0.0108666666667
27/05/2014 02:00:00,0.241066666667
27/05/2014 02:15:00,0.0102
27/05/2014 02:30:00,0.01
27/05/2014 02:45:00,0.01
27/05/2014 03:00:00,0.01
27/05/2014 03:15:00,0.01
27/05/2014 03:30:00,0.214333333333
27/05/2014 03:45:00,0.01
27/05/2014 04:00:00,0.01
27/05/2014 04:15:00,0.01
27/05/2014 04:30:00,0.01
27/05/2014 04:45:00,0.01
27/05/2014 05:00:00,0.01
27/05/2014 05:15:00,0.01
27/05/2014 05:30:00,0.01
27/05/2014 05:45:00,0.01
27/05/2014 06:00:00,0.01
27/05/2014 06:15:00,0.01
27/05/2014 06:30:00,0.01
27/05/2014 06:45:00,0.01
27/05/2014 07:00:00,0.01
27/05/2014 07:15:00,0.01
27/05/2014 07:30:00,0.0100666666667
27/05/2014 07:45:00,0.01
27/05/2014 08:00:00,0.01
27/05/2014 08:15:00,0.01
27/05/2014 08:30:00,0.01
27/05/2014 08:45:00,0.01
27/05/2014 09:00:00,0.01
27/05/2014 09:15:00,0.01
27/05/2014 09:30:00,0.01
27/05/2014 09:45:00,0.01
27/05/2014 10:00:00,0.01
27/05/2014 10:15:00,0.0100666666667
27/05/2014 10:30:00,0.01
27/05/2014 10:45:00,0.01
27/05/2014 11:00:00,0.01
27/05/2014 11:15:00,0.01
27/05/2014 11:30:00,0.01
27/05/2014 11:45:00,0.01
27/05/2014 12:00:00,0.01
27/05/2014 12:15:00,0.01
27/05/2014 12:30:00,0.01
27/05/2014 12:45:00,0.01
27/05/2014 13:00:00,0.01
27/05/2014 13:15:00,0.01
27/05/2014 13:30:00,0.01
27/05/2014 13:45:00,0.01
27/05/2014 14:00:00,0.01
27/05/2014 14:15:00,0.01
27/05/2014 14:30:00,0.01
27/05/2014 14:45:00,0.01
27/05/2014 15:00:00,0.01
27/05/2014 15:15:00,0.01
27/05/2014 15:30:00,0.01
27/05/2014 15:45:00,0.01
27/05/2014 16:00:00,0.01
27/05/2014 16:15:00,0.01
27/05/2014 16:30:00,0.0100666666667
27/05/2014 16:45:00,0.207933333333
27/05/2014 17:00:00,0.035
27/05/2014 17:15:00,0.261266666667
27/05/2014 17:30:00,0.0158666666667
27/05/2014 17:45:00,0.235866666667
27/05/2014 18:00:00,0.252666666667
27/05/2014 18:15:00,0.01
27/05/2014 18:30:00,0.261333333333
27/05/2014 18:45:00,0.239733333333
27/05/2014 19:00:00,0.0100666666667
27/05/2014 19:15:00,0.241466666667
27/05/2014 19:30:00,0.153
27/05/2014 19:45:00,0.0988666666667
27/05/2014 20:00:00,0.238466666667
27/05/2014 20:15:00,0.01
27/05/2014 20:30:00,0.228533333333
27/05/2014 20:45:00,0.01
27/05/2014 21:00:00,0.2304
27/05/2014 21:15:00,0.01
27/05/2014 21:30:00,0.2228
27/05/2014 21:45:00,0.0100666666667
27/05/2014 22:00:00,0.0320666666667
27/05/2014 22:15:00,0.202466666667
27/05/2014 22:30:00,0.0101333333333
27/05/2014 22:45:00,0.2158
27/05/2014 23:00:00,0.01
27/05/2014 23:15:00,0.01
27/05/2014 23:30:00,0.01
27/05/2014 23:45:00,0.208733333333
28/05/2014 00:00:00,0.01
28/05/2014 00:15:00,0.01
28/05/2014 00:30:00,0.213266666667
28/05/2014 00:45:00,0.01
28/05/2014 01:00:00,0.0100666666667
28/05/2014 01:15:00,0.01
28/05/2014 01:30:00,0.01
28/05/2014 01:45:00,0.01
28/05/2014 02:00:00,0.01
28/05/2014 02:15:00,0.01
28/05/2014 02:30:00,0.01
28/05/2014 02:45:00,0.01
28/05/2014 03:00:00,0.01
28/05/2014 03:15:00,0.01
28/05/2014 03:30:00,0.01
28/05/2014 03:45:00,0.01
28/05/2014 04:00:00,0.01
28/05/2014 04:15:00,0.01
28/05/2014 04:30:00,0.01
28/05/2014 04:45:00,0.01
28/05/2014 05:00:00,0.01
28/05/2014 05:15:00,0.316
28/05/2014 05:30:00,0.190533333333
28/05/2014 05:45:00,0.110666666667
28/05/2014 06:00:00,0.290133333333
28/05/2014 06:15:00,0.279933333333
28/05/2014 06:30:00,0.0273333333333
28/05/2014 06:45:00,0.256733333333
28/05/2014 07:00:00,0.258733333333
28/05/2014 07:15:00,0.01
28/05/2014 07:30:00,0.01
28/05/2014 07:45:00,0.01
28/05/2014 08:00:00,0.01
28/05/2014 08:15:00,0.01
28/05/2014 08:30:00,0.01
28/05/2014 08:45:00,0.01
28/05/2014 09:00:00,0.01
28/05/2014 09:15:00,0.01
28/05/2014 09:30:00,0.01
28/05/2014 09:45:00,0.01
28/05/2014 10:00:00,0.01
28/05/2014 10:15:00,0.01
28/05/2014 10:30:00,0.01
28/05/2014 10:45:00,0.01
28/05/2014 11:00:00,0.01
28/05/2014 11:15:00,0.187
28/05/2014 11:30:00,0.0702
28/05/2014 11:45:00,0.0197333333333
28/05/2014 12:00:00,0.232933333333
28/05/2014 12:15:00,0.0096
28/05/2014 12:30:00,0.2488
28/05/2014 12:45:00,0.01
28/05/2014 13:00:00,0.388133333333
28/05/2014 13:15:00,0.01
28/05/2014 13:30:00,0.387933333333
28/05/2014 13:45:00,0.01
28/05/2014 14:00:00,0.416133333333
28/05/2014 14:15:00,0.2808
28/05/2014 14:30:00,0.273466666667
28/05/2014 14:45:00,0.594133333333
28/05/2014 15:00:00,0.2638
28/05/2014 15:15:00,0.159333333333
28/05/2014 15:30:00,0.575866666667
28/05/2014 15:45:00,0.336266666667
28/05/2014 16:00:00,0.265266666667
28/05/2014 16:15:00,0.319266666667
28/05/2014 16:30:00,0.487266666667
28/05/2014 16:45:00,0.226866666667
28/05/2014 17:00:00,0.182733333333
28/05/2014 17:15:00,0.6312
28/05/2014 17:30:00,0.201266666667
28/05/2014 17:45:00,0.5102
28/05/2014 18:00:00,0.471466666667
28/05/2014 18:15:00,0.217466666667
28/05/2014 18:30:00,0.401866666667
28/05/2014 18:45:00,0.01
28/05/2014 19:00:00,0.277066666667
28/05/2014 19:15:00,0.135066666667
28/05/2014 19:30:00,0.474133333333
28/05/2014 19:45:00,0.2198
28/05/2014 20:00:00,0.223133333333
28/05/2014 20:15:00,0.2458
28/05/2014 20:30:00,0.0109333333333
28/05/2014 20:45:00,0.2466
28/05/2014 21:00:00,0.0156666666667
28/05/2014 21:15:00,0.238133333333
28/05/2014 21:30:00,0.121533333333
28/05/2014 21:45:00,0.368733333333
28/05/2014 22:00:00,0.349066666667
28/05/2014 22:15:00,0.288666666667
28/05/2014 22:30:00,0.110866666667
28/05/2014 22:45:00,0.379133333333
28/05/2014 23:00:00,0.342933333333
28/05/2014 23:15:00,0.118266666667
28/05/2014 23:30:00,0.206133333333
28/05/2014 23:45:00,0.3028
29/05/2014 00:00:00,0.2996
29/05/2014 00:15:00,0.0128
29/05/2014 00:30:00,0.296666666667
29/05/2014 00:45:00,0.233333333333
29/05/2014 01:00:00,0.0280666666667
29/05/2014 01:15:00,0.231533333333
29/05/2014 01:30:00,0.01
29/05/2014 01:45:00,0.254066666667
29/05/2014 02:00:00,0.01
29/05/2014 02:15:00,0.157133333333
29/05/2014 02:30:00,0.0920666666667
29/05/2014 02:45:00,0.01
29/05/2014 03:00:00,0.221533333333
29/05/2014 03:15:00,0.01
29/05/2014 03:30:00,0.01
29/05/2014 03:45:00,0.01
29/05/2014 04:00:00,0.01
29/05/2014 04:15:00,0.01
29/05/2014 04:30:00,0.213866666667
29/05/2014 04:45:00,0.01
29/05/2014 05:00:00,0.01
29/05/2014 05:15:00,0.01
29/05/2014 05:30:00,0.212266666667
29/05/2014 05:45:00,0.01
29/05/2014 06:00:00,0.01
29/05/2014 06:15:00,0.01
29/05/2014 06:30:00,0.01
29/05/2014 06:45:00,0.01
29/05/2014 07:00:00,0.01
29/05/2014 07:15:00,0.01
29/05/2014 07:30:00,0.01
29/05/2014 07:45:00,0.00993333333333
29/05/2014 08:00:00,0.0092
29/05/2014 08:15:00,0.00986666666667
29/05/2014 08:30:00,0.00993333333333
29/05/2014 08:45:00,0.01
29/05/2014 09:00:00,0.01
29/05/2014 09:15:00,0.01
29/05/2014 09:30:00,0.01
29/05/2014 09:45:00,0.01
29/05/2014 10:00:00,0.01
29/05/2014 10:15:00,0.0909333333333
29/05/2014 10:30:00,0.320133333333
29/05/2014 10:45:00,0.221533333333
29/05/2014 11:00:00,0.157666666667
29/05/2014 11:15:00,0.381866666667
29/05/2014 11:30:00,0.0762666666667
29/05/2014 11:45:00,0.439333333333
29/05/2014 12:00:00,0.01
29/05/2014 12:15:00,0.4214
29/05/2014 12:30:00,0.103333333333
29/05/2014 12:45:00,0.341066666667
29/05/2014 13:00:00,0.0128666666667
29/05/2014 13:15:00,0.5018
29/05/2014 13:30:00,0.273
29/05/2014 13:45:00,0.2008
29/05/2014 14:00:00,0.5104
29/05/2014 14:15:00,0.4718
29/05/2014 14:30:00,0.1678
29/05/2014 14:45:00,0.4654
29/05/2014 15:00:00,0.5374
29/05/2014 15:15:00,0.271133333333
29/05/2014 15:30:00,0.426133333333
29/05/2014 15:45:00,0.601133333333
29/05/2014 16:00:00,0.332666666667
29/05/2014 16:15:00,0.5358
29/05/2014 16:30:00,0.4128
29/05/2014 16:45:00,0.350133333333
29/05/2014 17:00:00,0.643266666667
29/05/2014 17:15:00,0.518133333333
29/05/2014 17:30:00,0.481666666667
29/05/2014 17:45:00,0.6446
29/05/2014 18:00:00,0.2818
29/05/2014 18:15:00,0.561066666667
29/05/2014 18:30:00,0.535333333333
29/05/2014 18:45:00,0.294933333333
29/05/2014 19:00:00,0.727333333333
29/05/2014 19:15:00,0.324066666667
29/05/2014 19:30:00,0.352533333333
29/05/2014 19:45:00,0.581666666667
29/05/2014 20:00:00,0.171666666667
29/05/2014 20:15:00,0.383933333333
29/05/2014 20:30:00,0.3916
29/05/2014 20:45:00,0.1034
29/05/2014 21:00:00,0.255066666667
29/05/2014 21:15:00,0.2474
29/05/2014 21:30:00,0.0367333333333
29/05/2014 21:45:00,0.4074
29/05/2014 22:00:00,0.212266666667
29/05/2014 22:15:00,0.0516
29/05/2014 22:30:00,0.246333333333
29/05/2014 22:45:00,0.1662
29/05/2014 23:00:00,0.0931333333333
29/05/2014 23:15:00,0.2474
29/05/2014 23:30:00,0.173333333333
29/05/2014 23:45:00,0.0858666666667
30/05/2014 00:00:00,0.249333333333
30/05/2014 00:15:00,0.0674666666667
30/05/2014 00:30:00,0.1876
30/05/2014 00:45:00,0.233133333333
30/05/2014 01:00:00,0.0144666666667
30/05/2014 01:15:00,0.232866666667
30/05/2014 01:30:00,0.01
30/05/2014 01:45:00,0.230066666667
30/05/2014 02:00:00,0.01
30/05/2014 02:15:00,0.1916
30/05/2014 02:30:00,0.0406666666667
30/05/2014 02:45:00,0.01
30/05/2014 03:00:00,0.220066666667
30/05/2014 03:15:00,0.01
30/05/2014 03:30:00,0.01
30/05/2014 03:45:00,0.217533333333
30/05/2014 04:00:00,0.01
30/05/2014 04:15:00,0.01
30/05/2014 04:30:00,0.106933333333
30/05/2014 04:45:00,0.116866666667
30/05/2014 05:00:00,0.01
30/05/2014 05:15:00,0.0756666666667
30/05/2014 05:30:00,0.146066666667
30/05/2014 05:45:00,0.01
30/05/2014 06:00:00,0.01
30/05/2014 06:15:00,0.181266666667
30/05/2014 06:30:00,0.0404666666667
30/05/2014 06:45:00,0.01
30/05/2014 07:00:00,0.203
30/05/2014 07:15:00,0.0100666666667
30/05/2014 07:30:00,0.01
30/05/2014 07:45:00,0.01
30/05/2014 08:00:00,0.01
30/05/2014 08:15:00,0.01
30/05/2014 08:30:00,0.01
30/05/2014 08:45:00,0.01
30/05/2014 09:00:00,0.01
30/05/2014 09:15:00,0.01
30/05/2014 09:30:00,0.2986
30/05/2014 09:45:00,0.110733333333
30/05/2014 10:00:00,0.2026
30/05/2014 10:15:00,0.362
30/05/2014 10:30:00,0.2832
30/05/2014 10:45:00,0.0908666666667
30/05/2014 11:00:00,0.3742
30/05/2014 11:15:00,0.394466666667
30/05/2014 11:30:00,0.166333333333
30/05/2014 11:45:00,0.483066666667
30/05/2014 12:00:00,0.545666666667
30/05/2014 12:15:00,0.381866666667
30/05/2014 12:30:00,0.273933333333
30/05/2014 12:45:00,0.712933333333
30/05/2014 13:00:00,0.283666666667
30/05/2014 13:15:00,0.456066666667
30/05/2014 13:30:00,0.513933333333
30/05/2014 13:45:00,0.3194
30/05/2014 14:00:00,0.567333333333
30/05/2014 14:15:00,0.489533333333
30/05/2014 14:30:00,0.3154
30/05/2014 14:45:00,0.496266666667
30/05/2014 15:00:00,0.5254
30/05/2014 15:15:00,0.3064
30/05/2014 15:30:00,0.643333333333
30/05/2014 15:45:00,0.4356
30/05/2014 16:00:00,0.376133333333
30/05/2014 16:15:00,0.684066666667
30/05/2014 16:30:00,0.333466666667
30/05/2014 16:45:00,0.469866666667
30/05/2014 17:00:00,0.581066666667
30/05/2014 17:15:00,0.355933333333
30/05/2014 17:30:00,0.446466666667
30/05/2014 17:45:00,0.327533333333
30/05/2014 18:00:00,0.2074
30/05/2014 18:15:00,0.441066666667
30/05/2014 18:30:00,0.469866666667
30/05/2014 18:45:00,0.217866666667
30/05/2014 19:00:00,0.4344
30/05/2014 19:15:00,0.4572
30/05/2014 19:30:00,0.1284
30/05/2014 19:45:00,0.5306
30/05/2014 20:00:00,0.337466666667
30/05/2014 20:15:00,0.165733333333
30/05/2014 20:30:00,0.353666666667
30/05/2014 20:45:00,0.358333333333
30/05/2014 21:00:00,0.123733333333
30/05/2014 21:15:00,0.2102
30/05/2014 21:30:00,0.291266666667
30/05/2014 21:45:00,0.12
30/05/2014 22:00:00,0.072
30/05/2014 22:15:00,0.01
30/05/2014 22:30:00,0.01
30/05/2014 22:45:00,0.01
30/05/2014 23:00:00,0.01
30/05/2014 23:15:00,0.260133333333
30/05/2014 23:30:00,0.01
30/05/2014 23:45:00,0.241066666667
31/05/2014 00:00:00,0.01
31/05/2014 00:15:00,0.2214
31/05/2014 00:30:00,0.01
31/05/2014 00:45:00,0.223
31/05/2014 01:00:00,0.0100666666667
31/05/2014 01:15:00,0.2162
31/05/2014 01:30:00,0.0145333333333
31/05/2014 01:45:00,0.0118
31/05/2014 02:00:00,0.216733333333
31/05/2014 02:15:00,0.01
31/05/2014 02:30:00,0.2154
31/05/2014 02:45:00,0.01
31/05/2014 03:00:00,0.01
31/05/2014 03:15:00,0.01
31/05/2014 03:30:00,0.214466666667
31/05/2014 03:45:00,0.01
31/05/2014 04:00:00,0.01
31/05/2014 04:15:00,0.01
31/05/2014 04:30:00,0.202933333333
31/05/2014 04:45:00,0.0182666666667
31/05/2014 05:00:00,0.01
31/05/2014 05:15:00,0.01
31/05/2014 05:30:00,0.01
31/05/2014 05:45:00,0.01
31/05/2014 06:00:00,0.187533333333
31/05/2014 06:15:00,0.0294
31/05/2014 06:30:00,0.263733333333
31/05/2014 06:45:00,0.01
31/05/2014 07:00:00,0.474266666667
31/05/2014 07:15:00,0.00986666666667
31/05/2014 07:30:00,0.421533333333
31/05/2014 07:45:00,0.190466666667
31/05/2014 08:00:00,0.0665333333333
31/05/2014 08:15:00,0.438133333333
31/05/2014 08:30:00,0.0333333333333
31/05/2014 08:45:00,0.496266666667
31/05/2014 09:00:00,0.0993333333333
31/05/2014 09:15:00,0.338266666667
31/05/2014 09:30:00,0.570333333333
31/05/2014 09:45:00,0.156466666667
31/05/2014 10:00:00,0.408933333333
31/05/2014 10:15:00,0.464266666667
31/05/2014 10:30:00,0.166533333333
31/05/2014 10:45:00,0.5896
31/05/2014 11:00:00,0.3576
31/05/2014 11:15:00,0.270933333333
31/05/2014 11:30:00,0.6826
31/05/2014 11:45:00,0.707533333333
31/05/2014 12:00:00,0.4072
31/05/2014 12:15:00,0.620066666667
31/05/2014 12:30:00,0.3778
31/05/2014 12:45:00,0.442266666667
31/05/2014 13:00:00,0.613866666667
31/05/2014 13:15:00,0.319133333333
31/05/2014 13:30:00,0.506333333333
31/05/2014 13:45:00,0.5198
31/05/2014 14:00:00,0.261733333333
31/05/2014 14:15:00,0.390533333333
31/05/2014 14:30:00,0.235666666667
31/05/2014 14:45:00,0.4162
31/05/2014 15:00:00,0.523466666667
31/05/2014 15:15:00,0.275866666667
31/05/2014 15:30:00,0.568266666667
31/05/2014 15:45:00,0.4224
31/05/2014 16:00:00,0.713
31/05/2014 16:15:00,0.715866666667
31/05/2014 16:30:00,0.7006
31/05/2014 16:45:00,0.6772
31/05/2014 17:00:00,0.390933333333
31/05/2014 17:15:00,0.175066666667
31/05/2014 17:30:00,0.306933333333
31/05/2014 17:45:00,0.527333333333
31/05/2014 18:00:00,0.1788
31/05/2014 18:15:00,0.3478
31/05/2014 18:30:00,0.4466
31/05/2014 18:45:00,0.113733333333
31/05/2014 19:00:00,0.513466666667
31/05/2014 19:15:00,0.388933333333
31/05/2014 19:30:00,0.251133333333
31/05/2014 19:45:00,0.6184
31/05/2014 20:00:00,0.282933333333
31/05/2014 20:15:00,0.246866666667
31/05/2014 20:30:00,0.482533333333
31/05/2014 20:45:00,0.0858
31/05/2014 21:00:00,0.347266666667
31/05/2014 21:15:00,0.257733333333
31/05/2014 21:30:00,0.01
31/05/2014 21:45:00,0.6552
31/05/2014 22:00:00,0.6846
31/05/2014 22:15:00,0.500066666667
31/05/2014 22:30:00,0.362533333333
31/05/2014 22:45:00,0.2086
31/05/2014 23:00:00,0.313933333333
31/05/2014 23:15:00,0.682733333333
31/05/2014 23:30:00,0.320733333333
31/05/2014 23:45:00,0.438066666667
01/06/2014 00:00:00,0.228266666667
01/06/2014 00:15:00,0.5462
01/06/2014 00:30:00,0.319133333333
01/06/2014 00:45:00,0.273933333333
01/06/2014 01:00:00,0.484266666667
01/06/2014 01:15:00,0.1276
01/06/2014 01:30:00,0.229133333333
01/06/2014 01:45:00,0.305866666667
01/06/2014 02:00:00,0.270466666667
01/06/2014 02:15:00,0.0712
01/06/2014 02:30:00,0.325866666667
01/06/2014 02:45:00,0.2788
01/06/2014 03:00:00,0.0449333333333
01/06/2014 03:15:00,0.3026
01/06/2014 03:30:00,0.2496
01/06/2014 03:45:00,0.0413333333333
01/06/2014 04:00:00,0.268066666667
01/06/2014 04:15:00,0.256533333333
01/06/2014 04:30:00,0.0148666666667
01/06/2014 04:45:00,0.258066666667
01/06/2014 05:00:00,0.196133333333
01/06/2014 05:15:00,0.0636666666667
01/06/2014 05:30:00,0.246133333333
01/06/2014 05:45:00,0.0714
01/06/2014 06:00:00,0.185066666667
01/06/2014 06:15:00,0.242266666667
01/06/2014 06:30:00,0.01
01/06/2014 06:45:00,0.01
01/06/2014 07:00:00,0.01
01/06/2014 07:15:00,0.01
01/06/2014 07:30:00,0.01
01/06/2014 07:45:00,0.01
01/06/2014 08:00:00,0.01
01/06/2014 08:15:00,0.00973333333333
01/06/2014 08:30:00,0.01
01/06/2014 08:45:00,0.01
01/06/2014 09:00:00,0.2456
01/06/2014 09:15:00,0.01
01/06/2014 09:30:00,0.231666666667
01/06/2014 09:45:00,0.01
01/06/2014 10:00:00,0.210866666667
01/06/2014 10:15:00,0.01
01/06/2014 10:30:00,0.01
01/06/2014 10:45:00,0.01
01/06/2014 11:00:00,0.01
01/06/2014 11:15:00,0.2382
01/06/2014 11:30:00,0.233733333333
01/06/2014 11:45:00,0.0382666666667
01/06/2014 12:00:00,0.267933333333
01/06/2014 12:15:00,0.2938
01/06/2014 12:30:00,0.0364666666667
01/06/2014 12:45:00,0.2888
01/06/2014 13:00:00,0.340466666667
01/06/2014 13:15:00,0.1728
01/06/2014 13:30:00,0.177866666667
01/06/2014 13:45:00,0.316866666667
01/06/2014 14:00:00,0.3506
01/06/2014 14:15:00,0.174866666667
01/06/2014 14:30:00,0.162666666667
01/06/2014 14:45:00,0.343333333333
01/06/2014 15:00:00,0.422533333333
01/06/2014 15:15:00,0.261266666667
01/06/2014 15:30:00,0.201533333333
01/06/2014 15:45:00,0.478466666667
01/06/2014 16:00:00,0.402
01/06/2014 16:15:00,0.2194
01/06/2014 16:30:00,0.377933333333
01/06/2014 16:45:00,0.683
01/06/2014 17:00:00,0.698333333333
01/06/2014 17:15:00,0.73
01/06/2014 17:30:00,0.6992
01/06/2014 17:45:00,0.4426
01/06/2014 18:00:00,0.704466666667
01/06/2014 18:15:00,0.711
01/06/2014 18:30:00,0.713266666667
01/06/2014 18:45:00,0.406266666667
01/06/2014 19:00:00,0.715666666667
01/06/2014 19:15:00,0.709666666667
01/06/2014 19:30:00,0.678
01/06/2014 19:45:00,0.458666666667
01/06/2014 20:00:00,0.454933333333
01/06/2014 20:15:00,0.684333333333
01/06/2014 20:30:00,0.7378
01/06/2014 20:45:00,0.707866666667
01/06/2014 21:00:00,0.430733333333
01/06/2014 21:15:00,0.356666666667
01/06/2014 21:30:00,0.520333333333
01/06/2014 21:45:00,0.303133333333
01/06/2014 22:00:00,0.0723333333333
01/06/2014 22:15:00,0.01
01/06/2014 22:30:00,0.01
01/06/2014 22:45:00,0.0581333333333
01/06/2014 23:00:00,0.1882
01/06/2014 23:15:00,0.2564
01/06/2014 23:30:00,0.01
01/06/2014 23:45:00,0.2718
02/06/2014 00:00:00,0.274133333333
02/06/2014 00:15:00,0.0288666666667
02/06/2014 00:30:00,0.2444
02/06/2014 00:45:00,0.2722
02/06/2014 01:00:00,0.0704666666667
02/06/2014 01:15:00,0.233933333333
02/06/2014 01:30:00,0.2938
02/06/2014 01:45:00,0.0366
02/06/2014 02:00:00,0.2334
02/06/2014 02:15:00,0.2588
02/06/2014 02:30:00,0.119533333333
02/06/2014 02:45:00,0.150866666667
02/06/2014 03:00:00,0.260333333333
02/06/2014 03:15:00,0.202466666667
02/06/2014 03:30:00,0.0678666666667
02/06/2014 03:45:00,0.2606
02/06/2014 04:00:00,0.259533333333
02/06/2014 04:15:00,0.01
02/06/2014 04:30:00,0.482066666667
02/06/2014 04:45:00,0.288333333333
02/06/2014 05:00:00,0.130133333333
02/06/2014 05:15:00,0.3592
02/06/2014 05:30:00,0.371466666667
02/06/2014 05:45:00,0.277533333333
02/06/2014 06:00:00,0.137933333333
02/06/2014 06:15:00,0.234133333333
02/06/2014 06:30:00,0.01
02/06/2014 06:45:00,0.01
02/06/2014 07:00:00,0.00973333333333
02/06/2014 07:15:00,0.229866666667
02/06/2014 07:30:00,0.0625333333333
02/06/2014 07:45:00,0.183666666667
02/06/2014 08:00:00,0.273466666667
02/06/2014 08:15:00,0.01
02/06/2014 08:30:00,0.2732
02/06/2014 08:45:00,0.293333333333
02/06/2014 09:00:00,0.0190666666667
02/06/2014 09:15:00,0.268866666667
02/06/2014 09:30:00,0.2788
02/06/2014 09:45:00,0.1638
02/06/2014 10:00:00,0.1312
02/06/2014 10:15:00,0.486666666667
02/06/2014 10:30:00,0.433133333333
02/06/2014 10:45:00,0.165933333333
02/06/2014 11:00:00,0.473133333333
02/06/2014 11:15:00,0.516666666667
02/06/2014 11:30:00,0.2422
02/06/2014 11:45:00,0.6388
02/06/2014 12:00:00,0.4254
02/06/2014 12:15:00,0.368
02/06/2014 12:30:00,0.578466666667
02/06/2014 12:45:00,0.384866666667
02/06/2014 13:00:00,0.609533333333
02/06/2014 13:15:00,0.3372
02/06/2014 13:30:00,0.680533333333
02/06/2014 13:45:00,0.2994
02/06/2014 14:00:00,0.7116
02/06/2014 14:15:00,0.194266666667
02/06/2014 14:30:00,0.700933333333
02/06/2014 14:45:00,0.234666666667
02/06/2014 15:00:00,0.5798
02/06/2014 15:15:00,0.392
02/06/2014 15:30:00,0.5512
02/06/2014 15:45:00,0.488733333333
02/06/2014 16:00:00,0.554
02/06/2014 16:15:00,0.548266666667
02/06/2014 16:30:00,0.6424
02/06/2014 16:45:00,0.549866666667
02/06/2014 17:00:00,0.731133333333
02/06/2014 17:15:00,0.497266666667
02/06/2014 17:30:00,0.729533333333
02/06/2014 17:45:00,0.455333333333
02/06/2014 18:00:00,0.574266666667
02/06/2014 18:15:00,0.409866666667
02/06/2014 18:30:00,0.3584
02/06/2014 18:45:00,0.613333333333
02/06/2014 19:00:00,0.250066666667
02/06/2014 19:15:00,0.610733333333
02/06/2014 19:30:00,0.380866666667
02/06/2014 19:45:00,0.3064
02/06/2014 20:00:00,0.621933333333
02/06/2014 20:15:00,0.276733333333
02/06/2014 20:30:00,0.2898
02/06/2014 20:45:00,0.582133333333
02/06/2014 21:00:00,0.345933333333
02/06/2014 21:15:00,0.467066666667
02/06/2014 21:30:00,0.261066666667
02/06/2014 21:45:00,0.6902
02/06/2014 22:00:00,0.2826
02/06/2014 22:15:00,0.359066666667
02/06/2014 22:30:00,0.504133333333
02/06/2014 22:45:00,0.198666666667
02/06/2014 23:00:00,0.296
02/06/2014 23:15:00,0.4166
02/06/2014 23:30:00,0.170266666667
02/06/2014 23:45:00,0.2614
03/06/2014 00:00:00,0.416933333333
03/06/2014 00:15:00,0.256533333333
03/06/2014 00:30:00,0.172
03/06/2014 00:45:00,0.421666666667
03/06/2014 01:00:00,0.3776
03/06/2014 01:15:00,0.102933333333
03/06/2014 01:30:00,0.240266666667
03/06/2014 01:45:00,0.3522
03/06/2014 02:00:00,0.1914
03/06/2014 02:15:00,0.134666666667
03/06/2014 02:30:00,0.320666666667
03/06/2014 02:45:00,0.198333333333
03/06/2014 03:00:00,0.117
03/06/2014 03:15:00,0.2946
03/06/2014 03:30:00,0.175
03/06/2014 03:45:00,0.1092
03/06/2014 04:00:00,0.263066666667
03/06/2014 04:15:00,0.178933333333
03/06/2014 04:30:00,0.0862
03/06/2014 04:45:00,0.247666666667
03/06/2014 05:00:00,0.1778
03/06/2014 05:15:00,0.0821333333333
03/06/2014 05:30:00,0.249
03/06/2014 05:45:00,0.209133333333
03/06/2014 06:00:00,0.0524
03/06/2014 06:15:00,0.251533333333
03/06/2014 06:30:00,0.237266666667
03/06/2014 06:45:00,0.0229333333333
03/06/2014 07:00:00,0.252133333333
03/06/2014 07:15:00,0.251933333333
03/06/2014 07:30:00,0.0100666666667
03/06/2014 07:45:00,0.251333333333
03/06/2014 08:00:00,0.285
03/06/2014 08:15:00,0.0100666666667
03/06/2014 08:30:00,0.292533333333
03/06/2014 08:45:00,0.2846
03/06/2014 09:00:00,0.128933333333
03/06/2014 09:15:00,0.1722
03/06/2014 09:30:00,0.291466666667
03/06/2014 09:45:00,0.275266666667
03/06/2014 10:00:00,0.0489333333333
03/06/2014 10:15:00,0.271933333333
03/06/2014 10:30:00,0.320466666667
03/06/2014 10:45:00,0.1062
03/06/2014 11:00:00,0.2272
03/06/2014 11:15:00,0.532066666667
03/06/2014 11:30:00,0.294466666667
03/06/2014 11:45:00,0.276333333333
03/06/2014 12:00:00,0.529333333333
03/06/2014 12:15:00,0.464866666667
03/06/2014 12:30:00,0.138466666667
03/06/2014 12:45:00,0.6074
03/06/2014 13:00:00,0.364266666667
03/06/2014 13:15:00,0.2888
03/06/2014 13:30:00,0.649133333333
03/06/2014 13:45:00,0.246266666667
03/06/2014 14:00:00,0.6614
03/06/2014 14:15:00,0.328533333333
03/06/2014 14:30:00,0.522333333333
03/06/2014 14:45:00,0.4848
03/06/2014 15:00:00,0.312466666667
03/06/2014 15:15:00,0.660066666667
03/06/2014 15:30:00,0.2234
03/06/2014 15:45:00,0.717266666667
03/06/2014 16:00:00,0.346266666667
03/06/2014 16:15:00,0.712733333333
03/06/2014 16:30:00,0.523466666667
03/06/2014 16:45:00,0.31
03/06/2014 17:00:00,0.726066666667
03/06/2014 17:15:00,0.7154
03/06/2014 17:30:00,0.684266666667
03/06/2014 17:45:00,0.345133333333
03/06/2014 18:00:00,0.318533333333
03/06/2014 18:15:00,0.470133333333
03/06/2014 18:30:00,0.384866666667
03/06/2014 18:45:00,0.560266666667
03/06/2014 19:00:00,0.2014
03/06/2014 19:15:00,0.506266666667
03/06/2014 19:30:00,0.4538
03/06/2014 19:45:00,0.3734
03/06/2014 20:00:00,0.399
03/06/2014 20:15:00,0.519133333333
03/06/2014 20:30:00,0.285533333333
03/06/2014 20:45:00,0.497
03/06/2014 21:00:00,0.7082
03/06/2014 21:15:00,0.594733333333
03/06/2014 21:30:00,0.213266666667
03/06/2014 21:45:00,0.3652
03/06/2014 22:00:00,0.232533333333
03/06/2014 22:15:00,0.451333333333
03/06/2014 22:30:00,0.440666666667
03/06/2014 22:45:00,0.208533333333
03/06/2014 23:00:00,0.238933333333
03/06/2014 23:15:00,0.429333333333
03/06/2014 23:30:00,0.2748
03/06/2014 23:45:00,0.146333333333
04/06/2014 00:00:00,0.392533333333
04/06/2014 00:15:00,0.351
04/06/2014 00:30:00,0.0759333333333
04/06/2014 00:45:00,0.268533333333
04/06/2014 01:00:00,0.327266666667
04/06/2014 01:15:00,0.142866666667
04/06/2014 01:30:00,0.1802
04/06/2014 01:45:00,0.2994
04/06/2014 02:00:00,0.229733333333
04/06/2014 02:15:00,0.0682666666667
04/06/2014 02:30:00,0.268733333333
04/06/2014 02:45:00,0.262333333333
04/06/2014 03:00:00,0.01
04/06/2014 03:15:00,0.258666666667
04/06/2014 03:30:00,0.2582
04/06/2014 03:45:00,0.0540666666667
04/06/2014 04:00:00,0.215
04/06/2014 04:15:00,0.259333333333
04/06/2014 04:30:00,0.1362
04/06/2014 04:45:00,0.132133333333
04/06/2014 05:00:00,0.255066666667
04/06/2014 05:15:00,0.151
04/06/2014 05:30:00,0.113066666667
04/06/2014 05:45:00,0.249
04/06/2014 06:00:00,0.0987333333333
04/06/2014 06:15:00,0.1584
04/06/2014 06:30:00,0.242866666667
04/06/2014 06:45:00,0.01
04/06/2014 07:00:00,0.243466666667
04/06/2014 07:15:00,0.243133333333
04/06/2014 07:30:00,0.01
04/06/2014 07:45:00,0.243666666667
04/06/2014 08:00:00,0.446266666667
04/06/2014 08:15:00,0.278666666667
04/06/2014 08:30:00,0.207
04/06/2014 08:45:00,0.4236
04/06/2014 09:00:00,0.385466666667
04/06/2014 09:15:00,0.183133333333
04/06/2014 09:30:00,0.3376
04/06/2014 09:45:00,0.3704
04/06/2014 10:00:00,0.227933333333
04/06/2014 10:15:00,0.216533333333
04/06/2014 10:30:00,0.447466666667
04/06/2014 10:45:00,0.2812
04/06/2014 11:00:00,0.1888
04/06/2014 11:15:00,0.4386
04/06/2014 11:30:00,0.321133333333
04/06/2014 11:45:00,0.132266666667
04/06/2014 12:00:00,0.494333333333
04/06/2014 12:15:00,0.295266666667
04/06/2014 12:30:00,0.253066666667
04/06/2014 12:45:00,0.5726
04/06/2014 13:00:00,0.176666666667
04/06/2014 13:15:00,0.5472
04/06/2014 13:30:00,0.3966
04/06/2014 13:45:00,0.327933333333
04/06/2014 14:00:00,0.562466666667
04/06/2014 14:15:00,0.2008
04/06/2014 14:30:00,0.6772
04/06/2014 14:45:00,0.167533333333
04/06/2014 15:00:00,0.702866666667
04/06/2014 15:15:00,0.151466666667
04/06/2014 15:30:00,0.710466666667
04/06/2014 15:45:00,0.3804
04/06/2014 16:00:00,0.445733333333
04/06/2014 16:15:00,0.449066666667
04/06/2014 16:30:00,0.703866666667
04/06/2014 16:45:00,0.339533333333
04/06/2014 17:00:00,0.606666666667
04/06/2014 17:15:00,0.4208
04/06/2014 17:30:00,0.559533333333
04/06/2014 17:45:00,0.3348
04/06/2014 18:00:00,0.7074
04/06/2014 18:15:00,0.3272
04/06/2014 18:30:00,0.7166
04/06/2014 18:45:00,0.258666666667
04/06/2014 19:00:00,0.646533333333
04/06/2014 19:15:00,0.3774
04/06/2014 19:30:00,0.4944
04/06/2014 19:45:00,0.486933333333
04/06/2014 20:00:00,0.270933333333
04/06/2014 20:15:00,0.5752
04/06/2014 20:30:00,0.0828666666667
04/06/2014 20:45:00,0.403066666667
04/06/2014 21:00:00,0.203333333333
04/06/2014 21:15:00,0.252333333333
04/06/2014 21:30:00,0.5846
04/06/2014 21:45:00,0.2892
04/06/2014 22:00:00,0.2468
04/06/2014 22:15:00,0.3662
04/06/2014 22:30:00,0.368466666667
04/06/2014 22:45:00,0.137133333333
04/06/2014 23:00:00,0.252866666667
04/06/2014 23:15:00,0.3892
04/06/2014 23:30:00,0.2778
04/06/2014 23:45:00,0.0962
05/06/2014 00:00:00,0.278933333333
05/06/2014 00:15:00,0.322533333333
05/06/2014 00:30:00,0.2568
05/06/2014 00:45:00,0.0960666666667
05/06/2014 01:00:00,0.3032
05/06/2014 01:15:00,0.325666666667
05/06/2014 01:30:00,0.2368
05/06/2014 01:45:00,0.1078
05/06/2014 02:00:00,0.3152
05/06/2014 02:15:00,0.321266666667
05/06/2014 02:30:00,0.181333333333
05/06/2014 02:45:00,0.158066666667
05/06/2014 03:00:00,0.3102
05/06/2014 03:15:00,0.1558
05/06/2014 03:30:00,0.150866666667
05/06/2014 03:45:00,0.281
05/06/2014 04:00:00,0.076
05/06/2014 04:15:00,0.195533333333
05/06/2014 04:30:00,0.254333333333
05/06/2014 04:45:00,0.01
05/06/2014 05:00:00,0.245866666667
05/06/2014 05:15:00,0.243533333333
05/06/2014 05:30:00,0.01
05/06/2014 05:45:00,0.242666666667
05/06/2014 06:00:00,0.224
05/06/2014 06:15:00,0.0275333333333
05/06/2014 06:30:00,0.240866666667
05/06/2014 06:45:00,0.180466666667
05/06/2014 07:00:00,0.0719333333333
05/06/2014 07:15:00,0.242133333333
05/06/2014 07:30:00,0.142733333333
05/06/2014 07:45:00,0.1506
05/06/2014 08:00:00,0.275266666667
05/06/2014 08:15:00,0.1548
05/06/2014 08:30:00,0.1432
05/06/2014 08:45:00,0.290533333333
05/06/2014 09:00:00,0.146333333333
05/06/2014 09:15:00,0.164733333333
05/06/2014 09:30:00,0.00966666666667
05/06/2014 09:45:00,0.01
05/06/2014 10:00:00,0.01
05/06/2014 10:15:00,0.01
05/06/2014 10:30:00,0.235866666667
05/06/2014 10:45:00,0.01
05/06/2014 11:00:00,0.263933333333
05/06/2014 11:15:00,0.0794666666667
05/06/2014 11:30:00,0.342466666667
05/06/2014 11:45:00,0.203266666667
05/06/2014 12:00:00,0.217666666667
05/06/2014 12:15:00,0.4322
05/06/2014 12:30:00,0.122466666667
05/06/2014 12:45:00,0.395266666667
05/06/2014 13:00:00,0.448666666667
05/06/2014 13:15:00,0.2216
05/06/2014 13:30:00,0.372
05/06/2014 13:45:00,0.5288
05/06/2014 14:00:00,0.3622
05/06/2014 14:15:00,0.315266666667
05/06/2014 14:30:00,0.45
05/06/2014 14:45:00,0.588466666667
05/06/2014 15:00:00,0.3202
05/06/2014 15:15:00,0.340066666667
05/06/2014 15:30:00,0.673466666667
05/06/2014 15:45:00,0.348533333333
05/06/2014 16:00:00,0.462533333333
05/06/2014 16:15:00,0.611533333333
05/06/2014 16:30:00,0.359733333333
05/06/2014 16:45:00,0.5596
05/06/2014 17:00:00,0.552
05/06/2014 17:15:00,0.372533333333
05/06/2014 17:30:00,0.6018
05/06/2014 17:45:00,0.484266666667
05/06/2014 18:00:00,0.4086
05/06/2014 18:15:00,0.649
05/06/2014 18:30:00,0.4472
05/06/2014 18:45:00,0.3764
05/06/2014 19:00:00,0.725
05/06/2014 19:15:00,0.4158
05/06/2014 19:30:00,0.4196
05/06/2014 19:45:00,0.650266666667
05/06/2014 20:00:00,0.452666666667
05/06/2014 20:15:00,0.296666666667
05/06/2014 20:30:00,0.459066666667
05/06/2014 20:45:00,0.500666666667
05/06/2014 21:00:00,0.568133333333
05/06/2014 21:15:00,0.515866666667
05/06/2014 21:30:00,0.317
05/06/2014 21:45:00,0.683266666667
05/06/2014 22:00:00,0.5264
05/06/2014 22:15:00,0.4402
05/06/2014 22:30:00,0.568933333333
05/06/2014 22:45:00,0.3402
05/06/2014 23:00:00,0.329733333333
05/06/2014 23:15:00,0.564666666667
05/06/2014 23:30:00,0.245133333333
05/06/2014 23:45:00,0.2216
06/06/2014 00:00:00,0.4288
06/06/2014 00:15:00,0.397866666667
06/06/2014 00:30:00,0.127066666667
06/06/2014 00:45:00,0.2986
06/06/2014 01:00:00,0.3774
06/06/2014 01:15:00,0.2106
06/06/2014 01:30:00,0.1662
06/06/2014 01:45:00,0.348533333333
06/06/2014 02:00:00,0.337466666667
06/06/2014 02:15:00,0.121333333333
06/06/2014 02:30:00,0.208266666667
06/06/2014 02:45:00,0.305866666667
06/06/2014 03:00:00,0.296666666667
06/06/2014 03:15:00,0.114666666667
06/06/2014 03:30:00,0.194466666667
06/06/2014 03:45:00,0.299533333333
06/06/2014 04:00:00,0.299533333333
06/06/2014 04:15:00,0.1144
06/06/2014 04:30:00,0.1946
06/06/2014 04:45:00,0.293466666667
06/06/2014 05:00:00,0.292466666667
06/06/2014 05:15:00,0.0876
06/06/2014 05:30:00,0.1258
06/06/2014 05:45:00,0.01
06/06/2014 06:00:00,0.01
06/06/2014 06:15:00,0.01
06/06/2014 06:30:00,0.01
06/06/2014 06:45:00,0.00953333333333
06/06/2014 07:00:00,0.00953333333333
06/06/2014 07:15:00,0.01
06/06/2014 07:30:00,0.251533333333
06/06/2014 07:45:00,0.0132
06/06/2014 08:00:00,0.224866666667
06/06/2014 08:15:00,0.2186
06/06/2014 08:30:00,0.0244
06/06/2014 08:45:00,0.2436
06/06/2014 09:00:00,0.213866666667
06/06/2014 09:15:00,0.0467333333333
06/06/2014 09:30:00,0.427266666667
06/06/2014 09:45:00,0.326333333333
06/06/2014 10:00:00,0.134266666667
06/06/2014 10:15:00,0.470666666667
06/06/2014 10:30:00,0.4202
06/06/2014 10:45:00,0.163333333333
06/06/2014 11:00:00,0.386066666667
06/06/2014 11:15:00,0.504133333333
06/06/2014 11:30:00,0.303133333333
06/06/2014 11:45:00,0.233533333333
06/06/2014 12:00:00,0.5352
06/06/2014 12:15:00,0.4716
06/06/2014 12:30:00,0.2858
06/06/2014 12:45:00,0.442666666667
06/06/2014 13:00:00,0.497866666667
06/06/2014 13:15:00,0.235266666667
06/06/2014 13:30:00,0.527333333333
06/06/2014 13:45:00,0.439733333333
06/06/2014 14:00:00,0.288733333333
06/06/2014 14:15:00,0.6224
06/06/2014 14:30:00,0.294066666667
06/06/2014 14:45:00,0.719133333333
06/06/2014 15:00:00,0.357466666667
06/06/2014 15:15:00,0.675933333333
06/06/2014 15:30:00,0.3684
06/06/2014 15:45:00,0.525533333333
06/06/2014 16:00:00,0.700733333333
06/06/2014 16:15:00,0.7242
06/06/2014 16:30:00,0.246133333333
06/06/2014 16:45:00,0.733466666667
06/06/2014 17:00:00,0.6998
06/06/2014 17:15:00,0.6944
06/06/2014 17:30:00,0.712533333333
06/06/2014 17:45:00,0.483933333333
06/06/2014 18:00:00,0.695733333333
06/06/2014 18:15:00,0.362066666667
06/06/2014 18:30:00,0.7038
06/06/2014 18:45:00,0.306266666667
06/06/2014 19:00:00,0.592866666667
06/06/2014 19:15:00,0.391866666667
06/06/2014 19:30:00,0.476333333333
06/06/2014 19:45:00,0.558733333333
06/06/2014 20:00:00,0.256
06/06/2014 20:15:00,0.6118
06/06/2014 20:30:00,0.403466666667
06/06/2014 20:45:00,0.203666666667
06/06/2014 21:00:00,0.708733333333
06/06/2014 21:15:00,0.239266666667
06/06/2014 21:30:00,0.565866666667
06/06/2014 21:45:00,0.307666666667
06/06/2014 22:00:00,0.440866666667
06/06/2014 22:15:00,0.455
06/06/2014 22:30:00,0.0578666666667
06/06/2014 22:45:00,0.532
06/06/2014 23:00:00,0.203866666667
06/06/2014 23:15:00,0.332866666667
06/06/2014 23:30:00,0.402866666667
06/06/2014 23:45:00,0.1026
07/06/2014 00:00:00,0.500533333333
07/06/2014 00:15:00,0.3008
07/06/2014 00:30:00,0.2078
07/06/2014 00:45:00,0.4622
07/06/2014 01:00:00,0.367266666667
07/06/2014 01:15:00,0.158866666667
07/06/2014 01:30:00,0.262866666667
07/06/2014 01:45:00,0.373866666667
07/06/2014 02:00:00,0.241933333333
07/06/2014 02:15:00,0.111466666667
07/06/2014 02:30:00,0.344733333333
07/06/2014 02:45:00,0.317733333333
07/06/2014 03:00:00,0.0984666666667
07/06/2014 03:15:00,0.210666666667
07/06/2014 03:30:00,0.291933333333
07/06/2014 03:45:00,0.276333333333
07/06/2014 04:00:00,0.0457333333333
07/06/2014 04:15:00,0.263666666667
07/06/2014 04:30:00,0.284266666667
07/06/2014 04:45:00,0.247133333333
07/06/2014 05:00:00,0.0514
07/06/2014 05:15:00,0.2796
07/06/2014 05:30:00,0.2876
07/06/2014 05:45:00,0.22
07/06/2014 06:00:00,0.0736666666667
07/06/2014 06:15:00,0.2866
07/06/2014 06:30:00,0.2834
07/06/2014 06:45:00,0.190666666667
07/06/2014 07:00:00,0.108333333333
07/06/2014 07:15:00,0.282933333333
07/06/2014 07:30:00,0.286466666667
07/06/2014 07:45:00,0.162133333333
07/06/2014 08:00:00,0.1746
07/06/2014 08:15:00,0.01
07/06/2014 08:30:00,0.01
07/06/2014 08:45:00,0.01
07/06/2014 09:00:00,0.01
07/06/2014 09:15:00,0.01
07/06/2014 09:30:00,0.432533333333
07/06/2014 09:45:00,0.01
07/06/2014 10:00:00,0.469866666667
07/06/2014 10:15:00,0.300866666667
07/06/2014 10:30:00,0.183533333333
07/06/2014 10:45:00,0.5208
07/06/2014 11:00:00,0.367133333333
07/06/2014 11:15:00,0.197333333333
07/06/2014 11:30:00,0.612533333333
07/06/2014 11:45:00,0.333
07/06/2014 12:00:00,0.329466666667
07/06/2014 12:15:00,0.642866666667
07/06/2014 12:30:00,0.694733333333
07/06/2014 12:45:00,0.2412
07/06/2014 13:00:00,0.703333333333
07/06/2014 13:15:00,0.709533333333
07/06/2014 13:30:00,0.680666666667
07/06/2014 13:45:00,0.679266666667
07/06/2014 14:00:00,0.471
07/06/2014 14:15:00,0.676933333333
07/06/2014 14:30:00,0.181533333333
07/06/2014 14:45:00,0.693333333333
07/06/2014 15:00:00,0.589
07/06/2014 15:15:00,0.458733333333
07/06/2014 15:30:00,0.673866666667
07/06/2014 15:45:00,0.334533333333
07/06/2014 16:00:00,0.537
07/06/2014 16:15:00,0.667466666667
07/06/2014 16:30:00,0.6984
07/06/2014 16:45:00,0.674933333333
07/06/2014 17:00:00,0.554333333333
07/06/2014 17:15:00,0.674266666667
07/06/2014 17:30:00,0.5472
07/06/2014 17:45:00,0.578266666667
07/06/2014 18:00:00,0.6738
07/06/2014 18:15:00,0.700333333333
07/06/2014 18:30:00,0.6754
07/06/2014 18:45:00,0.690333333333
07/06/2014 19:00:00,0.690133333333
07/06/2014 19:15:00,0.679666666667
07/06/2014 19:30:00,0.710866666667
07/06/2014 19:45:00,0.427133333333
07/06/2014 20:00:00,0.692666666667
07/06/2014 20:15:00,0.285266666667
07/06/2014 20:30:00,0.586266666667
07/06/2014 20:45:00,0.364266666667
07/06/2014 21:00:00,0.220266666667
07/06/2014 21:15:00,0.465866666667
07/06/2014 21:30:00,0.408466666667
07/06/2014 21:45:00,0.106866666667
07/06/2014 22:00:00,0.589866666667
07/06/2014 22:15:00,0.108266666667
07/06/2014 22:30:00,0.553933333333
07/06/2014 22:45:00,0.248333333333
07/06/2014 23:00:00,0.3904
07/06/2014 23:15:00,0.2842
07/06/2014 23:30:00,0.370866666667
07/06/2014 23:45:00,0.2426
08/06/2014 00:00:00,0.439
08/06/2014 00:15:00,0.452933333333
08/06/2014 00:30:00,0.213333333333
08/06/2014 00:45:00,0.398533333333
08/06/2014 01:00:00,0.428266666667
08/06/2014 01:15:00,0.215333333333
08/06/2014 01:30:00,0.156466666667
08/06/2014 01:45:00,0.408133333333
08/06/2014 02:00:00,0.372266666667
08/06/2014 02:15:00,0.109866666667
08/06/2014 02:30:00,0.261666666667
08/06/2014 02:45:00,0.346266666667
08/06/2014 03:00:00,0.242666666667
08/06/2014 03:15:00,0.100133333333
08/06/2014 03:30:00,0.3128
08/06/2014 03:45:00,0.302933333333
08/06/2014 04:00:00,0.204133333333
08/06/2014 04:15:00,0.0996
08/06/2014 04:30:00,0.294733333333
08/06/2014 04:45:00,0.295533333333
08/06/2014 05:00:00,0.190066666667
08/06/2014 05:15:00,0.111133333333
08/06/2014 05:30:00,0.293933333333
08/06/2014 05:45:00,0.293133333333
08/06/2014 06:00:00,0.1824
08/06/2014 06:15:00,0.126
08/06/2014 06:30:00,0.2936
08/06/2014 06:45:00,0.2954
08/06/2014 07:00:00,0.171
08/06/2014 07:15:00,0.5552
08/06/2014 07:30:00,0.2414
08/06/2014 07:45:00,0.362066666667
08/06/2014 08:00:00,0.519
08/06/2014 08:15:00,0.205266666667
08/06/2014 08:30:00,0.438333333333
08/06/2014 08:45:00,0.2762
08/06/2014 09:00:00,0.288466666667
08/06/2014 09:15:00,0.450066666667
08/06/2014 09:30:00,0.1536
08/06/2014 09:45:00,0.429933333333
08/06/2014 10:00:00,0.01
08/06/2014 10:15:00,0.01
08/06/2014 10:30:00,0.01
08/06/2014 10:45:00,0.01
08/06/2014 11:00:00,0.00993333333333
08/06/2014 11:15:00,0.292066666667
08/06/2014 11:30:00,0.262333333333
08/06/2014 11:45:00,0.2292
08/06/2014 12:00:00,0.496933333333
08/06/2014 12:15:00,0.2822
08/06/2014 12:30:00,0.307333333333
08/06/2014 12:45:00,0.548466666667
08/06/2014 13:00:00,0.2886
08/06/2014 13:15:00,0.315533333333
08/06/2014 13:30:00,0.4446
08/06/2014 13:45:00,0.429133333333
08/06/2014 14:00:00,0.301533333333
08/06/2014 14:15:00,0.7042
08/06/2014 14:30:00,0.296
08/06/2014 14:45:00,0.684133333333
08/06/2014 15:00:00,0.294733333333
08/06/2014 15:15:00,0.688666666667
08/06/2014 15:30:00,0.3166
08/06/2014 15:45:00,0.691666666667
08/06/2014 16:00:00,0.400866666667
08/06/2014 16:15:00,0.273733333333
08/06/2014 16:30:00,0.413733333333
08/06/2014 16:45:00,0.321933333333
08/06/2014 17:00:00,0.208466666667
08/06/2014 17:15:00,0.406066666667
08/06/2014 17:30:00,0.482533333333
08/06/2014 17:45:00,0.240266666667
08/06/2014 18:00:00,0.454066666667
08/06/2014 18:15:00,0.525933333333
08/06/2014 18:30:00,0.264133333333
08/06/2014 18:45:00,0.5208
08/06/2014 19:00:00,0.459533333333
08/06/2014 19:15:00,0.264533333333
08/06/2014 19:30:00,0.664066666667
08/06/2014 19:45:00,0.276866666667
08/06/2014 20:00:00,0.341733333333
08/06/2014 20:15:00,0.448133333333
08/06/2014 20:30:00,0.081
08/06/2014 20:45:00,0.5116
08/06/2014 21:00:00,0.38
08/06/2014 21:15:00,0.2276
08/06/2014 21:30:00,0.420933333333
08/06/2014 21:45:00,0.470666666667
08/06/2014 22:00:00,0.3468
08/06/2014 22:15:00,0.683066666667
08/06/2014 22:30:00,0.6202
08/06/2014 22:45:00,0.405466666667
08/06/2014 23:00:00,0.3258
08/06/2014 23:15:00,0.376666666667
08/06/2014 23:30:00,0.6854
08/06/2014 23:45:00,0.3466
09/06/2014 00:00:00,0.639733333333
09/06/2014 00:15:00,0.271733333333
09/06/2014 00:30:00,0.494866666667
09/06/2014 00:45:00,0.398533333333
09/06/2014 01:00:00,0.227866666667
09/06/2014 01:15:00,0.481
09/06/2014 01:30:00,0.408066666667
09/06/2014 01:45:00,0.168533333333
09/06/2014 02:00:00,0.258933333333
09/06/2014 02:15:00,0.426733333333
09/06/2014 02:30:00,0.232066666667
09/06/2014 02:45:00,0.169733333333
09/06/2014 03:00:00,0.3666
09/06/2014 03:15:00,0.3454
09/06/2014 03:30:00,0.064
09/06/2014 03:45:00,0.298066666667
09/06/2014 04:00:00,0.318
09/06/2014 04:15:00,0.261733333333
09/06/2014 04:30:00,0.0669333333333
09/06/2014 04:45:00,0.277
09/06/2014 05:00:00,0.2944
09/06/2014 05:15:00,0.2426
09/06/2014 05:30:00,0.0739333333333
09/06/2014 05:45:00,0.279333333333
09/06/2014 06:00:00,0.293333333333
09/06/2014 06:15:00,0.252666666667
09/06/2014 06:30:00,0.0709333333333
09/06/2014 06:45:00,0.340066666667
09/06/2014 07:00:00,0.3614
09/06/2014 07:15:00,0.187066666667
09/06/2014 07:30:00,0.176533333333
09/06/2014 07:45:00,0.358466666667
09/06/2014 08:00:00,0.355533333333
09/06/2014 08:15:00,0.197266666667
09/06/2014 08:30:00,0.171733333333
09/06/2014 08:45:00,0.374133333333
09/06/2014 09:00:00,0.416733333333
09/06/2014 09:15:00,0.156866666667
09/06/2014 09:30:00,0.259333333333
09/06/2014 09:45:00,0.430133333333
09/06/2014 10:00:00,0.00973333333333
09/06/2014 10:15:00,0.01
09/06/2014 10:30:00,0.01
09/06/2014 10:45:00,0.00966666666667
09/06/2014 11:00:00,0.00913333333333
09/06/2014 11:15:00,0.00993333333333
09/06/2014 11:30:00,0.01
09/06/2014 11:45:00,0.134333333333
09/06/2014 12:00:00,0.1116
09/06/2014 12:15:00,0.01
09/06/2014 12:30:00,0.435533333333
09/06/2014 12:45:00,0.259933333333
09/06/2014 13:00:00,0.0514
09/06/2014 13:15:00,0.413533333333
09/06/2014 13:30:00,0.317
09/06/2014 13:45:00,0.105
09/06/2014 14:00:00,0.2514
09/06/2014 14:15:00,0.5248
09/06/2014 14:30:00,0.227533333333
09/06/2014 14:45:00,0.270333333333
09/06/2014 15:00:00,0.520733333333
09/06/2014 15:15:00,0.294666666667
09/06/2014 15:30:00,0.2408
09/06/2014 15:45:00,0.660466666667
09/06/2014 16:00:00,0.282666666667
09/06/2014 16:15:00,0.3976
09/06/2014 16:30:00,0.5396
09/06/2014 16:45:00,0.290333333333
09/06/2014 17:00:00,0.394133333333
09/06/2014 17:15:00,0.551933333333
09/06/2014 17:30:00,0.315866666667
09/06/2014 17:45:00,0.363133333333
09/06/2014 18:00:00,0.603866666667
09/06/2014 18:15:00,0.2732
09/06/2014 18:30:00,0.5862
09/06/2014 18:45:00,0.3906
09/06/2014 19:00:00,0.2568
09/06/2014 19:15:00,0.455733333333
09/06/2014 19:30:00,0.361666666667
09/06/2014 19:45:00,0.159133333333
09/06/2014 20:00:00,0.357933333333
09/06/2014 20:15:00,0.330933333333
09/06/2014 20:30:00,0.227333333333
09/06/2014 20:45:00,0.0941333333333
09/06/2014 21:00:00,0.330133333333
09/06/2014 21:15:00,0.264733333333
09/06/2014 21:30:00,0.0350666666667
09/06/2014 21:45:00,0.278733333333
09/06/2014 22:00:00,0.286533333333
09/06/2014 22:15:00,0.264466666667
09/06/2014 22:30:00,0.204866666667
09/06/2014 22:45:00,0.384733333333
09/06/2014 23:00:00,0.3384
09/06/2014 23:15:00,0.1388
09/06/2014 23:30:00,0.353333333333
09/06/2014 23:45:00,0.3392
10/06/2014 00:00:00,0.2342
10/06/2014 00:15:00,0.117733333333
10/06/2014 00:30:00,0.340266666667
10/06/2014 00:45:00,0.341333333333
10/06/2014 01:00:00,0.188666666667
10/06/2014 01:15:00,0.155533333333
10/06/2014 01:30:00,0.349066666667
10/06/2014 01:45:00,0.254066666667
10/06/2014 02:00:00,0.035
10/06/2014 02:15:00,0.260466666667
10/06/2014 02:30:00,0.270133333333
10/06/2014 02:45:00,0.0350666666667
10/06/2014 03:00:00,0.269733333333
10/06/2014 03:15:00,0.01
10/06/2014 03:30:00,0.266333333333
10/06/2014 03:45:00,0.01
10/06/2014 04:00:00,0.2436
10/06/2014 04:15:00,0.0153333333333
10/06/2014 04:30:00,0.227133333333
10/06/2014 04:45:00,0.01
10/06/2014 05:00:00,0.224533333333
10/06/2014 05:15:00,0.01
10/06/2014 05:30:00,0.224533333333
10/06/2014 05:45:00,0.01
10/06/2014 06:00:00,0.2208
10/06/2014 06:15:00,0.01
10/06/2014 06:30:00,0.0546
10/06/2014 06:45:00,0.1702
10/06/2014 07:00:00,0.01
10/06/2014 07:15:00,0.217733333333
10/06/2014 07:30:00,0.01
10/06/2014 07:45:00,0.249133333333
10/06/2014 08:00:00,0.01
10/06/2014 08:15:00,0.01
10/06/2014 08:30:00,0.218733333333
10/06/2014 08:45:00,0.0192
10/06/2014 09:00:00,0.0734666666667
10/06/2014 09:15:00,0.01
10/06/2014 09:30:00,0.00953333333333
10/06/2014 09:45:00,0.00993333333333
10/06/2014 10:00:00,0.0094
10/06/2014 10:15:00,0.00933333333333
10/06/2014 10:30:00,0.00906666666667
10/06/2014 10:45:00,0.00913333333333
10/06/2014 11:00:00,0.161866666667
10/06/2014 11:15:00,0.101133333333
10/06/2014 11:30:00,0.255733333333
10/06/2014 11:45:00,0.00953333333333
10/06/2014 12:00:00,0.275
10/06/2014 12:15:00,0.0532666666667
10/06/2014 12:30:00,0.239533333333
10/06/2014 12:45:00,0.271066666667
10/06/2014 13:00:00,0.01
10/06/2014 13:15:00,0.2766
10/06/2014 13:30:00,0.01
10/06/2014 13:45:00,0.4218
10/06/2014 14:00:00,0.0876
10/06/2014 14:15:00,0.342
10/06/2014 14:30:00,0.333533333333
10/06/2014 14:45:00,0.4294
10/06/2014 15:00:00,0.498133333333
10/06/2014 15:15:00,0.422066666667
10/06/2014 15:30:00,0.4038
10/06/2014 15:45:00,0.6994
10/06/2014 16:00:00,0.708733333333
10/06/2014 16:15:00,0.4674
10/06/2014 16:30:00,0.714
10/06/2014 16:45:00,0.712333333333
10/06/2014 17:00:00,0.492533333333
10/06/2014 17:15:00,0.351866666667
10/06/2014 17:30:00,0.236333333333
10/06/2014 17:45:00,0.296333333333
10/06/2014 18:00:00,0.486066666667
10/06/2014 18:15:00,0.317466666667
10/06/2014 18:30:00,0.187466666667
10/06/2014 18:45:00,0.481066666667
10/06/2014 19:00:00,0.384
10/06/2014 19:15:00,0.160933333333
10/06/2014 19:30:00,0.544066666667
10/06/2014 19:45:00,0.309466666667
10/06/2014 20:00:00,0.1976
10/06/2014 20:15:00,0.637666666667
10/06/2014 20:30:00,0.545
10/06/2014 20:45:00,0.472866666667
10/06/2014 21:00:00,0.662666666667
10/06/2014 21:15:00,0.373333333333
10/06/2014 21:30:00,0.384333333333
10/06/2014 21:45:00,0.569866666667
10/06/2014 22:00:00,0.194933333333
10/06/2014 22:15:00,0.510466666667
10/06/2014 22:30:00,0.369533333333
10/06/2014 22:45:00,0.162133333333
10/06/2014 23:00:00,0.517333333333
10/06/2014 23:15:00,0.264
10/06/2014 23:30:00,0.2358
10/06/2014 23:45:00,0.485266666667
11/06/2014 00:00:00,0.314733333333
11/06/2014 00:15:00,0.135
11/06/2014 00:30:00,0.268866666667
11/06/2014 00:45:00,0.3114
11/06/2014 01:00:00,0.233266666667
11/06/2014 01:15:00,0.115933333333
11/06/2014 01:30:00,0.320133333333
11/06/2014 01:45:00,0.215933333333
11/06/2014 02:00:00,0.0934
11/06/2014 02:15:00,0.294733333333
11/06/2014 02:30:00,0.0833333333333
11/06/2014 02:45:00,0.203666666667
11/06/2014 03:00:00,0.262133333333
11/06/2014 03:15:00,0.01
11/06/2014 03:30:00,0.2508
11/06/2014 03:45:00,0.121666666667
11/06/2014 04:00:00,0.135466666667
11/06/2014 04:15:00,0.239333333333
11/06/2014 04:30:00,0.01
11/06/2014 04:45:00,0.235733333333
11/06/2014 05:00:00,0.01
11/06/2014 05:15:00,0.2308
11/06/2014 05:30:00,0.01
11/06/2014 05:45:00,0.226733333333
11/06/2014 06:00:00,0.01
11/06/2014 06:15:00,0.2192
11/06/2014 06:30:00,0.01
11/06/2014 06:45:00,0.253533333333
11/06/2014 07:00:00,0.0100666666667
11/06/2014 07:15:00,0.2424
11/06/2014 07:30:00,0.01
11/06/2014 07:45:00,0.248733333333
11/06/2014 08:00:00,0.01
11/06/2014 08:15:00,0.01
11/06/2014 08:30:00,0.01
11/06/2014 08:45:00,0.01
11/06/2014 09:00:00,0.01
11/06/2014 09:15:00,0.01
11/06/2014 09:30:00,0.01
11/06/2014 09:45:00,0.01
11/06/2014 10:00:00,0.4604
11/06/2014 10:15:00,0.01
11/06/2014 10:30:00,0.474
11/06/2014 10:45:00,0.232266666667
11/06/2014 11:00:00,0.292266666667
11/06/2014 11:15:00,0.533866666667
11/06/2014 11:30:00,0.244066666667
11/06/2014 11:45:00,0.3414
11/06/2014 12:00:00,0.5766
11/06/2014 12:15:00,0.252333333333
11/06/2014 12:30:00,0.459533333333
11/06/2014 12:45:00,0.555266666667
11/06/2014 13:00:00,0.334866666667
11/06/2014 13:15:00,0.462466666667
11/06/2014 13:30:00,0.590733333333
11/06/2014 13:45:00,0.294266666667
11/06/2014 14:00:00,0.514733333333
11/06/2014 14:15:00,0.491866666667
11/06/2014 14:30:00,0.688266666667
11/06/2014 14:45:00,0.691266666667
11/06/2014 15:00:00,0.704466666667
11/06/2014 15:15:00,0.561666666667
11/06/2014 15:30:00,0.5714
11/06/2014 15:45:00,0.6916
11/06/2014 16:00:00,0.6892
11/06/2014 16:15:00,0.708933333333
11/06/2014 16:30:00,0.688133333333
11/06/2014 16:45:00,0.683533333333
11/06/2014 17:00:00,0.642533333333
11/06/2014 17:15:00,0.578666666667
11/06/2014 17:30:00,0.464466666667
11/06/2014 17:45:00,0.28
11/06/2014 18:00:00,0.0818666666667
11/06/2014 18:15:00,0.63
11/06/2014 18:30:00,0.217866666667
11/06/2014 18:45:00,0.685666666667
11/06/2014 19:00:00,0.288933333333
11/06/2014 19:15:00,0.689666666667
11/06/2014 19:30:00,0.708666666667
11/06/2014 19:45:00,0.201733333333
11/06/2014 20:00:00,0.614666666667
11/06/2014 20:15:00,0.236333333333
11/06/2014 20:30:00,0.169666666667
11/06/2014 20:45:00,0.252333333333
11/06/2014 21:00:00,0.246133333333
11/06/2014 21:15:00,0.238933333333
11/06/2014 21:30:00,0.698866666667
11/06/2014 21:45:00,0.6672
11/06/2014 22:00:00,0.244133333333
11/06/2014 22:15:00,0.365733333333
11/06/2014 22:30:00,0.494733333333
11/06/2014 22:45:00,0.353133333333
11/06/2014 23:00:00,0.564866666667
11/06/2014 23:15:00,0.242533333333
11/06/2014 23:30:00,0.673333333333
11/06/2014 23:45:00,0.0104666666667
12/06/2014 00:00:00,0.683533333333
12/06/2014 00:15:00,0.0702666666667
12/06/2014 00:30:00,0.526
12/06/2014 00:45:00,0.2628
12/06/2014 01:00:00,0.624133333333
12/06/2014 01:15:00,0.270533333333
12/06/2014 01:30:00,0.245266666667
12/06/2014 01:45:00,0.424333333333
12/06/2014 02:00:00,0.375133333333
12/06/2014 02:15:00,0.145466666667
12/06/2014 02:30:00,0.383466666667
12/06/2014 02:45:00,0.420266666667
12/06/2014 03:00:00,0.141266666667
12/06/2014 03:15:00,0.2644
12/06/2014 03:30:00,0.357866666667
12/06/2014 03:45:00,0.343533333333
12/06/2014 04:00:00,0.1148
12/06/2014 04:15:00,0.236733333333
12/06/2014 04:30:00,0.341266666667
12/06/2014 04:45:00,0.289
12/06/2014 05:00:00,0.1144
12/06/2014 05:15:00,0.3372
12/06/2014 05:30:00,0.355133333333
12/06/2014 05:45:00,0.192133333333
12/06/2014 06:00:00,0.162
12/06/2014 06:15:00,0.343
12/06/2014 06:30:00,0.3442
12/06/2014 06:45:00,0.00986666666667
12/06/2014 07:00:00,0.00926666666667
12/06/2014 07:15:00,0.01
12/06/2014 07:30:00,0.01
12/06/2014 07:45:00,0.01
12/06/2014 08:00:00,0.418733333333
12/06/2014 08:15:00,0.114533333333
12/06/2014 08:30:00,0.3174
12/06/2014 08:45:00,0.3006
12/06/2014 09:00:00,0.436933333333
12/06/2014 09:15:00,0.1896
12/06/2014 09:30:00,0.42
12/06/2014 09:45:00,0.2578
12/06/2014 10:00:00,0.0267333333333
12/06/2014 10:15:00,0.2734
12/06/2014 10:30:00,0.471866666667
12/06/2014 10:45:00,0.1586
12/06/2014 11:00:00,0.46
12/06/2014 11:15:00,0.443133333333
12/06/2014 11:30:00,0.218133333333
12/06/2014 11:45:00,0.466266666667
12/06/2014 12:00:00,0.484133333333
12/06/2014 12:15:00,0.261333333333
12/06/2014 12:30:00,0.347
12/06/2014 12:45:00,0.5414
12/06/2014 13:00:00,0.4106
12/06/2014 13:15:00,0.245333333333
12/06/2014 13:30:00,0.441333333333
12/06/2014 13:45:00,0.544533333333
12/06/2014 14:00:00,0.2752
12/06/2014 14:15:00,0.292266666667
12/06/2014 14:30:00,0.6064
12/06/2014 14:45:00,0.324733333333
12/06/2014 15:00:00,0.340866666667
12/06/2014 15:15:00,0.683533333333
12/06/2014 15:30:00,0.704066666667
12/06/2014 15:45:00,0.6966
12/06/2014 16:00:00,0.726133333333
12/06/2014 16:15:00,0.712466666667
12/06/2014 16:30:00,0.699133333333
12/06/2014 16:45:00,0.706
12/06/2014 17:00:00,0.716933333333
12/06/2014 17:15:00,0.694333333333
12/06/2014 17:30:00,0.6916
12/06/2014 17:45:00,0.7112
12/06/2014 18:00:00,0.7096
12/06/2014 18:15:00,0.690733333333
12/06/2014 18:30:00,0.696066666667
12/06/2014 18:45:00,0.715933333333
12/06/2014 19:00:00,0.701866666667
12/06/2014 19:15:00,0.6712
12/06/2014 19:30:00,0.305466666667
12/06/2014 19:45:00,0.5366
12/06/2014 20:00:00,0.308066666667
12/06/2014 20:15:00,0.257066666667
12/06/2014 20:30:00,0.5502
12/06/2014 20:45:00,0.2498
12/06/2014 21:00:00,0.289533333333
12/06/2014 21:15:00,0.631533333333
12/06/2014 21:30:00,0.227866666667
12/06/2014 21:45:00,0.681666666667
12/06/2014 22:00:00,0.2386
12/06/2014 22:15:00,0.324333333333
12/06/2014 22:30:00,0.0345333333333
12/06/2014 22:45:00,0.267866666667
12/06/2014 23:00:00,0.186266666667
12/06/2014 23:15:00,0.1018
12/06/2014 23:30:00,0.303666666667
12/06/2014 23:45:00,0.374333333333
13/06/2014 00:00:00,0.147
13/06/2014 00:15:00,0.219933333333
13/06/2014 00:30:00,0.322866666667
13/06/2014 00:45:00,0.343
13/06/2014 01:00:00,0.121333333333
13/06/2014 01:15:00,0.220066666667
13/06/2014 01:30:00,0.303933333333
13/06/2014 01:45:00,0.3034
13/06/2014 02:00:00,0.110933333333
13/06/2014 02:15:00,0.203533333333
13/06/2014 02:30:00,0.3004
13/06/2014 02:45:00,0.269266666667
13/06/2014 03:00:00,0.0381333333333
13/06/2014 03:15:00,0.306533333333
13/06/2014 03:30:00,0.1814
13/06/2014 03:45:00,0.129266666667
13/06/2014 04:00:00,0.2804
13/06/2014 04:15:00,0.01
13/06/2014 04:30:00,0.2736
13/06/2014 04:45:00,0.01
13/06/2014 05:00:00,0.2504
13/06/2014 05:15:00,0.01
13/06/2014 05:30:00,0.234466666667
13/06/2014 05:45:00,0.01
13/06/2014 06:00:00,0.2264
13/06/2014 06:15:00,0.01
13/06/2014 06:30:00,0.2218
13/06/2014 06:45:00,0.01
13/06/2014 07:00:00,0.220266666667
13/06/2014 07:15:00,0.0100666666667
13/06/2014 07:30:00,0.156733333333
13/06/2014 07:45:00,0.0715333333333
13/06/2014 08:00:00,0.185733333333
13/06/2014 08:15:00,0.0717333333333
13/06/2014 08:30:00,0.244266666667
13/06/2014 08:45:00,0.01
13/06/2014 09:00:00,0.236266666667
13/06/2014 09:15:00,0.216066666667
13/06/2014 09:30:00,0.0757333333333
13/06/2014 09:45:00,0.304266666667
13/06/2014 10:00:00,0.259733333333
13/06/2014 10:15:00,0.0712666666667
13/06/2014 10:30:00,0.552333333333
13/06/2014 10:45:00,0.380933333333
13/06/2014 11:00:00,0.237933333333
13/06/2014 11:15:00,0.364466666667
13/06/2014 11:30:00,0.5296
13/06/2014 11:45:00,0.2952
13/06/2014 12:00:00,0.266866666667
13/06/2014 12:15:00,0.618533333333
13/06/2014 12:30:00,0.312266666667
13/06/2014 12:45:00,0.468266666667
13/06/2014 13:00:00,0.4564
13/06/2014 13:15:00,0.335933333333
13/06/2014 13:30:00,0.6222
13/06/2014 13:45:00,0.271
13/06/2014 14:00:00,0.702933333333
13/06/2014 14:15:00,0.232533333333
13/06/2014 14:30:00,0.627
13/06/2014 14:45:00,0.3026
13/06/2014 15:00:00,0.692266666667
13/06/2014 15:15:00,0.6542
13/06/2014 15:30:00,0.502133333333
13/06/2014 15:45:00,0.685666666667
13/06/2014 16:00:00,0.7106
13/06/2014 16:15:00,0.7058
13/06/2014 16:30:00,0.4994
13/06/2014 16:45:00,0.685933333333
13/06/2014 17:00:00,0.703666666667
13/06/2014 17:15:00,0.670533333333
13/06/2014 17:30:00,0.699666666667
13/06/2014 17:45:00,0.484666666667
13/06/2014 18:00:00,0.325
13/06/2014 18:15:00,0.3962
13/06/2014 18:30:00,0.662466666667
13/06/2014 18:45:00,0.2734
13/06/2014 19:00:00,0.543933333333
13/06/2014 19:15:00,0.5628
13/06/2014 19:30:00,0.399733333333
13/06/2014 19:45:00,0.534333333333
13/06/2014 20:00:00,0.501
13/06/2014 20:15:00,0.321666666667
13/06/2014 20:30:00,0.4666
13/06/2014 20:45:00,0.573466666667
13/06/2014 21:00:00,0.3028
13/06/2014 21:15:00,0.2576
13/06/2014 21:30:00,0.5206
13/06/2014 21:45:00,0.499133333333
13/06/2014 22:00:00,0.308666666667
13/06/2014 22:15:00,0.441733333333
13/06/2014 22:30:00,0.258266666667
13/06/2014 22:45:00,0.261933333333
13/06/2014 23:00:00,0.4616
13/06/2014 23:15:00,0.310133333333
13/06/2014 23:30:00,0.177533333333
13/06/2014 23:45:00,0.520133333333
14/06/2014 00:00:00,0.299933333333
14/06/2014 00:15:00,0.194533333333
14/06/2014 00:30:00,0.4724
14/06/2014 00:45:00,0.2578
14/06/2014 01:00:00,0.173533333333
14/06/2014 01:15:00,0.420466666667
14/06/2014 01:30:00,0.242066666667
14/06/2014 01:45:00,0.1884
14/06/2014 02:00:00,0.421
14/06/2014 02:15:00,0.2272
14/06/2014 02:30:00,0.204266666667
14/06/2014 02:45:00,0.412866666667
14/06/2014 03:00:00,0.361666666667
14/06/2014 03:15:00,0.121133333333
14/06/2014 03:30:00,0.316733333333
14/06/2014 03:45:00,0.3384
14/06/2014 04:00:00,0.140733333333
14/06/2014 04:15:00,0.211866666667
14/06/2014 04:30:00,0.320666666667
14/06/2014 04:45:00,0.170866666667
14/06/2014 05:00:00,0.144133333333
14/06/2014 05:15:00,0.295666666667
14/06/2014 05:30:00,0.241066666667
14/06/2014 05:45:00,0.0460666666667
14/06/2014 06:00:00,0.269266666667
14/06/2014 06:15:00,0.263666666667
14/06/2014 06:30:00,0.0431333333333
14/06/2014 06:45:00,0.230733333333
14/06/2014 07:00:00,0.316333333333
14/06/2014 07:15:00,0.147666666667
14/06/2014 07:30:00,0.173733333333
14/06/2014 07:45:00,0.308066666667
14/06/2014 08:00:00,0.01
14/06/2014 08:15:00,0.01
14/06/2014 08:30:00,0.01
14/06/2014 08:45:00,0.0096
14/06/2014 09:00:00,0.01
14/06/2014 09:15:00,0.00973333333333
14/06/2014 09:30:00,0.421266666667
14/06/2014 09:45:00,0.01
14/06/2014 10:00:00,0.382733333333
14/06/2014 10:15:00,0.01
14/06/2014 10:30:00,0.389133333333
14/06/2014 10:45:00,0.201533333333
14/06/2014 11:00:00,0.046
14/06/2014 11:15:00,0.465266666667
14/06/2014 11:30:00,0.219533333333
14/06/2014 11:45:00,0.272733333333
14/06/2014 12:00:00,0.558866666667
14/06/2014 12:15:00,0.291066666667
14/06/2014 12:30:00,0.325266666667
14/06/2014 12:45:00,0.6206
14/06/2014 13:00:00,0.309533333333
14/06/2014 13:15:00,0.292466666667
14/06/2014 13:30:00,0.648333333333
14/06/2014 13:45:00,0.2902
14/06/2014 14:00:00,0.4538
14/06/2014 14:15:00,0.5322
14/06/2014 14:30:00,0.318333333333
14/06/2014 14:45:00,0.6422
14/06/2014 15:00:00,0.411333333333
14/06/2014 15:15:00,0.264
14/06/2014 15:30:00,0.6506
14/06/2014 15:45:00,0.289666666667
14/06/2014 16:00:00,0.375933333333
14/06/2014 16:15:00,0.5518
14/06/2014 16:30:00,0.233933333333
14/06/2014 16:45:00,0.491466666667
14/06/2014 17:00:00,0.490866666667
14/06/2014 17:15:00,0.2606
14/06/2014 17:30:00,0.413933333333
14/06/2014 17:45:00,0.511066666667
14/06/2014 18:00:00,0.236066666667
14/06/2014 18:15:00,0.4064
14/06/2014 18:30:00,0.5644
14/06/2014 18:45:00,0.315666666667
14/06/2014 19:00:00,0.302866666667
14/06/2014 19:15:00,0.555
14/06/2014 19:30:00,0.519733333333
14/06/2014 19:45:00,0.319533333333
14/06/2014 20:00:00,0.350733333333
14/06/2014 20:15:00,0.545533333333
14/06/2014 20:30:00,0.454666666667
14/06/2014 20:45:00,0.255466666667
14/06/2014 21:00:00,0.452533333333
14/06/2014 21:15:00,0.700333333333
14/06/2014 21:30:00,0.2482
14/06/2014 21:45:00,0.382
14/06/2014 22:00:00,0.472866666667
14/06/2014 22:15:00,0.127
14/06/2014 22:30:00,0.3996
14/06/2014 22:45:00,0.388133333333
14/06/2014 23:00:00,0.0664
14/06/2014 23:15:00,0.4292
14/06/2014 23:30:00,0.323733333333
14/06/2014 23:45:00,0.124933333333
15/06/2014 00:00:00,0.436933333333
15/06/2014 00:15:00,0.360733333333
15/06/2014 00:30:00,0.146333333333
15/06/2014 00:45:00,0.375666666667
15/06/2014 01:00:00,0.404733333333
15/06/2014 01:15:00,0.139466666667
15/06/2014 01:30:00,0.24
15/06/2014 01:45:00,0.316666666667
15/06/2014 02:00:00,0.2562
15/06/2014 02:15:00,0.0946
15/06/2014 02:30:00,0.322733333333
15/06/2014 02:45:00,0.304733333333
15/06/2014 03:00:00,0.0656
15/06/2014 03:15:00,0.234
15/06/2014 03:30:00,0.286133333333
15/06/2014 03:45:00,0.252533333333
15/06/2014 04:00:00,0.0560666666667
15/06/2014 04:15:00,0.270866666667
15/06/2014 04:30:00,0.284533333333
15/06/2014 04:45:00,0.2422
15/06/2014 05:00:00,0.0534666666667
15/06/2014 05:15:00,0.284133333333
15/06/2014 05:30:00,0.286666666667
15/06/2014 05:45:00,0.231
15/06/2014 06:00:00,0.113333333333
15/06/2014 06:15:00,0.3404
15/06/2014 06:30:00,0.01
15/06/2014 06:45:00,0.01
15/06/2014 07:00:00,0.01
15/06/2014 07:15:00,0.01
15/06/2014 07:30:00,0.01
15/06/2014 07:45:00,0.01
15/06/2014 08:00:00,0.2402
15/06/2014 08:15:00,0.0354666666667
15/06/2014 08:30:00,0.2328
15/06/2014 08:45:00,0.164066666667
15/06/2014 09:00:00,0.0952666666667
15/06/2014 09:15:00,0.2478
15/06/2014 09:30:00,0.01
15/06/2014 09:45:00,0.255
15/06/2014 10:00:00,0.328266666667
15/06/2014 10:15:00,0.149066666667
15/06/2014 10:30:00,0.5114
15/06/2014 10:45:00,0.2144
15/06/2014 11:00:00,0.309
15/06/2014 11:15:00,0.562066666667
15/06/2014 11:30:00,0.1848
15/06/2014 11:45:00,0.476066666667
15/06/2014 12:00:00,0.4926
15/06/2014 12:15:00,0.233933333333
15/06/2014 12:30:00,0.561866666667
15/06/2014 12:45:00,0.485533333333
15/06/2014 13:00:00,0.280466666667
15/06/2014 13:15:00,0.486733333333
15/06/2014 13:30:00,0.589133333333
15/06/2014 13:45:00,0.286466666667
15/06/2014 14:00:00,0.675
15/06/2014 14:15:00,0.369266666667
15/06/2014 14:30:00,0.621466666667
15/06/2014 14:45:00,0.4856
15/06/2014 15:00:00,0.434866666667
15/06/2014 15:15:00,0.732
15/06/2014 15:30:00,0.416266666667
15/06/2014 15:45:00,0.721666666667
15/06/2014 16:00:00,0.4762
15/06/2014 16:15:00,0.650866666667
15/06/2014 16:30:00,0.571866666667
15/06/2014 16:45:00,0.6566
15/06/2014 17:00:00,0.568266666667
15/06/2014 17:15:00,0.7298
15/06/2014 17:30:00,0.434533333333
15/06/2014 17:45:00,0.6966
15/06/2014 18:00:00,0.584466666667
15/06/2014 18:15:00,0.3548
15/06/2014 18:30:00,0.688933333333
15/06/2014 18:45:00,0.704266666667
15/06/2014 19:00:00,0.692733333333
15/06/2014 19:15:00,0.6746
15/06/2014 19:30:00,0.6904
15/06/2014 19:45:00,0.377333333333
15/06/2014 20:00:00,0.3836
15/06/2014 20:15:00,0.3878
15/06/2014 20:30:00,0.156133333333
15/06/2014 20:45:00,0.732733333333
15/06/2014 21:00:00,0.704666666667
15/06/2014 21:15:00,0.3398
15/06/2014 21:30:00,0.499666666667
15/06/2014 21:45:00,0.564133333333
15/06/2014 22:00:00,0.219533333333
15/06/2014 22:15:00,0.3056
15/06/2014 22:30:00,0.312266666667
15/06/2014 22:45:00,0.0827333333333
15/06/2014 23:00:00,0.229466666667
15/06/2014 23:15:00,0.2998
15/06/2014 23:30:00,0.3
15/06/2014 23:45:00,0.0798
16/06/2014 00:00:00,0.228533333333
16/06/2014 00:15:00,0.301133333333
16/06/2014 00:30:00,0.299
16/06/2014 00:45:00,0.084
16/06/2014 01:00:00,0.250266666667
16/06/2014 01:15:00,0.299266666667
16/06/2014 01:30:00,0.2978
16/06/2014 01:45:00,0.0802666666667
16/06/2014 02:00:00,0.229533333333
16/06/2014 02:15:00,0.3006
16/06/2014 02:30:00,0.297333333333
16/06/2014 02:45:00,0.0847333333333
16/06/2014 03:00:00,0.2254
16/06/2014 03:15:00,0.2986
16/06/2014 03:30:00,0.298933333333
16/06/2014 03:45:00,0.0874
16/06/2014 04:00:00,0.2208
16/06/2014 04:15:00,0.298666666667
16/06/2014 04:30:00,0.298066666667
16/06/2014 04:45:00,0.0903333333333
16/06/2014 05:00:00,0.215333333333
16/06/2014 05:15:00,0.286733333333
16/06/2014 05:30:00,0.2606
16/06/2014 05:45:00,0.0345333333333
16/06/2014 06:00:00,0.2818
16/06/2014 06:15:00,0.2828
16/06/2014 06:30:00,0.191333333333
16/06/2014 06:45:00,0.098
16/06/2014 07:00:00,0.340733333333
16/06/2014 07:15:00,0.334666666667
16/06/2014 07:30:00,0.0637333333333
16/06/2014 07:45:00,0.247066666667
16/06/2014 08:00:00,0.2872
16/06/2014 08:15:00,0.266
16/06/2014 08:30:00,0.0599333333333
16/06/2014 08:45:00,0.2592
16/06/2014 09:00:00,0.286933333333
16/06/2014 09:15:00,0.2532
16/06/2014 09:30:00,0.1344
16/06/2014 09:45:00,0.306666666667
16/06/2014 10:00:00,0.01
16/06/2014 10:15:00,0.340666666667
16/06/2014 10:30:00,0.258066666667
16/06/2014 10:45:00,0.118333333333
16/06/2014 11:00:00,0.3504
16/06/2014 11:15:00,0.336133333333
16/06/2014 11:30:00,0.0940666666667
16/06/2014 11:45:00,0.3108
16/06/2014 12:00:00,0.3948
16/06/2014 12:15:00,0.260333333333
16/06/2014 12:30:00,0.697333333333
16/06/2014 12:45:00,0.700866666667
16/06/2014 13:00:00,0.1246
16/06/2014 13:15:00,0.704266666667
16/06/2014 13:30:00,0.276466666667
16/06/2014 13:45:00,0.457933333333
16/06/2014 14:00:00,0.687
16/06/2014 14:15:00,0.713333333333
16/06/2014 14:30:00,0.700533333333
16/06/2014 14:45:00,0.677333333333
16/06/2014 15:00:00,0.698466666667
16/06/2014 15:15:00,0.665866666667
16/06/2014 15:30:00,0.4558
16/06/2014 15:45:00,0.682666666667
16/06/2014 16:00:00,0.6134
16/06/2014 16:15:00,0.539466666667
16/06/2014 16:30:00,0.686933333333
16/06/2014 16:45:00,0.675666666667
16/06/2014 17:00:00,0.6986
16/06/2014 17:15:00,0.5274
16/06/2014 17:30:00,0.6896
16/06/2014 17:45:00,0.705933333333
16/06/2014 18:00:00,0.684533333333
16/06/2014 18:15:00,0.692933333333
16/06/2014 18:30:00,0.555533333333
16/06/2014 18:45:00,0.699733333333
16/06/2014 19:00:00,0.600933333333
16/06/2014 19:15:00,0.4582
16/06/2014 19:30:00,0.634933333333
16/06/2014 19:45:00,0.362266666667
16/06/2014 20:00:00,0.570533333333
16/06/2014 20:15:00,0.486666666667
16/06/2014 20:30:00,0.314866666667
16/06/2014 20:45:00,0.718
16/06/2014 21:00:00,0.283733333333
16/06/2014 21:15:00,0.6924
16/06/2014 21:30:00,0.361666666667
16/06/2014 21:45:00,0.711733333333
16/06/2014 22:00:00,0.201933333333
16/06/2014 22:15:00,0.625
16/06/2014 22:30:00,0.0576
16/06/2014 22:45:00,0.525666666667
16/06/2014 23:00:00,0.222133333333
16/06/2014 23:15:00,0.306733333333
16/06/2014 23:30:00,0.506066666667
16/06/2014 23:45:00,0.403533333333
17/06/2014 00:00:00,0.2142
17/06/2014 00:15:00,0.512533333333
17/06/2014 00:30:00,0.374666666667
17/06/2014 00:45:00,0.164466666667
17/06/2014 01:00:00,0.341533333333
17/06/2014 01:15:00,0.426266666667
17/06/2014 01:30:00,0.189266666667
17/06/2014 01:45:00,0.231466666667
17/06/2014 02:00:00,0.3802
17/06/2014 02:15:00,0.359066666667
17/06/2014 02:30:00,0.150466666667
17/06/2014 02:45:00,0.208
17/06/2014 03:00:00,0.343866666667
17/06/2014 03:15:00,0.3296
17/06/2014 03:30:00,0.0977333333333
17/06/2014 03:45:00,0.271733333333
17/06/2014 04:00:00,0.345266666667
17/06/2014 04:15:00,0.259066666667
17/06/2014 04:30:00,0.0955333333333
17/06/2014 04:45:00,0.344066666667
17/06/2014 05:00:00,0.3426
17/06/2014 05:15:00,0.194533333333
17/06/2014 05:30:00,0.1584
17/06/2014 05:45:00,0.342733333333
17/06/2014 06:00:00,0.365933333333
17/06/2014 06:15:00,0.133933333333
17/06/2014 06:30:00,0.2588
17/06/2014 06:45:00,0.3458
17/06/2014 07:00:00,0.272733333333
17/06/2014 07:15:00,0.147533333333
17/06/2014 07:30:00,0.4216
17/06/2014 07:45:00,0.3864
17/06/2014 08:00:00,0.141533333333
17/06/2014 08:15:00,0.360533333333
17/06/2014 08:30:00,0.458533333333
17/06/2014 08:45:00,0.157133333333
17/06/2014 09:00:00,0.255466666667
17/06/2014 09:15:00,0.469866666667
17/06/2014 09:30:00,0.167133333333
17/06/2014 09:45:00,0.342
17/06/2014 10:00:00,0.489933333333
17/06/2014 10:15:00,0.1516
17/06/2014 10:30:00,0.412666666667
17/06/2014 10:45:00,0.435266666667
17/06/2014 11:00:00,0.418733333333
17/06/2014 11:15:00,0.563133333333
17/06/2014 11:30:00,0.3114
17/06/2014 11:45:00,0.5436
17/06/2014 12:00:00,0.401
17/06/2014 12:15:00,0.226266666667
17/06/2014 12:30:00,0.672133333333
17/06/2014 12:45:00,0.290933333333
17/06/2014 13:00:00,0.4158
17/06/2014 13:15:00,0.562066666667
17/06/2014 13:30:00,0.3264
17/06/2014 13:45:00,0.509533333333
17/06/2014 14:00:00,0.5694
17/06/2014 14:15:00,0.3316
17/06/2014 14:30:00,0.630533333333
17/06/2014 14:45:00,0.435266666667
17/06/2014 15:00:00,0.428466666667
17/06/2014 15:15:00,0.6426
17/06/2014 15:30:00,0.335666666667
17/06/2014 15:45:00,0.726
17/06/2014 16:00:00,0.3304
17/06/2014 16:15:00,0.731333333333
17/06/2014 16:30:00,0.400666666667
17/06/2014 16:45:00,0.644
17/06/2014 17:00:00,0.479533333333
17/06/2014 17:15:00,0.383533333333
17/06/2014 17:30:00,0.722333333333
17/06/2014 17:45:00,0.708333333333
17/06/2014 18:00:00,0.6692
17/06/2014 18:15:00,0.2188
17/06/2014 18:30:00,0.731933333333
17/06/2014 18:45:00,0.701333333333
17/06/2014 19:00:00,0.564
17/06/2014 19:15:00,0.620466666667
17/06/2014 19:30:00,0.329466666667
17/06/2014 19:45:00,0.7082
17/06/2014 20:00:00,0.5466
17/06/2014 20:15:00,0.5516
17/06/2014 20:30:00,0.250466666667
17/06/2014 20:45:00,0.68
17/06/2014 21:00:00,0.3468
17/06/2014 21:15:00,0.534
17/06/2014 21:30:00,0.401733333333
17/06/2014 21:45:00,0.2184
17/06/2014 22:00:00,0.738866666667
17/06/2014 22:15:00,0.482266666667
17/06/2014 22:30:00,0.495533333333
17/06/2014 22:45:00,0.633333333333
17/06/2014 23:00:00,0.388133333333
17/06/2014 23:15:00,0.431866666667
17/06/2014 23:30:00,0.603266666667
17/06/2014 23:45:00,0.4378
18/06/2014 00:00:00,0.304
18/06/2014 00:15:00,0.4132
18/06/2014 00:30:00,0.592
18/06/2014 00:45:00,0.1944
18/06/2014 01:00:00,0.400533333333
18/06/2014 01:15:00,0.4732
18/06/2014 01:30:00,0.111533333333
18/06/2014 01:45:00,0.436466666667
18/06/2014 02:00:00,0.436066666667
18/06/2014 02:15:00,0.110866666667
18/06/2014 02:30:00,0.383533333333
18/06/2014 02:45:00,0.443066666667
18/06/2014 03:00:00,0.1328
18/06/2014 03:15:00,0.153466666667
18/06/2014 03:30:00,0.267266666667
18/06/2014 03:45:00,0.2592
18/06/2014 04:00:00,0.0173333333333
18/06/2014 04:15:00,0.267066666667
18/06/2014 04:30:00,0.4376
18/06/2014 04:45:00,0.169866666667
18/06/2014 05:00:00,0.267066666667
18/06/2014 05:15:00,0.429733333333
18/06/2014 05:30:00,0.266266666667
18/06/2014 05:45:00,0.0562666666667
18/06/2014 06:00:00,0.220266666667
18/06/2014 06:15:00,0.311333333333
18/06/2014 06:30:00,0.173066666667
18/06/2014 06:45:00,0.157466666667
18/06/2014 07:00:00,0.311733333333
18/06/2014 07:15:00,0.01
18/06/2014 07:30:00,0.01
18/06/2014 07:45:00,0.01
18/06/2014 08:00:00,0.01
18/06/2014 08:15:00,0.01
18/06/2014 08:30:00,0.236666666667
18/06/2014 08:45:00,0.463066666667
18/06/2014 09:00:00,0.0977333333333
18/06/2014 09:15:00,0.335866666667
18/06/2014 09:30:00,0.478466666667
18/06/2014 09:45:00,0.1796
18/06/2014 10:00:00,0.318933333333
18/06/2014 10:15:00,0.537466666667
18/06/2014 10:30:00,0.0768
18/06/2014 10:45:00,0.425133333333
18/06/2014 11:00:00,0.6804
18/06/2014 11:15:00,0.682733333333
18/06/2014 11:30:00,0.683933333333
18/06/2014 11:45:00,0.686066666667
18/06/2014 12:00:00,0.685333333333
18/06/2014 12:15:00,0.4806
18/06/2014 12:30:00,0.6822
18/06/2014 12:45:00,0.1938
18/06/2014 13:00:00,0.682
18/06/2014 13:15:00,0.377066666667
18/06/2014 13:30:00,0.596533333333
18/06/2014 13:45:00,0.372133333333
18/06/2014 14:00:00,0.6108
18/06/2014 14:15:00,0.4796
18/06/2014 14:30:00,0.305
18/06/2014 14:45:00,0.1356
18/06/2014 15:00:00,0.274266666667
18/06/2014 15:15:00,0.3976
18/06/2014 15:30:00,0.354266666667
18/06/2014 15:45:00,0.195933333333
18/06/2014 16:00:00,0.478066666667
18/06/2014 16:15:00,0.431733333333
18/06/2014 16:30:00,0.229066666667
18/06/2014 16:45:00,0.507
18/06/2014 17:00:00,0.4464
18/06/2014 17:15:00,0.732466666667
18/06/2014 17:30:00,0.598133333333
18/06/2014 17:45:00,0.5722
18/06/2014 18:00:00,0.650666666667
18/06/2014 18:15:00,0.393066666667
18/06/2014 18:30:00,0.7406
18/06/2014 18:45:00,0.5572
18/06/2014 19:00:00,0.732133333333
18/06/2014 19:15:00,0.451533333333
18/06/2014 19:30:00,0.735266666667
18/06/2014 19:45:00,0.4036
18/06/2014 20:00:00,0.6754
18/06/2014 20:15:00,0.280333333333
18/06/2014 20:30:00,0.716533333333
18/06/2014 20:45:00,0.2728
18/06/2014 21:00:00,0.3768
18/06/2014 21:15:00,0.680866666667
18/06/2014 21:30:00,0.141266666667
18/06/2014 21:45:00,0.666533333333
18/06/2014 22:00:00,0.01
18/06/2014 22:15:00,0.685466666667
18/06/2014 22:30:00,0.015
18/06/2014 22:45:00,0.605
18/06/2014 23:00:00,0.195933333333
18/06/2014 23:15:00,0.5438
18/06/2014 23:30:00,0.333
18/06/2014 23:45:00,0.2064
19/06/2014 00:00:00,0.4236
19/06/2014 00:15:00,0.405866666667
19/06/2014 00:30:00,0.151466666667
19/06/2014 00:45:00,0.2684
19/06/2014 01:00:00,0.385666666667
19/06/2014 01:15:00,0.239466666667
19/06/2014 01:30:00,0.130933333333
19/06/2014 01:45:00,0.346
19/06/2014 02:00:00,0.332066666667
19/06/2014 02:15:00,0.191666666667
19/06/2014 02:30:00,0.1308
19/06/2014 02:45:00,0.313866666667
19/06/2014 03:00:00,0.313533333333
19/06/2014 03:15:00,0.1962
19/06/2014 03:30:00,0.127666666667
19/06/2014 03:45:00,0.313133333333
19/06/2014 04:00:00,0.313133333333
19/06/2014 04:15:00,0.1998
19/06/2014 04:30:00,0.124
19/06/2014 04:45:00,0.313266666667
19/06/2014 05:00:00,0.3122
19/06/2014 05:15:00,0.203133333333
19/06/2014 05:30:00,0.1164
19/06/2014 05:45:00,0.309266666667
19/06/2014 06:00:00,0.312866666667
19/06/2014 06:15:00,0.210933333333
19/06/2014 06:30:00,0.1124
19/06/2014 06:45:00,0.3174
19/06/2014 07:00:00,0.319066666667
19/06/2014 07:15:00,0.2192
19/06/2014 07:30:00,0.1054
19/06/2014 07:45:00,0.320866666667
19/06/2014 08:00:00,0.345733333333
19/06/2014 08:15:00,0.201933333333
19/06/2014 08:30:00,0.175933333333
19/06/2014 08:45:00,0.318733333333
19/06/2014 09:00:00,0.319666666667
19/06/2014 09:15:00,0.179866666667
19/06/2014 09:30:00,0.190466666667
19/06/2014 09:45:00,0.3256
19/06/2014 10:00:00,0.377666666667
19/06/2014 10:15:00,0.128666666667
19/06/2014 10:30:00,0.291466666667
19/06/2014 10:45:00,0.419733333333
19/06/2014 11:00:00,0.22
19/06/2014 11:15:00,0.227866666667
19/06/2014 11:30:00,0.625466666667
19/06/2014 11:45:00,0.156666666667
19/06/2014 12:00:00,0.457466666667
19/06/2014 12:15:00,0.676866666667
19/06/2014 12:30:00,0.442066666667
19/06/2014 12:45:00,0.676733333333
19/06/2014 13:00:00,0.384466666667
19/06/2014 13:15:00,0.5064
19/06/2014 13:30:00,0.01
19/06/2014 13:45:00,0.1396
19/06/2014 14:00:00,0.209066666667
19/06/2014 14:15:00,0.426066666667
19/06/2014 14:30:00,0.3484
19/06/2014 14:45:00,0.159
19/06/2014 15:00:00,0.5596
19/06/2014 15:15:00,0.456666666667
19/06/2014 15:30:00,0.485466666667
19/06/2014 15:45:00,0.714866666667
19/06/2014 16:00:00,0.530066666667
19/06/2014 16:15:00,0.700666666667
19/06/2014 16:30:00,0.329533333333
19/06/2014 16:45:00,0.710466666667
19/06/2014 17:00:00,0.3902
19/06/2014 17:15:00,0.731533333333
19/06/2014 17:30:00,0.716733333333
19/06/2014 17:45:00,0.209266666667
19/06/2014 18:00:00,0.728066666667
19/06/2014 18:15:00,0.7186
19/06/2014 18:30:00,0.619733333333
19/06/2014 18:45:00,0.464866666667
19/06/2014 19:00:00,0.267066666667
19/06/2014 19:15:00,0.691666666667
19/06/2014 19:30:00,0.2676
19/06/2014 19:45:00,0.3046
19/06/2014 20:00:00,0.556533333333
19/06/2014 20:15:00,0.253333333333
19/06/2014 20:30:00,0.437866666667
19/06/2014 20:45:00,0.5418
19/06/2014 21:00:00,0.255866666667
19/06/2014 21:15:00,0.5742
19/06/2014 21:30:00,0.3774
19/06/2014 21:45:00,0.407266666667
19/06/2014 22:00:00,0.512066666667
19/06/2014 22:15:00,0.151133333333
19/06/2014 22:30:00,0.3326
19/06/2014 22:45:00,0.4412
19/06/2014 23:00:00,0.102733333333
19/06/2014 23:15:00,0.384266666667
19/06/2014 23:30:00,0.3722
19/06/2014 23:45:00,0.0788
20/06/2014 00:00:00,0.4438
20/06/2014 00:15:00,0.306933333333
20/06/2014 00:30:00,0.174666666667
20/06/2014 00:45:00,0.4174
20/06/2014 01:00:00,0.4258
20/06/2014 01:15:00,0.118333333333
20/06/2014 01:30:00,0.303133333333
20/06/2014 01:45:00,0.362066666667
20/06/2014 02:00:00,0.190533333333
20/06/2014 02:15:00,0.167533333333
20/06/2014 02:30:00,0.336266666667
20/06/2014 02:45:00,0.215333333333
20/06/2014 03:00:00,0.1222
20/06/2014 03:15:00,0.303266666667
20/06/2014 03:30:00,0.291266666667
20/06/2014 03:45:00,0.0752
20/06/2014 04:00:00,0.216333333333
20/06/2014 04:15:00,0.282133333333
20/06/2014 04:30:00,0.269866666667
20/06/2014 04:45:00,0.0339333333333
20/06/2014 05:00:00,0.266
20/06/2014 05:15:00,0.281133333333
20/06/2014 05:30:00,0.1698
20/06/2014 05:45:00,0.1164
20/06/2014 06:00:00,0.277533333333
20/06/2014 06:15:00,0.278
20/06/2014 06:30:00,0.0978
20/06/2014 06:45:00,0.188733333333
20/06/2014 07:00:00,0.2912
20/06/2014 07:15:00,0.267466666667
20/06/2014 07:30:00,0.0186666666667
20/06/2014 07:45:00,0.319
20/06/2014 08:00:00,0.321133333333
20/06/2014 08:15:00,0.131333333333
20/06/2014 08:30:00,0.187666666667
20/06/2014 08:45:00,0.324266666667
20/06/2014 09:00:00,0.293533333333
20/06/2014 09:15:00,0.0955333333333
20/06/2014 09:30:00,0.2894
20/06/2014 09:45:00,0.3476
20/06/2014 10:00:00,0.227666666667
20/06/2014 10:15:00,0.142
20/06/2014 10:30:00,0.36
20/06/2014 10:45:00,0.440933333333
20/06/2014 11:00:00,0.150333333333
20/06/2014 11:15:00,0.355733333333
20/06/2014 11:30:00,0.516866666667
20/06/2014 11:45:00,0.182133333333
20/06/2014 12:00:00,0.712866666667
20/06/2014 12:15:00,0.282733333333
20/06/2014 12:30:00,0.7032
20/06/2014 12:45:00,0.115866666667
20/06/2014 13:00:00,0.713933333333
20/06/2014 13:15:00,0.180333333333
20/06/2014 13:30:00,0.589733333333
20/06/2014 13:45:00,0.471733333333
20/06/2014 14:00:00,0.2698
20/06/2014 14:15:00,0.696933333333
20/06/2014 14:30:00,0.715
20/06/2014 14:45:00,0.439333333333
20/06/2014 15:00:00,0.707466666667
20/06/2014 15:15:00,0.302533333333
20/06/2014 15:30:00,0.603666666667
20/06/2014 15:45:00,0.703333333333
20/06/2014 16:00:00,0.593266666667
20/06/2014 16:15:00,0.1714
20/06/2014 16:30:00,0.742333333333
20/06/2014 16:45:00,0.706066666667
20/06/2014 17:00:00,0.707933333333
20/06/2014 17:15:00,0.733933333333
20/06/2014 17:30:00,0.705666666667
20/06/2014 17:45:00,0.443533333333
20/06/2014 18:00:00,0.483533333333
20/06/2014 18:15:00,0.336733333333
20/06/2014 18:30:00,0.348666666667
20/06/2014 18:45:00,0.6048
20/06/2014 19:00:00,0.194866666667
20/06/2014 19:15:00,0.547266666667
20/06/2014 19:30:00,0.236866666667
20/06/2014 19:45:00,0.423933333333
20/06/2014 20:00:00,0.5026
20/06/2014 20:15:00,0.129933333333
20/06/2014 20:30:00,0.335466666667
20/06/2014 20:45:00,0.6096
20/06/2014 21:00:00,0.687533333333
20/06/2014 21:15:00,0.1452
20/06/2014 21:30:00,0.536133333333
20/06/2014 21:45:00,0.224466666667
20/06/2014 22:00:00,0.5618
20/06/2014 22:15:00,0.302466666667
20/06/2014 22:30:00,0.475
20/06/2014 22:45:00,0.454933333333
20/06/2014 23:00:00,0.210266666667
20/06/2014 23:15:00,0.52
20/06/2014 23:30:00,0.1206
20/06/2014 23:45:00,0.529
21/06/2014 00:00:00,0.1928
21/06/2014 00:15:00,0.525066666667
21/06/2014 00:30:00,0.358866666667
21/06/2014 00:45:00,0.173533333333
21/06/2014 01:00:00,0.365
21/06/2014 01:15:00,0.3594
21/06/2014 01:30:00,0.210533333333
21/06/2014 01:45:00,0.1774
21/06/2014 02:00:00,0.3624
21/06/2014 02:15:00,0.306133333333
21/06/2014 02:30:00,0.061
21/06/2014 02:45:00,0.336533333333
21/06/2014 03:00:00,0.316
21/06/2014 03:15:00,0.1588
21/06/2014 03:30:00,0.152333333333
21/06/2014 03:45:00,0.3004
21/06/2014 04:00:00,0.3
21/06/2014 04:15:00,0.154466666667
21/06/2014 04:30:00,0.154666666667
21/06/2014 04:45:00,0.299333333333
21/06/2014 05:00:00,0.298466666667
21/06/2014 05:15:00,0.151333333333
21/06/2014 05:30:00,0.159066666667
21/06/2014 05:45:00,0.301533333333
21/06/2014 06:00:00,0.3546
21/06/2014 06:15:00,0.0101333333333
21/06/2014 06:30:00,0.0101333333333
21/06/2014 06:45:00,0.01
21/06/2014 07:00:00,0.01
21/06/2014 07:15:00,0.01
21/06/2014 07:30:00,0.01
21/06/2014 07:45:00,0.147466666667
21/06/2014 08:00:00,0.116666666667
21/06/2014 08:15:00,0.198733333333
21/06/2014 08:30:00,0.0414
21/06/2014 08:45:00,0.233533333333
21/06/2014 09:00:00,0.01
21/06/2014 09:15:00,0.24
21/06/2014 09:30:00,0.246533333333
21/06/2014 09:45:00,0.0116
21/06/2014 10:00:00,0.252533333333
21/06/2014 10:15:00,0.326
21/06/2014 10:30:00,0.1634
21/06/2014 10:45:00,0.438266666667
21/06/2014 11:00:00,0.4298
21/06/2014 11:15:00,0.2438
21/06/2014 11:30:00,0.287733333333
21/06/2014 11:45:00,0.505866666667
21/06/2014 12:00:00,0.390866666667
21/06/2014 12:15:00,0.276
21/06/2014 12:30:00,0.475533333333
21/06/2014 12:45:00,0.487
21/06/2014 13:00:00,0.2462
21/06/2014 13:15:00,0.662533333333
21/06/2014 13:30:00,0.327133333333
21/06/2014 13:45:00,0.506866666667
21/06/2014 14:00:00,0.472066666667
21/06/2014 14:15:00,0.742133333333
21/06/2014 14:30:00,0.7166
21/06/2014 14:45:00,0.727466666667
21/06/2014 15:00:00,0.724333333333
21/06/2014 15:15:00,0.715466666667
21/06/2014 15:30:00,0.438733333333
21/06/2014 15:45:00,0.737066666667
21/06/2014 16:00:00,0.714266666667
21/06/2014 16:15:00,0.729266666667
21/06/2014 16:30:00,0.724533333333
21/06/2014 16:45:00,0.714933333333
21/06/2014 17:00:00,0.738
21/06/2014 17:15:00,0.711333333333
21/06/2014 17:30:00,0.739733333333
21/06/2014 17:45:00,0.7148
21/06/2014 18:00:00,0.708266666667
21/06/2014 18:15:00,0.127133333333
21/06/2014 18:30:00,0.679866666667
21/06/2014 18:45:00,0.426
21/06/2014 19:00:00,0.408333333333
21/06/2014 19:15:00,0.688266666667
21/06/2014 19:30:00,0.380533333333
21/06/2014 19:45:00,0.540666666667
21/06/2014 20:00:00,0.596066666667
21/06/2014 20:15:00,0.288666666667
21/06/2014 20:30:00,0.6576
21/06/2014 20:45:00,0.337933333333
21/06/2014 21:00:00,0.326733333333
21/06/2014 21:15:00,0.588533333333
21/06/2014 21:30:00,0.364466666667
21/06/2014 21:45:00,0.1884
21/06/2014 22:00:00,0.563466666667
21/06/2014 22:15:00,0.180666666667
21/06/2014 22:30:00,0.518933333333
21/06/2014 22:45:00,0.387266666667
21/06/2014 23:00:00,0.1596
21/06/2014 23:15:00,0.481866666667
21/06/2014 23:30:00,0.329533333333
21/06/2014 23:45:00,0.114666666667
22/06/2014 00:00:00,0.493533333333
22/06/2014 00:15:00,0.259266666667
22/06/2014 00:30:00,0.193666666667
22/06/2014 00:45:00,0.4438
22/06/2014 01:00:00,0.263133333333
22/06/2014 01:15:00,0.182133333333
22/06/2014 01:30:00,0.436666666667
22/06/2014 01:45:00,0.365733333333
22/06/2014 02:00:00,0.124866666667
22/06/2014 02:15:00,0.343733333333
22/06/2014 02:30:00,0.352866666667
22/06/2014 02:45:00,0.1422
22/06/2014 03:00:00,0.221
22/06/2014 03:15:00,0.3364
22/06/2014 03:30:00,0.233133333333
22/06/2014 03:45:00,0.0949333333333
22/06/2014 04:00:00,0.3018
22/06/2014 04:15:00,0.2896
22/06/2014 04:30:00,0.1694
22/06/2014 04:45:00,0.126333333333
22/06/2014 05:00:00,0.288933333333
22/06/2014 05:15:00,0.284866666667
22/06/2014 05:30:00,0.137933333333
22/06/2014 05:45:00,0.159266666667
22/06/2014 06:00:00,0.2846
22/06/2014 06:15:00,0.338066666667
22/06/2014 06:30:00,0.130133333333
22/06/2014 06:45:00,0.2096
22/06/2014 07:00:00,0.335666666667
22/06/2014 07:15:00,0.3522
22/06/2014 07:30:00,0.1766
22/06/2014 07:45:00,0.204933333333
22/06/2014 08:00:00,0.39
22/06/2014 08:15:00,0.01
22/06/2014 08:30:00,0.01
22/06/2014 08:45:00,0.2408
22/06/2014 09:00:00,0.01
22/06/2014 09:15:00,0.227266666667
22/06/2014 09:30:00,0.01
22/06/2014 09:45:00,0.255466666667
22/06/2014 10:00:00,0.01
22/06/2014 10:15:00,0.418533333333
22/06/2014 10:30:00,0.334933333333
22/06/2014 10:45:00,0.130733333333
22/06/2014 11:00:00,0.514666666667
22/06/2014 11:15:00,0.391733333333
22/06/2014 11:30:00,0.2014
22/06/2014 11:45:00,0.512466666667
22/06/2014 12:00:00,0.4314
22/06/2014 12:15:00,0.233933333333
22/06/2014 12:30:00,0.624
22/06/2014 12:45:00,0.350266666667
22/06/2014 13:00:00,0.400066666667
22/06/2014 13:15:00,0.597133333333
22/06/2014 13:30:00,0.3214
22/06/2014 13:45:00,0.479933333333
22/06/2014 14:00:00,0.531733333333
22/06/2014 14:15:00,0.2476
22/06/2014 14:30:00,0.479266666667
22/06/2014 14:45:00,0.529933333333
22/06/2014 15:00:00,0.293533333333
22/06/2014 15:15:00,0.5508
22/06/2014 15:30:00,0.479
22/06/2014 15:45:00,0.344466666667
22/06/2014 16:00:00,0.730933333333
22/06/2014 16:15:00,0.3816
22/06/2014 16:30:00,0.497066666667
22/06/2014 16:45:00,0.6056
22/06/2014 17:00:00,0.368933333333
22/06/2014 17:15:00,0.658466666667
22/06/2014 17:30:00,0.457066666667
22/06/2014 17:45:00,0.3104
22/06/2014 18:00:00,0.716666666667
22/06/2014 18:15:00,0.3254
22/06/2014 18:30:00,0.4656
22/06/2014 18:45:00,0.606933333333
22/06/2014 19:00:00,0.274333333333
22/06/2014 19:15:00,0.566266666667
22/06/2014 19:30:00,0.507066666667
22/06/2014 19:45:00,0.289266666667
22/06/2014 20:00:00,0.441466666667
22/06/2014 20:15:00,0.556266666667
22/06/2014 20:30:00,0.2538
22/06/2014 20:45:00,0.255066666667
22/06/2014 21:00:00,0.342
22/06/2014 21:15:00,0.322666666667
22/06/2014 21:30:00,0.0757333333333
22/06/2014 21:45:00,0.243
22/06/2014 22:00:00,0.2994
22/06/2014 22:15:00,0.283133333333
22/06/2014 22:30:00,0.0822666666667
22/06/2014 22:45:00,0.617933333333
22/06/2014 23:00:00,0.442733333333
22/06/2014 23:15:00,0.0931333333333
22/06/2014 23:30:00,0.520266666667
22/06/2014 23:45:00,0.428466666667
23/06/2014 00:00:00,0.0828
23/06/2014 00:15:00,0.514466666667
23/06/2014 00:30:00,0.160866666667
23/06/2014 00:45:00,0.3102
23/06/2014 01:00:00,0.3382
23/06/2014 01:15:00,0.114266666667
23/06/2014 01:30:00,0.2724
23/06/2014 01:45:00,0.01
23/06/2014 02:00:00,0.246466666667
23/06/2014 02:15:00,0.150266666667
23/06/2014 02:30:00,0.0987333333333
23/06/2014 02:45:00,0.238666666667
23/06/2014 03:00:00,0.01
23/06/2014 03:15:00,0.237533333333
23/06/2014 03:30:00,0.296533333333
23/06/2014 03:45:00,0.688666666667
23/06/2014 04:00:00,0.69
23/06/2014 04:15:00,0.384666666667
23/06/2014 04:30:00,0.6842
23/06/2014 04:45:00,0.229266666667
23/06/2014 05:00:00,0.6878
23/06/2014 05:15:00,0.2966
23/06/2014 05:30:00,0.688666666667
23/06/2014 05:45:00,0.1546
23/06/2014 06:00:00,0.309866666667
23/06/2014 06:15:00,0.01
23/06/2014 06:30:00,0.01
23/06/2014 06:45:00,0.01
23/06/2014 07:00:00,0.01
23/06/2014 07:15:00,0.0100666666667
23/06/2014 07:30:00,0.01
23/06/2014 07:45:00,0.01
23/06/2014 08:00:00,0.01
23/06/2014 08:15:00,0.01
23/06/2014 08:30:00,0.01
23/06/2014 08:45:00,0.01
23/06/2014 09:00:00,0.01
23/06/2014 09:15:00,0.396866666667
23/06/2014 09:30:00,0.01
23/06/2014 09:45:00,0.2256
23/06/2014 10:00:00,0.0894666666667
23/06/2014 10:15:00,0.405066666667
23/06/2014 10:30:00,0.470666666667
23/06/2014 10:45:00,0.0818
23/06/2014 11:00:00,0.415266666667
23/06/2014 11:15:00,0.444666666667
23/06/2014 11:30:00,0.248533333333
23/06/2014 11:45:00,0.212666666667
23/06/2014 12:00:00,0.306933333333
23/06/2014 12:15:00,0.293933333333
23/06/2014 12:30:00,0.0309333333333
23/06/2014 12:45:00,0.274133333333
23/06/2014 13:00:00,0.275
23/06/2014 13:15:00,0.178666666667
23/06/2014 13:30:00,0.110133333333
23/06/2014 13:45:00,0.275666666667
23/06/2014 14:00:00,0.275533333333
23/06/2014 14:15:00,0.103066666667
23/06/2014 14:30:00,0.182
23/06/2014 14:45:00,0.274733333333
23/06/2014 15:00:00,0.317733333333
23/06/2014 15:15:00,0.2166
23/06/2014 15:30:00,0.5156
23/06/2014 15:45:00,0.640133333333
23/06/2014 16:00:00,0.2468
23/06/2014 16:15:00,0.7072
23/06/2014 16:30:00,0.3446
23/06/2014 16:45:00,0.6028
23/06/2014 17:00:00,0.591266666667
23/06/2014 17:15:00,0.302466666667
23/06/2014 17:30:00,0.687466666667
23/06/2014 17:45:00,0.675733333333
23/06/2014 18:00:00,0.7052
23/06/2014 18:15:00,0.675133333333
23/06/2014 18:30:00,0.223533333333
23/06/2014 18:45:00,0.01
23/06/2014 19:00:00,0.446
23/06/2014 19:15:00,0.148266666667
23/06/2014 19:30:00,0.628266666667
23/06/2014 19:45:00,0.2606
23/06/2014 20:00:00,0.321466666667
23/06/2014 20:15:00,0.498733333333
23/06/2014 20:30:00,0.2502
23/06/2014 20:45:00,0.362133333333
23/06/2014 21:00:00,0.523466666667
23/06/2014 21:15:00,0.4988
23/06/2014 21:30:00,0.679133333333
23/06/2014 21:45:00,0.382866666667
23/06/2014 22:00:00,0.681733333333
23/06/2014 22:15:00,0.221733333333
23/06/2014 22:30:00,0.6858
23/06/2014 22:45:00,0.241733333333
23/06/2014 23:00:00,0.6904
23/06/2014 23:15:00,0.0426
23/06/2014 23:30:00,0.590133333333
23/06/2014 23:45:00,0.441733333333
24/06/2014 00:00:00,0.4846
24/06/2014 00:15:00,0.256733333333
24/06/2014 00:30:00,0.5736
24/06/2014 00:45:00,0.3344
24/06/2014 01:00:00,0.189733333333
24/06/2014 01:15:00,0.469133333333
24/06/2014 01:30:00,0.398733333333
24/06/2014 01:45:00,0.1628
24/06/2014 02:00:00,0.328133333333
24/06/2014 02:15:00,0.408466666667
24/06/2014 02:30:00,0.202266666667
24/06/2014 02:45:00,0.19
24/06/2014 03:00:00,0.3556
24/06/2014 03:15:00,0.3444
24/06/2014 03:30:00,0.1532
24/06/2014 03:45:00,0.193933333333
24/06/2014 04:00:00,0.333466666667
24/06/2014 04:15:00,0.333
24/06/2014 04:30:00,0.1224
24/06/2014 04:45:00,0.219866666667
24/06/2014 05:00:00,0.331866666667
24/06/2014 05:15:00,0.329266666667
24/06/2014 05:30:00,0.0949333333333
24/06/2014 05:45:00,0.251
24/06/2014 06:00:00,0.331533333333
24/06/2014 06:15:00,0.297533333333
24/06/2014 06:30:00,0.1672
24/06/2014 06:45:00,0.382466666667
24/06/2014 07:00:00,0.310466666667
24/06/2014 07:15:00,0.01
24/06/2014 07:30:00,0.01
24/06/2014 07:45:00,0.01
24/06/2014 08:00:00,0.01
24/06/2014 08:15:00,0.01
24/06/2014 08:30:00,0.01
24/06/2014 08:45:00,0.0101333333333
24/06/2014 09:00:00,0.01
24/06/2014 09:15:00,0.0098
24/06/2014 09:30:00,0.0645333333333
24/06/2014 09:45:00,0.383333333333
24/06/2014 10:00:00,0.408666666667
24/06/2014 10:15:00,0.1444
24/06/2014 10:30:00,0.429933333333
24/06/2014 10:45:00,0.540466666667
24/06/2014 11:00:00,0.00986666666667
24/06/2014 11:15:00,0.352066666667
24/06/2014 11:30:00,0.348866666667
24/06/2014 11:45:00,0.217133333333
24/06/2014 12:00:00,0.183333333333
24/06/2014 12:15:00,0.4244
24/06/2014 12:30:00,0.339533333333
24/06/2014 12:45:00,0.150733333333
24/06/2014 13:00:00,0.304733333333
24/06/2014 13:15:00,0.410466666667
24/06/2014 13:30:00,0.334133333333
24/06/2014 13:45:00,0.387066666667
24/06/2014 14:00:00,0.5488
24/06/2014 14:15:00,0.246666666667
24/06/2014 14:30:00,0.687066666667
24/06/2014 14:45:00,0.2802
24/06/2014 15:00:00,0.589066666667
24/06/2014 15:15:00,0.361533333333
24/06/2014 15:30:00,0.546866666667
24/06/2014 15:45:00,0.305733333333
24/06/2014 16:00:00,0.587066666667
24/06/2014 16:15:00,0.399666666667
24/06/2014 16:30:00,0.307933333333
24/06/2014 16:45:00,0.621733333333
24/06/2014 17:00:00,0.204666666667
24/06/2014 17:15:00,0.402666666667
24/06/2014 17:30:00,0.5038
24/06/2014 17:45:00,0.21
24/06/2014 18:00:00,0.461466666667
24/06/2014 18:15:00,0.4532
24/06/2014 18:30:00,0.2616
24/06/2014 18:45:00,0.432333333333
24/06/2014 19:00:00,0.571533333333
24/06/2014 19:15:00,0.722533333333
24/06/2014 19:30:00,0.5256
24/06/2014 19:45:00,0.497
24/06/2014 20:00:00,0.5248
24/06/2014 20:15:00,0.5142
24/06/2014 20:30:00,0.494133333333
24/06/2014 20:45:00,0.709
24/06/2014 21:00:00,0.677266666667
24/06/2014 21:15:00,0.391066666667
24/06/2014 21:30:00,0.6796
24/06/2014 21:45:00,0.2434
24/06/2014 22:00:00,0.685466666667
24/06/2014 22:15:00,0.687533333333
24/06/2014 22:30:00,0.690466666667
24/06/2014 22:45:00,0.379066666667
24/06/2014 23:00:00,0.686333333333
24/06/2014 23:15:00,0.158133333333
24/06/2014 23:30:00,0.398133333333
24/06/2014 23:45:00,0.502266666667
25/06/2014 00:00:00,0.182533333333
25/06/2014 00:15:00,0.37
25/06/2014 00:30:00,0.460066666667
25/06/2014 00:45:00,0.158933333333
25/06/2014 01:00:00,0.297666666667
25/06/2014 01:15:00,0.404666666667
25/06/2014 01:30:00,0.314333333333
25/06/2014 01:45:00,0.0874666666667
25/06/2014 02:00:00,0.390466666667
25/06/2014 02:15:00,0.389
25/06/2014 02:30:00,0.252866666667
25/06/2014 02:45:00,0.6962
25/06/2014 03:00:00,0.3544
25/06/2014 03:15:00,0.581866666667
25/06/2014 03:30:00,0.209
25/06/2014 03:45:00,0.395733333333
25/06/2014 04:00:00,0.552333333333
25/06/2014 04:15:00,0.3786
25/06/2014 04:30:00,0.336066666667
25/06/2014 04:45:00,0.5798
25/06/2014 05:00:00,0.199866666667
25/06/2014 05:15:00,0.3424
25/06/2014 05:30:00,0.465
25/06/2014 05:45:00,0.247533333333
25/06/2014 06:00:00,0.210533333333
25/06/2014 06:15:00,0.426533333333
25/06/2014 06:30:00,0.336866666667
25/06/2014 06:45:00,0.0101333333333
25/06/2014 07:00:00,0.0102
25/06/2014 07:15:00,0.01
25/06/2014 07:30:00,0.01
25/06/2014 07:45:00,0.01
25/06/2014 08:00:00,0.01
25/06/2014 08:15:00,0.01
25/06/2014 08:30:00,0.01
25/06/2014 08:45:00,0.01
25/06/2014 09:00:00,0.01
25/06/2014 09:15:00,0.01
25/06/2014 09:30:00,0.01
25/06/2014 09:45:00,0.01
25/06/2014 10:00:00,0.01
25/06/2014 10:15:00,0.01
25/06/2014 10:30:00,0.01
25/06/2014 10:45:00,0.01
25/06/2014 11:00:00,0.01
25/06/2014 11:15:00,0.01
25/06/2014 11:30:00,0.01
25/06/2014 11:45:00,0.01
25/06/2014 12:00:00,0.01
25/06/2014 12:15:00,0.01
25/06/2014 12:30:00,0.01
25/06/2014 12:45:00,0.235733333333
25/06/2014 13:00:00,0.01
25/06/2014 13:15:00,0.2678
25/06/2014 13:30:00,0.01
25/06/2014 13:45:00,0.283533333333
25/06/2014 14:00:00,0.245533333333
25/06/2014 14:15:00,0.0533333333333
25/06/2014 14:30:00,0.309
25/06/2014 14:45:00,0.251733333333
25/06/2014 15:00:00,0.0800666666667
25/06/2014 15:15:00,0.342266666667
25/06/2014 15:30:00,0.369
25/06/2014 15:45:00,0.203866666667
25/06/2014 16:00:00,0.1948
25/06/2014 16:15:00,0.4762
25/06/2014 16:30:00,0.4102
25/06/2014 16:45:00,0.224266666667
25/06/2014 17:00:00,0.355733333333
25/06/2014 17:15:00,0.514666666667
25/06/2014 17:30:00,0.203066666667
25/06/2014 17:45:00,0.319466666667
25/06/2014 18:00:00,0.560066666667
25/06/2014 18:15:00,0.178333333333
25/06/2014 18:30:00,0.406
25/06/2014 18:45:00,0.423533333333
25/06/2014 19:00:00,0.104
25/06/2014 19:15:00,0.466533333333
25/06/2014 19:30:00,0.342333333333
25/06/2014 19:45:00,0.311333333333
25/06/2014 20:00:00,0.723733333333
25/06/2014 20:15:00,0.5384
25/06/2014 20:30:00,0.256466666667
25/06/2014 20:45:00,0.265066666667
25/06/2014 21:00:00,0.6422
25/06/2014 21:15:00,0.3996
25/06/2014 21:30:00,0.596533333333
25/06/2014 21:45:00,0.6734
25/06/2014 22:00:00,0.675866666667
25/06/2014 22:15:00,0.677466666667
25/06/2014 22:30:00,0.6816
25/06/2014 22:45:00,0.684533333333
25/06/2014 23:00:00,0.678733333333
25/06/2014 23:15:00,0.4632
25/06/2014 23:30:00,0.641533333333
25/06/2014 23:45:00,0.3418
26/06/2014 00:00:00,0.370266666667
26/06/2014 00:15:00,0.552666666667
26/06/2014 00:30:00,0.2218
26/06/2014 00:45:00,0.343733333333
26/06/2014 01:00:00,0.483333333333
26/06/2014 01:15:00,0.221866666667
26/06/2014 01:30:00,0.256933333333
26/06/2014 01:45:00,0.435066666667
26/06/2014 02:00:00,0.283333333333
26/06/2014 02:15:00,0.143733333333
26/06/2014 02:30:00,0.396933333333
26/06/2014 02:45:00,0.365533333333
26/06/2014 03:00:00,0.157466666667
26/06/2014 03:15:00,0.2002
26/06/2014 03:30:00,0.3398
26/06/2014 03:45:00,0.329666666667
26/06/2014 04:00:00,0.127133333333
26/06/2014 04:15:00,0.206933333333
26/06/2014 04:30:00,0.325533333333
26/06/2014 04:45:00,0.3204
26/06/2014 05:00:00,0.115866666667
26/06/2014 05:15:00,0.218666666667
26/06/2014 05:30:00,0.324333333333
26/06/2014 05:45:00,0.325466666667
26/06/2014 06:00:00,0.1042
26/06/2014 06:15:00,0.230133333333
26/06/2014 06:30:00,0.326666666667
26/06/2014 06:45:00,0.01
26/06/2014 07:00:00,0.01
26/06/2014 07:15:00,0.01
26/06/2014 07:30:00,0.01
26/06/2014 07:45:00,0.01
26/06/2014 08:00:00,0.01
26/06/2014 08:15:00,0.01
26/06/2014 08:30:00,0.01
26/06/2014 08:45:00,0.01
26/06/2014 09:00:00,0.01
26/06/2014 09:15:00,0.00993333333333
26/06/2014 09:30:00,0.00993333333333
26/06/2014 09:45:00,0.01
26/06/2014 10:00:00,0.0096
26/06/2014 10:15:00,0.0098
26/06/2014 10:30:00,0.00966666666667
26/06/2014 10:45:00,0.01
26/06/2014 11:00:00,0.01
26/06/2014 11:15:00,0.01
26/06/2014 11:30:00,0.01
26/06/2014 11:45:00,0.01
26/06/2014 12:00:00,0.01
26/06/2014 12:15:00,0.0664
26/06/2014 12:30:00,0.1996
26/06/2014 12:45:00,0.107733333333
26/06/2014 13:00:00,0.135866666667
26/06/2014 13:15:00,0.245
26/06/2014 13:30:00,0.0242
26/06/2014 13:45:00,0.222866666667
26/06/2014 14:00:00,0.2484
26/06/2014 14:15:00,0.0238
26/06/2014 14:30:00,0.412733333333
26/06/2014 14:45:00,0.2884
26/06/2014 15:00:00,0.154
26/06/2014 15:15:00,0.4284
26/06/2014 15:30:00,0.286733333333
26/06/2014 15:45:00,0.538133333333
26/06/2014 16:00:00,0.672933333333
26/06/2014 16:15:00,0.397
26/06/2014 16:30:00,0.700333333333
26/06/2014 16:45:00,0.679666666667
26/06/2014 17:00:00,0.261333333333
26/06/2014 17:15:00,0.6858
26/06/2014 17:30:00,0.675066666667
26/06/2014 17:45:00,0.306933333333
26/06/2014 18:00:00,0.1856
26/06/2014 18:15:00,0.4186
26/06/2014 18:30:00,0.5862
26/06/2014 18:45:00,0.297466666667
26/06/2014 19:00:00,0.436266666667
26/06/2014 19:15:00,0.484266666667
26/06/2014 19:30:00,0.2664
26/06/2014 19:45:00,0.365933333333
26/06/2014 20:00:00,0.3342
26/06/2014 20:15:00,0.3342
26/06/2014 20:30:00,0.105466666667
26/06/2014 20:45:00,0.2884
26/06/2014 21:00:00,0.5376
26/06/2014 21:15:00,0.277066666667
26/06/2014 21:30:00,0.673
26/06/2014 21:45:00,0.280333333333
26/06/2014 22:00:00,0.677666666667
26/06/2014 22:15:00,0.675866666667
26/06/2014 22:30:00,0.4312
26/06/2014 22:45:00,0.555333333333
26/06/2014 23:00:00,0.573933333333
26/06/2014 23:15:00,0.408133333333
26/06/2014 23:30:00,0.297266666667
26/06/2014 23:45:00,0.585266666667
27/06/2014 00:00:00,0.283533333333
27/06/2014 00:15:00,0.267066666667
27/06/2014 00:30:00,0.413733333333
27/06/2014 00:45:00,0.360666666667
27/06/2014 01:00:00,0.142266666667
27/06/2014 01:15:00,0.410266666667
27/06/2014 01:30:00,0.401866666667
27/06/2014 01:45:00,0.138
27/06/2014 02:00:00,0.252
27/06/2014 02:15:00,0.361333333333
27/06/2014 02:30:00,0.2656
27/06/2014 02:45:00,0.0967333333333
27/06/2014 03:00:00,0.329466666667
27/06/2014 03:15:00,0.323333333333
27/06/2014 03:30:00,0.203133333333
27/06/2014 03:45:00,0.116666666667
27/06/2014 04:00:00,0.305533333333
27/06/2014 04:15:00,0.3058
27/06/2014 04:30:00,0.1828
27/06/2014 04:45:00,0.131333333333
27/06/2014 05:00:00,0.304666666667
27/06/2014 05:15:00,0.3036
27/06/2014 05:30:00,0.127266666667
27/06/2014 05:45:00,0.01
27/06/2014 06:00:00,0.01
27/06/2014 06:15:00,0.01
27/06/2014 06:30:00,0.01
27/06/2014 06:45:00,0.0100666666667
27/06/2014 07:00:00,0.01
27/06/2014 07:15:00,0.01
27/06/2014 07:30:00,0.01
27/06/2014 07:45:00,0.01
27/06/2014 08:00:00,0.00993333333333
27/06/2014 08:15:00,0.01
27/06/2014 08:30:00,0.01
27/06/2014 08:45:00,0.01
27/06/2014 09:00:00,0.01
27/06/2014 09:15:00,0.00973333333333
27/06/2014 09:30:00,0.0096
27/06/2014 09:45:00,0.01
27/06/2014 10:00:00,0.01
27/06/2014 10:15:00,0.01
27/06/2014 10:30:00,0.01
27/06/2014 10:45:00,0.025
27/06/2014 11:00:00,0.216466666667
27/06/2014 11:15:00,0.184333333333
27/06/2014 11:30:00,0.0792666666667
27/06/2014 11:45:00,0.2424
27/06/2014 12:00:00,0.00933333333333
27/06/2014 12:15:00,0.2422
27/06/2014 12:30:00,0.155533333333
27/06/2014 12:45:00,0.5442
27/06/2014 13:00:00,0.3694
27/06/2014 13:15:00,0.324866666667
27/06/2014 13:30:00,0.482866666667
27/06/2014 13:45:00,0.448666666667
27/06/2014 14:00:00,0.673266666667
27/06/2014 14:15:00,0.588733333333
27/06/2014 14:30:00,0.402
27/06/2014 14:45:00,0.383066666667
27/06/2014 15:00:00,0.448
27/06/2014 15:15:00,0.483266666667
27/06/2014 15:30:00,0.284733333333
27/06/2014 15:45:00,0.464
27/06/2014 16:00:00,0.415733333333
27/06/2014 16:15:00,0.2914
27/06/2014 16:30:00,0.675466666667
27/06/2014 16:45:00,0.277066666667
27/06/2014 17:00:00,0.6896
27/06/2014 17:15:00,0.314933333333
27/06/2014 17:30:00,0.701266666667
27/06/2014 17:45:00,0.2944
27/06/2014 18:00:00,0.688333333333
27/06/2014 18:15:00,0.296133333333
27/06/2014 18:30:00,0.6176
27/06/2014 18:45:00,0.380866666667
27/06/2014 19:00:00,0.4708
27/06/2014 19:15:00,0.560533333333
27/06/2014 19:30:00,0.257133333333
27/06/2014 19:45:00,0.607733333333
27/06/2014 20:00:00,0.333533333333
27/06/2014 20:15:00,0.142666666667
27/06/2014 20:30:00,0.398333333333
27/06/2014 20:45:00,0.397533333333
27/06/2014 21:00:00,0.156866666667
27/06/2014 21:15:00,0.411
27/06/2014 21:30:00,0.376133333333
27/06/2014 21:45:00,0.195333333333
27/06/2014 22:00:00,0.368466666667
27/06/2014 22:15:00,0.454733333333
27/06/2014 22:30:00,0.406
27/06/2014 22:45:00,0.207466666667
27/06/2014 23:00:00,0.554333333333
27/06/2014 23:15:00,0.217533333333
27/06/2014 23:30:00,0.3502
27/06/2014 23:45:00,0.386533333333
28/06/2014 00:00:00,0.1528
28/06/2014 00:15:00,0.4946
28/06/2014 00:30:00,0.1206
28/06/2014 00:45:00,0.380933333333
28/06/2014 01:00:00,0.487666666667
28/06/2014 01:15:00,0.186333333333
28/06/2014 01:30:00,0.331866666667
28/06/2014 01:45:00,0.413266666667
28/06/2014 02:00:00,0.234066666667
28/06/2014 02:15:00,0.1984
28/06/2014 02:30:00,0.364666666667
28/06/2014 02:45:00,0.330066666667
28/06/2014 03:00:00,0.1046
28/06/2014 03:15:00,0.2872
28/06/2014 03:30:00,0.3252
28/06/2014 03:45:00,0.259466666667
28/06/2014 04:00:00,0.0780666666667
28/06/2014 04:15:00,0.295133333333
28/06/2014 04:30:00,0.310066666667
28/06/2014 04:45:00,0.255466666667
28/06/2014 05:00:00,0.082
28/06/2014 05:15:00,0.297266666667
28/06/2014 05:30:00,0.310533333333
28/06/2014 05:45:00,0.2574
28/06/2014 06:00:00,0.0818
28/06/2014 06:15:00,0.244
28/06/2014 06:30:00,0.01
28/06/2014 06:45:00,0.01
28/06/2014 07:00:00,0.01
28/06/2014 07:15:00,0.00953333333333
28/06/2014 07:30:00,0.0098
28/06/2014 07:45:00,0.139266666667
28/06/2014 08:00:00,0.281933333333
28/06/2014 08:15:00,0.337533333333
28/06/2014 08:30:00,0.0739333333333
28/06/2014 08:45:00,0.4398
28/06/2014 09:00:00,0.0505333333333
28/06/2014 09:15:00,0.255533333333
28/06/2014 09:30:00,0.473866666667
28/06/2014 09:45:00,0.1786
28/06/2014 10:00:00,0.3678
28/06/2014 10:15:00,0.527266666667
28/06/2014 10:30:00,0.240533333333
28/06/2014 10:45:00,0.4188
28/06/2014 11:00:00,0.5728
28/06/2014 11:15:00,0.317733333333
28/06/2014 11:30:00,0.4462
28/06/2014 11:45:00,0.561
28/06/2014 12:00:00,0.278
28/06/2014 12:15:00,0.5364
28/06/2014 12:30:00,0.446933333333
28/06/2014 12:45:00,0.231666666667
28/06/2014 13:00:00,0.546733333333
28/06/2014 13:15:00,0.396733333333
28/06/2014 13:30:00,0.259533333333
28/06/2014 13:45:00,0.677466666667
28/06/2014 14:00:00,0.273533333333
28/06/2014 14:15:00,0.462533333333
28/06/2014 14:30:00,0.5074
28/06/2014 14:45:00,0.371066666667
28/06/2014 15:00:00,0.6408
28/06/2014 15:15:00,0.2694
28/06/2014 15:30:00,0.721066666667
28/06/2014 15:45:00,0.347533333333
28/06/2014 16:00:00,0.689466666667
28/06/2014 16:15:00,0.475066666667
28/06/2014 16:30:00,0.425666666667
28/06/2014 16:45:00,0.7084
28/06/2014 17:00:00,0.6028
28/06/2014 17:15:00,0.3208
28/06/2014 17:30:00,0.7098
28/06/2014 17:45:00,0.712933333333
28/06/2014 18:00:00,0.672933333333
28/06/2014 18:15:00,0.706333333333
28/06/2014 18:30:00,0.673533333333
28/06/2014 18:45:00,0.4146
28/06/2014 19:00:00,0.4664
28/06/2014 19:15:00,0.396
28/06/2014 19:30:00,0.2326
28/06/2014 19:45:00,0.708933333333
28/06/2014 20:00:00,0.291533333333
28/06/2014 20:15:00,0.698333333333
28/06/2014 20:30:00,0.348866666667
28/06/2014 20:45:00,0.438
28/06/2014 21:00:00,0.5788
28/06/2014 21:15:00,0.3614
28/06/2014 21:30:00,0.706
28/06/2014 21:45:00,0.715066666667
28/06/2014 22:00:00,0.270866666667
28/06/2014 22:15:00,0.557666666667
28/06/2014 22:30:00,0.685533333333
28/06/2014 22:45:00,0.3982
28/06/2014 23:00:00,0.590933333333
28/06/2014 23:15:00,0.385733333333
28/06/2014 23:30:00,0.1984
28/06/2014 23:45:00,0.451533333333
29/06/2014 00:00:00,0.432133333333
29/06/2014 00:15:00,0.143133333333
29/06/2014 00:30:00,0.327933333333
29/06/2014 00:45:00,0.427733333333
29/06/2014 01:00:00,0.2208
29/06/2014 01:15:00,0.187
29/06/2014 01:30:00,0.372666666667
29/06/2014 01:45:00,0.361933333333
29/06/2014 02:00:00,0.168133333333
29/06/2014 02:15:00,0.204
29/06/2014 02:30:00,0.361666666667
29/06/2014 02:45:00,0.327133333333
29/06/2014 03:00:00,0.0982666666667
29/06/2014 03:15:00,0.302733333333
29/06/2014 03:30:00,0.358666666667
29/06/2014 03:45:00,0.2256
29/06/2014 04:00:00,0.173666666667
29/06/2014 04:15:00,0.359933333333
29/06/2014 04:30:00,0.357933333333
29/06/2014 04:45:00,0.1228
29/06/2014 05:00:00,0.245466666667
29/06/2014 05:15:00,0.358933333333
29/06/2014 05:30:00,0.253466666667
29/06/2014 05:45:00,0.01
29/06/2014 06:00:00,0.01
29/06/2014 06:15:00,0.01
29/06/2014 06:30:00,0.01
29/06/2014 06:45:00,0.149333333333
29/06/2014 07:00:00,0.251133333333
29/06/2014 07:15:00,0.304133333333
29/06/2014 07:30:00,0.125733333333
29/06/2014 07:45:00,0.418066666667
29/06/2014 08:00:00,0.034
29/06/2014 08:15:00,0.444466666667
29/06/2014 08:30:00,0.279066666667
29/06/2014 08:45:00,0.176733333333
29/06/2014 09:00:00,0.434533333333
29/06/2014 09:15:00,0.3856
29/06/2014 09:30:00,0.2044
29/06/2014 09:45:00,0.311933333333
29/06/2014 10:00:00,0.457733333333
29/06/2014 10:15:00,0.387066666667
29/06/2014 10:30:00,0.2058
29/06/2014 10:45:00,0.4596
29/06/2014 11:00:00,0.471
29/06/2014 11:15:00,0.251733333333
29/06/2014 11:30:00,0.523866666667
29/06/2014 11:45:00,0.503333333333
29/06/2014 12:00:00,0.258866666667
29/06/2014 12:15:00,0.640933333333
29/06/2014 12:30:00,0.313666666667
29/06/2014 12:45:00,0.502666666667
29/06/2014 13:00:00,0.493266666667
29/06/2014 13:15:00,0.403533333333
29/06/2014 13:30:00,0.604533333333
29/06/2014 13:45:00,0.285133333333
29/06/2014 14:00:00,0.6888
29/06/2014 14:15:00,0.200066666667
29/06/2014 14:30:00,0.723533333333
29/06/2014 14:45:00,0.389933333333
29/06/2014 15:00:00,0.507666666667
29/06/2014 15:15:00,0.701933333333
29/06/2014 15:30:00,0.302533333333
29/06/2014 15:45:00,0.7314
29/06/2014 16:00:00,0.6976
29/06/2014 16:15:00,0.725533333333
29/06/2014 16:30:00,0.713333333333
29/06/2014 16:45:00,0.674533333333
29/06/2014 17:00:00,0.531666666667
29/06/2014 17:15:00,0.7034
29/06/2014 17:30:00,0.719933333333
29/06/2014 17:45:00,0.716266666667
29/06/2014 18:00:00,0.5002
29/06/2014 18:15:00,0.700333333333
29/06/2014 18:30:00,0.716066666667
29/06/2014 18:45:00,0.4414
29/06/2014 19:00:00,0.698733333333
29/06/2014 19:15:00,0.401466666667
29/06/2014 19:30:00,0.713133333333
29/06/2014 19:45:00,0.712666666667
29/06/2014 20:00:00,0.700666666667
29/06/2014 20:15:00,0.687066666667
29/06/2014 20:30:00,0.6742
29/06/2014 20:45:00,0.207066666667
29/06/2014 21:00:00,0.01
29/06/2014 21:15:00,0.0483333333333
29/06/2014 21:30:00,0.5438
29/06/2014 21:45:00,0.348933333333
29/06/2014 22:00:00,0.332933333333
29/06/2014 22:15:00,0.630266666667
29/06/2014 22:30:00,0.2308
29/06/2014 22:45:00,0.719466666667
29/06/2014 23:00:00,0.2692
29/06/2014 23:15:00,0.705866666667
29/06/2014 23:30:00,0.336533333333
29/06/2014 23:45:00,0.387333333333
30/06/2014 00:00:00,0.491133333333
30/06/2014 00:15:00,0.033
30/06/2014 00:30:00,0.552733333333
30/06/2014 00:45:00,0.3266
30/06/2014 01:00:00,0.184533333333
30/06/2014 01:15:00,0.4896
30/06/2014 01:30:00,0.382666666667
30/06/2014 01:45:00,0.154466666667
30/06/2014 02:00:00,0.4254
30/06/2014 02:15:00,0.396533333333
30/06/2014 02:30:00,0.1246
30/06/2014 02:45:00,0.320066666667
30/06/2014 03:00:00,0.389866666667
30/06/2014 03:15:00,0.2058
30/06/2014 03:30:00,0.159066666667
30/06/2014 03:45:00,0.3426
30/06/2014 04:00:00,0.332533333333
30/06/2014 04:15:00,0.195266666667
30/06/2014 04:30:00,0.140066666667
30/06/2014 04:45:00,0.323733333333
30/06/2014 05:00:00,0.323133333333
30/06/2014 05:15:00,0.182266666667
30/06/2014 05:30:00,0.1542
30/06/2014 05:45:00,0.01
30/06/2014 06:00:00,0.01
30/06/2014 06:15:00,0.01
30/06/2014 06:30:00,0.01
30/06/2014 06:45:00,0.0100666666667
30/06/2014 07:00:00,0.115266666667
30/06/2014 07:15:00,0.136333333333
30/06/2014 07:30:00,0.212733333333
30/06/2014 07:45:00,0.0642
30/06/2014 08:00:00,0.2772
30/06/2014 08:15:00,0.0488
30/06/2014 08:30:00,0.426
30/06/2014 08:45:00,0.429133333333
30/06/2014 09:00:00,0.2128
30/06/2014 09:15:00,0.277133333333
30/06/2014 09:30:00,0.5168
30/06/2014 09:45:00,0.403466666667
30/06/2014 10:00:00,0.268
30/06/2014 10:15:00,0.401933333333
30/06/2014 10:30:00,0.5662
30/06/2014 10:45:00,0.324466666667
30/06/2014 11:00:00,0.271066666667
30/06/2014 11:15:00,0.630133333333
30/06/2014 11:30:00,0.347933333333
30/06/2014 11:45:00,0.335333333333
30/06/2014 12:00:00,0.6342
30/06/2014 12:15:00,0.294466666667
30/06/2014 12:30:00,0.7134
30/06/2014 12:45:00,0.347
30/06/2014 13:00:00,0.565066666667
30/06/2014 13:15:00,0.402266666667
30/06/2014 13:30:00,0.453466666667
30/06/2014 13:45:00,0.471
30/06/2014 14:00:00,0.465733333333
30/06/2014 14:15:00,0.411533333333
30/06/2014 14:30:00,0.680866666667
30/06/2014 14:45:00,0.0526
30/06/2014 15:00:00,0.730666666667
30/06/2014 15:15:00,0.695066666667
30/06/2014 15:30:00,0.703866666667
30/06/2014 15:45:00,0.721666666667
30/06/2014 16:00:00,0.438333333333
30/06/2014 16:15:00,0.708266666667
30/06/2014 16:30:00,0.602733333333
30/06/2014 16:45:00,0.5196
30/06/2014 17:00:00,0.697133333333
30/06/2014 17:15:00,0.7156
30/06/2014 17:30:00,0.716733333333
30/06/2014 17:45:00,0.694333333333
30/06/2014 18:00:00,0.6988
30/06/2014 18:15:00,0.508533333333
30/06/2014 18:30:00,0.7002
30/06/2014 18:45:00,0.6316
30/06/2014 19:00:00,0.566333333333
30/06/2014 19:15:00,0.636666666667
30/06/2014 19:30:00,0.511333333333
30/06/2014 19:45:00,0.539666666667
30/06/2014 20:00:00,0.494333333333
30/06/2014 20:15:00,0.382066666667
30/06/2014 20:30:00,0.6168
30/06/2014 20:45:00,0.256333333333
30/06/2014 21:00:00,0.631866666667
30/06/2014 21:15:00,0.358533333333
30/06/2014 21:30:00,0.674133333333
30/06/2014 21:45:00,0.5562
30/06/2014 22:00:00,0.344333333333
30/06/2014 22:15:00,0.390533333333
30/06/2014 22:30:00,0.603133333333
30/06/2014 22:45:00,0.446733333333
30/06/2014 23:00:00,0.463533333333
30/06/2014 23:15:00,0.523733333333
30/06/2014 23:30:00,0.4604
30/06/2014 23:45:00,0.318466666667
01/07/2014 00:00:00,0.499133333333
01/07/2014 00:15:00,0.304666666667
01/07/2014 00:30:00,0.124066666667
01/07/2014 00:45:00,0.475866666667
01/07/2014 01:00:00,0.323066666667
01/07/2014 01:15:00,0.131133333333
01/07/2014 01:30:00,0.437733333333
01/07/2014 01:45:00,0.350333333333
01/07/2014 02:00:00,0.0934
01/07/2014 02:15:00,0.3824
01/07/2014 02:30:00,0.371866666667
01/07/2014 02:45:00,0.1674
01/07/2014 03:00:00,0.199333333333
01/07/2014 03:15:00,0.334933333333
01/07/2014 03:30:00,0.328733333333
01/07/2014 03:45:00,0.168133333333
01/07/2014 04:00:00,0.1584
01/07/2014 04:15:00,0.316533333333
01/07/2014 04:30:00,0.3124
01/07/2014 04:45:00,0.16
01/07/2014 05:00:00,0.162066666667
01/07/2014 05:15:00,0.316666666667
01/07/2014 05:30:00,0.01
01/07/2014 05:45:00,0.01
01/07/2014 06:00:00,0.01
01/07/2014 06:15:00,0.01
01/07/2014 06:30:00,0.01
01/07/2014 06:45:00,0.0100666666667
01/07/2014 07:00:00,0.244666666667
01/07/2014 07:15:00,0.01
01/07/2014 07:30:00,0.263533333333
01/07/2014 07:45:00,0.0736
01/07/2014 08:00:00,0.402466666667
01/07/2014 08:15:00,0.326466666667
01/07/2014 08:30:00,0.0938666666667
01/07/2014 08:45:00,0.263533333333
01/07/2014 09:00:00,0.290133333333
01/07/2014 09:15:00,0.0618666666667
01/07/2014 09:30:00,0.458733333333
01/07/2014 09:45:00,0.433
01/07/2014 10:00:00,0.263933333333
01/07/2014 10:15:00,0.417866666667
01/07/2014 10:30:00,0.570733333333
01/07/2014 10:45:00,0.337066666667
01/07/2014 11:00:00,0.286266666667
01/07/2014 11:15:00,0.6778
01/07/2014 11:30:00,0.332133333333
01/07/2014 11:45:00,0.403466666667
01/07/2014 12:00:00,0.552533333333
01/07/2014 12:15:00,0.3722
01/07/2014 12:30:00,0.409066666667
01/07/2014 12:45:00,0.683733333333
01/07/2014 13:00:00,0.706266666667
01/07/2014 13:15:00,0.6826
01/07/2014 13:30:00,0.69
01/07/2014 13:45:00,0.692933333333
01/07/2014 14:00:00,0.680933333333
01/07/2014 14:15:00,0.670466666667
01/07/2014 14:30:00,0.698933333333
01/07/2014 14:45:00,0.670133333333
01/07/2014 15:00:00,0.6718
01/07/2014 15:15:00,0.6978
01/07/2014 15:30:00,0.672466666667
01/07/2014 15:45:00,0.679533333333
01/07/2014 16:00:00,0.689666666667
01/07/2014 16:15:00,0.687133333333
01/07/2014 16:30:00,0.679333333333
01/07/2014 16:45:00,0.7014
01/07/2014 17:00:00,0.668266666667
01/07/2014 17:15:00,0.7046
01/07/2014 17:30:00,0.692
01/07/2014 17:45:00,0.686266666667
01/07/2014 18:00:00,0.705266666667
01/07/2014 18:15:00,0.678866666667
01/07/2014 18:30:00,0.699266666667
01/07/2014 18:45:00,0.703733333333
01/07/2014 19:00:00,0.677266666667
01/07/2014 19:15:00,0.7096
01/07/2014 19:30:00,0.700933333333
01/07/2014 19:45:00,0.541066666667
01/07/2014 20:00:00,0.156333333333
01/07/2014 20:15:00,0.410266666667
01/07/2014 20:30:00,0.241066666667
01/07/2014 20:45:00,0.301066666667
01/07/2014 21:00:00,0.406133333333
01/07/2014 21:15:00,0.5762
01/07/2014 21:30:00,0.363066666667
01/07/2014 21:45:00,0.4536
01/07/2014 22:00:00,0.474333333333
01/07/2014 22:15:00,0.224533333333
01/07/2014 22:30:00,0.674
01/07/2014 22:45:00,0.244866666667
01/07/2014 23:00:00,0.706466666667
01/07/2014 23:15:00,0.167133333333
01/07/2014 23:30:00,0.677533333333
01/07/2014 23:45:00,0.265666666667
02/07/2014 00:00:00,0.651933333333
02/07/2014 00:15:00,0.2394
02/07/2014 00:30:00,0.285066666667
02/07/2014 00:45:00,0.469066666667
02/07/2014 01:00:00,0.263333333333
02/07/2014 01:15:00,0.132733333333
02/07/2014 01:30:00,0.4192
02/07/2014 01:45:00,0.374066666667
02/07/2014 02:00:00,0.0949333333333
02/07/2014 02:15:00,0.2776
02/07/2014 02:30:00,0.344866666667
02/07/2014 02:45:00,0.2076
02/07/2014 03:00:00,0.1214
02/07/2014 03:15:00,0.319466666667
02/07/2014 03:30:00,0.304
02/07/2014 03:45:00,0.155333333333
02/07/2014 04:00:00,0.1592
02/07/2014 04:15:00,0.3046
02/07/2014 04:30:00,0.302733333333
02/07/2014 04:45:00,0.154866666667
02/07/2014 05:00:00,0.1584
02/07/2014 05:15:00,0.299866666667
02/07/2014 05:30:00,0.190866666667
02/07/2014 05:45:00,0.01
02/07/2014 06:00:00,0.00946666666667
02/07/2014 06:15:00,0.01
02/07/2014 06:30:00,0.0098
02/07/2014 06:45:00,0.0096
02/07/2014 07:00:00,0.01
02/07/2014 07:15:00,0.244333333333
02/07/2014 07:30:00,0.2476
02/07/2014 07:45:00,0.0416
02/07/2014 08:00:00,0.229466666667
02/07/2014 08:15:00,0.301933333333
02/07/2014 08:30:00,0.0635333333333
02/07/2014 08:45:00,0.425866666667
02/07/2014 09:00:00,0.455933333333
02/07/2014 09:15:00,0.159466666667
02/07/2014 09:30:00,0.358866666667
02/07/2014 09:45:00,0.521333333333
02/07/2014 10:00:00,0.246733333333
02/07/2014 10:15:00,0.317333333333
02/07/2014 10:30:00,0.606733333333
02/07/2014 10:45:00,0.2774
02/07/2014 11:00:00,0.408133333333
02/07/2014 11:15:00,0.6634
02/07/2014 11:30:00,0.414133333333
02/07/2014 11:45:00,0.3492
02/07/2014 12:00:00,0.7334
02/07/2014 12:15:00,0.344933333333
02/07/2014 12:30:00,0.462866666667
02/07/2014 12:45:00,0.6334
02/07/2014 13:00:00,0.382733333333
02/07/2014 13:15:00,0.520866666667
02/07/2014 13:30:00,0.5776
02/07/2014 13:45:00,0.375666666667
02/07/2014 14:00:00,0.685533333333
02/07/2014 14:15:00,0.4114
02/07/2014 14:30:00,0.549666666667
02/07/2014 14:45:00,0.4564
02/07/2014 15:00:00,0.6254
02/07/2014 15:15:00,0.417
02/07/2014 15:30:00,0.6982
02/07/2014 15:45:00,0.350933333333
02/07/2014 16:00:00,0.732666666667
02/07/2014 16:15:00,0.703066666667
02/07/2014 16:30:00,0.7322
02/07/2014 16:45:00,0.7034
02/07/2014 17:00:00,0.7066
02/07/2014 17:15:00,0.726666666667
02/07/2014 17:30:00,0.700866666667
02/07/2014 17:45:00,0.7176
02/07/2014 18:00:00,0.722466666667
02/07/2014 18:15:00,0.641666666667
02/07/2014 18:30:00,0.5364
02/07/2014 18:45:00,0.698
02/07/2014 19:00:00,0.715666666667
02/07/2014 19:15:00,0.430466666667
02/07/2014 19:30:00,0.733
02/07/2014 19:45:00,0.4438
02/07/2014 20:00:00,0.743333333333
02/07/2014 20:15:00,0.462733333333
02/07/2014 20:30:00,0.7224
02/07/2014 20:45:00,0.379
02/07/2014 21:00:00,0.667533333333
02/07/2014 21:15:00,0.523066666667
02/07/2014 21:30:00,0.6874
02/07/2014 21:45:00,0.1766
02/07/2014 22:00:00,0.717333333333
02/07/2014 22:15:00,0.575666666667
02/07/2014 22:30:00,0.4316
02/07/2014 22:45:00,0.242
02/07/2014 23:00:00,0.5414
02/07/2014 23:15:00,0.342
02/07/2014 23:30:00,0.185533333333
02/07/2014 23:45:00,0.4568
03/07/2014 00:00:00,0.394266666667
03/07/2014 00:15:00,0.137733333333
03/07/2014 00:30:00,0.351666666667
03/07/2014 00:45:00,0.409733333333
03/07/2014 01:00:00,0.194133333333
03/07/2014 01:15:00,0.196266666667
03/07/2014 01:30:00,0.354266666667
03/07/2014 01:45:00,0.344066666667
03/07/2014 02:00:00,0.1506
03/07/2014 02:15:00,0.2044
03/07/2014 02:30:00,0.345666666667
03/07/2014 02:45:00,0.333933333333
03/07/2014 03:00:00,0.0978
03/07/2014 03:15:00,0.268266666667
03/07/2014 03:30:00,0.3462
03/07/2014 03:45:00,0.2634
03/07/2014 04:00:00,0.1004
03/07/2014 04:15:00,0.338133333333
03/07/2014 04:30:00,0.346466666667
03/07/2014 04:45:00,0.2
03/07/2014 05:00:00,0.156133333333
03/07/2014 05:15:00,0.346266666667
03/07/2014 05:30:00,0.341733333333
03/07/2014 05:45:00,0.1428
03/07/2014 06:00:00,0.2084
03/07/2014 06:15:00,0.326866666667
03/07/2014 06:30:00,0.326533333333
03/07/2014 06:45:00,0.151066666667
03/07/2014 07:00:00,0.186333333333
03/07/2014 07:15:00,0.01
03/07/2014 07:30:00,0.01
03/07/2014 07:45:00,0.250866666667
03/07/2014 08:00:00,0.01
03/07/2014 08:15:00,0.2208
03/07/2014 08:30:00,0.01
03/07/2014 08:45:00,0.246733333333
03/07/2014 09:00:00,0.01
03/07/2014 09:15:00,0.4126
03/07/2014 09:30:00,0.214333333333
03/07/2014 09:45:00,0.2892
03/07/2014 10:00:00,0.549866666667
03/07/2014 10:15:00,0.311466666667
03/07/2014 10:30:00,0.666266666667
03/07/2014 10:45:00,0.331266666667
03/07/2014 11:00:00,0.690933333333
03/07/2014 11:15:00,0.296933333333
03/07/2014 11:30:00,0.719066666667
03/07/2014 11:45:00,0.3106
03/07/2014 12:00:00,0.7314
03/07/2014 12:15:00,0.368533333333
03/07/2014 12:30:00,0.692133333333
03/07/2014 12:45:00,0.503933333333
03/07/2014 13:00:00,0.475266666667
03/07/2014 13:15:00,0.651733333333
03/07/2014 13:30:00,0.319533333333
03/07/2014 13:45:00,0.724933333333
03/07/2014 14:00:00,0.297266666667
03/07/2014 14:15:00,0.7276
03/07/2014 14:30:00,0.5364
03/07/2014 14:45:00,0.502333333333
03/07/2014 15:00:00,0.701266666667
03/07/2014 15:15:00,0.705866666667
03/07/2014 15:30:00,0.2722
03/07/2014 15:45:00,0.720133333333
03/07/2014 16:00:00,0.7194
03/07/2014 16:15:00,0.222
03/07/2014 16:30:00,0.732266666667
03/07/2014 16:45:00,0.699733333333
03/07/2014 17:00:00,0.712266666667
03/07/2014 17:15:00,0.718933333333
03/07/2014 17:30:00,0.6236
03/07/2014 17:45:00,0.592333333333
03/07/2014 18:00:00,0.7368
03/07/2014 18:15:00,0.4314
03/07/2014 18:30:00,0.6092
03/07/2014 18:45:00,0.732333333333
03/07/2014 19:00:00,0.335733333333
03/07/2014 19:15:00,0.5922
03/07/2014 19:30:00,0.380733333333
03/07/2014 19:45:00,0.175266666667
03/07/2014 20:00:00,0.384733333333
03/07/2014 20:15:00,0.446266666667
03/07/2014 20:30:00,0.206
03/07/2014 20:45:00,0.144533333333
03/07/2014 21:00:00,0.379533333333
03/07/2014 21:15:00,0.334466666667
03/07/2014 21:30:00,0.0858666666667
03/07/2014 21:45:00,0.2914
03/07/2014 22:00:00,0.406466666667
03/07/2014 22:15:00,0.347866666667
03/07/2014 22:30:00,0.546866666667
03/07/2014 22:45:00,0.214266666667
03/07/2014 23:00:00,0.3302
03/07/2014 23:15:00,0.5152
03/07/2014 23:30:00,0.214733333333
03/07/2014 23:45:00,0.2902
04/07/2014 00:00:00,0.388666666667
04/07/2014 00:15:00,0.288466666667
04/07/2014 00:30:00,0.0779333333333
04/07/2014 00:45:00,0.347066666667
04/07/2014 01:00:00,0.337
04/07/2014 01:15:00,0.0833333333333
04/07/2014 01:30:00,0.262333333333
04/07/2014 01:45:00,0.312
04/07/2014 02:00:00,0.128066666667
04/07/2014 02:15:00,0.1782
04/07/2014 02:30:00,0.2812
04/07/2014 02:45:00,0.161533333333
04/07/2014 03:00:00,0.118
04/07/2014 03:15:00,0.270333333333
04/07/2014 03:30:00,0.207933333333
04/07/2014 03:45:00,0.0619333333333
04/07/2014 04:00:00,0.259
04/07/2014 04:15:00,0.258733333333
04/07/2014 04:30:00,0.0268666666667
04/07/2014 04:45:00,0.241066666667
04/07/2014 05:00:00,0.257866666667
04/07/2014 05:15:00,0.0349333333333
04/07/2014 05:30:00,0.189533333333
04/07/2014 05:45:00,0.01
04/07/2014 06:00:00,0.01
04/07/2014 06:15:00,0.01
04/07/2014 06:30:00,0.01
04/07/2014 06:45:00,0.01
04/07/2014 07:00:00,0.01
04/07/2014 07:15:00,0.01
04/07/2014 07:30:00,0.222733333333
04/07/2014 07:45:00,0.0098
04/07/2014 08:00:00,0.2302
04/07/2014 08:15:00,0.01
04/07/2014 08:30:00,0.00993333333333
04/07/2014 08:45:00,0.00986666666667
04/07/2014 09:00:00,0.00973333333333
04/07/2014 09:15:00,0.01
04/07/2014 09:30:00,0.01
04/07/2014 09:45:00,0.01
04/07/2014 10:00:00,0.00986666666667
04/07/2014 10:15:00,0.01
04/07/2014 10:30:00,0.01
04/07/2014 10:45:00,0.01
04/07/2014 11:00:00,0.01
04/07/2014 11:15:00,0.237266666667
04/07/2014 11:30:00,0.255466666667
04/07/2014 11:45:00,0.0101333333333
04/07/2014 12:00:00,0.266333333333
04/07/2014 12:15:00,0.287666666667
04/07/2014 12:30:00,0.0982
04/07/2014 12:45:00,0.5422
04/07/2014 13:00:00,0.4142
04/07/2014 13:15:00,0.274133333333
04/07/2014 13:30:00,0.706866666667
04/07/2014 13:45:00,0.303066666667
04/07/2014 14:00:00,0.696333333333
04/07/2014 14:15:00,0.2726
04/07/2014 14:30:00,0.699
04/07/2014 14:45:00,0.348133333333
04/07/2014 15:00:00,0.6714
04/07/2014 15:15:00,0.259866666667
04/07/2014 15:30:00,0.6908
04/07/2014 15:45:00,0.189733333333
04/07/2014 16:00:00,0.730133333333
04/07/2014 16:15:00,0.7028
04/07/2014 16:30:00,0.7014
04/07/2014 16:45:00,0.727533333333
04/07/2014 17:00:00,0.452533333333
04/07/2014 17:15:00,0.733333333333
04/07/2014 17:30:00,0.705066666667
04/07/2014 17:45:00,0.7048
04/07/2014 18:00:00,0.726666666667
04/07/2014 18:15:00,0.711333333333
04/07/2014 18:30:00,0.695466666667
04/07/2014 18:45:00,0.519666666667
04/07/2014 19:00:00,0.737133333333
04/07/2014 19:15:00,0.713733333333
04/07/2014 19:30:00,0.363866666667
04/07/2014 19:45:00,0.7248
04/07/2014 20:00:00,0.3836
04/07/2014 20:15:00,0.7048
04/07/2014 20:30:00,0.361933333333
04/07/2014 20:45:00,0.372866666667
04/07/2014 21:00:00,0.634133333333
04/07/2014 21:15:00,0.441133333333
04/07/2014 21:30:00,0.487133333333
04/07/2014 21:45:00,0.1112
04/07/2014 22:00:00,0.5678
04/07/2014 22:15:00,0.0511333333333
04/07/2014 22:30:00,0.656733333333
04/07/2014 22:45:00,0.226666666667
04/07/2014 23:00:00,0.717733333333
04/07/2014 23:15:00,0.219666666667
04/07/2014 23:30:00,0.461933333333
04/07/2014 23:45:00,0.387266666667
05/07/2014 00:00:00,0.171666666667
05/07/2014 00:15:00,0.198266666667
05/07/2014 00:30:00,0.368066666667
05/07/2014 00:45:00,0.323
05/07/2014 01:00:00,0.0364666666667
05/07/2014 01:15:00,0.333533333333
05/07/2014 01:30:00,0.312333333333
05/07/2014 01:45:00,0.0716666666667
05/07/2014 02:00:00,0.235866666667
05/07/2014 02:15:00,0.283466666667
05/07/2014 02:30:00,0.208666666667
05/07/2014 02:45:00,0.0778
05/07/2014 03:00:00,0.272666666667
05/07/2014 03:15:00,0.2716
05/07/2014 03:30:00,0.0534666666667
05/07/2014 03:45:00,0.225933333333
05/07/2014 04:00:00,0.269733333333
05/07/2014 04:15:00,0.152466666667
05/07/2014 04:30:00,0.123266666667
05/07/2014 04:45:00,0.266133333333
05/07/2014 05:00:00,0.2466
05/07/2014 05:15:00,0.0250666666667
05/07/2014 05:30:00,0.260733333333
05/07/2014 05:45:00,0.256666666667
05/07/2014 06:00:00,0.01
05/07/2014 06:15:00,0.2544
05/07/2014 06:30:00,0.299666666667
05/07/2014 06:45:00,0.0493333333333
05/07/2014 07:00:00,0.178933333333
05/07/2014 07:15:00,0.0100666666667
05/07/2014 07:30:00,0.01
05/07/2014 07:45:00,0.01
05/07/2014 08:00:00,0.01
05/07/2014 08:15:00,0.01
05/07/2014 08:30:00,0.01
05/07/2014 08:45:00,0.3928
05/07/2014 09:00:00,0.171
05/07/2014 09:15:00,0.3332
05/07/2014 09:30:00,0.463333333333
05/07/2014 09:45:00,0.116066666667
05/07/2014 10:00:00,0.425933333333
05/07/2014 10:15:00,0.428666666667
05/07/2014 10:30:00,0.159533333333
05/07/2014 10:45:00,0.527
05/07/2014 11:00:00,0.356266666667
05/07/2014 11:15:00,0.214066666667
05/07/2014 11:30:00,0.577733333333
05/07/2014 11:45:00,0.213333333333
05/07/2014 12:00:00,0.408066666667
05/07/2014 12:15:00,0.523666666667
05/07/2014 12:30:00,0.301133333333
05/07/2014 12:45:00,0.524133333333
05/07/2014 13:00:00,0.5434
05/07/2014 13:15:00,0.35
05/07/2014 13:30:00,0.398066666667
05/07/2014 13:45:00,0.656866666667
05/07/2014 14:00:00,0.4278
05/07/2014 14:15:00,0.378733333333
05/07/2014 14:30:00,0.7048
05/07/2014 14:45:00,0.426133333333
05/07/2014 15:00:00,0.441866666667
05/07/2014 15:15:00,0.687133333333
05/07/2014 15:30:00,0.467
05/07/2014 15:45:00,0.559933333333
05/07/2014 16:00:00,0.436066666667
05/07/2014 16:15:00,0.724133333333
05/07/2014 16:30:00,0.430533333333
05/07/2014 16:45:00,0.726466666667
05/07/2014 17:00:00,0.693666666667
05/07/2014 17:15:00,0.440133333333
05/07/2014 17:30:00,0.724266666667
05/07/2014 17:45:00,0.7102
05/07/2014 18:00:00,0.7234
05/07/2014 18:15:00,0.702133333333
05/07/2014 18:30:00,0.725133333333
05/07/2014 18:45:00,0.467
05/07/2014 19:00:00,0.708733333333
05/07/2014 19:15:00,0.664133333333
05/07/2014 19:30:00,0.382266666667
05/07/2014 19:45:00,0.713333333333
05/07/2014 20:00:00,0.291733333333
05/07/2014 20:15:00,0.568733333333
05/07/2014 20:30:00,0.4092
05/07/2014 20:45:00,0.2962
05/07/2014 21:00:00,0.543066666667
05/07/2014 21:15:00,0.343733333333
05/07/2014 21:30:00,0.119066666667
05/07/2014 21:45:00,0.2722
05/07/2014 22:00:00,0.362933333333
05/07/2014 22:15:00,0.555266666667
05/07/2014 22:30:00,0.485066666667
05/07/2014 22:45:00,0.306666666667
05/07/2014 23:00:00,0.539133333333
05/07/2014 23:15:00,0.2194
05/07/2014 23:30:00,0.695666666667
05/07/2014 23:45:00,0.260266666667
06/07/2014 00:00:00,0.1846
06/07/2014 00:15:00,0.428733333333
06/07/2014 00:30:00,0.349333333333
06/07/2014 00:45:00,0.0894
06/07/2014 01:00:00,0.308066666667
06/07/2014 01:15:00,0.3598
06/07/2014 01:30:00,0.145266666667
06/07/2014 01:45:00,0.205866666667
06/07/2014 02:00:00,0.324
06/07/2014 02:15:00,0.220866666667
06/07/2014 02:30:00,0.0990666666667
06/07/2014 02:45:00,0.2914
06/07/2014 03:00:00,0.286133333333
06/07/2014 03:15:00,0.102
06/07/2014 03:30:00,0.189266666667
06/07/2014 03:45:00,0.2814
06/07/2014 04:00:00,0.277866666667
06/07/2014 04:15:00,0.046
06/07/2014 04:30:00,0.2432
06/07/2014 04:45:00,0.276133333333
06/07/2014 05:00:00,0.238933333333
06/07/2014 05:15:00,0.051
06/07/2014 05:30:00,0.279666666667
06/07/2014 05:45:00,0.2784
06/07/2014 06:00:00,0.189333333333
06/07/2014 06:15:00,0.0997333333333
06/07/2014 06:30:00,0.278866666667
06/07/2014 06:45:00,0.278266666667
06/07/2014 07:00:00,0.139933333333
06/07/2014 07:15:00,0.152333333333
06/07/2014 07:30:00,0.2674
06/07/2014 07:45:00,0.01
06/07/2014 08:00:00,0.01
06/07/2014 08:15:00,0.01
06/07/2014 08:30:00,0.01
06/07/2014 08:45:00,0.01
06/07/2014 09:00:00,0.01
06/07/2014 09:15:00,0.01
06/07/2014 09:30:00,0.3942
06/07/2014 09:45:00,0.0182
06/07/2014 10:00:00,0.4408
06/07/2014 10:15:00,0.327
06/07/2014 10:30:00,0.1024
06/07/2014 10:45:00,0.5508
06/07/2014 11:00:00,0.240733333333
06/07/2014 11:15:00,0.3486
06/07/2014 11:30:00,0.563466666667
06/07/2014 11:45:00,0.213466666667
06/07/2014 12:00:00,0.456933333333
06/07/2014 12:15:00,0.5092
06/07/2014 12:30:00,0.267
06/07/2014 12:45:00,0.5418
06/07/2014 13:00:00,0.4302
06/07/2014 13:15:00,0.345133333333
06/07/2014 13:30:00,0.6318
06/07/2014 13:45:00,0.242
06/07/2014 14:00:00,0.732533333333
06/07/2014 14:15:00,0.358133333333
06/07/2014 14:30:00,0.696666666667
06/07/2014 14:45:00,0.488933333333
06/07/2014 15:00:00,0.457666666667
06/07/2014 15:15:00,0.725133333333
06/07/2014 15:30:00,0.4646
06/07/2014 15:45:00,0.703866666667
06/07/2014 16:00:00,0.494133333333
06/07/2014 16:15:00,0.489266666667
06/07/2014 16:30:00,0.727666666667
06/07/2014 16:45:00,0.483666666667
06/07/2014 17:00:00,0.714466666667
06/07/2014 17:15:00,0.543533333333
06/07/2014 17:30:00,0.4084
06/07/2014 17:45:00,0.724466666667
06/07/2014 18:00:00,0.695533333333
06/07/2014 18:15:00,0.728866666667
06/07/2014 18:30:00,0.701266666667
06/07/2014 18:45:00,0.473066666667
06/07/2014 19:00:00,0.728866666667
06/07/2014 19:15:00,0.706533333333
06/07/2014 19:30:00,0.390266666667
06/07/2014 19:45:00,0.7356
06/07/2014 20:00:00,0.343
06/07/2014 20:15:00,0.693
06/07/2014 20:30:00,0.389533333333
06/07/2014 20:45:00,0.712666666667
06/07/2014 21:00:00,0.7094
06/07/2014 21:15:00,0.2474
06/07/2014 21:30:00,0.671666666667
06/07/2014 21:45:00,0.0995333333333
06/07/2014 22:00:00,0.707133333333
06/07/2014 22:15:00,0.369933333333
06/07/2014 22:30:00,0.586666666667
06/07/2014 22:45:00,0.242133333333
06/07/2014 23:00:00,0.568666666667
06/07/2014 23:15:00,0.342133333333
06/07/2014 23:30:00,0.169733333333
06/07/2014 23:45:00,0.424466666667
07/07/2014 00:00:00,0.428866666667
07/07/2014 00:15:00,0.131266666667
07/07/2014 00:30:00,0.271533333333
07/07/2014 00:45:00,0.377533333333
07/07/2014 01:00:00,0.2514
07/07/2014 01:15:00,0.1194
07/07/2014 01:30:00,0.3178
07/07/2014 01:45:00,0.328
07/07/2014 02:00:00,0.226866666667
07/07/2014 02:15:00,0.110933333333
07/07/2014 02:30:00,0.326466666667
07/07/2014 02:45:00,0.327866666667
07/07/2014 03:00:00,0.2036
07/07/2014 03:15:00,0.133
07/07/2014 03:30:00,0.335133333333
07/07/2014 03:45:00,0.328266666667
07/07/2014 04:00:00,0.181266666667
07/07/2014 04:15:00,0.156466666667
07/07/2014 04:30:00,0.332266666667
07/07/2014 04:45:00,0.324466666667
07/07/2014 05:00:00,0.109266666667
07/07/2014 05:15:00,0.220066666667
07/07/2014 05:30:00,0.310066666667
07/07/2014 05:45:00,0.2136
07/07/2014 06:00:00,0.0990666666667
07/07/2014 06:15:00,0.288533333333
07/07/2014 06:30:00,0.2768
07/07/2014 06:45:00,0.108533333333
07/07/2014 07:00:00,0.1776
07/07/2014 07:15:00,0.279466666667
07/07/2014 07:30:00,0.275533333333
07/07/2014 07:45:00,0.0602666666667
07/07/2014 08:00:00,0.276533333333
07/07/2014 08:15:00,0.319666666667
07/07/2014 08:30:00,0.320866666667
07/07/2014 08:45:00,0.192
07/07/2014 09:00:00,0.227733333333
07/07/2014 09:15:00,0.282333333333
07/07/2014 09:30:00,0.2978
07/07/2014 09:45:00,0.164133333333
07/07/2014 10:00:00,0.228066666667
07/07/2014 10:15:00,0.420466666667
07/07/2014 10:30:00,0.376933333333
07/07/2014 10:45:00,0.188733333333
07/07/2014 11:00:00,0.3792
07/07/2014 11:15:00,0.490266666667
07/07/2014 11:30:00,0.251533333333
07/07/2014 11:45:00,0.4624
07/07/2014 12:00:00,0.503133333333
07/07/2014 12:15:00,0.286933333333
07/07/2014 12:30:00,0.633
07/07/2014 12:45:00,0.3124
07/07/2014 13:00:00,0.319666666667
07/07/2014 13:15:00,0.6178
07/07/2014 13:30:00,0.277333333333
07/07/2014 13:45:00,0.3944
07/07/2014 14:00:00,0.600133333333
07/07/2014 14:15:00,0.289466666667
07/07/2014 14:30:00,0.524466666667
07/07/2014 14:45:00,0.433266666667
07/07/2014 15:00:00,0.586266666667
07/07/2014 15:15:00,0.381
07/07/2014 15:30:00,0.6978
07/07/2014 15:45:00,0.675
07/07/2014 16:00:00,0.3298
07/07/2014 16:15:00,0.712866666667
07/07/2014 16:30:00,0.7314
07/07/2014 16:45:00,0.706066666667
07/07/2014 17:00:00,0.706933333333
07/07/2014 17:15:00,0.7306
07/07/2014 17:30:00,0.560066666667
07/07/2014 17:45:00,0.705733333333
07/07/2014 18:00:00,0.7316
07/07/2014 18:15:00,0.4662
07/07/2014 18:30:00,0.7192
07/07/2014 18:45:00,0.734133333333
07/07/2014 19:00:00,0.478
07/07/2014 19:15:00,0.588266666667
07/07/2014 19:30:00,0.2718
07/07/2014 19:45:00,0.1426
07/07/2014 20:00:00,0.650666666667
07/07/2014 20:15:00,0.269733333333
07/07/2014 20:30:00,0.577666666667
07/07/2014 20:45:00,0.517066666667
07/07/2014 21:00:00,0.4476
07/07/2014 21:15:00,0.709933333333
07/07/2014 21:30:00,0.711466666667
07/07/2014 21:45:00,0.561133333333
07/07/2014 22:00:00,0.440133333333
07/07/2014 22:15:00,0.495066666667
07/07/2014 22:30:00,0.350266666667
07/07/2014 22:45:00,0.3646
07/07/2014 23:00:00,0.682066666667
07/07/2014 23:15:00,0.190066666667
07/07/2014 23:30:00,0.670533333333
07/07/2014 23:45:00,0.264
08/07/2014 00:00:00,0.312666666667
08/07/2014 00:15:00,0.529466666667
08/07/2014 00:30:00,0.300466666667
08/07/2014 00:45:00,0.185666666667
08/07/2014 01:00:00,0.4696
08/07/2014 01:15:00,0.3682
08/07/2014 01:30:00,0.120333333333
08/07/2014 01:45:00,0.382533333333
08/07/2014 02:00:00,0.388866666667
08/07/2014 02:15:00,0.2232
08/07/2014 02:30:00,0.1594
08/07/2014 02:45:00,0.359466666667
08/07/2014 03:00:00,0.348333333333
08/07/2014 03:15:00,0.165066666667
08/07/2014 03:30:00,0.181866666667
08/07/2014 03:45:00,0.342
08/07/2014 04:00:00,0.336466666667
08/07/2014 04:15:00,0.119666666667
08/07/2014 04:30:00,0.227133333333
08/07/2014 04:45:00,0.3366
08/07/2014 05:00:00,0.3242
08/07/2014 05:15:00,0.1016
08/07/2014 05:30:00,0.259533333333
08/07/2014 05:45:00,0.341
08/07/2014 06:00:00,0.265866666667
08/07/2014 06:15:00,0.116066666667
08/07/2014 06:30:00,0.294066666667
08/07/2014 06:45:00,0.3132
08/07/2014 07:00:00,0.01
08/07/2014 07:15:00,0.01
08/07/2014 07:30:00,0.01
08/07/2014 07:45:00,0.01
08/07/2014 08:00:00,0.01
08/07/2014 08:15:00,0.243266666667
08/07/2014 08:30:00,0.0102666666667
08/07/2014 08:45:00,0.245933333333
08/07/2014 09:00:00,0.275333333333
08/07/2014 09:15:00,0.234533333333
08/07/2014 09:30:00,0.507266666667
08/07/2014 09:45:00,0.373266666667
08/07/2014 10:00:00,0.260333333333
08/07/2014 10:15:00,0.483266666667
08/07/2014 10:30:00,0.462933333333
08/07/2014 10:45:00,0.289933333333
08/07/2014 11:00:00,0.5846
08/07/2014 11:15:00,0.447466666667
08/07/2014 11:30:00,0.288866666667
08/07/2014 11:45:00,0.6984
08/07/2014 12:00:00,0.250933333333
08/07/2014 12:15:00,0.699
08/07/2014 12:30:00,0.276266666667
08/07/2014 12:45:00,0.7032
08/07/2014 13:00:00,0.3204
08/07/2014 13:15:00,0.6526
08/07/2014 13:30:00,0.249133333333
08/07/2014 13:45:00,0.704666666667
08/07/2014 14:00:00,0.206066666667
08/07/2014 14:15:00,0.720533333333
08/07/2014 14:30:00,0.393266666667
08/07/2014 14:45:00,0.4054
08/07/2014 15:00:00,0.711
08/07/2014 15:15:00,0.714266666667
08/07/2014 15:30:00,0.542933333333
08/07/2014 15:45:00,0.469266666667
08/07/2014 16:00:00,0.707
08/07/2014 16:15:00,0.723
08/07/2014 16:30:00,0.6958
08/07/2014 16:45:00,0.4906
08/07/2014 17:00:00,0.711933333333
08/07/2014 17:15:00,0.701666666667
08/07/2014 17:30:00,0.4572
08/07/2014 17:45:00,0.6924
08/07/2014 18:00:00,0.705
08/07/2014 18:15:00,0.435533333333
08/07/2014 18:30:00,0.702466666667
08/07/2014 18:45:00,0.399733333333
08/07/2014 19:00:00,0.5808
08/07/2014 19:15:00,0.683533333333
08/07/2014 19:30:00,0.650066666667
08/07/2014 19:45:00,0.4752
08/07/2014 20:00:00,0.527866666667
08/07/2014 20:15:00,0.466933333333
08/07/2014 20:30:00,0.505066666667
08/07/2014 20:45:00,0.469066666667
08/07/2014 21:00:00,0.3986
08/07/2014 21:15:00,0.5562
08/07/2014 21:30:00,0.2258
08/07/2014 21:45:00,0.466333333333
08/07/2014 22:00:00,0.383933333333
08/07/2014 22:15:00,0.34
08/07/2014 22:30:00,0.680666666667
08/07/2014 22:45:00,0.322133333333
08/07/2014 23:00:00,0.602866666667
08/07/2014 23:15:00,0.683533333333
08/07/2014 23:30:00,0.292266666667
08/07/2014 23:45:00,0.700133333333
09/07/2014 00:00:00,0.267666666667
09/07/2014 00:15:00,0.656533333333
09/07/2014 00:30:00,0.295533333333
09/07/2014 00:45:00,0.253066666667
09/07/2014 01:00:00,0.484466666667
09/07/2014 01:15:00,0.3424
09/07/2014 01:30:00,0.180733333333
09/07/2014 01:45:00,0.354466666667
09/07/2014 02:00:00,0.412866666667
09/07/2014 02:15:00,0.149933333333
09/07/2014 02:30:00,0.247133333333
09/07/2014 02:45:00,0.369933333333
09/07/2014 03:00:00,0.270533333333
09/07/2014 03:15:00,0.132066666667
09/07/2014 03:30:00,0.286666666667
09/07/2014 03:45:00,0.3188
09/07/2014 04:00:00,0.273933333333
09/07/2014 04:15:00,0.0942
09/07/2014 04:30:00,0.276266666667
09/07/2014 04:45:00,0.318
09/07/2014 05:00:00,0.2754
09/07/2014 05:15:00,0.0947333333333
09/07/2014 05:30:00,0.277
09/07/2014 05:45:00,0.317333333333
09/07/2014 06:00:00,0.272466666667
09/07/2014 06:15:00,0.0946
09/07/2014 06:30:00,0.224933333333
09/07/2014 06:45:00,0.0100666666667
09/07/2014 07:00:00,0.01
09/07/2014 07:15:00,0.01
09/07/2014 07:30:00,0.01
09/07/2014 07:45:00,0.01
09/07/2014 08:00:00,0.0162666666667
09/07/2014 08:15:00,0.236666666667
09/07/2014 08:30:00,0.376266666667
09/07/2014 08:45:00,0.177066666667
09/07/2014 09:00:00,0.398333333333
09/07/2014 09:15:00,0.391933333333
09/07/2014 09:30:00,0.197
09/07/2014 09:45:00,0.5136
09/07/2014 10:00:00,0.398733333333
09/07/2014 10:15:00,0.418333333333
09/07/2014 10:30:00,0.545533333333
09/07/2014 10:45:00,0.266866666667
09/07/2014 11:00:00,0.712533333333
09/07/2014 11:15:00,0.235333333333
09/07/2014 11:30:00,0.7094
09/07/2014 11:45:00,0.259733333333
09/07/2014 12:00:00,0.713333333333
09/07/2014 12:15:00,0.404466666667
09/07/2014 12:30:00,0.507266666667
09/07/2014 12:45:00,0.679066666667
09/07/2014 13:00:00,0.4202
09/07/2014 13:15:00,0.680266666667
09/07/2014 13:30:00,0.112
09/07/2014 13:45:00,0.702466666667
09/07/2014 14:00:00,0.148466666667
09/07/2014 14:15:00,0.0495333333333
09/07/2014 14:30:00,0.5094
09/07/2014 14:45:00,0.459733333333
09/07/2014 15:00:00,0.258666666667
09/07/2014 15:15:00,0.562133333333
09/07/2014 15:30:00,0.4628
09/07/2014 15:45:00,0.352933333333
09/07/2014 16:00:00,0.729533333333
09/07/2014 16:15:00,0.506266666667
09/07/2014 16:30:00,0.712733333333
09/07/2014 16:45:00,0.493533333333
09/07/2014 17:00:00,0.3684
09/07/2014 17:15:00,0.724933333333
09/07/2014 17:30:00,0.725
09/07/2014 17:45:00,0.702866666667
09/07/2014 18:00:00,0.728133333333
09/07/2014 18:15:00,0.7032
09/07/2014 18:30:00,0.7102
09/07/2014 18:45:00,0.719
09/07/2014 19:00:00,0.6994
09/07/2014 19:15:00,0.698933333333
09/07/2014 19:30:00,0.716533333333
09/07/2014 19:45:00,0.707
09/07/2014 20:00:00,0.355066666667
09/07/2014 20:15:00,0.616
09/07/2014 20:30:00,0.287333333333
09/07/2014 20:45:00,0.191866666667
09/07/2014 21:00:00,0.675133333333
09/07/2014 21:15:00,0.552533333333
09/07/2014 21:30:00,0.1684
09/07/2014 21:45:00,0.677866666667
09/07/2014 22:00:00,0.286866666667
09/07/2014 22:15:00,0.640733333333
09/07/2014 22:30:00,0.245133333333
09/07/2014 22:45:00,0.646466666667
09/07/2014 23:00:00,0.270266666667
09/07/2014 23:15:00,0.362666666667
09/07/2014 23:30:00,0.534466666667
09/07/2014 23:45:00,0.1798
10/07/2014 00:00:00,0.424
10/07/2014 00:15:00,0.425533333333
10/07/2014 00:30:00,0.1648
10/07/2014 00:45:00,0.4232
10/07/2014 01:00:00,0.435733333333
10/07/2014 01:15:00,0.161733333333
10/07/2014 01:30:00,0.287266666667
10/07/2014 01:45:00,0.419466666667
10/07/2014 02:00:00,0.315133333333
10/07/2014 02:15:00,0.139533333333
10/07/2014 02:30:00,0.3168
10/07/2014 02:45:00,0.355866666667
10/07/2014 03:00:00,0.239333333333
10/07/2014 03:15:00,0.1176
10/07/2014 03:30:00,0.3534
10/07/2014 03:45:00,0.3472
10/07/2014 04:00:00,0.176133333333
10/07/2014 04:15:00,0.182466666667
10/07/2014 04:30:00,0.348266666667
10/07/2014 04:45:00,0.3428
10/07/2014 05:00:00,0.115133333333
10/07/2014 05:15:00,0.234466666667
10/07/2014 05:30:00,0.338666666667
10/07/2014 05:45:00,0.277266666667
10/07/2014 06:00:00,0.0237333333333
10/07/2014 06:15:00,0.01
10/07/2014 06:30:00,0.0100666666667
10/07/2014 06:45:00,0.01
10/07/2014 07:00:00,0.01
10/07/2014 07:15:00,0.01
10/07/2014 07:30:00,0.01
10/07/2014 07:45:00,0.243066666667
10/07/2014 08:00:00,0.01
10/07/2014 08:15:00,0.265933333333
10/07/2014 08:30:00,0.0280666666667
10/07/2014 08:45:00,0.2632
10/07/2014 09:00:00,0.250266666667
10/07/2014 09:15:00,0.0622
10/07/2014 09:30:00,0.247333333333
10/07/2014 09:45:00,0.324866666667
10/07/2014 10:00:00,0.1768
10/07/2014 10:15:00,0.388733333333
10/07/2014 10:30:00,0.5344
10/07/2014 10:45:00,0.287666666667
10/07/2014 11:00:00,0.2762
10/07/2014 11:15:00,0.6026
10/07/2014 11:30:00,0.4022
10/07/2014 11:45:00,0.221533333333
10/07/2014 12:00:00,0.6644
10/07/2014 12:15:00,0.308266666667
10/07/2014 12:30:00,0.390266666667
10/07/2014 12:45:00,0.587733333333
10/07/2014 13:00:00,0.330133333333
10/07/2014 13:15:00,0.5578
10/07/2014 13:30:00,0.503733333333
10/07/2014 13:45:00,0.317133333333
10/07/2014 14:00:00,0.712066666667
10/07/2014 14:15:00,0.334266666667
10/07/2014 14:30:00,0.531333333333
10/07/2014 14:45:00,0.534866666667
10/07/2014 15:00:00,0.3354
10/07/2014 15:15:00,0.732866666667
10/07/2014 15:30:00,0.374266666667
10/07/2014 15:45:00,0.7198
10/07/2014 16:00:00,0.329866666667
10/07/2014 16:15:00,0.7342
10/07/2014 16:30:00,0.6654
10/07/2014 16:45:00,0.297333333333
10/07/2014 17:00:00,0.729866666667
10/07/2014 17:15:00,0.711333333333
10/07/2014 17:30:00,0.700866666667
10/07/2014 17:45:00,0.710533333333
10/07/2014 18:00:00,0.468
10/07/2014 18:15:00,0.717133333333
10/07/2014 18:30:00,0.669933333333
10/07/2014 18:45:00,0.5826
10/07/2014 19:00:00,0.699466666667
10/07/2014 19:15:00,0.4772
10/07/2014 19:30:00,0.696066666667
10/07/2014 19:45:00,0.303866666667
10/07/2014 20:00:00,0.704466666667
10/07/2014 20:15:00,0.3076
10/07/2014 20:30:00,0.492466666667
10/07/2014 20:45:00,0.496933333333
10/07/2014 21:00:00,0.233733333333
10/07/2014 21:15:00,0.386466666667
10/07/2014 21:30:00,0.435133333333
10/07/2014 21:45:00,0.188133333333
10/07/2014 22:00:00,0.240466666667
10/07/2014 22:15:00,0.598666666667
10/07/2014 22:30:00,0.228
10/07/2014 22:45:00,0.516533333333
10/07/2014 23:00:00,0.2518
10/07/2014 23:15:00,0.559133333333
10/07/2014 23:30:00,0.118
10/07/2014 23:45:00,0.490666666667
11/07/2014 00:00:00,0.375333333333
11/07/2014 00:15:00,0.1958
11/07/2014 00:30:00,0.541866666667
11/07/2014 00:45:00,0.343333333333
11/07/2014 01:00:00,0.173733333333
11/07/2014 01:15:00,0.3112
11/07/2014 01:30:00,0.398533333333
11/07/2014 01:45:00,0.251333333333
11/07/2014 02:00:00,0.125533333333
11/07/2014 02:15:00,0.355
11/07/2014 02:30:00,0.3166
11/07/2014 02:45:00,0.0526666666667
11/07/2014 03:00:00,0.299533333333
11/07/2014 03:15:00,0.3042
11/07/2014 03:30:00,0.184133333333
11/07/2014 03:45:00,0.1186
11/07/2014 04:00:00,0.289066666667
11/07/2014 04:15:00,0.289533333333
11/07/2014 04:30:00,0.142333333333
11/07/2014 04:45:00,0.156533333333
11/07/2014 05:00:00,0.288066666667
11/07/2014 05:15:00,0.284333333333
11/07/2014 05:30:00,0.0734
11/07/2014 05:45:00,0.220533333333
11/07/2014 06:00:00,0.281066666667
11/07/2014 06:15:00,0.01
11/07/2014 06:30:00,0.01
11/07/2014 06:45:00,0.01
11/07/2014 07:00:00,0.0100666666667
11/07/2014 07:15:00,0.01
11/07/2014 07:30:00,0.0102
11/07/2014 07:45:00,0.01
11/07/2014 08:00:00,0.162066666667
11/07/2014 08:15:00,0.290533333333
11/07/2014 08:30:00,0.3116
11/07/2014 08:45:00,0.308466666667
11/07/2014 09:00:00,0.147066666667
11/07/2014 09:15:00,0.273066666667
11/07/2014 09:30:00,0.254266666667
11/07/2014 09:45:00,0.00966666666667
11/07/2014 10:00:00,0.2772
11/07/2014 10:15:00,0.0921333333333
11/07/2014 10:30:00,0.167466666667
11/07/2014 10:45:00,0.2512
11/07/2014 11:00:00,0.0152666666667
11/07/2014 11:15:00,0.247666666667
11/07/2014 11:30:00,0.265466666667
11/07/2014 11:45:00,0.222733333333
11/07/2014 12:00:00,0.1234
11/07/2014 12:15:00,0.304733333333
11/07/2014 12:30:00,0.529733333333
11/07/2014 12:45:00,0.257666666667
11/07/2014 13:00:00,0.740733333333
11/07/2014 13:15:00,0.742733333333
11/07/2014 13:30:00,0.7428
11/07/2014 13:45:00,0.669066666667
11/07/2014 14:00:00,0.649133333333
11/07/2014 14:15:00,0.717666666667
11/07/2014 14:30:00,0.7446
11/07/2014 14:45:00,0.501733333333
11/07/2014 15:00:00,0.742933333333
11/07/2014 15:15:00,0.716866666667
11/07/2014 15:30:00,0.543
11/07/2014 15:45:00,0.7464
11/07/2014 16:00:00,0.747333333333
11/07/2014 16:15:00,0.721666666667
11/07/2014 16:30:00,0.569733333333
11/07/2014 16:45:00,0.743133333333
11/07/2014 17:00:00,0.7408
11/07/2014 17:15:00,0.742466666667
11/07/2014 17:30:00,0.536133333333
11/07/2014 17:45:00,0.739733333333
11/07/2014 18:00:00,0.742066666667
11/07/2014 18:15:00,0.742466666667
11/07/2014 18:30:00,0.739333333333
11/07/2014 18:45:00,0.491733333333
11/07/2014 19:00:00,0.738533333333
11/07/2014 19:15:00,0.7424
11/07/2014 19:30:00,0.497066666667
11/07/2014 19:45:00,0.745866666667
11/07/2014 20:00:00,0.504733333333
11/07/2014 20:15:00,0.745066666667
11/07/2014 20:30:00,0.4852
11/07/2014 20:45:00,0.738533333333
11/07/2014 21:00:00,0.707266666667
11/07/2014 21:15:00,0.207733333333
11/07/2014 21:30:00,0.6454
11/07/2014 21:45:00,0.244133333333
11/07/2014 22:00:00,0.323733333333
11/07/2014 22:15:00,0.371533333333
11/07/2014 22:30:00,0.2782
11/07/2014 22:45:00,0.139333333333
11/07/2014 23:00:00,0.373666666667
11/07/2014 23:15:00,0.340733333333
11/07/2014 23:30:00,0.0670666666667
11/07/2014 23:45:00,0.283
12/07/2014 00:00:00,0.3182
12/07/2014 00:15:00,0.221333333333
12/07/2014 00:30:00,0.0908666666667
12/07/2014 00:45:00,0.293866666667
12/07/2014 01:00:00,0.288733333333
12/07/2014 01:15:00,0.1406
12/07/2014 01:30:00,0.1554
12/07/2014 01:45:00,0.287333333333
12/07/2014 02:00:00,0.286733333333
12/07/2014 02:15:00,0.130466666667
12/07/2014 02:30:00,0.1678
12/07/2014 02:45:00,0.287333333333
12/07/2014 03:00:00,0.2834
12/07/2014 03:15:00,0.0466666666667
12/07/2014 03:30:00,0.242733333333
12/07/2014 03:45:00,0.283866666667
12/07/2014 04:00:00,0.1792
12/07/2014 04:15:00,0.1068
12/07/2014 04:30:00,0.271533333333
12/07/2014 04:45:00,0.2498
12/07/2014 05:00:00,0.0237333333333
12/07/2014 05:15:00,0.2624
12/07/2014 05:30:00,0.264933333333
12/07/2014 05:45:00,0.0880666666667
12/07/2014 06:00:00,0.185666666667
12/07/2014 06:15:00,0.259733333333
12/07/2014 06:30:00,0.174866666667
12/07/2014 06:45:00,0.0952
12/07/2014 07:00:00,0.256866666667
12/07/2014 07:15:00,0.01
12/07/2014 07:30:00,0.01
12/07/2014 07:45:00,0.01
12/07/2014 08:00:00,0.01
12/07/2014 08:15:00,0.01
12/07/2014 08:30:00,0.01
12/07/2014 08:45:00,0.01
12/07/2014 09:00:00,0.245
12/07/2014 09:15:00,0.00993333333333
12/07/2014 09:30:00,0.249066666667
12/07/2014 09:45:00,0.2624
12/07/2014 10:00:00,0.184066666667
12/07/2014 10:15:00,0.3648
12/07/2014 10:30:00,0.524266666667
12/07/2014 10:45:00,0.165666666667
12/07/2014 11:00:00,0.445
12/07/2014 11:15:00,0.5118
12/07/2014 11:30:00,0.307066666667
12/07/2014 11:45:00,0.4368
12/07/2014 12:00:00,0.547266666667
12/07/2014 12:15:00,0.276066666667
12/07/2014 12:30:00,0.486066666667
12/07/2014 12:45:00,0.461266666667
12/07/2014 13:00:00,0.280466666667
12/07/2014 13:15:00,0.661
12/07/2014 13:30:00,0.321133333333
12/07/2014 13:45:00,0.559466666667
12/07/2014 14:00:00,0.4152
12/07/2014 14:15:00,0.531933333333
12/07/2014 14:30:00,0.514333333333
12/07/2014 14:45:00,0.501666666667
12/07/2014 15:00:00,0.536866666667
12/07/2014 15:15:00,0.464133333333
12/07/2014 15:30:00,0.462266666667
12/07/2014 15:45:00,0.690866666667
12/07/2014 16:00:00,0.716
12/07/2014 16:15:00,0.570466666667
12/07/2014 16:30:00,0.6118
12/07/2014 16:45:00,0.689933333333
12/07/2014 17:00:00,0.682266666667
12/07/2014 17:15:00,0.706866666667
12/07/2014 17:30:00,0.697666666667
12/07/2014 17:45:00,0.678866666667
12/07/2014 18:00:00,0.7004
12/07/2014 18:15:00,0.506933333333
12/07/2014 18:30:00,0.6802
12/07/2014 18:45:00,0.434266666667
12/07/2014 19:00:00,0.6892
12/07/2014 19:15:00,0.229333333333
12/07/2014 19:30:00,0.725333333333
12/07/2014 19:45:00,0.6656
12/07/2014 20:00:00,0.496133333333
12/07/2014 20:15:00,0.5398
12/07/2014 20:30:00,0.4834
12/07/2014 20:45:00,0.4294
12/07/2014 21:00:00,0.555466666667
12/07/2014 21:15:00,0.675133333333
12/07/2014 21:30:00,0.4136
12/07/2014 21:45:00,0.5588
12/07/2014 22:00:00,0.680466666667
12/07/2014 22:15:00,0.422333333333
12/07/2014 22:30:00,0.5704
12/07/2014 22:45:00,0.367933333333
12/07/2014 23:00:00,0.310133333333
12/07/2014 23:15:00,0.602666666667
12/07/2014 23:30:00,0.176
12/07/2014 23:45:00,0.455733333333
13/07/2014 00:00:00,0.389
13/07/2014 00:15:00,0.196933333333
13/07/2014 00:30:00,0.514866666667
13/07/2014 00:45:00,0.360933333333
13/07/2014 01:00:00,0.1572
13/07/2014 01:15:00,0.452533333333
13/07/2014 01:30:00,0.3978
13/07/2014 01:45:00,0.18
13/07/2014 02:00:00,0.29
13/07/2014 02:15:00,0.410866666667
13/07/2014 02:30:00,0.295266666667
13/07/2014 02:45:00,0.116
13/07/2014 03:00:00,0.399466666667
13/07/2014 03:15:00,0.3558
13/07/2014 03:30:00,0.0945333333333
13/07/2014 03:45:00,0.366666666667
13/07/2014 04:00:00,0.400333333333
13/07/2014 04:15:00,0.107866666667
13/07/2014 04:30:00,0.3068
13/07/2014 04:45:00,0.393333333333
13/07/2014 05:00:00,0.277466666667
13/07/2014 05:15:00,0.170466666667
13/07/2014 05:30:00,0.341666666667
13/07/2014 05:45:00,0.376
13/07/2014 06:00:00,0.01
13/07/2014 06:15:00,0.01
13/07/2014 06:30:00,0.0100666666667
13/07/2014 06:45:00,0.01
13/07/2014 07:00:00,0.0310666666667
13/07/2014 07:15:00,0.2032
13/07/2014 07:30:00,0.0307333333333
13/07/2014 07:45:00,0.406866666667
13/07/2014 08:00:00,0.1132
13/07/2014 08:15:00,0.354933333333
13/07/2014 08:30:00,0.3056
13/07/2014 08:45:00,0.181
13/07/2014 09:00:00,0.497333333333
13/07/2014 09:15:00,0.465933333333
13/07/2014 09:30:00,0.310733333333
13/07/2014 09:45:00,0.364066666667
13/07/2014 10:00:00,0.5662
13/07/2014 10:15:00,0.2692
13/07/2014 10:30:00,0.692533333333
13/07/2014 10:45:00,0.2912
13/07/2014 11:00:00,0.733
13/07/2014 11:15:00,0.2788
13/07/2014 11:30:00,0.743133333333
13/07/2014 11:45:00,0.410066666667
13/07/2014 12:00:00,0.7364
13/07/2014 12:15:00,0.476466666667
13/07/2014 12:30:00,0.519133333333
13/07/2014 12:45:00,0.691066666667
13/07/2014 13:00:00,0.472533333333
13/07/2014 13:15:00,0.732666666667
13/07/2014 13:30:00,0.521
13/07/2014 13:45:00,0.506133333333
13/07/2014 14:00:00,0.730866666667
13/07/2014 14:15:00,0.703
13/07/2014 14:30:00,0.189
13/07/2014 14:45:00,0.731466666667
13/07/2014 15:00:00,0.719733333333
13/07/2014 15:15:00,0.712666666667
13/07/2014 15:30:00,0.729
13/07/2014 15:45:00,0.500733333333
13/07/2014 16:00:00,0.6808
13/07/2014 16:15:00,0.6956
13/07/2014 16:30:00,0.706266666667
13/07/2014 16:45:00,0.431466666667
13/07/2014 17:00:00,0.705466666667
13/07/2014 17:15:00,0.7108
13/07/2014 17:30:00,0.586
13/07/2014 17:45:00,0.547866666667
13/07/2014 18:00:00,0.688866666667
13/07/2014 18:15:00,0.647066666667
13/07/2014 18:30:00,0.183266666667
13/07/2014 18:45:00,0.727133333333
13/07/2014 19:00:00,0.729533333333
13/07/2014 19:15:00,0.7286
13/07/2014 19:30:00,0.73
13/07/2014 19:45:00,0.7328
13/07/2014 20:00:00,0.733266666667
13/07/2014 20:15:00,0.605866666667
13/07/2014 20:30:00,0.609466666667
13/07/2014 20:45:00,0.598133333333
13/07/2014 21:00:00,0.5046
13/07/2014 21:15:00,0.696266666667
13/07/2014 21:30:00,0.703066666667
13/07/2014 21:45:00,0.543733333333
13/07/2014 22:00:00,0.387733333333
13/07/2014 22:15:00,0.562
13/07/2014 22:30:00,0.408533333333
13/07/2014 22:45:00,0.335266666667
13/07/2014 23:00:00,0.604466666667
13/07/2014 23:15:00,0.234133333333
13/07/2014 23:30:00,0.418266666667
13/07/2014 23:45:00,0.4316
14/07/2014 00:00:00,0.171733333333
14/07/2014 00:15:00,0.525866666667
14/07/2014 00:30:00,0.3448
14/07/2014 00:45:00,0.1904
14/07/2014 01:00:00,0.456266666667
14/07/2014 01:15:00,0.424066666667
14/07/2014 01:30:00,0.192133333333
14/07/2014 01:45:00,0.272466666667
14/07/2014 02:00:00,0.425933333333
14/07/2014 02:15:00,0.166466666667
14/07/2014 02:30:00,0.263733333333
14/07/2014 02:45:00,0.4946
14/07/2014 03:00:00,0.1286
14/07/2014 03:15:00,0.3142
14/07/2014 03:30:00,0.427866666667
14/07/2014 03:45:00,0.0896
14/07/2014 04:00:00,0.346866666667
14/07/2014 04:15:00,0.407133333333
14/07/2014 04:30:00,0.0714
14/07/2014 04:45:00,0.386266666667
14/07/2014 05:00:00,0.3712
14/07/2014 05:15:00,0.161066666667
14/07/2014 05:30:00,0.322066666667
14/07/2014 05:45:00,0.4278
14/07/2014 06:00:00,0.194533333333
14/07/2014 06:15:00,0.229533333333
14/07/2014 06:30:00,0.3796
14/07/2014 06:45:00,0.286066666667
14/07/2014 07:00:00,0.0867333333333
14/07/2014 07:15:00,0.334933333333
14/07/2014 07:30:00,0.01
14/07/2014 07:45:00,0.01
14/07/2014 08:00:00,0.242666666667
14/07/2014 08:15:00,0.133333333333
14/07/2014 08:30:00,0.129933333333
14/07/2014 08:45:00,0.490133333333
14/07/2014 09:00:00,0.2504
14/07/2014 09:15:00,0.238133333333
14/07/2014 09:30:00,0.468933333333
14/07/2014 09:45:00,0.205466666667
14/07/2014 10:00:00,0.281
14/07/2014 10:15:00,0.518133333333
14/07/2014 10:30:00,0.256266666667
14/07/2014 10:45:00,0.322266666667
14/07/2014 11:00:00,0.561
14/07/2014 11:15:00,0.306666666667
14/07/2014 11:30:00,0.475
14/07/2014 11:45:00,0.5674
14/07/2014 12:00:00,0.276133333333
14/07/2014 12:15:00,0.615933333333
14/07/2014 12:30:00,0.365733333333
14/07/2014 12:45:00,0.499066666667
14/07/2014 13:00:00,0.5148
14/07/2014 13:15:00,0.428133333333
14/07/2014 13:30:00,0.645
14/07/2014 13:45:00,0.367466666667
14/07/2014 14:00:00,0.737266666667
14/07/2014 14:15:00,0.366133333333
14/07/2014 14:30:00,0.729533333333
14/07/2014 14:45:00,0.407333333333
14/07/2014 15:00:00,0.548933333333
14/07/2014 15:15:00,0.377133333333
14/07/2014 15:30:00,0.691666666667
14/07/2014 15:45:00,0.249266666667
14/07/2014 16:00:00,0.729266666667
14/07/2014 16:15:00,0.696333333333
14/07/2014 16:30:00,0.453466666667
14/07/2014 16:45:00,0.662266666667
14/07/2014 17:00:00,0.699
14/07/2014 17:15:00,0.7158
14/07/2014 17:30:00,0.704666666667
14/07/2014 17:45:00,0.690133333333
14/07/2014 18:00:00,0.712066666667
14/07/2014 18:15:00,0.703666666667
14/07/2014 18:30:00,0.6902
14/07/2014 18:45:00,0.709866666667
14/07/2014 19:00:00,0.717533333333
14/07/2014 19:15:00,0.697
14/07/2014 19:30:00,0.700866666667
14/07/2014 19:45:00,0.734066666667
14/07/2014 20:00:00,0.710866666667
14/07/2014 20:15:00,0.482533333333
14/07/2014 20:30:00,0.558333333333
14/07/2014 20:45:00,0.393066666667
14/07/2014 21:00:00,0.736333333333
14/07/2014 21:15:00,0.554266666667
14/07/2014 21:30:00,0.699333333333
14/07/2014 21:45:00,0.6978
14/07/2014 22:00:00,0.219266666667
14/07/2014 22:15:00,0.677266666667
14/07/2014 22:30:00,0.443666666667
14/07/2014 22:45:00,0.627533333333
14/07/2014 23:00:00,0.310866666667
14/07/2014 23:15:00,0.360533333333
14/07/2014 23:30:00,0.545866666667
14/07/2014 23:45:00,0.220466666667
15/07/2014 00:00:00,0.374333333333
15/07/2014 00:15:00,0.472533333333
15/07/2014 00:30:00,0.198333333333
15/07/2014 00:45:00,0.3652
15/07/2014 01:00:00,0.470866666667
15/07/2014 01:15:00,0.242266666667
15/07/2014 01:30:00,0.202
15/07/2014 01:45:00,0.426533333333
15/07/2014 02:00:00,0.397133333333
15/07/2014 02:15:00,0.0752
15/07/2014 02:30:00,0.3772
15/07/2014 02:45:00,0.384266666667
15/07/2014 03:00:00,0.0862666666667
15/07/2014 03:15:00,0.426266666667
15/07/2014 03:30:00,0.3338
15/07/2014 03:45:00,0.105133333333
15/07/2014 04:00:00,0.431933333333
15/07/2014 04:15:00,0.295133333333
15/07/2014 04:30:00,0.142933333333
15/07/2014 04:45:00,0.429
15/07/2014 05:00:00,0.2534
15/07/2014 05:15:00,0.179733333333
15/07/2014 05:30:00,0.426133333333
15/07/2014 05:45:00,0.296666666667
15/07/2014 06:00:00,0.163933333333
15/07/2014 06:15:00,0.3986
15/07/2014 06:30:00,0.4144
15/07/2014 06:45:00,0.125466666667
15/07/2014 07:00:00,0.2978
15/07/2014 07:15:00,0.01
15/07/2014 07:30:00,0.01
15/07/2014 07:45:00,0.01
15/07/2014 08:00:00,0.242133333333
15/07/2014 08:15:00,0.0102666666667
15/07/2014 08:30:00,0.375333333333
15/07/2014 08:45:00,0.0102
15/07/2014 09:00:00,0.33
15/07/2014 09:15:00,0.265733333333
15/07/2014 09:30:00,0.0393333333333
15/07/2014 09:45:00,0.254733333333
15/07/2014 10:00:00,0.466733333333
15/07/2014 10:15:00,0.1612
15/07/2014 10:30:00,0.3474
15/07/2014 10:45:00,0.468533333333
15/07/2014 11:00:00,0.225933333333
15/07/2014 11:15:00,0.104866666667
15/07/2014 11:30:00,0.390866666667
15/07/2014 11:45:00,0.4326
15/07/2014 12:00:00,0.1864
15/07/2014 12:15:00,0.585
15/07/2014 12:30:00,0.413
15/07/2014 12:45:00,0.281466666667
15/07/2014 13:00:00,0.4366
15/07/2014 13:15:00,0.547866666667
15/07/2014 13:30:00,0.321933333333
15/07/2014 13:45:00,0.3006
15/07/2014 14:00:00,0.625533333333
15/07/2014 14:15:00,0.407066666667
15/07/2014 14:30:00,0.407866666667
15/07/2014 14:45:00,0.605866666667
15/07/2014 15:00:00,0.540133333333
15/07/2014 15:15:00,0.432333333333
15/07/2014 15:30:00,0.513866666667
15/07/2014 15:45:00,0.6684
15/07/2014 16:00:00,0.445666666667
15/07/2014 16:15:00,0.3202
15/07/2014 16:30:00,0.657466666667
15/07/2014 16:45:00,0.392933333333
15/07/2014 17:00:00,0.283733333333
15/07/2014 17:15:00,0.6894
15/07/2014 17:30:00,0.331533333333
15/07/2014 17:45:00,0.4692
15/07/2014 18:00:00,0.480133333333
15/07/2014 18:15:00,0.496733333333
15/07/2014 18:30:00,0.5458
15/07/2014 18:45:00,0.2448
15/07/2014 19:00:00,0.614266666667
15/07/2014 19:15:00,0.194466666667
15/07/2014 19:30:00,0.673733333333
15/07/2014 19:45:00,0.2
15/07/2014 20:00:00,0.72
15/07/2014 20:15:00,0.273333333333
15/07/2014 20:30:00,0.6072
15/07/2014 20:45:00,0.3688
15/07/2014 21:00:00,0.264066666667
15/07/2014 21:15:00,0.575333333333
15/07/2014 21:30:00,0.260533333333
15/07/2014 21:45:00,0.108533333333
15/07/2014 22:00:00,0.344866666667
15/07/2014 22:15:00,0.350666666667
15/07/2014 22:30:00,0.133133333333
15/07/2014 22:45:00,0.210466666667
15/07/2014 23:00:00,0.326733333333
15/07/2014 23:15:00,0.163866666667
15/07/2014 23:30:00,0.154266666667
15/07/2014 23:45:00,0.293133333333
16/07/2014 00:00:00,0.247866666667
16/07/2014 00:15:00,0.0418666666667
16/07/2014 00:30:00,0.2776
16/07/2014 00:45:00,0.277
16/07/2014 01:00:00,0.1192
16/07/2014 01:15:00,0.158733333333
16/07/2014 01:30:00,0.271
16/07/2014 01:45:00,0.271266666667
16/07/2014 02:00:00,0.01
16/07/2014 02:15:00,0.2682
16/07/2014 02:30:00,0.268666666667
16/07/2014 02:45:00,0.131733333333
16/07/2014 03:00:00,0.143733333333
16/07/2014 03:15:00,0.265333333333
16/07/2014 03:30:00,0.229333333333
16/07/2014 03:45:00,0.0454666666667
16/07/2014 04:00:00,0.260866666667
16/07/2014 04:15:00,0.251866666667
16/07/2014 04:30:00,0.0102666666667
16/07/2014 04:45:00,0.252933333333
16/07/2014 05:00:00,0.2508
16/07/2014 05:15:00,0.0155333333333
16/07/2014 05:30:00,0.247933333333
16/07/2014 05:45:00,0.163466666667
16/07/2014 06:00:00,0.0861333333333
16/07/2014 06:15:00,0.240066666667
16/07/2014 06:30:00,0.119266666667
16/07/2014 06:45:00,0.132133333333
16/07/2014 07:00:00,0.2408
16/07/2014 07:15:00,0.0744
16/07/2014 07:30:00,0.196466666667
16/07/2014 07:45:00,0.2456
16/07/2014 08:00:00,0.0246
16/07/2014 08:15:00,0.23
16/07/2014 08:30:00,0.248133333333
16/07/2014 08:45:00,0.0399333333333
16/07/2014 09:00:00,0.2486
16/07/2014 09:15:00,0.294733333333
16/07/2014 09:30:00,0.0672
16/07/2014 09:45:00,0.2282
16/07/2014 10:00:00,0.458
16/07/2014 10:15:00,0.2294
16/07/2014 10:30:00,0.268466666667
16/07/2014 10:45:00,0.4568
16/07/2014 11:00:00,0.382933333333
16/07/2014 11:15:00,0.189333333333
16/07/2014 11:30:00,0.440533333333
16/07/2014 11:45:00,0.530666666667
16/07/2014 12:00:00,0.2416
16/07/2014 12:15:00,0.453
16/07/2014 12:30:00,0.5094
16/07/2014 12:45:00,0.240933333333
16/07/2014 13:00:00,0.602466666667
16/07/2014 13:15:00,0.392
16/07/2014 13:30:00,0.379533333333
16/07/2014 13:45:00,0.602
16/07/2014 14:00:00,0.377533333333
16/07/2014 14:15:00,0.7354
16/07/2014 14:30:00,0.7156
16/07/2014 14:45:00,0.4326
16/07/2014 15:00:00,0.737666666667
16/07/2014 15:15:00,0.714733333333
16/07/2014 15:30:00,0.638
16/07/2014 15:45:00,0.656866666667
16/07/2014 16:00:00,0.713933333333
16/07/2014 16:15:00,0.734466666667
16/07/2014 16:30:00,0.712
16/07/2014 16:45:00,0.732
16/07/2014 17:00:00,0.7094
16/07/2014 17:15:00,0.456933333333
16/07/2014 17:30:00,0.574933333333
16/07/2014 17:45:00,0.3758
16/07/2014 18:00:00,0.372533333333
16/07/2014 18:15:00,0.685733333333
16/07/2014 18:30:00,0.7082
16/07/2014 18:45:00,0.489
16/07/2014 19:00:00,0.6212
16/07/2014 19:15:00,0.7056
16/07/2014 19:30:00,0.2816
16/07/2014 19:45:00,0.7132
16/07/2014 20:00:00,0.3068
16/07/2014 20:15:00,0.710666666667
16/07/2014 20:30:00,0.278933333333
16/07/2014 20:45:00,0.569533333333
16/07/2014 21:00:00,0.401933333333
16/07/2014 21:15:00,0.267266666667
16/07/2014 21:30:00,0.5634
16/07/2014 21:45:00,0.354133333333
16/07/2014 22:00:00,0.2116
16/07/2014 22:15:00,0.373333333333
16/07/2014 22:30:00,0.342866666667
16/07/2014 22:45:00,0.1116
16/07/2014 23:00:00,0.2598
16/07/2014 23:15:00,0.3182
16/07/2014 23:30:00,0.277
16/07/2014 23:45:00,0.0938
17/07/2014 00:00:00,0.280666666667
17/07/2014 00:15:00,0.318733333333
17/07/2014 00:30:00,0.2688
17/07/2014 00:45:00,0.0926666666667
17/07/2014 01:00:00,0.288133333333
17/07/2014 01:15:00,0.320466666667
17/07/2014 01:30:00,0.253266666667
17/07/2014 01:45:00,0.0934666666667
17/07/2014 02:00:00,0.301066666667
17/07/2014 02:15:00,0.321266666667
17/07/2014 02:30:00,0.2456
17/07/2014 02:45:00,0.0923333333333
17/07/2014 03:00:00,0.312866666667
17/07/2014 03:15:00,0.320866666667
17/07/2014 03:30:00,0.236
17/07/2014 03:45:00,0.0958
17/07/2014 04:00:00,0.324466666667
17/07/2014 04:15:00,0.321866666667
17/07/2014 04:30:00,0.231933333333
17/07/2014 04:45:00,0.096
17/07/2014 05:00:00,0.313266666667
17/07/2014 05:15:00,0.302466666667
17/07/2014 05:30:00,0.178866666667
17/07/2014 05:45:00,0.129066666667
17/07/2014 06:00:00,0.295066666667
17/07/2014 06:15:00,0.2906
17/07/2014 06:30:00,0.129733333333
17/07/2014 06:45:00,0.170466666667
17/07/2014 07:00:00,0.289666666667
17/07/2014 07:15:00,0.2854
17/07/2014 07:30:00,0.119333333333
17/07/2014 07:45:00,0.181866666667
17/07/2014 08:00:00,0.345533333333
17/07/2014 08:15:00,0.317333333333
17/07/2014 08:30:00,0.104866666667
17/07/2014 08:45:00,0.223
17/07/2014 09:00:00,0.2952
17/07/2014 09:15:00,0.3088
17/07/2014 09:30:00,0.0822666666667
17/07/2014 09:45:00,0.506466666667
17/07/2014 10:00:00,0.424533333333
17/07/2014 10:15:00,0.224933333333
17/07/2014 10:30:00,0.311466666667
17/07/2014 10:45:00,0.3046
17/07/2014 11:00:00,0.3602
17/07/2014 11:15:00,0.129733333333
17/07/2014 11:30:00,0.250733333333
17/07/2014 11:45:00,0.563866666667
17/07/2014 12:00:00,0.228466666667
17/07/2014 12:15:00,0.315333333333
17/07/2014 12:30:00,0.5268
17/07/2014 12:45:00,0.368133333333
17/07/2014 13:00:00,0.253666666667
17/07/2014 13:15:00,0.369466666667
17/07/2014 13:30:00,0.510266666667
17/07/2014 13:45:00,0.339066666667
17/07/2014 14:00:00,0.2456
17/07/2014 14:15:00,0.422333333333
17/07/2014 14:30:00,0.521466666667
17/07/2014 14:45:00,0.273466666667
17/07/2014 15:00:00,0.2534
17/07/2014 15:15:00,0.5686
17/07/2014 15:30:00,0.416333333333
17/07/2014 15:45:00,0.2872
17/07/2014 16:00:00,0.546066666667
17/07/2014 16:15:00,0.477933333333
17/07/2014 16:30:00,0.300733333333
17/07/2014 16:45:00,0.5322
17/07/2014 17:00:00,0.510733333333
17/07/2014 17:15:00,0.320133333333
17/07/2014 17:30:00,0.533733333333
17/07/2014 17:45:00,0.515266666667
17/07/2014 18:00:00,0.308533333333
17/07/2014 18:15:00,0.5464
17/07/2014 18:30:00,0.492933333333
17/07/2014 18:45:00,0.299
17/07/2014 19:00:00,0.729466666667
17/07/2014 19:15:00,0.4194
17/07/2014 19:30:00,0.7068
17/07/2014 19:45:00,0.447933333333
17/07/2014 20:00:00,0.3414
17/07/2014 20:15:00,0.592866666667
17/07/2014 20:30:00,0.3558
17/07/2014 20:45:00,0.105266666667
17/07/2014 21:00:00,0.516533333333
17/07/2014 21:15:00,0.304333333333
17/07/2014 21:30:00,0.170933333333
17/07/2014 21:45:00,0.385733333333
17/07/2014 22:00:00,0.429133333333
17/07/2014 22:15:00,0.125333333333
17/07/2014 22:30:00,0.294333333333
17/07/2014 22:45:00,0.3882
17/07/2014 23:00:00,0.308533333333
17/07/2014 23:15:00,0.116333333333
17/07/2014 23:30:00,0.31
17/07/2014 23:45:00,0.358333333333
18/07/2014 00:00:00,0.215866666667
18/07/2014 00:15:00,0.149
18/07/2014 00:30:00,0.3546
18/07/2014 00:45:00,0.352066666667
18/07/2014 01:00:00,0.127333333333
18/07/2014 01:15:00,0.2402
18/07/2014 01:30:00,0.348066666667
18/07/2014 01:45:00,0.1538
18/07/2014 02:00:00,0.183
18/07/2014 02:15:00,0.302933333333
18/07/2014 02:30:00,0.111733333333
18/07/2014 02:45:00,0.1944
18/07/2014 03:00:00,0.2772
18/07/2014 03:15:00,0.1006
18/07/2014 03:30:00,0.1762
18/07/2014 03:45:00,0.2568
18/07/2014 04:00:00,0.0748
18/07/2014 04:15:00,0.188133333333
18/07/2014 04:30:00,0.247133333333
18/07/2014 04:45:00,0.0522
18/07/2014 05:00:00,0.206466666667
18/07/2014 05:15:00,0.244133333333
18/07/2014 05:30:00,0.01
18/07/2014 05:45:00,0.244466666667
18/07/2014 06:00:00,0.243266666667
18/07/2014 06:15:00,0.01
18/07/2014 06:30:00,0.244266666667
18/07/2014 06:45:00,0.238533333333
18/07/2014 07:00:00,0.0150666666667
18/07/2014 07:15:00,0.2816
18/07/2014 07:30:00,0.1456
18/07/2014 07:45:00,0.112333333333
18/07/2014 08:00:00,0.251266666667
18/07/2014 08:15:00,0.126666666667
18/07/2014 08:30:00,0.130866666667
18/07/2014 08:45:00,0.246666666667
18/07/2014 09:00:00,0.228133333333
18/07/2014 09:15:00,0.0595333333333
18/07/2014 09:30:00,0.319266666667
18/07/2014 09:45:00,0.332666666667
18/07/2014 10:00:00,0.231
18/07/2014 10:15:00,0.140333333333
18/07/2014 10:30:00,0.332266666667
18/07/2014 10:45:00,0.347533333333
18/07/2014 11:00:00,0.200133333333
18/07/2014 11:15:00,0.192533333333
18/07/2014 11:30:00,0.3212
18/07/2014 11:45:00,0.321133333333
18/07/2014 12:00:00,0.148866666667
18/07/2014 12:15:00,0.182733333333
18/07/2014 12:30:00,0.321733333333
18/07/2014 12:45:00,0.294333333333
18/07/2014 13:00:00,0.0484666666667
18/07/2014 13:15:00,0.319333333333
18/07/2014 13:30:00,0.314333333333
18/07/2014 13:45:00,0.00986666666667
18/07/2014 14:00:00,0.302666666667
18/07/2014 14:15:00,0.200866666667
18/07/2014 14:30:00,0.067
18/07/2014 14:45:00,0.273133333333
18/07/2014 15:00:00,0.0102
18/07/2014 15:15:00,0.265666666667
18/07/2014 15:30:00,0.244933333333
18/07/2014 15:45:00,0.0101333333333
18/07/2014 16:00:00,0.245333333333
18/07/2014 16:15:00,0.2328
18/07/2014 16:30:00,0.0225333333333
18/07/2014 16:45:00,0.246733333333
18/07/2014 17:00:00,0.218666666667
18/07/2014 17:15:00,0.0776666666667
18/07/2014 17:30:00,0.275133333333
18/07/2014 17:45:00,0.324133333333
18/07/2014 18:00:00,0.1192
18/07/2014 18:15:00,0.330333333333
18/07/2014 18:30:00,0.410266666667
18/07/2014 18:45:00,0.211266666667
18/07/2014 19:00:00,0.266533333333
18/07/2014 19:15:00,0.421533333333
18/07/2014 19:30:00,0.252666666667
18/07/2014 19:45:00,0.12
18/07/2014 20:00:00,0.3632
18/07/2014 20:15:00,0.362466666667
18/07/2014 20:30:00,0.168466666667
18/07/2014 20:45:00,0.206133333333
18/07/2014 21:00:00,0.354
18/07/2014 21:15:00,0.350733333333
18/07/2014 21:30:00,0.049
18/07/2014 21:45:00,0.298266666667
18/07/2014 22:00:00,0.2736
18/07/2014 22:15:00,0.130333333333
18/07/2014 22:30:00,0.1724
18/07/2014 22:45:00,0.2816
18/07/2014 23:00:00,0.01
18/07/2014 23:15:00,0.264066666667
18/07/2014 23:30:00,0.183933333333
18/07/2014 23:45:00,0.0901333333333
19/07/2014 00:00:00,0.248133333333
19/07/2014 00:15:00,0.01
19/07/2014 00:30:00,0.2388
19/07/2014 00:45:00,0.01
19/07/2014 01:00:00,0.234733333333
19/07/2014 01:15:00,0.01
19/07/2014 01:30:00,0.231
19/07/2014 01:45:00,0.01
19/07/2014 02:00:00,0.226266666667
19/07/2014 02:15:00,0.01
19/07/2014 02:30:00,0.217866666667
19/07/2014 02:45:00,0.01
19/07/2014 03:00:00,0.2224
19/07/2014 03:15:00,0.01
19/07/2014 03:30:00,0.2188
19/07/2014 03:45:00,0.01
19/07/2014 04:00:00,0.130533333333
19/07/2014 04:15:00,0.1028
19/07/2014 04:30:00,0.01
19/07/2014 04:45:00,0.223
19/07/2014 05:00:00,0.01
19/07/2014 05:15:00,0.218933333333
19/07/2014 05:30:00,0.01
19/07/2014 05:45:00,0.194466666667
19/07/2014 06:00:00,0.0348
19/07/2014 06:15:00,0.01
19/07/2014 06:30:00,0.219666666667
19/07/2014 06:45:00,0.01
19/07/2014 07:00:00,0.216533333333
19/07/2014 07:15:00,0.0100666666667
19/07/2014 07:30:00,0.2188
19/07/2014 07:45:00,0.0102
19/07/2014 08:00:00,0.0100666666667
19/07/2014 08:15:00,0.2188
19/07/2014 08:30:00,0.01
19/07/2014 08:45:00,0.252066666667
19/07/2014 09:00:00,0.01
19/07/2014 09:15:00,0.243066666667
19/07/2014 09:30:00,0.01
19/07/2014 09:45:00,0.259333333333
19/07/2014 10:00:00,0.01
19/07/2014 10:15:00,0.2522
19/07/2014 10:30:00,0.0242666666667
19/07/2014 10:45:00,0.242466666667
19/07/2014 11:00:00,0.2474
19/07/2014 11:15:00,0.01
19/07/2014 11:30:00,0.2518
19/07/2014 11:45:00,0.2536
19/07/2014 12:00:00,0.0122
19/07/2014 12:15:00,0.263
19/07/2014 12:30:00,0.4528
19/07/2014 12:45:00,0.1316
19/07/2014 13:00:00,0.403533333333
19/07/2014 13:15:00,0.382733333333
19/07/2014 13:30:00,0.1344
19/07/2014 13:45:00,0.4726
19/07/2014 14:00:00,0.4394
19/07/2014 14:15:00,0.175266666667
19/07/2014 14:30:00,0.269733333333
19/07/2014 14:45:00,0.4372
19/07/2014 15:00:00,0.3532
19/07/2014 15:15:00,0.2082
19/07/2014 15:30:00,0.425333333333
19/07/2014 15:45:00,0.494333333333
19/07/2014 16:00:00,0.350266666667
19/07/2014 16:15:00,0.266866666667
19/07/2014 16:30:00,0.659866666667
19/07/2014 16:45:00,0.3092
19/07/2014 17:00:00,0.4378
19/07/2014 17:15:00,0.513866666667
19/07/2014 17:30:00,0.3008
19/07/2014 17:45:00,0.662333333333
19/07/2014 18:00:00,0.4402
19/07/2014 18:15:00,0.397266666667
19/07/2014 18:30:00,0.504066666667
19/07/2014 18:45:00,0.6264
19/07/2014 19:00:00,0.399266666667
19/07/2014 19:15:00,0.4074
19/07/2014 19:30:00,0.475533333333
19/07/2014 19:45:00,0.546133333333
19/07/2014 20:00:00,0.281733333333
19/07/2014 20:15:00,0.0928666666667
19/07/2014 20:30:00,0.324533333333
19/07/2014 20:45:00,0.478266666667
19/07/2014 21:00:00,0.227866666667
19/07/2014 21:15:00,0.6784
19/07/2014 21:30:00,0.0498
19/07/2014 21:45:00,0.6788
19/07/2014 22:00:00,0.228
19/07/2014 22:15:00,0.390066666667
19/07/2014 22:30:00,0.269
19/07/2014 22:45:00,0.356133333333
19/07/2014 23:00:00,0.3032
19/07/2014 23:15:00,0.300666666667
19/07/2014 23:30:00,0.569133333333
19/07/2014 23:45:00,0.183866666667
20/07/2014 00:00:00,0.319266666667
20/07/2014 00:15:00,0.401466666667
20/07/2014 00:30:00,0.272933333333
20/07/2014 00:45:00,0.1202
20/07/2014 01:00:00,0.338066666667
20/07/2014 01:15:00,0.353866666667
20/07/2014 01:30:00,0.1568
20/07/2014 01:45:00,0.1966
20/07/2014 02:00:00,0.329466666667
20/07/2014 02:15:00,0.175266666667
20/07/2014 02:30:00,0.150733333333
20/07/2014 02:45:00,0.302333333333
20/07/2014 03:00:00,0.224466666667
20/07/2014 03:15:00,0.0642666666667
20/07/2014 03:30:00,0.275733333333
20/07/2014 03:45:00,0.275133333333
20/07/2014 04:00:00,0.0964666666667
20/07/2014 04:15:00,0.184733333333
20/07/2014 04:30:00,0.271066666667
20/07/2014 04:45:00,0.2656
20/07/2014 05:00:00,0.0156666666667
20/07/2014 05:15:00,0.271666666667
20/07/2014 05:30:00,0.271133333333
20/07/2014 05:45:00,0.176733333333
20/07/2014 06:00:00,0.1056
20/07/2014 06:15:00,0.267466666667
20/07/2014 06:30:00,0.267333333333
20/07/2014 06:45:00,0.0520666666667
20/07/2014 07:00:00,0.225733333333
20/07/2014 07:15:00,0.00986666666667
20/07/2014 07:30:00,0.00946666666667
20/07/2014 07:45:00,0.01
20/07/2014 08:00:00,0.01
20/07/2014 08:15:00,0.01
20/07/2014 08:30:00,0.01
20/07/2014 08:45:00,0.01
20/07/2014 09:00:00,0.221866666667
20/07/2014 09:15:00,0.01
20/07/2014 09:30:00,0.2336
20/07/2014 09:45:00,0.0285333333333
20/07/2014 10:00:00,0.218933333333
20/07/2014 10:15:00,0.244666666667
20/07/2014 10:30:00,0.0594
20/07/2014 10:45:00,0.202866666667
20/07/2014 11:00:00,0.507533333333
20/07/2014 11:15:00,0.209
20/07/2014 11:30:00,0.360666666667
20/07/2014 11:45:00,0.543133333333
20/07/2014 12:00:00,0.431666666667
20/07/2014 12:15:00,0.308866666667
20/07/2014 12:30:00,0.360733333333
20/07/2014 12:45:00,0.5782
20/07/2014 13:00:00,0.296866666667
20/07/2014 13:15:00,0.3318
20/07/2014 13:30:00,0.634933333333
20/07/2014 13:45:00,0.360333333333
20/07/2014 14:00:00,0.335466666667
20/07/2014 14:15:00,0.701133333333
20/07/2014 14:30:00,0.3192
20/07/2014 14:45:00,0.7128
20/07/2014 15:00:00,0.562
20/07/2014 15:15:00,0.343733333333
20/07/2014 15:30:00,0.705866666667
20/07/2014 15:45:00,0.702733333333
20/07/2014 16:00:00,0.688466666667
20/07/2014 16:15:00,0.707666666667
20/07/2014 16:30:00,0.707266666667
20/07/2014 16:45:00,0.695666666667
20/07/2014 17:00:00,0.7034
20/07/2014 17:15:00,0.714133333333
20/07/2014 17:30:00,0.6888
20/07/2014 17:45:00,0.693
20/07/2014 18:00:00,0.700533333333
20/07/2014 18:15:00,0.563266666667
20/07/2014 18:30:00,0.686866666667
20/07/2014 18:45:00,0.695133333333
20/07/2014 19:00:00,0.4668
20/07/2014 19:15:00,0.713466666667
20/07/2014 19:30:00,0.584733333333
20/07/2014 19:45:00,0.524
20/07/2014 20:00:00,0.6864
20/07/2014 20:15:00,0.3552
20/07/2014 20:30:00,0.682066666667
20/07/2014 20:45:00,0.309533333333
20/07/2014 21:00:00,0.530933333333
20/07/2014 21:15:00,0.432333333333
20/07/2014 21:30:00,0.735666666667
20/07/2014 21:45:00,0.460333333333
20/07/2014 22:00:00,0.477466666667
20/07/2014 22:15:00,0.699066666667
20/07/2014 22:30:00,0.4566
20/07/2014 22:45:00,0.4984
20/07/2014 23:00:00,0.6542
20/07/2014 23:15:00,0.388133333333
20/07/2014 23:30:00,0.332066666667
20/07/2014 23:45:00,0.590666666667
21/07/2014 00:00:00,0.454866666667
21/07/2014 00:15:00,0.246933333333
21/07/2014 00:30:00,0.461333333333
21/07/2014 00:45:00,0.483133333333
21/07/2014 01:00:00,0.120933333333
21/07/2014 01:15:00,0.489933333333
21/07/2014 01:30:00,0.372466666667
21/07/2014 01:45:00,0.1404
21/07/2014 02:00:00,0.449333333333
21/07/2014 02:15:00,0.293933333333
21/07/2014 02:30:00,0.1854
21/07/2014 02:45:00,0.1168
21/07/2014 03:00:00,0.291533333333
21/07/2014 03:15:00,0.439466666667
21/07/2014 03:30:00,0.220066666667
21/07/2014 03:45:00,0.257733333333
21/07/2014 04:00:00,0.4472
21/07/2014 04:15:00,0.291
21/07/2014 04:30:00,0.110133333333
21/07/2014 04:45:00,0.1842
21/07/2014 05:00:00,0.287
21/07/2014 05:15:00,0.283
21/07/2014 05:30:00,0.105066666667
21/07/2014 05:45:00,0.367466666667
21/07/2014 06:00:00,0.433066666667
21/07/2014 06:15:00,0.264466666667
21/07/2014 06:30:00,0.1946
21/07/2014 06:45:00,0.432666666667
21/07/2014 07:00:00,0.3192
21/07/2014 07:15:00,0.116066666667
21/07/2014 07:30:00,0.271733333333
21/07/2014 07:45:00,0.401866666667
21/07/2014 08:00:00,0.157466666667
21/07/2014 08:15:00,0.304133333333
21/07/2014 08:30:00,0.4108
21/07/2014 08:45:00,0.219066666667
21/07/2014 09:00:00,0.0570666666667
21/07/2014 09:15:00,0.261733333333
21/07/2014 09:30:00,0.3878
21/07/2014 09:45:00,0.131466666667
21/07/2014 10:00:00,0.456066666667
21/07/2014 10:15:00,0.489066666667
21/07/2014 10:30:00,0.2212
21/07/2014 10:45:00,0.334133333333
21/07/2014 11:00:00,0.583466666667
21/07/2014 11:15:00,0.364133333333
21/07/2014 11:30:00,0.3478
21/07/2014 11:45:00,0.6754
21/07/2014 12:00:00,0.388533333333
21/07/2014 12:15:00,0.452666666667
21/07/2014 12:30:00,0.639466666667
21/07/2014 12:45:00,0.318866666667
21/07/2014 13:00:00,0.708066666667
21/07/2014 13:15:00,0.380733333333
21/07/2014 13:30:00,0.7322
21/07/2014 13:45:00,0.423333333333
21/07/2014 14:00:00,0.7276
21/07/2014 14:15:00,0.349
21/07/2014 14:30:00,0.727733333333
21/07/2014 14:45:00,0.474133333333
21/07/2014 15:00:00,0.614533333333
21/07/2014 15:15:00,0.726533333333
21/07/2014 15:30:00,0.510533333333
21/07/2014 15:45:00,0.726466666667
21/07/2014 16:00:00,0.7262
21/07/2014 16:15:00,0.727666666667
21/07/2014 16:30:00,0.348266666667
21/07/2014 16:45:00,0.726466666667
21/07/2014 17:00:00,0.725866666667
21/07/2014 17:15:00,0.726533333333
21/07/2014 17:30:00,0.7246
21/07/2014 17:45:00,0.7262
21/07/2014 18:00:00,0.702133333333
21/07/2014 18:15:00,0.727533333333
21/07/2014 18:30:00,0.7022
21/07/2014 18:45:00,0.508733333333
21/07/2014 19:00:00,0.7254
21/07/2014 19:15:00,0.703133333333
21/07/2014 19:30:00,0.521533333333
21/07/2014 19:45:00,0.732066666667
21/07/2014 20:00:00,0.579733333333
21/07/2014 20:15:00,0.484733333333
21/07/2014 20:30:00,0.715333333333
21/07/2014 20:45:00,0.3948
21/07/2014 21:00:00,0.642066666667
21/07/2014 21:15:00,0.429466666667
21/07/2014 21:30:00,0.584133333333
21/07/2014 21:45:00,0.508133333333
21/07/2014 22:00:00,0.211133333333
21/07/2014 22:15:00,0.4276
21/07/2014 22:30:00,0.4386
21/07/2014 22:45:00,0.1642
21/07/2014 23:00:00,0.319533333333
21/07/2014 23:15:00,0.411533333333
21/07/2014 23:30:00,0.276933333333
21/07/2014 23:45:00,0.1256
22/07/2014 00:00:00,0.3888
22/07/2014 00:15:00,0.349733333333
22/07/2014 00:30:00,0.122666666667
22/07/2014 00:45:00,0.421333333333
22/07/2014 01:00:00,0.3732
22/07/2014 01:15:00,0.087
22/07/2014 01:30:00,0.383266666667
22/07/2014 01:45:00,0.404933333333
22/07/2014 02:00:00,0.0908
22/07/2014 02:15:00,0.328866666667
22/07/2014 02:30:00,0.404666666667
22/07/2014 02:45:00,0.1288
22/07/2014 03:00:00,0.287
22/07/2014 03:15:00,0.402533333333
22/07/2014 03:30:00,0.1668
22/07/2014 03:45:00,0.250133333333
22/07/2014 04:00:00,0.397066666667
22/07/2014 04:15:00,0.3284
22/07/2014 04:30:00,0.116333333333
22/07/2014 04:45:00,0.372666666667
22/07/2014 05:00:00,0.378533333333
22/07/2014 05:15:00,0.132133333333
22/07/2014 05:30:00,0.229733333333
22/07/2014 05:45:00,0.336933333333
22/07/2014 06:00:00,0.184666666667
22/07/2014 06:15:00,0.1474
22/07/2014 06:30:00,0.300866666667
22/07/2014 06:45:00,0.262266666667
22/07/2014 07:00:00,0.0315333333333
22/07/2014 07:15:00,0.2776
22/07/2014 07:30:00,0.304466666667
22/07/2014 07:45:00,0.184866666667
22/07/2014 08:00:00,0.1556
22/07/2014 08:15:00,0.338933333333
22/07/2014 08:30:00,0.3896
22/07/2014 08:45:00,0.1348
22/07/2014 09:00:00,0.214533333333
22/07/2014 09:15:00,0.01
22/07/2014 09:30:00,0.249266666667
22/07/2014 09:45:00,0.0364
22/07/2014 10:00:00,0.286733333333
22/07/2014 10:15:00,0.316066666667
22/07/2014 10:30:00,0.1448
22/07/2014 10:45:00,0.215466666667
22/07/2014 11:00:00,0.425266666667
22/07/2014 11:15:00,0.396733333333
22/07/2014 11:30:00,0.181733333333
22/07/2014 11:45:00,0.3976
22/07/2014 12:00:00,0.498066666667
22/07/2014 12:15:00,0.236866666667
22/07/2014 12:30:00,0.474066666667
22/07/2014 12:45:00,0.5398
22/07/2014 13:00:00,0.2808
22/07/2014 13:15:00,0.734866666667
22/07/2014 13:30:00,0.441
22/07/2014 13:45:00,0.725333333333
22/07/2014 14:00:00,0.3522
22/07/2014 14:15:00,0.5428
22/07/2014 14:30:00,0.514466666667
22/07/2014 14:45:00,0.3488
22/07/2014 15:00:00,0.675333333333
22/07/2014 15:15:00,0.2568
22/07/2014 15:30:00,0.723933333333
22/07/2014 15:45:00,0.486533333333
22/07/2014 16:00:00,0.437866666667
22/07/2014 16:15:00,0.728333333333
22/07/2014 16:30:00,0.727266666667
22/07/2014 16:45:00,0.476533333333
22/07/2014 17:00:00,0.724133333333
22/07/2014 17:15:00,0.724866666667
22/07/2014 17:30:00,0.480866666667
22/07/2014 17:45:00,0.721133333333
22/07/2014 18:00:00,0.723
22/07/2014 18:15:00,0.722866666667
22/07/2014 18:30:00,0.724533333333
22/07/2014 18:45:00,0.726866666667
22/07/2014 19:00:00,0.729
22/07/2014 19:15:00,0.726066666667
22/07/2014 19:30:00,0.728333333333
22/07/2014 19:45:00,0.731733333333
22/07/2014 20:00:00,0.731666666667
22/07/2014 20:15:00,0.732466666667
22/07/2014 20:30:00,0.729333333333
22/07/2014 20:45:00,0.731733333333
22/07/2014 21:00:00,0.7286
22/07/2014 21:15:00,0.728
22/07/2014 21:30:00,0.731933333333
22/07/2014 21:45:00,0.728866666667
22/07/2014 22:00:00,0.285933333333
22/07/2014 22:15:00,0.428466666667
22/07/2014 22:30:00,0.405266666667
22/07/2014 22:45:00,0.190466666667
22/07/2014 23:00:00,0.474733333333
22/07/2014 23:15:00,0.3878
22/07/2014 23:30:00,0.194133333333
22/07/2014 23:45:00,0.3792
23/07/2014 00:00:00,0.428266666667
23/07/2014 00:15:00,0.251133333333
23/07/2014 00:30:00,0.169933333333
23/07/2014 00:45:00,0.410266666667
23/07/2014 01:00:00,0.3424
23/07/2014 01:15:00,0.0798666666667
23/07/2014 01:30:00,0.408066666667
23/07/2014 01:45:00,0.3604
23/07/2014 02:00:00,0.0786
23/07/2014 02:15:00,0.396666666667
23/07/2014 02:30:00,0.374133333333
23/07/2014 02:45:00,0.0838666666667
23/07/2014 03:00:00,0.383533333333
23/07/2014 03:15:00,0.386733333333
23/07/2014 03:30:00,0.121133333333
23/07/2014 03:45:00,0.332533333333
23/07/2014 04:00:00,0.4142
23/07/2014 04:15:00,0.244266666667
23/07/2014 04:30:00,0.404466666667
23/07/2014 04:45:00,0.504333333333
23/07/2014 05:00:00,0.239333333333
23/07/2014 05:15:00,0.235933333333
23/07/2014 05:30:00,0.442733333333
23/07/2014 05:45:00,0.2952
23/07/2014 06:00:00,0.0274
23/07/2014 06:15:00,0.265066666667
23/07/2014 06:30:00,0.2756
23/07/2014 06:45:00,0.1822
23/07/2014 07:00:00,0.102333333333
23/07/2014 07:15:00,0.277066666667
23/07/2014 07:30:00,0.2758
23/07/2014 07:45:00,0.108333333333
23/07/2014 08:00:00,0.207333333333
23/07/2014 08:15:00,0.315
23/07/2014 08:30:00,0.22
23/07/2014 08:45:00,0.112133333333
23/07/2014 09:00:00,0.3312
23/07/2014 09:15:00,0.322466666667
23/07/2014 09:30:00,0.143
23/07/2014 09:45:00,0.5484
23/07/2014 10:00:00,0.4808
23/07/2014 10:15:00,0.323066666667
23/07/2014 10:30:00,0.627133333333
23/07/2014 10:45:00,0.372066666667
23/07/2014 11:00:00,0.494733333333
23/07/2014 11:15:00,0.5306
23/07/2014 11:30:00,0.482866666667
23/07/2014 11:45:00,0.626333333333
23/07/2014 12:00:00,0.656066666667
23/07/2014 12:15:00,0.3192
23/07/2014 12:30:00,0.737133333333
23/07/2014 12:45:00,0.5892
23/07/2014 13:00:00,0.584333333333
23/07/2014 13:15:00,0.734333333333
23/07/2014 13:30:00,0.713533333333
23/07/2014 13:45:00,0.4204
23/07/2014 14:00:00,0.732866666667
23/07/2014 14:15:00,0.700933333333
23/07/2014 14:30:00,0.1328
23/07/2014 14:45:00,0.731866666667
23/07/2014 15:00:00,0.7042
23/07/2014 15:15:00,0.7242
23/07/2014 15:30:00,0.6984
23/07/2014 15:45:00,0.478
23/07/2014 16:00:00,0.706266666667
23/07/2014 16:15:00,0.725866666667
23/07/2014 16:30:00,0.529666666667
23/07/2014 16:45:00,0.638733333333
23/07/2014 17:00:00,0.7042
23/07/2014 17:15:00,0.712333333333
23/07/2014 17:30:00,0.4168
23/07/2014 17:45:00,0.729266666667
23/07/2014 18:00:00,0.703466666667
23/07/2014 18:15:00,0.710266666667
23/07/2014 18:30:00,0.721866666667
23/07/2014 18:45:00,0.695666666667
23/07/2014 19:00:00,0.6954
23/07/2014 19:15:00,0.716066666667
23/07/2014 19:30:00,0.7024
23/07/2014 19:45:00,0.363533333333
23/07/2014 20:00:00,0.639333333333
23/07/2014 20:15:00,0.297
23/07/2014 20:30:00,0.705666666667
23/07/2014 20:45:00,0.331333333333
23/07/2014 21:00:00,0.4454
23/07/2014 21:15:00,0.593466666667
23/07/2014 21:30:00,0.220266666667
23/07/2014 21:45:00,0.717733333333
23/07/2014 22:00:00,0.313266666667
23/07/2014 22:15:00,0.186
23/07/2014 22:30:00,0.417
23/07/2014 22:45:00,0.435
23/07/2014 23:00:00,0.0688666666667
23/07/2014 23:15:00,0.3808
23/07/2014 23:30:00,0.3746
23/07/2014 23:45:00,0.129133333333
24/07/2014 00:00:00,0.491733333333
24/07/2014 00:15:00,0.208066666667
24/07/2014 00:30:00,0.263666666667
24/07/2014 00:45:00,0.460133333333
24/07/2014 01:00:00,0.0692666666667
24/07/2014 01:15:00,0.403066666667
24/07/2014 01:30:00,0.453866666667
24/07/2014 01:45:00,0.166933333333
24/07/2014 02:00:00,0.302466666667
24/07/2014 02:15:00,0.422133333333
24/07/2014 02:30:00,0.224466666667
24/07/2014 02:45:00,0.1776
24/07/2014 03:00:00,0.363266666667
24/07/2014 03:15:00,0.2916
24/07/2014 03:30:00,0.0683333333333
24/07/2014 03:45:00,0.338533333333
24/07/2014 04:00:00,0.3212
24/07/2014 04:15:00,0.130666666667
24/07/2014 04:30:00,0.177533333333
24/07/2014 04:45:00,0.297933333333
24/07/2014 05:00:00,0.292733333333
24/07/2014 05:15:00,0.121533333333
24/07/2014 05:30:00,0.181
24/07/2014 05:45:00,0.297466666667
24/07/2014 06:00:00,0.2962
24/07/2014 06:15:00,0.130666666667
24/07/2014 06:30:00,0.355933333333
24/07/2014 06:45:00,0.4472
24/07/2014 07:00:00,0.299
24/07/2014 07:15:00,0.0995333333333
24/07/2014 07:30:00,0.268466666667
24/07/2014 07:45:00,0.34
24/07/2014 08:00:00,0.276666666667
24/07/2014 08:15:00,0.0791333333333
24/07/2014 08:30:00,0.266266666667
24/07/2014 08:45:00,0.305133333333
24/07/2014 09:00:00,0.276666666667
24/07/2014 09:15:00,0.0793333333333
24/07/2014 09:30:00,0.2652
24/07/2014 09:45:00,0.305666666667
24/07/2014 10:00:00,0.276733333333
24/07/2014 10:15:00,0.0985333333333
24/07/2014 10:30:00,0.321066666667
24/07/2014 10:45:00,0.3712
24/07/2014 11:00:00,0.211933333333
24/07/2014 11:15:00,0.165466666667
24/07/2014 11:30:00,0.381066666667
24/07/2014 11:45:00,0.421666666667
24/07/2014 12:00:00,0.122733333333
24/07/2014 12:15:00,0.556666666667
24/07/2014 12:30:00,0.371866666667
24/07/2014 12:45:00,0.305666666667
24/07/2014 13:00:00,0.646733333333
24/07/2014 13:15:00,0.297333333333
24/07/2014 13:30:00,0.435133333333
24/07/2014 13:45:00,0.5274
24/07/2014 14:00:00,0.2548
24/07/2014 14:15:00,0.698733333333
24/07/2014 14:30:00,0.2742
24/07/2014 14:45:00,0.5534
24/07/2014 15:00:00,0.458933333333
24/07/2014 15:15:00,0.510266666667
24/07/2014 15:30:00,0.5182
24/07/2014 15:45:00,0.630533333333
24/07/2014 16:00:00,0.3954
24/07/2014 16:15:00,0.7266
24/07/2014 16:30:00,0.4986
24/07/2014 16:45:00,0.726133333333
24/07/2014 17:00:00,0.727066666667
24/07/2014 17:15:00,0.527466666667
24/07/2014 17:30:00,0.682133333333
24/07/2014 17:45:00,0.680266666667
24/07/2014 18:00:00,0.297466666667
24/07/2014 18:15:00,0.415933333333
24/07/2014 18:30:00,0.4952
24/07/2014 18:45:00,0.173533333333
24/07/2014 19:00:00,0.440333333333
24/07/2014 19:15:00,0.4894
24/07/2014 19:30:00,0.283133333333
24/07/2014 19:45:00,0.5932
24/07/2014 20:00:00,0.261733333333
24/07/2014 20:15:00,0.725666666667
24/07/2014 20:30:00,0.5282
24/07/2014 20:45:00,0.6984
24/07/2014 21:00:00,0.429866666667
24/07/2014 21:15:00,0.522933333333
24/07/2014 21:30:00,0.4726
24/07/2014 21:45:00,0.685466666667
24/07/2014 22:00:00,0.278666666667
24/07/2014 22:15:00,0.5564
24/07/2014 22:30:00,0.341133333333
24/07/2014 22:45:00,0.388266666667
24/07/2014 23:00:00,0.2716
24/07/2014 23:15:00,0.503866666667
24/07/2014 23:30:00,0.0454
24/07/2014 23:45:00,0.675133333333
25/07/2014 00:00:00,0.237866666667
25/07/2014 00:15:00,0.524266666667
25/07/2014 00:30:00,0.366266666667
25/07/2014 00:45:00,0.189666666667
25/07/2014 01:00:00,0.385266666667
25/07/2014 01:15:00,0.426133333333
25/07/2014 01:30:00,0.161333333333
25/07/2014 01:45:00,0.262133333333
25/07/2014 02:00:00,0.371
25/07/2014 02:15:00,0.263533333333
25/07/2014 02:30:00,0.1096
25/07/2014 02:45:00,0.3444
25/07/2014 03:00:00,0.330133333333
25/07/2014 03:15:00,0.208733333333
25/07/2014 03:30:00,0.117333333333
25/07/2014 03:45:00,0.3074
25/07/2014 04:00:00,0.3032
25/07/2014 04:15:00,0.1814
25/07/2014 04:30:00,0.1358
25/07/2014 04:45:00,0.307333333333
25/07/2014 05:00:00,0.3018
25/07/2014 05:15:00,0.180733333333
25/07/2014 05:30:00,0.1354
25/07/2014 05:45:00,0.308866666667
25/07/2014 06:00:00,0.370733333333
25/07/2014 06:15:00,0.150266666667
25/07/2014 06:30:00,0.383133333333
25/07/2014 06:45:00,0.477733333333
25/07/2014 07:00:00,0.318666666667
25/07/2014 07:15:00,0.1054
25/07/2014 07:30:00,0.3772
25/07/2014 07:45:00,0.312
25/07/2014 08:00:00,0.3434
25/07/2014 08:15:00,0.225933333333
25/07/2014 08:30:00,0.379466666667
25/07/2014 08:45:00,0.464533333333
25/07/2014 09:00:00,0.344533333333
25/07/2014 09:15:00,0.239866666667
25/07/2014 09:30:00,0.400533333333
25/07/2014 09:45:00,0.502933333333
25/07/2014 10:00:00,0.345933333333
25/07/2014 10:15:00,0.270266666667
25/07/2014 10:30:00,0.427466666667
25/07/2014 10:45:00,0.5834
25/07/2014 11:00:00,0.2906
25/07/2014 11:15:00,0.367733333333
25/07/2014 11:30:00,0.648466666667
25/07/2014 11:45:00,0.308466666667
25/07/2014 12:00:00,0.522333333333
25/07/2014 12:15:00,0.5616
25/07/2014 12:30:00,0.352
25/07/2014 12:45:00,0.737066666667
25/07/2014 13:00:00,0.321333333333
25/07/2014 13:15:00,0.728933333333
25/07/2014 13:30:00,0.289133333333
25/07/2014 13:45:00,0.735066666667
25/07/2014 14:00:00,0.385
25/07/2014 14:15:00,0.734466666667
25/07/2014 14:30:00,0.4278
25/07/2014 14:45:00,0.729933333333
25/07/2014 15:00:00,0.7134
25/07/2014 15:15:00,0.3724
25/07/2014 15:30:00,0.729933333333
25/07/2014 15:45:00,0.7286
25/07/2014 16:00:00,0.730866666667
25/07/2014 16:15:00,0.707933333333
25/07/2014 16:30:00,0.730666666667
25/07/2014 16:45:00,0.704066666667
25/07/2014 17:00:00,0.724133333333
25/07/2014 17:15:00,0.709
25/07/2014 17:30:00,0.706133333333
25/07/2014 17:45:00,0.719266666667
25/07/2014 18:00:00,0.698133333333
25/07/2014 18:15:00,0.716466666667
25/07/2014 18:30:00,0.711866666667
25/07/2014 18:45:00,0.495533333333
25/07/2014 19:00:00,0.700733333333
25/07/2014 19:15:00,0.702733333333
25/07/2014 19:30:00,0.541333333333
25/07/2014 19:45:00,0.7314
25/07/2014 20:00:00,0.492533333333
25/07/2014 20:15:00,0.666666666667
25/07/2014 20:30:00,0.528
25/07/2014 20:45:00,0.493
25/07/2014 21:00:00,0.5868
25/07/2014 21:15:00,0.442533333333
25/07/2014 21:30:00,0.504866666667
25/07/2014 21:45:00,0.541066666667
25/07/2014 22:00:00,0.341933333333
25/07/2014 22:15:00,0.526466666667
25/07/2014 22:30:00,0.308866666667
25/07/2014 22:45:00,0.253466666667
25/07/2014 23:00:00,0.504866666667
25/07/2014 23:15:00,0.3098
25/07/2014 23:30:00,0.161933333333
25/07/2014 23:45:00,0.503933333333
26/07/2014 00:00:00,0.1292
26/07/2014 00:15:00,0.435466666667
26/07/2014 00:30:00,0.336266666667
26/07/2014 00:45:00,0.2138
26/07/2014 01:00:00,0.519
26/07/2014 01:15:00,0.0437333333333
26/07/2014 01:30:00,0.5498
26/07/2014 01:45:00,0.149666666667
26/07/2014 02:00:00,0.392733333333
26/07/2014 02:15:00,0.303133333333
26/07/2014 02:30:00,0.227333333333
26/07/2014 02:45:00,0.516266666667
26/07/2014 03:00:00,0.273333333333
26/07/2014 03:15:00,0.235133333333
26/07/2014 03:30:00,0.427333333333
26/07/2014 03:45:00,0.349133333333
26/07/2014 04:00:00,0.101
26/07/2014 04:15:00,0.301933333333
26/07/2014 04:30:00,0.3608
26/07/2014 04:45:00,0.191133333333
26/07/2014 05:00:00,0.1712
26/07/2014 05:15:00,0.334133333333
26/07/2014 05:30:00,0.318
26/07/2014 05:45:00,0.0751333333333
26/07/2014 06:00:00,0.239866666667
26/07/2014 06:15:00,0.463666666667
26/07/2014 06:30:00,0.310733333333
26/07/2014 06:45:00,0.204333333333
26/07/2014 07:00:00,0.2516
26/07/2014 07:15:00,0.300666666667
26/07/2014 07:30:00,0.289933333333
26/07/2014 07:45:00,0.0756
26/07/2014 08:00:00,0.246933333333
26/07/2014 08:15:00,0.541933333333
26/07/2014 08:30:00,0.173666666667
26/07/2014 08:45:00,0.3626
26/07/2014 09:00:00,0.542
26/07/2014 09:15:00,0.413866666667
26/07/2014 09:30:00,0.318333333333
26/07/2014 09:45:00,0.405733333333
26/07/2014 10:00:00,0.6668
26/07/2014 10:15:00,0.4148
26/07/2014 10:30:00,0.428266666667
26/07/2014 10:45:00,0.648266666667
26/07/2014 11:00:00,0.334266666667
26/07/2014 11:15:00,0.714533333333
26/07/2014 11:30:00,0.298666666667
26/07/2014 11:45:00,0.714733333333
26/07/2014 12:00:00,0.151266666667
26/07/2014 12:15:00,0.738266666667
26/07/2014 12:30:00,0.6986
26/07/2014 12:45:00,0.3604
26/07/2014 13:00:00,0.626533333333
26/07/2014 13:15:00,0.701333333333
26/07/2014 13:30:00,0.703266666667
26/07/2014 13:45:00,0.4492
26/07/2014 14:00:00,0.6978
26/07/2014 14:15:00,0.2886
26/07/2014 14:30:00,0.719733333333
26/07/2014 14:45:00,0.709933333333
26/07/2014 15:00:00,0.374666666667
26/07/2014 15:15:00,0.7072
26/07/2014 15:30:00,0.713333333333
26/07/2014 15:45:00,0.3514
26/07/2014 16:00:00,0.475
26/07/2014 16:15:00,0.7022
26/07/2014 16:30:00,0.717
26/07/2014 16:45:00,0.692133333333
26/07/2014 17:00:00,0.688533333333
26/07/2014 17:15:00,0.713066666667
26/07/2014 17:30:00,0.693266666667
26/07/2014 17:45:00,0.487266666667
26/07/2014 18:00:00,0.701466666667
26/07/2014 18:15:00,0.702333333333
26/07/2014 18:30:00,0.547466666667
26/07/2014 18:45:00,0.6914
26/07/2014 19:00:00,0.446466666667
26/07/2014 19:15:00,0.694066666667
26/07/2014 19:30:00,0.624866666667
26/07/2014 19:45:00,0.4114
26/07/2014 20:00:00,0.688933333333
26/07/2014 20:15:00,0.389133333333
26/07/2014 20:30:00,0.689666666667
26/07/2014 20:45:00,0.285266666667
26/07/2014 21:00:00,0.689266666667
26/07/2014 21:15:00,0.336733333333
26/07/2014 21:30:00,0.699933333333
26/07/2014 21:45:00,0.319533333333
26/07/2014 22:00:00,0.492
26/07/2014 22:15:00,0.431066666667
26/07/2014 22:30:00,0.169866666667
26/07/2014 22:45:00,0.508666666667
26/07/2014 23:00:00,0.358466666667
26/07/2014 23:15:00,0.200066666667
26/07/2014 23:30:00,0.411666666667
26/07/2014 23:45:00,0.438733333333
27/07/2014 00:00:00,0.0778666666667
27/07/2014 00:15:00,0.378066666667
27/07/2014 00:30:00,0.379333333333
27/07/2014 00:45:00,0.136533333333
27/07/2014 01:00:00,0.509666666667
27/07/2014 01:15:00,0.2128
27/07/2014 01:30:00,0.253
27/07/2014 01:45:00,0.482733333333
27/07/2014 02:00:00,0.0563333333333
27/07/2014 02:15:00,0.435666666667
27/07/2014 02:30:00,0.2948
27/07/2014 02:45:00,0.188933333333
27/07/2014 03:00:00,0.471333333333
27/07/2014 03:15:00,0.123333333333
27/07/2014 03:30:00,0.359733333333
27/07/2014 03:45:00,0.462466666667
27/07/2014 04:00:00,0.191466666667
27/07/2014 04:15:00,0.2806
27/07/2014 04:30:00,0.4388
27/07/2014 04:45:00,0.24
27/07/2014 05:00:00,0.163666666667
27/07/2014 05:15:00,0.371733333333
27/07/2014 05:30:00,0.3428
27/07/2014 05:45:00,0.068
27/07/2014 06:00:00,0.316133333333
27/07/2014 06:15:00,0.321533333333
27/07/2014 06:30:00,0.254066666667
27/07/2014 06:45:00,0.0788666666667
27/07/2014 07:00:00,0.494866666667
27/07/2014 07:15:00,0.467
27/07/2014 07:30:00,0.269266666667
27/07/2014 07:45:00,0.2076
27/07/2014 08:00:00,0.469
27/07/2014 08:15:00,0.301066666667
27/07/2014 08:30:00,0.160933333333
27/07/2014 08:45:00,0.144533333333
27/07/2014 09:00:00,0.469266666667
27/07/2014 09:15:00,0.4092
27/07/2014 09:30:00,0.243933333333
27/07/2014 09:45:00,0.332066666667
27/07/2014 10:00:00,0.5488
27/07/2014 10:15:00,0.2888
27/07/2014 10:30:00,0.3698
27/07/2014 10:45:00,0.677533333333
27/07/2014 11:00:00,0.417
27/07/2014 11:15:00,0.356733333333
27/07/2014 11:30:00,0.719133333333
27/07/2014 11:45:00,0.363666666667
27/07/2014 12:00:00,0.448666666667
27/07/2014 12:15:00,0.542266666667
27/07/2014 12:30:00,0.375266666667
27/07/2014 12:45:00,0.667066666667
27/07/2014 13:00:00,0.445866666667
27/07/2014 13:15:00,0.595266666667
27/07/2014 13:30:00,0.448533333333
27/07/2014 13:45:00,0.410733333333
27/07/2014 14:00:00,0.692333333333
27/07/2014 14:15:00,0.2284
27/07/2014 14:30:00,0.712866666667
27/07/2014 14:45:00,0.710466666667
27/07/2014 15:00:00,0.451866666667
27/07/2014 15:15:00,0.681133333333
27/07/2014 15:30:00,0.5774
27/07/2014 15:45:00,0.488266666667
27/07/2014 16:00:00,0.683
27/07/2014 16:15:00,0.694866666667
27/07/2014 16:30:00,0.1412
27/07/2014 16:45:00,0.714133333333
27/07/2014 17:00:00,0.6938
27/07/2014 17:15:00,0.7082
27/07/2014 17:30:00,0.7078
27/07/2014 17:45:00,0.6926
27/07/2014 18:00:00,0.709
27/07/2014 18:15:00,0.710733333333
27/07/2014 18:30:00,0.695933333333
27/07/2014 18:45:00,0.706333333333
27/07/2014 19:00:00,0.7056
27/07/2014 19:15:00,0.684066666667
27/07/2014 19:30:00,0.691
27/07/2014 19:45:00,0.7058
27/07/2014 20:00:00,0.684466666667
27/07/2014 20:15:00,0.448866666667
27/07/2014 20:30:00,0.682266666667
27/07/2014 20:45:00,0.315533333333
27/07/2014 21:00:00,0.6978
27/07/2014 21:15:00,0.259733333333
27/07/2014 21:30:00,0.701
27/07/2014 21:45:00,0.300733333333
27/07/2014 22:00:00,0.672866666667
27/07/2014 22:15:00,0.203066666667
27/07/2014 22:30:00,0.529733333333
27/07/2014 22:45:00,0.3706
27/07/2014 23:00:00,0.2542
27/07/2014 23:15:00,0.578466666667
27/07/2014 23:30:00,0.256133333333
27/07/2014 23:45:00,0.290733333333
28/07/2014 00:00:00,0.516133333333
28/07/2014 00:15:00,0.276133333333
28/07/2014 00:30:00,0.224333333333
28/07/2014 00:45:00,0.468266666667
28/07/2014 01:00:00,0.379133333333
28/07/2014 01:15:00,0.175333333333
28/07/2014 01:30:00,0.349933333333
28/07/2014 01:45:00,0.426
28/07/2014 02:00:00,0.283
28/07/2014 02:15:00,0.1796
28/07/2014 02:30:00,0.370666666667
28/07/2014 02:45:00,0.393
28/07/2014 03:00:00,0.243533333333
28/07/2014 03:15:00,0.153133333333
28/07/2014 03:30:00,0.363066666667
28/07/2014 03:45:00,0.3636
28/07/2014 04:00:00,0.1672
28/07/2014 04:15:00,0.199933333333
28/07/2014 04:30:00,0.3612
28/07/2014 04:45:00,0.312266666667
28/07/2014 05:00:00,0.097
28/07/2014 05:15:00,0.324133333333
28/07/2014 05:30:00,0.365266666667
28/07/2014 05:45:00,0.191066666667
28/07/2014 06:00:00,0.181933333333
28/07/2014 06:15:00,0.3638
28/07/2014 06:30:00,0.335866666667
28/07/2014 06:45:00,0.0983333333333
28/07/2014 07:00:00,0.307066666667
28/07/2014 07:15:00,0.364
28/07/2014 07:30:00,0.210533333333
28/07/2014 07:45:00,0.164733333333
28/07/2014 08:00:00,0.5476
28/07/2014 08:15:00,0.378533333333
28/07/2014 08:30:00,0.271933333333
28/07/2014 08:45:00,0.4424
28/07/2014 09:00:00,0.5236
28/07/2014 09:15:00,0.218333333333
28/07/2014 09:30:00,0.394066666667
28/07/2014 09:45:00,0.592266666667
28/07/2014 10:00:00,0.291266666667
28/07/2014 10:15:00,0.325466666667
28/07/2014 10:30:00,0.650266666667
28/07/2014 10:45:00,0.4858
28/07/2014 11:00:00,0.3912
28/07/2014 11:15:00,0.4564
28/07/2014 11:30:00,0.680933333333
28/07/2014 11:45:00,0.2586
28/07/2014 12:00:00,0.740666666667
28/07/2014 12:15:00,0.4722
28/07/2014 12:30:00,0.641866666667
28/07/2014 12:45:00,0.589333333333
28/07/2014 13:00:00,0.506133333333
28/07/2014 13:15:00,0.724
28/07/2014 13:30:00,0.334666666667
28/07/2014 13:45:00,0.686666666667
28/07/2014 14:00:00,0.732933333333
28/07/2014 14:15:00,0.3558
28/07/2014 14:30:00,0.731733333333
28/07/2014 14:45:00,0.7286
28/07/2014 15:00:00,0.721466666667
28/07/2014 15:15:00,0.586133333333
28/07/2014 15:30:00,0.301133333333
28/07/2014 15:45:00,0.728133333333
28/07/2014 16:00:00,0.7282
28/07/2014 16:15:00,0.7282
28/07/2014 16:30:00,0.726
28/07/2014 16:45:00,0.707133333333
28/07/2014 17:00:00,0.725666666667
28/07/2014 17:15:00,0.724266666667
28/07/2014 17:30:00,0.701733333333
28/07/2014 17:45:00,0.725133333333
28/07/2014 18:00:00,0.725666666667
28/07/2014 18:15:00,0.705066666667
28/07/2014 18:30:00,0.726333333333
28/07/2014 18:45:00,0.710866666667
28/07/2014 19:00:00,0.723333333333
28/07/2014 19:15:00,0.709933333333
28/07/2014 19:30:00,0.723733333333
28/07/2014 19:45:00,0.726466666667
28/07/2014 20:00:00,0.698933333333
28/07/2014 20:15:00,0.725066666667
28/07/2014 20:30:00,0.699
28/07/2014 20:45:00,0.693733333333
28/07/2014 21:00:00,0.398333333333
28/07/2014 21:15:00,0.7132
28/07/2014 21:30:00,0.294266666667
28/07/2014 21:45:00,0.7194
28/07/2014 22:00:00,0.306133333333
28/07/2014 22:15:00,0.6174
28/07/2014 22:30:00,0.237133333333
28/07/2014 22:45:00,0.3584
28/07/2014 23:00:00,0.508066666667
28/07/2014 23:15:00,0.179
28/07/2014 23:30:00,0.411466666667
28/07/2014 23:45:00,0.442466666667
29/07/2014 00:00:00,0.167466666667
29/07/2014 00:15:00,0.360266666667
29/07/2014 00:30:00,0.4446
29/07/2014 00:45:00,0.236533333333
29/07/2014 01:00:00,0.188333333333
29/07/2014 01:15:00,0.413333333333
29/07/2014 01:30:00,0.302666666667
29/07/2014 01:45:00,0.1152
29/07/2014 02:00:00,0.410866666667
29/07/2014 02:15:00,0.322666666667
29/07/2014 02:30:00,0.100466666667
29/07/2014 02:45:00,0.4126
29/07/2014 03:00:00,0.334133333333
29/07/2014 03:15:00,0.0886
29/07/2014 03:30:00,0.413533333333
29/07/2014 03:45:00,0.342866666667
29/07/2014 04:00:00,0.145933333333
29/07/2014 04:15:00,0.3402
29/07/2014 04:30:00,0.422666666667
29/07/2014 04:45:00,0.163666666667
29/07/2014 05:00:00,0.233666666667
29/07/2014 05:15:00,0.01
29/07/2014 05:30:00,0.01
29/07/2014 05:45:00,0.266933333333
29/07/2014 06:00:00,0.2774
29/07/2014 06:15:00,0.172866666667
29/07/2014 06:30:00,0.3234
29/07/2014 06:45:00,0.371066666667
29/07/2014 07:00:00,0.258933333333
29/07/2014 07:15:00,0.108266666667
29/07/2014 07:30:00,0.3968
29/07/2014 07:45:00,0.4032
29/07/2014 08:00:00,0.116733333333
29/07/2014 08:15:00,0.284466666667
29/07/2014 08:30:00,0.542933333333
29/07/2014 08:45:00,0.215133333333
29/07/2014 09:00:00,0.434733333333
29/07/2014 09:15:00,0.504066666667
29/07/2014 09:30:00,0.276333333333
29/07/2014 09:45:00,0.463066666667
29/07/2014 10:00:00,0.536266666667
29/07/2014 10:15:00,0.306266666667
29/07/2014 10:30:00,0.444533333333
29/07/2014 10:45:00,0.600066666667
29/07/2014 11:00:00,0.3266
29/07/2014 11:15:00,0.5806
29/07/2014 11:30:00,0.5074
29/07/2014 11:45:00,0.3784
29/07/2014 12:00:00,0.7372
29/07/2014 12:15:00,0.381266666667
29/07/2014 12:30:00,0.724133333333
29/07/2014 12:45:00,0.4102
29/07/2014 13:00:00,0.598666666667
29/07/2014 13:15:00,0.4614
29/07/2014 13:30:00,0.6878
29/07/2014 13:45:00,0.383533333333
29/07/2014 14:00:00,0.707466666667
29/07/2014 14:15:00,0.323
29/07/2014 14:30:00,0.731533333333
29/07/2014 14:45:00,0.700866666667
29/07/2014 15:00:00,0.570133333333
29/07/2014 15:15:00,0.480466666667
29/07/2014 15:30:00,0.7334
29/07/2014 15:45:00,0.732466666667
29/07/2014 16:00:00,0.711933333333
29/07/2014 16:15:00,0.734266666667
29/07/2014 16:30:00,0.729066666667
29/07/2014 16:45:00,0.715133333333
29/07/2014 17:00:00,0.719533333333
29/07/2014 17:15:00,0.73
29/07/2014 17:30:00,0.711466666667
29/07/2014 17:45:00,0.714333333333
29/07/2014 18:00:00,0.7322
29/07/2014 18:15:00,0.706733333333
29/07/2014 18:30:00,0.692933333333
29/07/2014 18:45:00,0.708
29/07/2014 19:00:00,0.703533333333
29/07/2014 19:15:00,0.3572
29/07/2014 19:30:00,0.6618
29/07/2014 19:45:00,0.297933333333
29/07/2014 20:00:00,0.536733333333
29/07/2014 20:15:00,0.380066666667
29/07/2014 20:30:00,0.187933333333
29/07/2014 20:45:00,0.618866666667
29/07/2014 21:00:00,0.310266666667
29/07/2014 21:15:00,0.329533333333
29/07/2014 21:30:00,0.5588
29/07/2014 21:45:00,0.204333333333
29/07/2014 22:00:00,0.321266666667
29/07/2014 22:15:00,0.452133333333
29/07/2014 22:30:00,0.0999333333333
29/07/2014 22:45:00,0.397533333333
29/07/2014 23:00:00,0.357333333333
29/07/2014 23:15:00,0.154933333333
29/07/2014 23:30:00,0.454666666667
29/07/2014 23:45:00,0.2048
30/07/2014 00:00:00,0.263133333333
30/07/2014 00:15:00,0.459533333333
30/07/2014 00:30:00,0.0633333333333
30/07/2014 00:45:00,0.407066666667
30/07/2014 01:00:00,0.4544
30/07/2014 01:15:00,0.153266666667
30/07/2014 01:30:00,0.311933333333
30/07/2014 01:45:00,0.421333333333
30/07/2014 02:00:00,0.2094
30/07/2014 02:15:00,0.1888
30/07/2014 02:30:00,0.370333333333
30/07/2014 02:45:00,0.3032
30/07/2014 03:00:00,0.0662
30/07/2014 03:15:00,0.3478
30/07/2014 03:30:00,0.325866666667
30/07/2014 03:45:00,0.111733333333
30/07/2014 04:00:00,0.1964
30/07/2014 04:15:00,0.291
30/07/2014 04:30:00,0.289066666667
30/07/2014 04:45:00,0.0966
30/07/2014 05:00:00,0.203066666667
30/07/2014 05:15:00,0.288666666667
30/07/2014 05:30:00,0.290333333333
30/07/2014 05:45:00,0.0854666666667
30/07/2014 06:00:00,0.214466666667
30/07/2014 06:15:00,0.286133333333
30/07/2014 06:30:00,0.291733333333
30/07/2014 06:45:00,0.0746
30/07/2014 07:00:00,0.2266
30/07/2014 07:15:00,0.2946
30/07/2014 07:30:00,0.2912
30/07/2014 07:45:00,0.0635333333333
30/07/2014 08:00:00,0.237666666667
30/07/2014 08:15:00,0.291333333333
30/07/2014 08:30:00,0.278933333333
30/07/2014 08:45:00,0.0631333333333
30/07/2014 09:00:00,0.300066666667
30/07/2014 09:15:00,0.295466666667
30/07/2014 09:30:00,0.276933333333
30/07/2014 09:45:00,0.207666666667
30/07/2014 10:00:00,0.512533333333
30/07/2014 10:15:00,0.3682
30/07/2014 10:30:00,0.212466666667
30/07/2014 10:45:00,0.612933333333
30/07/2014 11:00:00,0.324066666667
30/07/2014 11:15:00,0.3576
30/07/2014 11:30:00,0.649666666667
30/07/2014 11:45:00,0.337533333333
30/07/2014 12:00:00,0.347333333333
30/07/2014 12:15:00,0.665666666667
30/07/2014 12:30:00,0.388933333333
30/07/2014 12:45:00,0.344733333333
30/07/2014 13:00:00,0.717866666667
30/07/2014 13:15:00,0.336533333333
30/07/2014 13:30:00,0.4428
30/07/2014 13:45:00,0.6302
30/07/2014 14:00:00,0.345466666667
30/07/2014 14:15:00,0.680866666667
30/07/2014 14:30:00,0.399666666667
30/07/2014 14:45:00,0.574466666667
30/07/2014 15:00:00,0.438666666667
30/07/2014 15:15:00,0.6312
30/07/2014 15:30:00,0.464933333333
30/07/2014 15:45:00,0.728466666667
30/07/2014 16:00:00,0.731733333333
30/07/2014 16:15:00,0.709133333333
30/07/2014 16:30:00,0.734333333333
30/07/2014 16:45:00,0.733533333333
30/07/2014 17:00:00,0.7094
30/07/2014 17:15:00,0.732466666667
30/07/2014 17:30:00,0.732533333333
30/07/2014 17:45:00,0.709333333333
30/07/2014 18:00:00,0.563866666667
30/07/2014 18:15:00,0.732733333333
30/07/2014 18:30:00,0.707533333333
30/07/2014 18:45:00,0.5632
30/07/2014 19:00:00,0.7384
30/07/2014 19:15:00,0.709066666667
30/07/2014 19:30:00,0.460466666667
30/07/2014 19:45:00,0.720933333333
30/07/2014 20:00:00,0.2942
30/07/2014 20:15:00,0.736866666667
30/07/2014 20:30:00,0.318133333333
30/07/2014 20:45:00,0.7194
30/07/2014 21:00:00,0.297733333333
30/07/2014 21:15:00,0.552333333333
30/07/2014 21:30:00,0.454
30/07/2014 21:45:00,0.2752
30/07/2014 22:00:00,0.473666666667
30/07/2014 22:15:00,0.372533333333
30/07/2014 22:30:00,0.156333333333
30/07/2014 22:45:00,0.3498
30/07/2014 23:00:00,0.394333333333
30/07/2014 23:15:00,0.1894
30/07/2014 23:30:00,0.214666666667
30/07/2014 23:45:00,0.452333333333
31/07/2014 00:00:00,0.223533333333
31/07/2014 00:15:00,0.187066666667
31/07/2014 00:30:00,0.4442
31/07/2014 00:45:00,0.235933333333
31/07/2014 01:00:00,0.187066666667
31/07/2014 01:15:00,0.411533333333
31/07/2014 01:30:00,0.251
31/07/2014 01:45:00,0.169
31/07/2014 02:00:00,0.41
31/07/2014 02:15:00,0.342466666667
31/07/2014 02:30:00,0.111266666667
31/07/2014 02:45:00,0.385
31/07/2014 03:00:00,0.3818
31/07/2014 03:15:00,0.124
31/07/2014 03:30:00,0.231733333333
31/07/2014 03:45:00,0.338866666667
31/07/2014 04:00:00,0.2124
31/07/2014 04:15:00,0.122533333333
31/07/2014 04:30:00,0.3016
31/07/2014 04:45:00,0.288466666667
31/07/2014 05:00:00,0.142533333333
31/07/2014 05:15:00,0.155866666667
31/07/2014 05:30:00,0.288066666667
31/07/2014 05:45:00,0.288533333333
31/07/2014 06:00:00,0.132
31/07/2014 06:15:00,0.211466666667
31/07/2014 06:30:00,0.361866666667
31/07/2014 06:45:00,0.292333333333
31/07/2014 07:00:00,0.104066666667
31/07/2014 07:15:00,0.3148
31/07/2014 07:30:00,0.3032
31/07/2014 07:45:00,0.2544
31/07/2014 08:00:00,0.104666666667
31/07/2014 08:15:00,0.305666666667
31/07/2014 08:30:00,0.3692
31/07/2014 08:45:00,0.2332
31/07/2014 09:00:00,0.0902666666667
31/07/2014 09:15:00,0.316733333333
31/07/2014 09:30:00,0.327333333333
31/07/2014 09:45:00,0.225533333333
31/07/2014 10:00:00,0.1646
31/07/2014 10:15:00,0.3844
31/07/2014 10:30:00,0.409066666667
31/07/2014 10:45:00,0.2426
31/07/2014 11:00:00,0.382666666667
31/07/2014 11:15:00,0.327933333333
31/07/2014 11:30:00,0.326466666667
31/07/2014 11:45:00,0.262133333333
31/07/2014 12:00:00,0.5536
31/07/2014 12:15:00,0.403466666667
31/07/2014 12:30:00,0.2826
31/07/2014 12:45:00,0.562333333333
31/07/2014 13:00:00,0.494
31/07/2014 13:15:00,0.391
31/07/2014 13:30:00,0.4986
31/07/2014 13:45:00,0.630333333333
31/07/2014 14:00:00,0.406133333333
31/07/2014 14:15:00,0.4598
31/07/2014 14:30:00,0.6768
31/07/2014 14:45:00,0.3542
31/07/2014 15:00:00,0.6322
31/07/2014 15:15:00,0.4124
31/07/2014 15:30:00,0.636866666667
31/07/2014 15:45:00,0.395866666667
31/07/2014 16:00:00,0.718466666667
31/07/2014 16:15:00,0.395866666667
31/07/2014 16:30:00,0.725933333333
31/07/2014 16:45:00,0.334466666667
31/07/2014 17:00:00,0.727733333333
31/07/2014 17:15:00,0.7008
31/07/2014 17:30:00,0.479066666667
31/07/2014 17:45:00,0.7248
31/07/2014 18:00:00,0.721
31/07/2014 18:15:00,0.706066666667
31/07/2014 18:30:00,0.729533333333
31/07/2014 18:45:00,0.7056
31/07/2014 19:00:00,0.733733333333
31/07/2014 19:15:00,0.733066666667
31/07/2014 19:30:00,0.706533333333
31/07/2014 19:45:00,0.734133333333
31/07/2014 20:00:00,0.7036
31/07/2014 20:15:00,0.674333333333
31/07/2014 20:30:00,0.324
31/07/2014 20:45:00,0.407
31/07/2014 21:00:00,0.555266666667
31/07/2014 21:15:00,0.218666666667
31/07/2014 21:30:00,0.633533333333
31/07/2014 21:45:00,0.3204
31/07/2014 22:00:00,0.175866666667
31/07/2014 22:15:00,0.4676
31/07/2014 22:30:00,0.376933333333
31/07/2014 22:45:00,0.1708
31/07/2014 23:00:00,0.286466666667
31/07/2014 23:15:00,0.4008
31/07/2014 23:30:00,0.226
31/07/2014 23:45:00,0.180533333333
01/08/2014 00:00:00,0.449
01/08/2014 00:15:00,0.2612
01/08/2014 00:30:00,0.155733333333
01/08/2014 00:45:00,0.405333333333
01/08/2014 01:00:00,0.297
01/08/2014 01:15:00,0.1166
01/08/2014 01:30:00,0.404533333333
01/08/2014 01:45:00,0.403066666667
01/08/2014 02:00:00,0.132533333333
01/08/2014 02:15:00,0.278333333333
01/08/2014 02:30:00,0.3606
01/08/2014 02:45:00,0.2034
01/08/2014 03:00:00,0.1582
01/08/2014 03:15:00,0.333666666667
01/08/2014 03:30:00,0.233333333333
01/08/2014 03:45:00,0.0983333333333
01/08/2014 04:00:00,0.290866666667
01/08/2014 04:15:00,0.282333333333
01/08/2014 04:30:00,0.0272666666667
01/08/2014 04:45:00,0.2546
01/08/2014 05:00:00,0.266533333333
01/08/2014 05:15:00,0.164666666667
01/08/2014 05:30:00,0.112933333333
01/08/2014 05:45:00,0.267266666667
01/08/2014 06:00:00,0.310333333333
01/08/2014 06:15:00,0.0528666666667
01/08/2014 06:30:00,0.256933333333
01/08/2014 06:45:00,0.3214
01/08/2014 07:00:00,0.14
01/08/2014 07:15:00,0.188266666667
01/08/2014 07:30:00,0.278
01/08/2014 07:45:00,0.277933333333
01/08/2014 08:00:00,0.0796
01/08/2014 08:15:00,0.215133333333
01/08/2014 08:30:00,0.279666666667
01/08/2014 08:45:00,0.280666666667
01/08/2014 09:00:00,0.0495333333333
01/08/2014 09:15:00,0.239066666667
01/08/2014 09:30:00,0.279333333333
01/08/2014 09:45:00,0.253133333333
01/08/2014 10:00:00,0.0481333333333
01/08/2014 10:15:00,0.2664
01/08/2014 10:30:00,0.278866666667
01/08/2014 10:45:00,0.228266666667
01/08/2014 11:00:00,0.0611333333333
01/08/2014 11:15:00,0.276
01/08/2014 11:30:00,0.469066666667
01/08/2014 11:45:00,0.1068
01/08/2014 12:00:00,0.454266666667
01/08/2014 12:15:00,0.429866666667
01/08/2014 12:30:00,0.197133333333
01/08/2014 12:45:00,0.526066666667
01/08/2014 13:00:00,0.447266666667
01/08/2014 13:15:00,0.228666666667
01/08/2014 13:30:00,0.552533333333
01/08/2014 13:45:00,0.387266666667
01/08/2014 14:00:00,0.274133333333
01/08/2014 14:15:00,0.635866666667
01/08/2014 14:30:00,0.245533333333
01/08/2014 14:45:00,0.5988
01/08/2014 15:00:00,0.345666666667
01/08/2014 15:15:00,0.6242
01/08/2014 15:30:00,0.355466666667
01/08/2014 15:45:00,0.677933333333
01/08/2014 16:00:00,0.2294
01/08/2014 16:15:00,0.7014
01/08/2014 16:30:00,0.7072
01/08/2014 16:45:00,0.6748
01/08/2014 17:00:00,0.7044
01/08/2014 17:15:00,0.454666666667
01/08/2014 17:30:00,0.615733333333
01/08/2014 17:45:00,0.284866666667
01/08/2014 18:00:00,0.693466666667
01/08/2014 18:15:00,0.4378
01/08/2014 18:30:00,0.634333333333
01/08/2014 18:45:00,0.474666666667
01/08/2014 19:00:00,0.498933333333
01/08/2014 19:15:00,0.4542
01/08/2014 19:30:00,0.548733333333
01/08/2014 19:45:00,0.257
01/08/2014 20:00:00,0.5024
01/08/2014 20:15:00,0.401933333333
01/08/2014 20:30:00,0.260333333333
01/08/2014 20:45:00,0.4658
01/08/2014 21:00:00,0.3334
01/08/2014 21:15:00,0.143333333333
01/08/2014 21:30:00,0.400933333333
01/08/2014 21:45:00,0.4036
01/08/2014 22:00:00,0.1232
01/08/2014 22:15:00,0.2766
01/08/2014 22:30:00,0.3582
01/08/2014 22:45:00,0.303266666667
01/08/2014 23:00:00,0.105066666667
01/08/2014 23:15:00,0.279266666667
01/08/2014 23:30:00,0.3296
01/08/2014 23:45:00,0.2678
02/08/2014 00:00:00,0.0941333333333
02/08/2014 00:15:00,0.3094
02/08/2014 00:30:00,0.3268
02/08/2014 00:45:00,0.211466666667
02/08/2014 01:00:00,0.121666666667
02/08/2014 01:15:00,0.324733333333
02/08/2014 01:30:00,0.321066666667
02/08/2014 01:45:00,0.184666666667
02/08/2014 02:00:00,0.1516
02/08/2014 02:15:00,0.3236
02/08/2014 02:30:00,0.181066666667
02/08/2014 02:45:00,0.1364
02/08/2014 03:00:00,0.301066666667
02/08/2014 03:15:00,0.0762
02/08/2014 03:30:00,0.208133333333
02/08/2014 03:45:00,0.262666666667
02/08/2014 04:00:00,0.01
02/08/2014 04:15:00,0.257
02/08/2014 04:30:00,0.2488
02/08/2014 04:45:00,0.01
02/08/2014 05:00:00,0.2482
02/08/2014 05:15:00,0.1932
02/08/2014 05:30:00,0.0618666666667
02/08/2014 05:45:00,0.241
02/08/2014 06:00:00,0.069
02/08/2014 06:15:00,0.1828
02/08/2014 06:30:00,0.239333333333
02/08/2014 06:45:00,0.01
02/08/2014 07:00:00,0.238933333333
02/08/2014 07:15:00,0.0586
02/08/2014 07:30:00,0.191266666667
02/08/2014 07:45:00,0.2388
02/08/2014 08:00:00,0.01
02/08/2014 08:15:00,0.2358
02/08/2014 08:30:00,0.1326
02/08/2014 08:45:00,0.150866666667
02/08/2014 09:00:00,0.259466666667
02/08/2014 09:15:00,0.206866666667
02/08/2014 09:30:00,0.1138
02/08/2014 09:45:00,0.305733333333
02/08/2014 10:00:00,0.686
02/08/2014 10:15:00,0.507466666667
02/08/2014 10:30:00,0.524066666667
02/08/2014 10:45:00,0.3668
02/08/2014 11:00:00,0.421666666667
02/08/2014 11:15:00,0.110266666667
02/08/2014 11:30:00,0.4208
02/08/2014 11:45:00,0.457133333333
02/08/2014 12:00:00,0.2104
02/08/2014 12:15:00,0.576
02/08/2014 12:30:00,0.282933333333
02/08/2014 12:45:00,0.307333333333
02/08/2014 13:00:00,0.426666666667
02/08/2014 13:15:00,0.193266666667
02/08/2014 13:30:00,0.5116
02/08/2014 13:45:00,0.342733333333
02/08/2014 14:00:00,0.01
02/08/2014 14:15:00,0.4934
02/08/2014 14:30:00,0.191733333333
02/08/2014 14:45:00,0.339666666667
02/08/2014 15:00:00,0.509333333333
02/08/2014 15:15:00,0.289133333333
02/08/2014 15:30:00,0.242933333333
02/08/2014 15:45:00,0.535
02/08/2014 16:00:00,0.398133333333
02/08/2014 16:15:00,0.253866666667
02/08/2014 16:30:00,0.647533333333
02/08/2014 16:45:00,0.325266666667
02/08/2014 17:00:00,0.515733333333
02/08/2014 17:15:00,0.499066666667
02/08/2014 17:30:00,0.332133333333
02/08/2014 17:45:00,0.671133333333
02/08/2014 18:00:00,0.3338
02/08/2014 18:15:00,0.713466666667
02/08/2014 18:30:00,0.319533333333
02/08/2014 18:45:00,0.709466666667
02/08/2014 19:00:00,0.276733333333
02/08/2014 19:15:00,0.6618
02/08/2014 19:30:00,0.304533333333
02/08/2014 19:45:00,0.514666666667
02/08/2014 20:00:00,0.499933333333
02/08/2014 20:15:00,0.218066666667
02/08/2014 20:30:00,0.2544
02/08/2014 20:45:00,0.407933333333
02/08/2014 21:00:00,0.267933333333
02/08/2014 21:15:00,0.1164
02/08/2014 21:30:00,0.368266666667
02/08/2014 21:45:00,0.342866666667
02/08/2014 22:00:00,0.181733333333
02/08/2014 22:15:00,0.156
02/08/2014 22:30:00,0.324866666667
02/08/2014 22:45:00,0.3226
02/08/2014 23:00:00,0.158733333333
02/08/2014 23:15:00,0.174533333333
02/08/2014 23:30:00,0.319933333333
02/08/2014 23:45:00,0.323066666667
03/08/2014 00:00:00,0.113666666667
03/08/2014 00:15:00,0.209533333333
03/08/2014 00:30:00,0.307733333333
03/08/2014 00:45:00,0.275066666667
03/08/2014 01:00:00,0.0392666666667
03/08/2014 01:15:00,0.2974
03/08/2014 01:30:00,0.282133333333
03/08/2014 01:45:00,0.0422666666667
03/08/2014 02:00:00,0.243
03/08/2014 02:15:00,0.264466666667
03/08/2014 02:30:00,0.0348666666667
03/08/2014 02:45:00,0.2364
03/08/2014 03:00:00,0.256933333333
03/08/2014 03:15:00,0.0528
03/08/2014 03:30:00,0.2084
03/08/2014 03:45:00,0.253333333333
03/08/2014 04:00:00,0.0311333333333
03/08/2014 04:15:00,0.228533333333
03/08/2014 04:30:00,0.250933333333
03/08/2014 04:45:00,0.01
03/08/2014 05:00:00,0.246133333333
03/08/2014 05:15:00,0.246533333333
03/08/2014 05:30:00,0.01
03/08/2014 05:45:00,0.2474
03/08/2014 06:00:00,0.245133333333
03/08/2014 06:15:00,0.0102666666667
03/08/2014 06:30:00,0.247466666667
03/08/2014 06:45:00,0.202266666667
03/08/2014 07:00:00,0.0545333333333
03/08/2014 07:15:00,0.246
03/08/2014 07:30:00,0.156533333333
03/08/2014 07:45:00,0.134
03/08/2014 08:00:00,0.286
03/08/2014 08:15:00,0.01
03/08/2014 08:30:00,0.2734
03/08/2014 08:45:00,0.246933333333
03/08/2014 09:00:00,0.01
03/08/2014 09:15:00,0.292066666667
03/08/2014 09:30:00,0.286333333333
03/08/2014 09:45:00,0.0302
03/08/2014 10:00:00,0.267133333333
03/08/2014 10:15:00,0.4558
03/08/2014 10:30:00,0.170333333333
03/08/2014 10:45:00,0.3956
03/08/2014 11:00:00,0.469266666667
03/08/2014 11:15:00,0.184
03/08/2014 11:30:00,0.483066666667
03/08/2014 11:45:00,0.530666666667
03/08/2014 12:00:00,0.290666666667
03/08/2014 12:15:00,0.4348
03/08/2014 12:30:00,0.592066666667
03/08/2014 12:45:00,0.252
03/08/2014 13:00:00,0.5566
03/08/2014 13:15:00,0.418666666667
03/08/2014 13:30:00,0.405533333333
03/08/2014 13:45:00,0.591666666667
03/08/2014 14:00:00,0.3208
03/08/2014 14:15:00,0.677933333333
03/08/2014 14:30:00,0.374733333333
03/08/2014 14:45:00,0.699
03/08/2014 15:00:00,0.399066666667
03/08/2014 15:15:00,0.5278
03/08/2014 15:30:00,0.687866666667
03/08/2014 15:45:00,0.697666666667
03/08/2014 16:00:00,0.147733333333
03/08/2014 16:15:00,0.720933333333
03/08/2014 16:30:00,0.6828
03/08/2014 16:45:00,0.6934
03/08/2014 17:00:00,0.7018
03/08/2014 17:15:00,0.4968
03/08/2014 17:30:00,0.679866666667
03/08/2014 17:45:00,0.399066666667
03/08/2014 18:00:00,0.703133333333
03/08/2014 18:15:00,0.5212
03/08/2014 18:30:00,0.5936
03/08/2014 18:45:00,0.653933333333
03/08/2014 19:00:00,0.3684
03/08/2014 19:15:00,0.6968
03/08/2014 19:30:00,0.3694
03/08/2014 19:45:00,0.725466666667
03/08/2014 20:00:00,0.356333333333
03/08/2014 20:15:00,0.672333333333
03/08/2014 20:30:00,0.3718
03/08/2014 20:45:00,0.455733333333
03/08/2014 21:00:00,0.702933333333
03/08/2014 21:15:00,0.3256
03/08/2014 21:30:00,0.408466666667
03/08/2014 21:45:00,0.634266666667
03/08/2014 22:00:00,0.242
03/08/2014 22:15:00,0.169533333333
03/08/2014 22:30:00,0.346133333333
03/08/2014 22:45:00,0.322933333333
03/08/2014 23:00:00,0.153466666667
03/08/2014 23:15:00,0.180666666667
03/08/2014 23:30:00,0.359933333333
03/08/2014 23:45:00,0.3252
04/08/2014 00:00:00,0.1208
04/08/2014 00:15:00,0.234466666667
04/08/2014 00:30:00,0.3568
04/08/2014 00:45:00,0.3194
04/08/2014 01:00:00,0.0970666666667
04/08/2014 01:15:00,0.247266666667
04/08/2014 01:30:00,0.327466666667
04/08/2014 01:45:00,0.295466666667
04/08/2014 02:00:00,0.0932666666667
04/08/2014 02:15:00,0.2774
04/08/2014 02:30:00,0.327466666667
04/08/2014 02:45:00,0.265466666667
04/08/2014 03:00:00,0.0970666666667
04/08/2014 03:15:00,0.304533333333
04/08/2014 03:30:00,0.328266666667
04/08/2014 03:45:00,0.243066666667
04/08/2014 04:00:00,0.330466666667
04/08/2014 04:15:00,0.533933333333
04/08/2014 04:30:00,0.193133333333
04/08/2014 04:45:00,0.3244
04/08/2014 05:00:00,0.433933333333
04/08/2014 05:15:00,0.107933333333
04/08/2014 05:30:00,0.1716
04/08/2014 05:45:00,0.276466666667
04/08/2014 06:00:00,0.0308666666667
04/08/2014 06:15:00,0.236933333333
04/08/2014 06:30:00,0.248866666667
04/08/2014 06:45:00,0.116466666667
04/08/2014 07:00:00,0.151466666667
04/08/2014 07:15:00,0.2578
04/08/2014 07:30:00,0.2226
04/08/2014 07:45:00,0.0908
04/08/2014 08:00:00,0.4858
04/08/2014 08:15:00,0.1652
04/08/2014 08:30:00,0.278866666667
04/08/2014 08:45:00,0.269666666667
04/08/2014 09:00:00,0.278266666667
04/08/2014 09:15:00,0.0429333333333
04/08/2014 09:30:00,0.5338
04/08/2014 09:45:00,0.244666666667
04/08/2014 10:00:00,0.302533333333
04/08/2014 10:15:00,0.564266666667
04/08/2014 10:30:00,0.248733333333
04/08/2014 10:45:00,0.3516
04/08/2014 11:00:00,0.621733333333
04/08/2014 11:15:00,0.285466666667
04/08/2014 11:30:00,0.411066666667
04/08/2014 11:45:00,0.622133333333
04/08/2014 12:00:00,0.304333333333
04/08/2014 12:15:00,0.5078
04/08/2014 12:30:00,0.577866666667
04/08/2014 12:45:00,0.331866666667
04/08/2014 13:00:00,0.5548
04/08/2014 13:15:00,0.502666666667
04/08/2014 13:30:00,0.3302
04/08/2014 13:45:00,0.721333333333
04/08/2014 14:00:00,0.371
04/08/2014 14:15:00,0.418066666667
04/08/2014 14:30:00,0.662333333333
04/08/2014 14:45:00,0.364733333333
04/08/2014 15:00:00,0.715533333333
04/08/2014 15:15:00,0.3702
04/08/2014 15:30:00,0.7278
04/08/2014 15:45:00,0.389733333333
04/08/2014 16:00:00,0.684666666667
04/08/2014 16:15:00,0.710666666667
04/08/2014 16:30:00,0.390533333333
04/08/2014 16:45:00,0.7298
04/08/2014 17:00:00,0.721266666667
04/08/2014 17:15:00,0.7072
04/08/2014 17:30:00,0.4902
04/08/2014 17:45:00,0.531133333333
04/08/2014 18:00:00,0.717866666667
04/08/2014 18:15:00,0.711133333333
04/08/2014 18:30:00,0.690733333333
04/08/2014 18:45:00,0.5128
04/08/2014 19:00:00,0.7094
04/08/2014 19:15:00,0.636066666667
04/08/2014 19:30:00,0.499333333333
04/08/2014 19:45:00,0.6396
04/08/2014 20:00:00,0.399333333333
04/08/2014 20:15:00,0.522733333333
04/08/2014 20:30:00,0.5188
04/08/2014 20:45:00,0.274266666667
04/08/2014 21:00:00,0.6666
04/08/2014 21:15:00,0.2582
04/08/2014 21:30:00,0.581533333333
04/08/2014 21:45:00,0.386866666667
04/08/2014 22:00:00,0.716933333333
04/08/2014 22:15:00,0.424
04/08/2014 22:30:00,0.547066666667
04/08/2014 22:45:00,0.6384
04/08/2014 23:00:00,0.276
04/08/2014 23:15:00,0.600333333333
04/08/2014 23:30:00,0.464133333333
04/08/2014 23:45:00,0.290133333333
05/08/2014 00:00:00,0.5818
05/08/2014 00:15:00,0.3632
05/08/2014 00:30:00,0.220133333333
05/08/2014 00:45:00,0.555
05/08/2014 01:00:00,0.343533333333
05/08/2014 01:15:00,0.167933333333
05/08/2014 01:30:00,0.4826
05/08/2014 01:45:00,0.244466666667
05/08/2014 02:00:00,0.242133333333
05/08/2014 02:15:00,0.4468
05/08/2014 02:30:00,0.0372
05/08/2014 02:45:00,0.233466666667
05/08/2014 03:00:00,0.3546
05/08/2014 03:15:00,0.0624
05/08/2014 03:30:00,0.402533333333
05/08/2014 03:45:00,0.232266666667
05/08/2014 04:00:00,0.0182
05/08/2014 04:15:00,0.240733333333
05/08/2014 04:30:00,0.1322
05/08/2014 04:45:00,0.116866666667
05/08/2014 05:00:00,0.239866666667
05/08/2014 05:15:00,0.0586
05/08/2014 05:30:00,0.190066666667
05/08/2014 05:45:00,0.276466666667
05/08/2014 06:00:00,0.01
05/08/2014 06:15:00,0.280333333333
05/08/2014 06:30:00,0.272866666667
05/08/2014 06:45:00,0.00993333333333
05/08/2014 07:00:00,0.01
05/08/2014 07:15:00,0.01
05/08/2014 07:30:00,0.01
05/08/2014 07:45:00,0.01
05/08/2014 08:00:00,0.01
05/08/2014 08:15:00,0.01
05/08/2014 08:30:00,0.0094
05/08/2014 08:45:00,0.01
05/08/2014 09:00:00,0.00966666666667
05/08/2014 09:15:00,0.01
05/08/2014 09:30:00,0.01
05/08/2014 09:45:00,0.01
05/08/2014 10:00:00,0.01
05/08/2014 10:15:00,0.01
05/08/2014 10:30:00,0.00926666666667
05/08/2014 10:45:00,0.009
05/08/2014 11:00:00,0.0098
05/08/2014 11:15:00,0.00986666666667
05/08/2014 11:30:00,0.00986666666667
05/08/2014 11:45:00,0.01
05/08/2014 12:00:00,0.01
05/08/2014 12:15:00,0.01
05/08/2014 12:30:00,0.00946666666667
05/08/2014 12:45:00,0.0316666666667
05/08/2014 13:00:00,0.2098
05/08/2014 13:15:00,0.246733333333
05/08/2014 13:30:00,0.0226666666667
05/08/2014 13:45:00,0.277
05/08/2014 14:00:00,0.121866666667
05/08/2014 14:15:00,0.1762
05/08/2014 14:30:00,0.302333333333
05/08/2014 14:45:00,0.1984
05/08/2014 15:00:00,0.129866666667
05/08/2014 15:15:00,0.3618
05/08/2014 15:30:00,0.369266666667
05/08/2014 15:45:00,0.213733333333
05/08/2014 16:00:00,0.238
05/08/2014 16:15:00,0.462933333333
05/08/2014 16:30:00,0.3534
05/08/2014 16:45:00,0.215066666667
05/08/2014 17:00:00,0.553133333333
05/08/2014 17:15:00,0.361333333333
05/08/2014 17:30:00,0.449266666667
05/08/2014 17:45:00,0.518933333333
05/08/2014 18:00:00,0.3476
05/08/2014 18:15:00,0.586133333333
05/08/2014 18:30:00,0.3382
05/08/2014 18:45:00,0.551866666667
05/08/2014 19:00:00,0.546733333333
05/08/2014 19:15:00,0.430066666667
05/08/2014 19:30:00,0.5456
05/08/2014 19:45:00,0.447866666667
05/08/2014 20:00:00,0.320333333333
05/08/2014 20:15:00,0.446
05/08/2014 20:30:00,0.132133333333
05/08/2014 20:45:00,0.533
05/08/2014 21:00:00,0.283
05/08/2014 21:15:00,0.228466666667
05/08/2014 21:30:00,0.473333333333
05/08/2014 21:45:00,0.124333333333
05/08/2014 22:00:00,0.361666666667
05/08/2014 22:15:00,0.1796
05/08/2014 22:30:00,0.2972
05/08/2014 22:45:00,0.127733333333
05/08/2014 23:00:00,0.315866666667
05/08/2014 23:15:00,0.0684
05/08/2014 23:30:00,0.353066666667
05/08/2014 23:45:00,0.01
06/08/2014 00:00:00,0.3766
06/08/2014 00:15:00,0.0092
06/08/2014 00:30:00,0.00946666666667
06/08/2014 00:45:00,0.009
06/08/2014 01:00:00,0.244266666667
06/08/2014 01:15:00,0.00953333333333
06/08/2014 01:30:00,0.00966666666667
06/08/2014 01:45:00,0.3234
06/08/2014 02:00:00,0.0554666666667
06/08/2014 02:15:00,0.01
06/08/2014 02:30:00,0.311666666667
06/08/2014 02:45:00,0.0629333333333
06/08/2014 03:00:00,0.009
06/08/2014 03:15:00,0.00953333333333
06/08/2014 03:30:00,0.0094
06/08/2014 03:45:00,0.01
06/08/2014 04:00:00,0.01
06/08/2014 04:15:00,0.234466666667
06/08/2014 04:30:00,0.0098
06/08/2014 04:45:00,0.2226
06/08/2014 05:00:00,0.00906666666667
06/08/2014 05:15:00,0.222733333333
06/08/2014 05:30:00,0.01
06/08/2014 05:45:00,0.223466666667
06/08/2014 06:00:00,0.0102
06/08/2014 06:15:00,0.01
06/08/2014 06:30:00,0.01
06/08/2014 06:45:00,0.0092
06/08/2014 07:00:00,0.00993333333333
06/08/2014 07:15:00,0.00946666666667
06/08/2014 07:30:00,0.208333333333
06/08/2014 07:45:00,0.01
06/08/2014 08:00:00,0.01
06/08/2014 08:15:00,0.01
06/08/2014 08:30:00,0.01
06/08/2014 08:45:00,0.00913333333333
06/08/2014 09:00:00,0.009
06/08/2014 09:15:00,0.233266666667
06/08/2014 09:30:00,0.2228
06/08/2014 09:45:00,0.0369333333333
06/08/2014 10:00:00,0.2628
06/08/2014 10:15:00,0.384466666667
06/08/2014 10:30:00,0.119733333333
06/08/2014 10:45:00,0.486
06/08/2014 11:00:00,0.252533333333
06/08/2014 11:15:00,0.241866666667
06/08/2014 11:30:00,0.473666666667
06/08/2014 11:45:00,0.1322
06/08/2014 12:00:00,0.356666666667
06/08/2014 12:15:00,0.466
06/08/2014 12:30:00,0.180666666667
06/08/2014 12:45:00,0.260733333333
06/08/2014 13:00:00,0.429666666667
06/08/2014 13:15:00,0.397533333333
06/08/2014 13:30:00,0.170933333333
06/08/2014 13:45:00,0.4062
06/08/2014 14:00:00,0.4846
06/08/2014 14:15:00,0.188333333333
06/08/2014 14:30:00,0.332866666667
06/08/2014 14:45:00,0.514933333333
06/08/2014 15:00:00,0.170866666667
06/08/2014 15:15:00,0.449333333333
06/08/2014 15:30:00,0.4376
06/08/2014 15:45:00,0.205666666667
06/08/2014 16:00:00,0.679933333333
06/08/2014 16:15:00,0.246533333333
06/08/2014 16:30:00,0.499066666667
06/08/2014 16:45:00,0.479
06/08/2014 17:00:00,0.3114
06/08/2014 17:15:00,0.701733333333
06/08/2014 17:30:00,0.333133333333
06/08/2014 17:45:00,0.68
06/08/2014 18:00:00,0.363266666667
06/08/2014 18:15:00,0.614933333333
06/08/2014 18:30:00,0.427266666667
06/08/2014 18:45:00,0.699066666667
06/08/2014 19:00:00,0.306933333333
06/08/2014 19:15:00,0.706266666667
06/08/2014 19:30:00,0.469466666667
06/08/2014 19:45:00,0.675933333333
06/08/2014 20:00:00,0.2532
06/08/2014 20:15:00,0.562866666667
06/08/2014 20:30:00,0.1596
06/08/2014 20:45:00,0.556333333333
06/08/2014 21:00:00,0.267066666667
06/08/2014 21:15:00,0.2772
06/08/2014 21:30:00,0.489666666667
06/08/2014 21:45:00,0.0985333333333
06/08/2014 22:00:00,0.187333333333
06/08/2014 22:15:00,0.169933333333
06/08/2014 22:30:00,0.0746666666667
06/08/2014 22:45:00,0.198866666667
06/08/2014 23:00:00,0.0372
06/08/2014 23:15:00,0.252733333333
06/08/2014 23:30:00,0.009
06/08/2014 23:45:00,0.253266666667
07/08/2014 00:00:00,0.01
07/08/2014 00:15:00,0.265533333333
07/08/2014 00:30:00,0.110666666667
07/08/2014 00:45:00,0.130733333333
07/08/2014 01:00:00,0.2308
07/08/2014 01:15:00,0.009
07/08/2014 01:30:00,0.231066666667
07/08/2014 01:45:00,0.009
07/08/2014 02:00:00,0.2284
07/08/2014 02:15:00,0.01
07/08/2014 02:30:00,0.229133333333
07/08/2014 02:45:00,0.01
07/08/2014 03:00:00,0.222066666667
07/08/2014 03:15:00,0.0094
07/08/2014 03:30:00,0.181533333333
07/08/2014 03:45:00,0.0454
07/08/2014 04:00:00,0.0096
07/08/2014 04:15:00,0.00966666666667
07/08/2014 04:30:00,0.01
07/08/2014 04:45:00,0.3778
07/08/2014 05:00:00,0.673666666667
07/08/2014 05:15:00,0.671133333333
07/08/2014 05:30:00,0.675466666667
07/08/2014 05:45:00,0.198866666667
07/08/2014 06:00:00,0.5396
07/08/2014 06:15:00,0.332466666667
07/08/2014 06:30:00,0.429933333333
07/08/2014 06:45:00,0.4938
07/08/2014 07:00:00,0.223533333333
07/08/2014 07:15:00,0.560466666667
07/08/2014 07:30:00,0.3048
07/08/2014 07:45:00,0.235066666667
07/08/2014 08:00:00,0.5088
07/08/2014 08:15:00,0.367466666667
07/08/2014 08:30:00,0.145666666667
07/08/2014 08:45:00,0.397333333333
07/08/2014 09:00:00,0.413866666667
07/08/2014 09:15:00,0.1616
07/08/2014 09:30:00,0.256533333333
07/08/2014 09:45:00,0.3708
07/08/2014 10:00:00,0.323333333333
07/08/2014 10:15:00,0.0924666666667
07/08/2014 10:30:00,0.275266666667
07/08/2014 10:45:00,0.415133333333
07/08/2014 11:00:00,0.2422
07/08/2014 11:15:00,0.194
07/08/2014 11:30:00,0.442866666667
07/08/2014 11:45:00,0.3326
07/08/2014 12:00:00,0.1654
07/08/2014 12:15:00,0.419866666667
07/08/2014 12:30:00,0.444333333333
07/08/2014 12:45:00,0.193933333333
07/08/2014 13:00:00,0.384733333333
07/08/2014 13:15:00,0.4968
07/08/2014 13:30:00,0.306866666667
07/08/2014 13:45:00,0.6484
07/08/2014 14:00:00,0.232866666667
07/08/2014 14:15:00,0.664333333333
07/08/2014 14:30:00,0.217666666667
07/08/2014 14:45:00,0.6196
07/08/2014 15:00:00,0.442533333333
07/08/2014 15:15:00,0.291333333333
07/08/2014 15:30:00,0.6806
07/08/2014 15:45:00,0.698333333333
07/08/2014 16:00:00,0.6804
07/08/2014 16:15:00,0.543066666667
07/08/2014 16:30:00,0.636666666667
07/08/2014 16:45:00,0.6786
07/08/2014 17:00:00,0.541666666667
07/08/2014 17:15:00,0.671466666667
07/08/2014 17:30:00,0.6914
07/08/2014 17:45:00,0.444266666667
07/08/2014 18:00:00,0.6848
07/08/2014 18:15:00,0.7044
07/08/2014 18:30:00,0.463066666667
07/08/2014 18:45:00,0.4324
07/08/2014 19:00:00,0.7176
07/08/2014 19:15:00,0.695533333333
07/08/2014 19:30:00,0.6924
07/08/2014 19:45:00,0.715933333333
07/08/2014 20:00:00,0.449533333333
07/08/2014 20:15:00,0.6958
07/08/2014 20:30:00,0.1888
07/08/2014 20:45:00,0.691466666667
07/08/2014 21:00:00,0.2558
07/08/2014 21:15:00,0.539066666667
07/08/2014 21:30:00,0.397266666667
07/08/2014 21:45:00,0.1392
07/08/2014 22:00:00,0.009
07/08/2014 22:15:00,0.009
07/08/2014 22:30:00,0.235266666667
07/08/2014 22:45:00,0.0754666666667
07/08/2014 23:00:00,0.187866666667
07/08/2014 23:15:00,0.207733333333
07/08/2014 23:30:00,0.0346
07/08/2014 23:45:00,0.237133333333
08/08/2014 00:00:00,0.009
08/08/2014 00:15:00,0.249933333333
08/08/2014 00:30:00,0.009
08/08/2014 00:45:00,0.244533333333
08/08/2014 01:00:00,0.0782666666667
08/08/2014 01:15:00,0.154733333333
08/08/2014 01:30:00,0.221333333333
08/08/2014 01:45:00,0.0166666666667
08/08/2014 02:00:00,0.2142
08/08/2014 02:15:00,0.0194
08/08/2014 02:30:00,0.0754
08/08/2014 02:45:00,0.1548
08/08/2014 03:00:00,0.009
08/08/2014 03:15:00,0.165666666667
08/08/2014 03:30:00,0.0576666666667
08/08/2014 03:45:00,0.01
08/08/2014 04:00:00,0.01
08/08/2014 04:15:00,0.00926666666667
08/08/2014 04:30:00,0.211866666667
08/08/2014 04:45:00,0.009
08/08/2014 05:00:00,0.4462
08/08/2014 05:15:00,0.674066666667
08/08/2014 05:30:00,0.612266666667
08/08/2014 05:45:00,0.222733333333
08/08/2014 06:00:00,0.310066666667
08/08/2014 06:15:00,0.562466666667
08/08/2014 06:30:00,0.264
08/08/2014 06:45:00,0.331
08/08/2014 07:00:00,0.505066666667
08/08/2014 07:15:00,0.246066666667
08/08/2014 07:30:00,0.231133333333
08/08/2014 07:45:00,0.425
08/08/2014 08:00:00,0.3088
08/08/2014 08:15:00,0.151866666667
08/08/2014 08:30:00,0.3718
08/08/2014 08:45:00,0.4126
08/08/2014 09:00:00,0.205
08/08/2014 09:15:00,0.207866666667
08/08/2014 09:30:00,0.378866666667
08/08/2014 09:45:00,0.3576
08/08/2014 10:00:00,0.156733333333
08/08/2014 10:15:00,0.211266666667
08/08/2014 10:30:00,0.453866666667
08/08/2014 10:45:00,0.248333333333
08/08/2014 11:00:00,0.213733333333
08/08/2014 11:15:00,0.484666666667
08/08/2014 11:30:00,0.289933333333
08/08/2014 11:45:00,0.399133333333
08/08/2014 12:00:00,0.568266666667
08/08/2014 12:15:00,0.24
08/08/2014 12:30:00,0.511
08/08/2014 12:45:00,0.420466666667
08/08/2014 13:00:00,0.1162
08/08/2014 13:15:00,0.5862
08/08/2014 13:30:00,0.282466666667
08/08/2014 13:45:00,0.587
08/08/2014 14:00:00,0.377666666667
08/08/2014 14:15:00,0.486466666667
08/08/2014 14:30:00,0.4048
08/08/2014 14:45:00,0.5482
08/08/2014 15:00:00,0.290466666667
08/08/2014 15:15:00,0.677266666667
08/08/2014 15:30:00,0.2606
08/08/2014 15:45:00,0.6668
08/08/2014 16:00:00,0.691866666667
08/08/2014 16:15:00,0.678866666667
08/08/2014 16:30:00,0.481533333333
08/08/2014 16:45:00,0.6828
08/08/2014 17:00:00,0.703266666667
08/08/2014 17:15:00,0.396733333333
08/08/2014 17:30:00,0.704266666667
08/08/2014 17:45:00,0.707733333333
08/08/2014 18:00:00,0.255133333333
08/08/2014 18:15:00,0.725933333333
08/08/2014 18:30:00,0.694
08/08/2014 18:45:00,0.715533333333
08/08/2014 19:00:00,0.7066
08/08/2014 19:15:00,0.699133333333
08/08/2014 19:30:00,0.725133333333
08/08/2014 19:45:00,0.428266666667
08/08/2014 20:00:00,0.7138
08/08/2014 20:15:00,0.344266666667
08/08/2014 20:30:00,0.7052
08/08/2014 20:45:00,0.3164
08/08/2014 21:00:00,0.566466666667
08/08/2014 21:15:00,0.3916
08/08/2014 21:30:00,0.2896
08/08/2014 21:45:00,0.481333333333
08/08/2014 22:00:00,0.01
08/08/2014 22:15:00,0.00986666666667
08/08/2014 22:30:00,0.134
08/08/2014 22:45:00,0.107133333333
08/08/2014 23:00:00,0.2504
08/08/2014 23:15:00,0.009
08/08/2014 23:30:00,0.269466666667
08/08/2014 23:45:00,0.051
09/08/2014 00:00:00,0.210266666667
09/08/2014 00:15:00,0.1456
09/08/2014 00:30:00,0.130866666667
09/08/2014 00:45:00,0.236933333333
09/08/2014 01:00:00,0.00973333333333
09/08/2014 01:15:00,0.2288
09/08/2014 01:30:00,0.009
09/08/2014 01:45:00,0.233333333333
09/08/2014 02:00:00,0.009
09/08/2014 02:15:00,0.2206
09/08/2014 02:30:00,0.00986666666667
09/08/2014 02:45:00,0.0821333333333
09/08/2014 03:00:00,0.1466
09/08/2014 03:15:00,0.01
09/08/2014 03:30:00,0.009
09/08/2014 03:45:00,0.0706
09/08/2014 04:00:00,0.1546
09/08/2014 04:15:00,0.009
09/08/2014 04:30:00,0.00906666666667
09/08/2014 04:45:00,0.120866666667
09/08/2014 05:00:00,0.4678
09/08/2014 05:15:00,0.675666666667
09/08/2014 05:30:00,0.5718
09/08/2014 05:45:00,0.258866666667
09/08/2014 06:00:00,0.272733333333
09/08/2014 06:15:00,0.575666666667
09/08/2014 06:30:00,0.213333333333
09/08/2014 06:45:00,0.394466666667
09/08/2014 07:00:00,0.515
09/08/2014 07:15:00,0.1666
09/08/2014 07:30:00,0.317266666667
09/08/2014 07:45:00,0.4314
09/08/2014 08:00:00,0.289
09/08/2014 08:15:00,0.139733333333
09/08/2014 08:30:00,0.419533333333
09/08/2014 08:45:00,0.389066666667
09/08/2014 09:00:00,0.1992
09/08/2014 09:15:00,0.183933333333
09/08/2014 09:30:00,0.359333333333
09/08/2014 09:45:00,0.345533333333
09/08/2014 10:00:00,0.177533333333
09/08/2014 10:15:00,0.229066666667
09/08/2014 10:30:00,0.4168
09/08/2014 10:45:00,0.290266666667
09/08/2014 11:00:00,0.139133333333
09/08/2014 11:15:00,0.458266666667
09/08/2014 11:30:00,0.371866666667
09/08/2014 11:45:00,0.169266666667
09/08/2014 12:00:00,0.604333333333
09/08/2014 12:15:00,0.376533333333
09/08/2014 12:30:00,0.2316
09/08/2014 12:45:00,0.656666666667
09/08/2014 13:00:00,0.279133333333
09/08/2014 13:15:00,0.187066666667
09/08/2014 13:30:00,0.550333333333
09/08/2014 13:45:00,0.2412
09/08/2014 14:00:00,0.533666666667
09/08/2014 14:15:00,0.424533333333
09/08/2014 14:30:00,0.388333333333
09/08/2014 14:45:00,0.521933333333
09/08/2014 15:00:00,0.296866666667
09/08/2014 15:15:00,0.5858
09/08/2014 15:30:00,0.318133333333
09/08/2014 15:45:00,0.548666666667
09/08/2014 16:00:00,0.5402
09/08/2014 16:15:00,0.199733333333
09/08/2014 16:30:00,0.7034
09/08/2014 16:45:00,0.703733333333
09/08/2014 17:00:00,0.677466666667
09/08/2014 17:15:00,0.555866666667
09/08/2014 17:30:00,0.6808
09/08/2014 17:45:00,0.556133333333
09/08/2014 18:00:00,0.6812
09/08/2014 18:15:00,0.692333333333
09/08/2014 18:30:00,0.432066666667
09/08/2014 18:45:00,0.6946
09/08/2014 19:00:00,0.717266666667
09/08/2014 19:15:00,0.236333333333
09/08/2014 19:30:00,0.584466666667
09/08/2014 19:45:00,0.707466666667
09/08/2014 20:00:00,0.479
09/08/2014 20:15:00,0.719133333333
09/08/2014 20:30:00,0.358466666667
09/08/2014 20:45:00,0.715466666667
09/08/2014 21:00:00,0.328
09/08/2014 21:15:00,0.4898
09/08/2014 21:30:00,0.388533333333
09/08/2014 21:45:00,0.1584
09/08/2014 22:00:00,0.0402
09/08/2014 22:15:00,0.01
09/08/2014 22:30:00,0.2476
09/08/2014 22:45:00,0.01
09/08/2014 23:00:00,0.254466666667
09/08/2014 23:15:00,0.1566
09/08/2014 23:30:00,0.119133333333
09/08/2014 23:45:00,0.2518
10/08/2014 00:00:00,0.01
10/08/2014 00:15:00,0.268666666667
10/08/2014 00:30:00,0.01
10/08/2014 00:45:00,0.2346
10/08/2014 01:00:00,0.0369333333333
10/08/2014 01:15:00,0.2064
10/08/2014 01:30:00,0.210333333333
10/08/2014 01:45:00,0.0332
10/08/2014 02:00:00,0.233533333333
10/08/2014 02:15:00,0.01
10/08/2014 02:30:00,0.229533333333
10/08/2014 02:45:00,0.01
10/08/2014 03:00:00,0.2236
10/08/2014 03:15:00,0.01
10/08/2014 03:30:00,0.0177333333333
10/08/2014 03:45:00,0.2128
10/08/2014 04:00:00,0.01
10/08/2014 04:15:00,0.170133333333
10/08/2014 04:30:00,0.0558
10/08/2014 04:45:00,0.01
10/08/2014 05:00:00,0.344066666667
10/08/2014 05:15:00,0.681266666667
10/08/2014 05:30:00,0.680533333333
10/08/2014 05:45:00,0.1798
10/08/2014 06:00:00,0.365333333333
10/08/2014 06:15:00,0.527133333333
10/08/2014 06:30:00,0.227866666667
10/08/2014 06:45:00,0.411266666667
10/08/2014 07:00:00,0.501066666667
10/08/2014 07:15:00,0.172133333333
10/08/2014 07:30:00,0.268933333333
10/08/2014 07:45:00,0.4686
10/08/2014 08:00:00,0.223733333333
10/08/2014 08:15:00,0.203
10/08/2014 08:30:00,0.4208
10/08/2014 08:45:00,0.403066666667
10/08/2014 09:00:00,0.182333333333
10/08/2014 09:15:00,0.219933333333
10/08/2014 09:30:00,0.3692
10/08/2014 09:45:00,0.337
10/08/2014 10:00:00,0.110933333333
10/08/2014 10:15:00,0.4062
10/08/2014 10:30:00,0.433933333333
10/08/2014 10:45:00,0.2602
10/08/2014 11:00:00,0.579333333333
10/08/2014 11:15:00,0.391333333333
10/08/2014 11:30:00,0.227866666667
10/08/2014 11:45:00,0.637666666667
10/08/2014 12:00:00,0.325733333333
10/08/2014 12:15:00,0.348066666667
10/08/2014 12:30:00,0.568066666667
10/08/2014 12:45:00,0.236533333333
10/08/2014 13:00:00,0.6552
10/08/2014 13:15:00,0.2612
10/08/2014 13:30:00,0.5638
10/08/2014 13:45:00,0.382
10/08/2014 14:00:00,0.445933333333
10/08/2014 14:15:00,0.416266666667
10/08/2014 14:30:00,0.556466666667
10/08/2014 14:45:00,0.251466666667
10/08/2014 15:00:00,0.681733333333
10/08/2014 15:15:00,0.425266666667
10/08/2014 15:30:00,0.528666666667
10/08/2014 15:45:00,0.678866666667
10/08/2014 16:00:00,0.691733333333
10/08/2014 16:15:00,0.419933333333
10/08/2014 16:30:00,0.0
10/08/2014 16:45:00,0.0
10/08/2014 17:00:00,0.0
10/08/2014 17:15:00,0.335933333333
10/08/2014 17:30:00,0.725066666667
10/08/2014 17:45:00,0.710733333333
10/08/2014 18:00:00,0.726866666667
10/08/2014 18:15:00,0.727866666667
10/08/2014 18:30:00,0.7286
10/08/2014 18:45:00,0.727533333333
10/08/2014 19:00:00,0.730733333333
10/08/2014 19:15:00,0.730533333333
10/08/2014 19:30:00,0.733666666667
10/08/2014 19:45:00,0.406066666667
10/08/2014 20:00:00,0.715866666667
10/08/2014 20:15:00,0.673466666667
10/08/2014 20:30:00,0.689133333333
10/08/2014 20:45:00,0.6234
10/08/2014 21:00:00,0.363
10/08/2014 21:15:00,0.171466666667
10/08/2014 21:30:00,0.4926
10/08/2014 21:45:00,0.134
10/08/2014 22:00:00,0.01
10/08/2014 22:15:00,0.231066666667
10/08/2014 22:30:00,0.01
10/08/2014 22:45:00,0.253066666667
10/08/2014 23:00:00,0.0365333333333
10/08/2014 23:15:00,0.211266666667
10/08/2014 23:30:00,0.2422
10/08/2014 23:45:00,0.01
11/08/2014 00:00:00,0.2542
11/08/2014 00:15:00,0.01
11/08/2014 00:30:00,0.2746
11/08/2014 00:45:00,0.113
11/08/2014 01:00:00,0.132933333333
11/08/2014 01:15:00,0.00693333333333
11/08/2014 01:30:00,0.0102666666667
11/08/2014 01:45:00,0.0436
11/08/2014 02:00:00,0.206733333333
11/08/2014 02:15:00,0.0621333333333
11/08/2014 02:30:00,0.178533333333
11/08/2014 02:45:00,0.01
11/08/2014 03:00:00,0.250066666667
11/08/2014 03:15:00,0.01
11/08/2014 03:30:00,0.2226
11/08/2014 03:45:00,0.01
11/08/2014 04:00:00,0.0394666666667
11/08/2014 04:15:00,0.1898
11/08/2014 04:30:00,0.01
11/08/2014 04:45:00,0.215066666667
11/08/2014 05:00:00,0.522066666667
11/08/2014 05:15:00,0.6742
11/08/2014 05:30:00,0.4644
11/08/2014 05:45:00,0.402933333333
11/08/2014 06:00:00,0.195666666667
11/08/2014 06:15:00,0.545933333333
11/08/2014 06:30:00,0.3608
11/08/2014 06:45:00,0.226333333333
11/08/2014 07:00:00,0.496533333333
11/08/2014 07:15:00,0.336533333333
11/08/2014 07:30:00,0.1972
11/08/2014 07:45:00,0.3758
11/08/2014 08:00:00,0.417533333333
11/08/2014 08:15:00,0.247666666667
11/08/2014 08:30:00,0.189733333333
11/08/2014 08:45:00,0.388533333333
11/08/2014 09:00:00,0.376466666667
11/08/2014 09:15:00,0.144866666667
11/08/2014 09:30:00,0.276
11/08/2014 09:45:00,0.434266666667
11/08/2014 10:00:00,0.185733333333
11/08/2014 10:15:00,0.302533333333
11/08/2014 10:30:00,0.542
11/08/2014 10:45:00,0.2596
11/08/2014 11:00:00,0.511066666667
11/08/2014 11:15:00,0.432466666667
11/08/2014 11:30:00,0.2654
11/08/2014 11:45:00,0.672666666667
11/08/2014 12:00:00,0.234933333333
11/08/2014 12:15:00,0.541666666667
11/08/2014 12:30:00,0.417066666667
11/08/2014 12:45:00,0.364933333333
11/08/2014 13:00:00,0.5506
11/08/2014 13:15:00,0.2758
11/08/2014 13:30:00,0.606533333333
11/08/2014 13:45:00,0.356733333333
11/08/2014 14:00:00,0.551533333333
11/08/2014 14:15:00,0.5266
11/08/2014 14:30:00,0.324133333333
11/08/2014 14:45:00,0.700466666667
11/08/2014 15:00:00,0.712733333333
11/08/2014 15:15:00,0.2228
11/08/2014 15:30:00,0.717
11/08/2014 15:45:00,0.7106
11/08/2014 16:00:00,0.446733333333
11/08/2014 16:15:00,0.708733333333
11/08/2014 16:30:00,0.345866666667
11/08/2014 16:45:00,0.579466666667
11/08/2014 17:00:00,0.310266666667
11/08/2014 17:15:00,0.188866666667
11/08/2014 17:30:00,0.4278
11/08/2014 17:45:00,0.4382
11/08/2014 18:00:00,0.184333333333
11/08/2014 18:15:00,0.243266666667
11/08/2014 18:30:00,0.41
11/08/2014 18:45:00,0.365066666667
11/08/2014 19:00:00,0.171
11/08/2014 19:15:00,0.287133333333
11/08/2014 19:30:00,0.4006
11/08/2014 19:45:00,0.366066666667
11/08/2014 20:00:00,0.156666666667
11/08/2014 20:15:00,0.262533333333
11/08/2014 20:30:00,0.368933333333
11/08/2014 20:45:00,0.357133333333
11/08/2014 21:00:00,0.140066666667
11/08/2014 21:15:00,0.2166
11/08/2014 21:30:00,0.3412
11/08/2014 21:45:00,0.101266666667
11/08/2014 22:00:00,0.01
11/08/2014 22:15:00,0.01
11/08/2014 22:30:00,0.01
11/08/2014 22:45:00,0.01
11/08/2014 23:00:00,0.01
11/08/2014 23:15:00,0.01
11/08/2014 23:30:00,0.01
11/08/2014 23:45:00,0.01
12/08/2014 00:00:00,0.01
12/08/2014 00:15:00,0.01
12/08/2014 00:30:00,0.01
12/08/2014 00:45:00,0.01
12/08/2014 01:00:00,0.01
12/08/2014 01:15:00,0.01
12/08/2014 01:30:00,0.01
12/08/2014 01:45:00,0.01
12/08/2014 02:00:00,0.01
12/08/2014 02:15:00,0.01
12/08/2014 02:30:00,0.01
12/08/2014 02:45:00,0.01
12/08/2014 03:00:00,0.01
12/08/2014 03:15:00,0.01
12/08/2014 03:30:00,0.01
12/08/2014 03:45:00,0.01
12/08/2014 04:00:00,0.01
12/08/2014 04:15:00,0.01
12/08/2014 04:30:00,0.01
12/08/2014 04:45:00,0.01
12/08/2014 05:00:00,0.161866666667
12/08/2014 05:15:00,0.6874
12/08/2014 05:30:00,0.335533333333
12/08/2014 05:45:00,0.4462
12/08/2014 06:00:00,0.181133333333
12/08/2014 06:15:00,0.254866666667
12/08/2014 06:30:00,0.4278
12/08/2014 06:45:00,0.362933333333
12/08/2014 07:00:00,0.1478
12/08/2014 07:15:00,0.280133333333
12/08/2014 07:30:00,0.3448
12/08/2014 07:45:00,0.3414
12/08/2014 08:00:00,0.1334
12/08/2014 08:15:00,0.2106
12/08/2014 08:30:00,0.3428
12/08/2014 08:45:00,0.2832
12/08/2014 09:00:00,0.0857333333333
12/08/2014 09:15:00,0.259733333333
12/08/2014 09:30:00,0.288333333333
12/08/2014 09:45:00,0.248933333333
12/08/2014 10:00:00,0.0592
12/08/2014 10:15:00,0.327533333333
12/08/2014 10:30:00,0.350333333333
12/08/2014 10:45:00,0.1766
12/08/2014 11:00:00,0.190733333333
12/08/2014 11:15:00,0.3496
12/08/2014 11:30:00,0.353533333333
12/08/2014 11:45:00,0.241666666667
12/08/2014 12:00:00,0.371066666667
12/08/2014 12:15:00,0.540933333333
12/08/2014 12:30:00,0.2312
12/08/2014 12:45:00,0.414
12/08/2014 13:00:00,0.520866666667
12/08/2014 13:15:00,0.236266666667
12/08/2014 13:30:00,0.5836
12/08/2014 13:45:00,0.384066666667
12/08/2014 14:00:00,0.3082
12/08/2014 14:15:00,0.6342
12/08/2014 14:30:00,0.241533333333
12/08/2014 14:45:00,0.6264
12/08/2014 15:00:00,0.3496
12/08/2014 15:15:00,0.4512
12/08/2014 15:30:00,0.4662
12/08/2014 15:45:00,0.471866666667
12/08/2014 16:00:00,0.431733333333
12/08/2014 16:15:00,0.673666666667
12/08/2014 16:30:00,0.100533333333
12/08/2014 16:45:00,0.7134
12/08/2014 17:00:00,0.690466666667
12/08/2014 17:15:00,0.233666666667
12/08/2014 17:30:00,0.580933333333
12/08/2014 17:45:00,0.679133333333
12/08/2014 18:00:00,0.6962
12/08/2014 18:15:00,0.5168
12/08/2014 18:30:00,0.696533333333
12/08/2014 18:45:00,0.463933333333
12/08/2014 19:00:00,0.574333333333
12/08/2014 19:15:00,0.459066666667
12/08/2014 19:30:00,0.543533333333
12/08/2014 19:45:00,0.331466666667
12/08/2014 20:00:00,0.6526
12/08/2014 20:15:00,0.2346
12/08/2014 20:30:00,0.3792
12/08/2014 20:45:00,0.4876
12/08/2014 21:00:00,0.182466666667
12/08/2014 21:15:00,0.295533333333
12/08/2014 21:30:00,0.4418
12/08/2014 21:45:00,0.01
12/08/2014 22:00:00,0.01
12/08/2014 22:15:00,0.01
12/08/2014 22:30:00,0.237
12/08/2014 22:45:00,0.01
12/08/2014 23:00:00,0.231066666667
12/08/2014 23:15:00,0.0122666666667
12/08/2014 23:30:00,0.01
12/08/2014 23:45:00,0.2148
13/08/2014 00:00:00,0.01
13/08/2014 00:15:00,0.01
13/08/2014 00:30:00,0.0399333333333
13/08/2014 00:45:00,0.187333333333
13/08/2014 01:00:00,0.01
13/08/2014 01:15:00,0.01
13/08/2014 01:30:00,0.01
13/08/2014 01:45:00,0.01
13/08/2014 02:00:00,0.214
13/08/2014 02:15:00,0.01
13/08/2014 02:30:00,0.01
13/08/2014 02:45:00,0.01
13/08/2014 03:00:00,0.01
13/08/2014 03:15:00,0.01
13/08/2014 03:30:00,0.01
13/08/2014 03:45:00,0.01
13/08/2014 04:00:00,0.01
13/08/2014 04:15:00,0.01
13/08/2014 04:30:00,0.01
13/08/2014 04:45:00,0.01
13/08/2014 05:00:00,0.1834
13/08/2014 05:15:00,0.685666666667
13/08/2014 05:30:00,0.352866666667
13/08/2014 05:45:00,0.360733333333
13/08/2014 06:00:00,0.179133333333
13/08/2014 06:15:00,0.225733333333
13/08/2014 06:30:00,0.381133333333
13/08/2014 06:45:00,0.358733333333
13/08/2014 07:00:00,0.109
13/08/2014 07:15:00,0.2102
13/08/2014 07:30:00,0.3078
13/08/2014 07:45:00,0.307066666667
13/08/2014 08:00:00,0.0657333333333
13/08/2014 08:15:00,0.2514
13/08/2014 08:30:00,0.304733333333
13/08/2014 08:45:00,0.201866666667
13/08/2014 09:00:00,0.109666666667
13/08/2014 09:15:00,0.281466666667
13/08/2014 09:30:00,0.270666666667
13/08/2014 09:45:00,0.0696
13/08/2014 10:00:00,0.210933333333
13/08/2014 10:15:00,0.270266666667
13/08/2014 10:30:00,0.236333333333
13/08/2014 10:45:00,0.0972666666667
13/08/2014 11:00:00,0.322866666667
13/08/2014 11:15:00,0.326866666667
13/08/2014 11:30:00,0.106466666667
13/08/2014 11:45:00,0.2302
13/08/2014 12:00:00,0.324066666667
13/08/2014 12:15:00,0.3308
13/08/2014 12:30:00,0.214
13/08/2014 12:45:00,0.323
13/08/2014 13:00:00,0.528666666667
13/08/2014 13:15:00,0.265133333333
13/08/2014 13:30:00,0.186066666667
13/08/2014 13:45:00,0.355266666667
13/08/2014 14:00:00,0.413266666667
13/08/2014 14:15:00,0.2994
13/08/2014 14:30:00,0.635733333333
13/08/2014 14:45:00,0.2916
13/08/2014 15:00:00,0.4294
13/08/2014 15:15:00,0.493333333333
13/08/2014 15:30:00,0.247933333333
13/08/2014 15:45:00,0.693333333333
13/08/2014 16:00:00,0.243733333333
13/08/2014 16:15:00,0.662066666667
13/08/2014 16:30:00,0.592333333333
13/08/2014 16:45:00,0.7302
13/08/2014 17:00:00,0.7316
13/08/2014 17:15:00,0.729666666667
13/08/2014 17:30:00,0.7312
13/08/2014 17:45:00,0.733066666667
13/08/2014 18:00:00,0.732133333333
13/08/2014 18:15:00,0.732533333333
13/08/2014 18:30:00,0.6968
13/08/2014 18:45:00,0.734933333333
13/08/2014 19:00:00,0.735466666667
13/08/2014 19:15:00,0.735533333333
13/08/2014 19:30:00,0.719733333333
13/08/2014 19:45:00,0.7256
13/08/2014 20:00:00,0.6806
13/08/2014 20:15:00,0.2658
13/08/2014 20:30:00,0.7236
13/08/2014 20:45:00,0.350466666667
13/08/2014 21:00:00,0.556
13/08/2014 21:15:00,0.594933333333
13/08/2014 21:30:00,0.434066666667
13/08/2014 21:45:00,0.414066666667
13/08/2014 22:00:00,0.336333333333
13/08/2014 22:15:00,0.332266666667
13/08/2014 22:30:00,0.233066666667
13/08/2014 22:45:00,0.532933333333
13/08/2014 23:00:00,0.246333333333
13/08/2014 23:15:00,0.253866666667
13/08/2014 23:30:00,0.570133333333
13/08/2014 23:45:00,0.289
14/08/2014 00:00:00,0.2204
14/08/2014 00:15:00,0.322733333333
14/08/2014 00:30:00,0.336
14/08/2014 00:45:00,0.138
14/08/2014 01:00:00,0.3748
14/08/2014 01:15:00,0.294066666667
14/08/2014 01:30:00,0.225133333333
14/08/2014 01:45:00,0.125933333333
14/08/2014 02:00:00,0.2964
14/08/2014 02:15:00,0.295333333333
14/08/2014 02:30:00,0.210333333333
14/08/2014 02:45:00,0.0970666666667
14/08/2014 03:00:00,0.296066666667
14/08/2014 03:15:00,0.2974
14/08/2014 03:30:00,0.213533333333
14/08/2014 03:45:00,0.0930666666667
14/08/2014 04:00:00,0.2934
14/08/2014 04:15:00,0.2886
14/08/2014 04:30:00,0.1466
14/08/2014 04:45:00,0.144466666667
14/08/2014 05:00:00,0.280333333333
14/08/2014 05:15:00,0.229866666667
14/08/2014 05:30:00,0.0564666666667
14/08/2014 05:45:00,0.277866666667
14/08/2014 06:00:00,0.220333333333
14/08/2014 06:15:00,0.0532
14/08/2014 06:30:00,0.259066666667
14/08/2014 06:45:00,0.111333333333
14/08/2014 07:00:00,0.147533333333
14/08/2014 07:15:00,0.248533333333
14/08/2014 07:30:00,0.0923333333333
14/08/2014 07:45:00,0.166133333333
14/08/2014 08:00:00,0.247933333333
14/08/2014 08:15:00,0.0775333333333
14/08/2014 08:30:00,0.363133333333
14/08/2014 08:45:00,0.4226
14/08/2014 09:00:00,0.181
14/08/2014 09:15:00,0.345733333333
14/08/2014 09:30:00,0.5976
14/08/2014 09:45:00,0.2116
14/08/2014 10:00:00,0.396666666667
14/08/2014 10:15:00,0.621666666667
14/08/2014 10:30:00,0.359333333333
14/08/2014 10:45:00,0.372733333333
14/08/2014 11:00:00,0.733333333333
14/08/2014 11:15:00,0.378
14/08/2014 11:30:00,0.450333333333
14/08/2014 11:45:00,0.711533333333
14/08/2014 12:00:00,0.428666666667
14/08/2014 12:15:00,0.5786
14/08/2014 12:30:00,0.470733333333
14/08/2014 12:45:00,0.532733333333
14/08/2014 13:00:00,0.4712
14/08/2014 13:15:00,0.701466666667
14/08/2014 13:30:00,0.389333333333
14/08/2014 13:45:00,0.713533333333
14/08/2014 14:00:00,0.263533333333
14/08/2014 14:15:00,0.7284
14/08/2014 14:30:00,0.5308
14/08/2014 14:45:00,0.477266666667
14/08/2014 15:00:00,0.725133333333
14/08/2014 15:15:00,0.725866666667
14/08/2014 15:30:00,0.5232
14/08/2014 15:45:00,0.7304
14/08/2014 16:00:00,0.7314
14/08/2014 16:15:00,0.729266666667
14/08/2014 16:30:00,0.668266666667
14/08/2014 16:45:00,0.589933333333
14/08/2014 17:00:00,0.7292
14/08/2014 17:15:00,0.7258
14/08/2014 17:30:00,0.728666666667
14/08/2014 17:45:00,0.535
14/08/2014 18:00:00,0.718133333333
14/08/2014 18:15:00,0.701666666667
14/08/2014 18:30:00,0.703333333333
14/08/2014 18:45:00,0.723266666667
14/08/2014 19:00:00,0.712533333333
14/08/2014 19:15:00,0.699266666667
14/08/2014 19:30:00,0.374333333333
14/08/2014 19:45:00,0.695
14/08/2014 20:00:00,0.180266666667
14/08/2014 20:15:00,0.521866666667
14/08/2014 20:30:00,0.4754
14/08/2014 20:45:00,0.255066666667
14/08/2014 21:00:00,0.604333333333
14/08/2014 21:15:00,0.374
14/08/2014 21:30:00,0.690333333333
14/08/2014 21:45:00,0.2606
14/08/2014 22:00:00,0.683933333333
14/08/2014 22:15:00,0.3182
14/08/2014 22:30:00,0.496333333333
14/08/2014 22:45:00,0.5176
14/08/2014 23:00:00,0.230466666667
14/08/2014 23:15:00,0.679466666667
14/08/2014 23:30:00,0.275933333333
14/08/2014 23:45:00,0.423533333333
15/08/2014 00:00:00,0.524266666667
15/08/2014 00:15:00,0.210933333333
15/08/2014 00:30:00,0.493733333333
15/08/2014 00:45:00,0.423666666667
15/08/2014 01:00:00,0.1864
15/08/2014 01:15:00,0.287533333333
15/08/2014 01:30:00,0.347066666667
15/08/2014 01:45:00,0.171866666667
15/08/2014 02:00:00,0.165866666667
15/08/2014 02:15:00,0.300933333333
15/08/2014 02:30:00,0.3746
15/08/2014 02:45:00,0.2226
15/08/2014 03:00:00,0.327466666667
15/08/2014 03:15:00,0.2962
15/08/2014 03:30:00,0.370666666667
15/08/2014 03:45:00,0.1722
15/08/2014 04:00:00,0.203333333333
15/08/2014 04:15:00,0.2852
15/08/2014 04:30:00,0.2798
15/08/2014 04:45:00,0.0453333333333
15/08/2014 05:00:00,0.251333333333
15/08/2014 05:15:00,0.278066666667
15/08/2014 05:30:00,0.23
15/08/2014 05:45:00,0.0608666666667
15/08/2014 06:00:00,0.280733333333
15/08/2014 06:15:00,0.281333333333
15/08/2014 06:30:00,0.2004
15/08/2014 06:45:00,0.0897333333333
15/08/2014 07:00:00,0.307733333333
15/08/2014 07:15:00,0.284733333333
15/08/2014 07:30:00,0.1588
15/08/2014 07:45:00,0.1346
15/08/2014 08:00:00,0.4442
15/08/2014 08:15:00,0.3912
15/08/2014 08:30:00,0.206866666667
15/08/2014 08:45:00,0.301266666667
15/08/2014 09:00:00,0.433533333333
15/08/2014 09:15:00,0.366733333333
15/08/2014 09:30:00,0.2048
15/08/2014 09:45:00,0.375466666667
15/08/2014 10:00:00,0.468466666667
15/08/2014 10:15:00,0.332933333333
15/08/2014 10:30:00,0.2514
15/08/2014 10:45:00,0.5088
15/08/2014 11:00:00,0.491
15/08/2014 11:15:00,0.346
15/08/2014 11:30:00,0.543133333333
15/08/2014 11:45:00,0.6176
15/08/2014 12:00:00,0.424466666667
15/08/2014 12:15:00,0.739733333333
15/08/2014 12:30:00,0.471933333333
15/08/2014 12:45:00,0.74
15/08/2014 13:00:00,0.5668
15/08/2014 13:15:00,0.713533333333
15/08/2014 13:30:00,0.735066666667
15/08/2014 13:45:00,0.707666666667
15/08/2014 14:00:00,0.734466666667
15/08/2014 14:15:00,0.707466666667
15/08/2014 14:30:00,0.7204
15/08/2014 14:45:00,0.296066666667
15/08/2014 15:00:00,0.732066666667
15/08/2014 15:15:00,0.512733333333
15/08/2014 15:30:00,0.7296
15/08/2014 15:45:00,0.708266666667
15/08/2014 16:00:00,0.727
15/08/2014 16:15:00,0.7068
15/08/2014 16:30:00,0.726266666667
15/08/2014 16:45:00,0.5514
15/08/2014 17:00:00,0.5418
15/08/2014 17:15:00,0.431666666667
15/08/2014 17:30:00,0.7222
15/08/2014 17:45:00,0.7
15/08/2014 18:00:00,0.727266666667
15/08/2014 18:15:00,0.7018
15/08/2014 18:30:00,0.727733333333
15/08/2014 18:45:00,0.728533333333
15/08/2014 19:00:00,0.710133333333
15/08/2014 19:15:00,0.662466666667
15/08/2014 19:30:00,0.583
15/08/2014 19:45:00,0.732866666667
15/08/2014 20:00:00,0.431333333333
15/08/2014 20:15:00,0.7282
15/08/2014 20:30:00,0.369
15/08/2014 20:45:00,0.734266666667
15/08/2014 21:00:00,0.3998
15/08/2014 21:15:00,0.724933333333
15/08/2014 21:30:00,0.3828
15/08/2014 21:45:00,0.293
15/08/2014 22:00:00,0.671666666667
15/08/2014 22:15:00,0.2444
15/08/2014 22:30:00,0.693
15/08/2014 22:45:00,0.677733333333
15/08/2014 23:00:00,0.698466666667
15/08/2014 23:15:00,0.361066666667
15/08/2014 23:30:00,0.588933333333
15/08/2014 23:45:00,0.574066666667
16/08/2014 00:00:00,0.559066666667
16/08/2014 00:15:00,0.2946
16/08/2014 00:30:00,0.662266666667
16/08/2014 00:45:00,0.275333333333
16/08/2014 01:00:00,0.338466666667
16/08/2014 01:15:00,0.5744
16/08/2014 01:30:00,0.225266666667
16/08/2014 01:45:00,0.343066666667
16/08/2014 02:00:00,0.522733333333
16/08/2014 02:15:00,0.2322
16/08/2014 02:30:00,0.245933333333
16/08/2014 02:45:00,0.454466666667
16/08/2014 03:00:00,0.232333333333
16/08/2014 03:15:00,0.298533333333
16/08/2014 03:30:00,0.484466666667
16/08/2014 03:45:00,0.0833333333333
16/08/2014 04:00:00,0.522533333333
16/08/2014 04:15:00,0.206
16/08/2014 04:30:00,0.354066666667
16/08/2014 04:45:00,0.367
16/08/2014 05:00:00,0.200933333333
16/08/2014 05:15:00,0.536666666667
16/08/2014 05:30:00,0.198933333333
16/08/2014 05:45:00,0.323266666667
16/08/2014 06:00:00,0.510933333333
16/08/2014 06:15:00,0.01
16/08/2014 06:30:00,0.01
16/08/2014 06:45:00,0.01
16/08/2014 07:00:00,0.01
16/08/2014 07:15:00,0.01
16/08/2014 07:30:00,0.01
16/08/2014 07:45:00,0.01
16/08/2014 08:00:00,0.01
16/08/2014 08:15:00,0.385066666667
16/08/2014 08:30:00,0.543066666667
16/08/2014 08:45:00,0.0876
16/08/2014 09:00:00,0.4504
16/08/2014 09:15:00,0.4064
16/08/2014 09:30:00,0.1636
16/08/2014 09:45:00,0.5172
16/08/2014 10:00:00,0.425666666667
16/08/2014 10:15:00,0.2298
16/08/2014 10:30:00,0.608666666667
16/08/2014 10:45:00,0.417
16/08/2014 11:00:00,0.322533333333
16/08/2014 11:15:00,0.6254
16/08/2014 11:30:00,0.490533333333
16/08/2014 11:45:00,0.416066666667
16/08/2014 12:00:00,0.486266666667
16/08/2014 12:15:00,0.658466666667
16/08/2014 12:30:00,0.380266666667
16/08/2014 12:45:00,0.576133333333
16/08/2014 13:00:00,0.488066666667
16/08/2014 13:15:00,0.637933333333
16/08/2014 13:30:00,0.6784
16/08/2014 13:45:00,0.613933333333
16/08/2014 14:00:00,0.730533333333
16/08/2014 14:15:00,0.499533333333
16/08/2014 14:30:00,0.728466666667
16/08/2014 14:45:00,0.7296
16/08/2014 15:00:00,0.551933333333
16/08/2014 15:15:00,0.5316
16/08/2014 15:30:00,0.7248
16/08/2014 15:45:00,0.724733333333
16/08/2014 16:00:00,0.725266666667
16/08/2014 16:15:00,0.724733333333
16/08/2014 16:30:00,0.7246
16/08/2014 16:45:00,0.723133333333
16/08/2014 17:00:00,0.724
16/08/2014 17:15:00,0.7224
16/08/2014 17:30:00,0.724133333333
16/08/2014 17:45:00,0.7248
16/08/2014 18:00:00,0.721133333333
16/08/2014 18:15:00,0.721933333333
16/08/2014 18:30:00,0.721933333333
16/08/2014 18:45:00,0.7236
16/08/2014 19:00:00,0.7246
16/08/2014 19:15:00,0.727466666667
16/08/2014 19:30:00,0.729933333333
16/08/2014 19:45:00,0.7306
16/08/2014 20:00:00,0.7314
16/08/2014 20:15:00,0.732533333333
16/08/2014 20:30:00,0.729066666667
16/08/2014 20:45:00,0.701333333333
16/08/2014 21:00:00,0.7314
16/08/2014 21:15:00,0.684466666667
16/08/2014 21:30:00,0.706333333333
16/08/2014 21:45:00,0.7024
16/08/2014 22:00:00,0.681866666667
16/08/2014 22:15:00,0.6766
16/08/2014 22:30:00,0.702866666667
16/08/2014 22:45:00,0.6758
16/08/2014 23:00:00,0.318333333333
16/08/2014 23:15:00,0.344666666667
16/08/2014 23:30:00,0.577
16/08/2014 23:45:00,0.1968
17/08/2014 00:00:00,0.4732
17/08/2014 00:15:00,0.179533333333
17/08/2014 00:30:00,0.688466666667
17/08/2014 00:45:00,0.125066666667
17/08/2014 01:00:00,0.632133333333
17/08/2014 01:15:00,0.514466666667
17/08/2014 01:30:00,0.434533333333
17/08/2014 01:45:00,0.467133333333
17/08/2014 02:00:00,0.476133333333
17/08/2014 02:15:00,0.2278
17/08/2014 02:30:00,0.501533333333
17/08/2014 02:45:00,0.413666666667
17/08/2014 03:00:00,0.1734
17/08/2014 03:15:00,0.502666666667
17/08/2014 03:30:00,0.384866666667
17/08/2014 03:45:00,0.197733333333
17/08/2014 04:00:00,0.374
17/08/2014 04:15:00,0.440266666667
17/08/2014 04:30:00,0.119266666667
17/08/2014 04:45:00,0.3688
17/08/2014 05:00:00,0.378066666667
17/08/2014 05:15:00,0.1442
17/08/2014 05:30:00,0.514866666667
17/08/2014 05:45:00,0.184666666667
17/08/2014 06:00:00,0.351466666667
17/08/2014 06:15:00,0.390933333333
17/08/2014 06:30:00,0.0475333333333
17/08/2014 06:45:00,0.01
17/08/2014 07:00:00,0.01
17/08/2014 07:15:00,0.01
17/08/2014 07:30:00,0.01
17/08/2014 07:45:00,0.240466666667
17/08/2014 08:00:00,0.0100666666667
17/08/2014 08:15:00,0.228066666667
17/08/2014 08:30:00,0.0466
17/08/2014 08:45:00,0.344466666667
17/08/2014 09:00:00,0.01
17/08/2014 09:15:00,0.441533333333
17/08/2014 09:30:00,0.221733333333
17/08/2014 09:45:00,0.2298
17/08/2014 10:00:00,0.2948
17/08/2014 10:15:00,0.498466666667
17/08/2014 10:30:00,0.307133333333
17/08/2014 10:45:00,0.520466666667
17/08/2014 11:00:00,0.5236
17/08/2014 11:15:00,0.415266666667
17/08/2014 11:30:00,0.6122
17/08/2014 11:45:00,0.285866666667
17/08/2014 12:00:00,0.7318
17/08/2014 12:15:00,0.359333333333
17/08/2014 12:30:00,0.6856
17/08/2014 12:45:00,0.407066666667
17/08/2014 13:00:00,0.4538
17/08/2014 13:15:00,0.647
17/08/2014 13:30:00,0.372066666667
17/08/2014 13:45:00,0.692533333333
17/08/2014 14:00:00,0.440733333333
17/08/2014 14:15:00,0.467933333333
17/08/2014 14:30:00,0.618866666667
17/08/2014 14:45:00,0.486333333333
17/08/2014 15:00:00,0.590533333333
17/08/2014 15:15:00,0.601266666667
17/08/2014 15:30:00,0.576866666667
17/08/2014 15:45:00,0.724333333333
17/08/2014 16:00:00,0.545666666667
17/08/2014 16:15:00,0.727066666667
17/08/2014 16:30:00,0.698
17/08/2014 16:45:00,0.7072
17/08/2014 17:00:00,0.718466666667
17/08/2014 17:15:00,0.692333333333
17/08/2014 17:30:00,0.713266666667
17/08/2014 17:45:00,0.71
17/08/2014 18:00:00,0.694333333333
17/08/2014 18:15:00,0.7184
17/08/2014 18:30:00,0.71
17/08/2014 18:45:00,0.696466666667
17/08/2014 19:00:00,0.729933333333
17/08/2014 19:15:00,0.7024
17/08/2014 19:30:00,0.7006
17/08/2014 19:45:00,0.7184
17/08/2014 20:00:00,0.566933333333
17/08/2014 20:15:00,0.473666666667
17/08/2014 20:30:00,0.683133333333
17/08/2014 20:45:00,0.6956
17/08/2014 21:00:00,0.670066666667
17/08/2014 21:15:00,0.401066666667
17/08/2014 21:30:00,0.692933333333
17/08/2014 21:45:00,0.406066666667
17/08/2014 22:00:00,0.595933333333
17/08/2014 22:15:00,0.3652
17/08/2014 22:30:00,0.617533333333
17/08/2014 22:45:00,0.237933333333
17/08/2014 23:00:00,0.458533333333
17/08/2014 23:15:00,0.392466666667
17/08/2014 23:30:00,0.240533333333
17/08/2014 23:45:00,0.569066666667
18/08/2014 00:00:00,0.290666666667
18/08/2014 00:15:00,0.2638
18/08/2014 00:30:00,0.637666666667
18/08/2014 00:45:00,0.144466666667
18/08/2014 01:00:00,0.6818
18/08/2014 01:15:00,0.148266666667
18/08/2014 01:30:00,0.428466666667
18/08/2014 01:45:00,0.2486
18/08/2014 02:00:00,0.3932
18/08/2014 02:15:00,0.478133333333
18/08/2014 02:30:00,0.218733333333
18/08/2014 02:45:00,0.4396
18/08/2014 03:00:00,0.4186
18/08/2014 03:15:00,0.177933333333
18/08/2014 03:30:00,0.466466666667
18/08/2014 03:45:00,0.3866
18/08/2014 04:00:00,0.167
18/08/2014 04:15:00,0.346666666667
18/08/2014 04:30:00,0.4046
18/08/2014 04:45:00,0.273533333333
18/08/2014 05:00:00,0.116466666667
18/08/2014 05:15:00,0.378066666667
18/08/2014 05:30:00,0.380133333333
18/08/2014 05:45:00,0.111066666667
18/08/2014 06:00:00,0.3316
18/08/2014 06:15:00,0.4214
18/08/2014 06:30:00,0.175666666667
18/08/2014 06:45:00,0.0628666666667
18/08/2014 07:00:00,0.00986666666667
18/08/2014 07:15:00,0.2398
18/08/2014 07:30:00,0.01
18/08/2014 07:45:00,0.258
18/08/2014 08:00:00,0.0828666666667
18/08/2014 08:15:00,0.199933333333
18/08/2014 08:30:00,0.245933333333
18/08/2014 08:45:00,0.0106666666667
18/08/2014 09:00:00,0.290866666667
18/08/2014 09:15:00,0.321866666667
18/08/2014 09:30:00,0.0565333333333
18/08/2014 09:45:00,0.312533333333
18/08/2014 10:00:00,0.380666666667
18/08/2014 10:15:00,0.214866666667
18/08/2014 10:30:00,0.195066666667
18/08/2014 10:45:00,0.651333333333
18/08/2014 11:00:00,0.2594
18/08/2014 11:15:00,0.424266666667
18/08/2014 11:30:00,0.607866666667
18/08/2014 11:45:00,0.5732
18/08/2014 12:00:00,0.2952
18/08/2014 12:15:00,0.712266666667
18/08/2014 12:30:00,0.703733333333
18/08/2014 12:45:00,0.368933333333
18/08/2014 13:00:00,0.6948
18/08/2014 13:15:00,0.675866666667
18/08/2014 13:30:00,0.244333333333
18/08/2014 13:45:00,0.712333333333
18/08/2014 14:00:00,0.699933333333
18/08/2014 14:15:00,0.5736
18/08/2014 14:30:00,0.593133333333
18/08/2014 14:45:00,0.690733333333
18/08/2014 15:00:00,0.341133333333
18/08/2014 15:15:00,0.718533333333
18/08/2014 15:30:00,0.715533333333
18/08/2014 15:45:00,0.5364
18/08/2014 16:00:00,0.681333333333
18/08/2014 16:15:00,0.722333333333
18/08/2014 16:30:00,0.722066666667
18/08/2014 16:45:00,0.724
18/08/2014 17:00:00,0.703866666667
18/08/2014 17:15:00,0.723866666667
18/08/2014 17:30:00,0.7258
18/08/2014 17:45:00,0.705533333333
18/08/2014 18:00:00,0.727066666667
18/08/2014 18:15:00,0.706333333333
18/08/2014 18:30:00,0.728333333333
18/08/2014 18:45:00,0.7314
18/08/2014 19:00:00,0.708466666667
18/08/2014 19:15:00,0.731333333333
18/08/2014 19:30:00,0.508533333333
18/08/2014 19:45:00,0.6842
18/08/2014 20:00:00,0.522933333333
18/08/2014 20:15:00,0.396266666667
18/08/2014 20:30:00,0.616266666667
18/08/2014 20:45:00,0.382
18/08/2014 21:00:00,0.616133333333
18/08/2014 21:15:00,0.526866666667
18/08/2014 21:30:00,0.558866666667
18/08/2014 21:45:00,0.6818
18/08/2014 22:00:00,0.698533333333
18/08/2014 22:15:00,0.707333333333
18/08/2014 22:30:00,0.6744
18/08/2014 22:45:00,0.677933333333
18/08/2014 23:00:00,0.441733333333
18/08/2014 23:15:00,0.692933333333
18/08/2014 23:30:00,0.246466666667
18/08/2014 23:45:00,0.623333333333
19/08/2014 00:00:00,0.460866666667
19/08/2014 00:15:00,0.468133333333
19/08/2014 00:30:00,0.277266666667
19/08/2014 00:45:00,0.633
19/08/2014 01:00:00,0.256866666667
19/08/2014 01:15:00,0.422666666667
19/08/2014 01:30:00,0.523866666667
19/08/2014 01:45:00,0.2738
19/08/2014 02:00:00,0.6894
19/08/2014 02:15:00,0.2762
19/08/2014 02:30:00,0.2618
19/08/2014 02:45:00,0.478066666667
19/08/2014 03:00:00,0.292266666667
19/08/2014 03:15:00,0.171266666667
19/08/2014 03:30:00,0.417266666667
19/08/2014 03:45:00,0.387933333333
19/08/2014 04:00:00,0.127933333333
19/08/2014 04:15:00,0.2738
19/08/2014 04:30:00,0.482533333333
19/08/2014 04:45:00,0.179133333333
19/08/2014 05:00:00,0.274533333333
19/08/2014 05:15:00,0.440533333333
19/08/2014 05:30:00,0.1752
19/08/2014 05:45:00,0.2788
19/08/2014 06:00:00,0.287666666667
19/08/2014 06:15:00,0.0100666666667
19/08/2014 06:30:00,0.01
19/08/2014 06:45:00,0.00973333333333
19/08/2014 07:00:00,0.235933333333
19/08/2014 07:15:00,0.01
19/08/2014 07:30:00,0.229066666667
19/08/2014 07:45:00,0.01
19/08/2014 08:00:00,0.24
19/08/2014 08:15:00,0.01
19/08/2014 08:30:00,0.2396
19/08/2014 08:45:00,0.0373333333333
19/08/2014 09:00:00,0.213
19/08/2014 09:15:00,0.2406
19/08/2014 09:30:00,0.01
19/08/2014 09:45:00,0.2804
19/08/2014 10:00:00,0.290866666667
19/08/2014 10:15:00,0.1434
19/08/2014 10:30:00,0.544133333333
19/08/2014 10:45:00,0.562066666667
19/08/2014 11:00:00,0.347666666667
19/08/2014 11:15:00,0.475466666667
19/08/2014 11:30:00,0.644866666667
19/08/2014 11:45:00,0.348533333333
19/08/2014 12:00:00,0.4742
19/08/2014 12:15:00,0.651866666667
19/08/2014 12:30:00,0.431266666667
19/08/2014 12:45:00,0.464
19/08/2014 13:00:00,0.489466666667
19/08/2014 13:15:00,0.4018
19/08/2014 13:30:00,0.6344
19/08/2014 13:45:00,0.4888
19/08/2014 14:00:00,0.3912
19/08/2014 14:15:00,0.6428
19/08/2014 14:30:00,0.498466666667
19/08/2014 14:45:00,0.406533333333
19/08/2014 15:00:00,0.5792
19/08/2014 15:15:00,0.504466666667
19/08/2014 15:30:00,0.343
19/08/2014 15:45:00,0.708333333333
19/08/2014 16:00:00,0.348333333333
19/08/2014 16:15:00,0.6794
19/08/2014 16:30:00,0.3594
19/08/2014 16:45:00,0.443266666667
19/08/2014 17:00:00,0.530066666667
19/08/2014 17:15:00,0.570533333333
19/08/2014 17:30:00,0.3428
19/08/2014 17:45:00,0.697133333333
19/08/2014 18:00:00,0.7158
19/08/2014 18:15:00,0.697733333333
19/08/2014 18:30:00,0.635866666667
19/08/2014 18:45:00,0.496133333333
19/08/2014 19:00:00,0.4
19/08/2014 19:15:00,0.5036
19/08/2014 19:30:00,0.2556
19/08/2014 19:45:00,0.6918
19/08/2014 20:00:00,0.308
19/08/2014 20:15:00,0.549066666667
19/08/2014 20:30:00,0.6758
19/08/2014 20:45:00,0.703333333333
19/08/2014 21:00:00,0.672866666667
19/08/2014 21:15:00,0.701733333333
19/08/2014 21:30:00,0.674133333333
19/08/2014 21:45:00,0.563266666667
19/08/2014 22:00:00,0.585466666667
19/08/2014 22:15:00,0.485466666667
19/08/2014 22:30:00,0.444866666667
19/08/2014 22:45:00,0.305466666667
19/08/2014 23:00:00,0.621666666667
19/08/2014 23:15:00,0.2474
19/08/2014 23:30:00,0.3518
19/08/2014 23:45:00,0.517733333333
20/08/2014 00:00:00,0.188
20/08/2014 00:15:00,0.4382
20/08/2014 00:30:00,0.435933333333
20/08/2014 00:45:00,0.192666666667
20/08/2014 01:00:00,0.383
20/08/2014 01:15:00,0.461533333333
20/08/2014 01:30:00,0.230333333333
20/08/2014 01:45:00,0.214733333333
20/08/2014 02:00:00,0.422066666667
20/08/2014 02:15:00,0.304733333333
20/08/2014 02:30:00,0.1226
20/08/2014 02:45:00,0.470333333333
20/08/2014 03:00:00,0.265266666667
20/08/2014 03:15:00,0.231533333333
20/08/2014 03:30:00,0.437533333333
20/08/2014 03:45:00,0.183666666667
20/08/2014 04:00:00,0.309333333333
20/08/2014 04:15:00,0.440266666667
20/08/2014 04:30:00,0.0602
20/08/2014 04:45:00,0.4068
20/08/2014 05:00:00,0.335
20/08/2014 05:15:00,0.121733333333
20/08/2014 05:30:00,0.445933333333
20/08/2014 05:45:00,0.229333333333
20/08/2014 06:00:00,0.225333333333
20/08/2014 06:15:00,0.5134
20/08/2014 06:30:00,0.164333333333
20/08/2014 06:45:00,0.243333333333
20/08/2014 07:00:00,0.01
20/08/2014 07:15:00,0.01
20/08/2014 07:30:00,0.01
20/08/2014 07:45:00,0.01
20/08/2014 08:00:00,0.01
20/08/2014 08:15:00,0.01
20/08/2014 08:30:00,0.01
20/08/2014 08:45:00,0.275466666667
20/08/2014 09:00:00,0.173933333333
20/08/2014 09:15:00,0.4082
20/08/2014 09:30:00,0.101
20/08/2014 09:45:00,0.3236
20/08/2014 10:00:00,0.5408
20/08/2014 10:15:00,0.229733333333
20/08/2014 10:30:00,0.3976
20/08/2014 10:45:00,0.600266666667
20/08/2014 11:00:00,0.2776
20/08/2014 11:15:00,0.615866666667
20/08/2014 11:30:00,0.368066666667
20/08/2014 11:45:00,0.332933333333
20/08/2014 12:00:00,0.619333333333
20/08/2014 12:15:00,0.337533333333
20/08/2014 12:30:00,0.694866666667
20/08/2014 12:45:00,0.492733333333
20/08/2014 13:00:00,0.631866666667
20/08/2014 13:15:00,0.692266666667
20/08/2014 13:30:00,0.6822
20/08/2014 13:45:00,0.704
20/08/2014 14:00:00,0.697866666667
20/08/2014 14:15:00,0.6778
20/08/2014 14:30:00,0.6952
20/08/2014 14:45:00,0.5094
20/08/2014 15:00:00,0.522
20/08/2014 15:15:00,0.515333333333
20/08/2014 15:30:00,0.470933333333
20/08/2014 15:45:00,0.734533333333
20/08/2014 16:00:00,0.412666666667
20/08/2014 16:15:00,0.733733333333
20/08/2014 16:30:00,0.734333333333
20/08/2014 16:45:00,0.733466666667
20/08/2014 17:00:00,0.732066666667
20/08/2014 17:15:00,0.704866666667
20/08/2014 17:30:00,0.720666666667
20/08/2014 17:45:00,0.717666666667
20/08/2014 18:00:00,0.713466666667
20/08/2014 18:15:00,0.7026
20/08/2014 18:30:00,0.730933333333
20/08/2014 18:45:00,0.702866666667
20/08/2014 19:00:00,0.567333333333
20/08/2014 19:15:00,0.702933333333
20/08/2014 19:30:00,0.6924
20/08/2014 19:45:00,0.376066666667
20/08/2014 20:00:00,0.692933333333
20/08/2014 20:15:00,0.3266
20/08/2014 20:30:00,0.7008
20/08/2014 20:45:00,0.548533333333
20/08/2014 21:00:00,0.677866666667
20/08/2014 21:15:00,0.686133333333
20/08/2014 21:30:00,0.667533333333
20/08/2014 21:45:00,0.671666666667
20/08/2014 22:00:00,0.6716
20/08/2014 22:15:00,0.687066666667
20/08/2014 22:30:00,0.685333333333
20/08/2014 22:45:00,0.313133333333
20/08/2014 23:00:00,0.693933333333
20/08/2014 23:15:00,0.259866666667
20/08/2014 23:30:00,0.495
20/08/2014 23:45:00,0.380933333333
21/08/2014 00:00:00,0.2696
21/08/2014 00:15:00,0.6626
21/08/2014 00:30:00,0.123933333333
21/08/2014 00:45:00,0.674466666667
21/08/2014 01:00:00,0.167866666667
21/08/2014 01:15:00,0.5316
21/08/2014 01:30:00,0.179866666667
21/08/2014 01:45:00,0.413133333333
21/08/2014 02:00:00,0.3916
21/08/2014 02:15:00,0.5104
21/08/2014 02:30:00,0.217
21/08/2014 02:45:00,0.612933333333
21/08/2014 03:00:00,0.300866666667
21/08/2014 03:15:00,0.207333333333
21/08/2014 03:30:00,0.4616
21/08/2014 03:45:00,0.363333333333
21/08/2014 04:00:00,0.205333333333
21/08/2014 04:15:00,0.346733333333
21/08/2014 04:30:00,0.412533333333
21/08/2014 04:45:00,0.184533333333
21/08/2014 05:00:00,0.234533333333
21/08/2014 05:15:00,0.4686
21/08/2014 05:30:00,0.170333333333
21/08/2014 05:45:00,0.303466666667
21/08/2014 06:00:00,0.01
21/08/2014 06:15:00,0.01
21/08/2014 06:30:00,0.01
21/08/2014 06:45:00,0.00993333333333
21/08/2014 07:00:00,0.239333333333
21/08/2014 07:15:00,0.01
21/08/2014 07:30:00,0.231666666667
21/08/2014 07:45:00,0.01
21/08/2014 08:00:00,0.4196
21/08/2014 08:15:00,0.01
21/08/2014 08:30:00,0.4272
21/08/2014 08:45:00,0.4682
21/08/2014 09:00:00,0.213266666667
21/08/2014 09:15:00,0.674533333333
21/08/2014 09:30:00,0.3302
21/08/2014 09:45:00,0.575533333333
21/08/2014 10:00:00,0.149933333333
21/08/2014 10:15:00,0.7164
21/08/2014 10:30:00,0.369666666667
21/08/2014 10:45:00,0.687
21/08/2014 11:00:00,0.424333333333
21/08/2014 11:15:00,0.563733333333
21/08/2014 11:30:00,0.4836
21/08/2014 11:45:00,0.586333333333
21/08/2014 12:00:00,0.584533333333
21/08/2014 12:15:00,0.457066666667
21/08/2014 12:30:00,0.734533333333
21/08/2014 12:45:00,0.427933333333
21/08/2014 13:00:00,0.607
21/08/2014 13:15:00,0.536733333333
21/08/2014 13:30:00,0.549266666667
21/08/2014 13:45:00,0.355
21/08/2014 14:00:00,0.7288
21/08/2014 14:15:00,0.704533333333
21/08/2014 14:30:00,0.7308
21/08/2014 14:45:00,0.701066666667
21/08/2014 15:00:00,0.725066666667
21/08/2014 15:15:00,0.709133333333
21/08/2014 15:30:00,0.7274
21/08/2014 15:45:00,0.732066666667
21/08/2014 16:00:00,0.725933333333
21/08/2014 16:15:00,0.725266666667
21/08/2014 16:30:00,0.7328
21/08/2014 16:45:00,0.734466666667
21/08/2014 17:00:00,0.733333333333
21/08/2014 17:15:00,0.7314
21/08/2014 17:30:00,0.733866666667
21/08/2014 17:45:00,0.734066666667
21/08/2014 18:00:00,0.736133333333
21/08/2014 18:15:00,0.733666666667
21/08/2014 18:30:00,0.731466666667
21/08/2014 18:45:00,0.7336
21/08/2014 19:00:00,0.7356
21/08/2014 19:15:00,0.7258
21/08/2014 19:30:00,0.717866666667
21/08/2014 19:45:00,0.7208
21/08/2014 20:00:00,0.7142
21/08/2014 20:15:00,0.676533333333
21/08/2014 20:30:00,0.295
21/08/2014 20:45:00,0.6182
21/08/2014 21:00:00,0.4288
21/08/2014 21:15:00,0.6846
21/08/2014 21:30:00,0.7014
21/08/2014 21:45:00,0.702066666667
21/08/2014 22:00:00,0.679066666667
21/08/2014 22:15:00,0.674266666667
21/08/2014 22:30:00,0.700733333333
21/08/2014 22:45:00,0.675
21/08/2014 23:00:00,0.637533333333
21/08/2014 23:15:00,0.3842
21/08/2014 23:30:00,0.321733333333
21/08/2014 23:45:00,0.625733333333
22/08/2014 00:00:00,0.178933333333
22/08/2014 00:15:00,0.517066666667
22/08/2014 00:30:00,0.4038
22/08/2014 00:45:00,0.2056
22/08/2014 01:00:00,0.434933333333
22/08/2014 01:15:00,0.358933333333
22/08/2014 01:30:00,0.267466666667
22/08/2014 01:45:00,0.6296
22/08/2014 02:00:00,0.0566
22/08/2014 02:15:00,0.704133333333
22/08/2014 02:30:00,0.2802
22/08/2014 02:45:00,0.641666666667
22/08/2014 03:00:00,0.294666666667
22/08/2014 03:15:00,0.3948
22/08/2014 03:30:00,0.5316
22/08/2014 03:45:00,0.2328
22/08/2014 04:00:00,0.354066666667
22/08/2014 04:15:00,0.51
22/08/2014 04:30:00,0.231733333333
22/08/2014 04:45:00,0.274466666667
22/08/2014 05:00:00,0.455733333333
22/08/2014 05:15:00,0.322933333333
22/08/2014 05:30:00,0.180066666667
22/08/2014 05:45:00,0.338066666667
22/08/2014 06:00:00,0.246533333333
22/08/2014 06:15:00,0.01
22/08/2014 06:30:00,0.0100666666667
22/08/2014 06:45:00,0.01
22/08/2014 07:00:00,0.01
22/08/2014 07:15:00,0.236933333333
22/08/2014 07:30:00,0.01
22/08/2014 07:45:00,0.2626
22/08/2014 08:00:00,0.1916
22/08/2014 08:15:00,0.2782
22/08/2014 08:30:00,0.389733333333
22/08/2014 08:45:00,0.0956666666667
22/08/2014 09:00:00,0.505466666667
22/08/2014 09:15:00,0.195733333333
22/08/2014 09:30:00,0.391
22/08/2014 09:45:00,0.583666666667
22/08/2014 10:00:00,0.245333333333
22/08/2014 10:15:00,0.424
22/08/2014 10:30:00,0.6546
22/08/2014 10:45:00,0.4332
22/08/2014 11:00:00,0.346533333333
22/08/2014 11:15:00,0.6588
22/08/2014 11:30:00,0.4704
22/08/2014 11:45:00,0.443666666667
22/08/2014 12:00:00,0.730533333333
22/08/2014 12:15:00,0.302266666667
22/08/2014 12:30:00,0.7192
22/08/2014 12:45:00,0.405533333333
22/08/2014 13:00:00,0.735866666667
22/08/2014 13:15:00,0.4926
22/08/2014 13:30:00,0.733133333333
22/08/2014 13:45:00,0.480533333333
22/08/2014 14:00:00,0.731866666667
22/08/2014 14:15:00,0.502333333333
22/08/2014 14:30:00,0.7292
22/08/2014 14:45:00,0.496733333333
22/08/2014 15:00:00,0.728933333333
22/08/2014 15:15:00,0.508133333333
22/08/2014 15:30:00,0.735933333333
22/08/2014 15:45:00,0.734266666667
22/08/2014 16:00:00,0.734066666667
22/08/2014 16:15:00,0.734733333333
22/08/2014 16:30:00,0.708866666667
22/08/2014 16:45:00,0.7334
22/08/2014 17:00:00,0.710466666667
22/08/2014 17:15:00,0.7324
22/08/2014 17:30:00,0.7072
22/08/2014 17:45:00,0.5022
22/08/2014 18:00:00,0.732066666667
22/08/2014 18:15:00,0.7134
22/08/2014 18:30:00,0.725533333333
22/08/2014 18:45:00,0.701
22/08/2014 19:00:00,0.724933333333
22/08/2014 19:15:00,0.454133333333
22/08/2014 19:30:00,0.719133333333
22/08/2014 19:45:00,0.405266666667
22/08/2014 20:00:00,0.673866666667
22/08/2014 20:15:00,0.423066666667
22/08/2014 20:30:00,0.724733333333
22/08/2014 20:45:00,0.694266666667
22/08/2014 21:00:00,0.6874
22/08/2014 21:15:00,0.670733333333
22/08/2014 21:30:00,0.669333333333
22/08/2014 21:45:00,0.674733333333
22/08/2014 22:00:00,0.677266666667
22/08/2014 22:15:00,0.435
22/08/2014 22:30:00,0.607066666667
22/08/2014 22:45:00,0.255666666667
22/08/2014 23:00:00,0.545
22/08/2014 23:15:00,0.2964
22/08/2014 23:30:00,0.429266666667
22/08/2014 23:45:00,0.473133333333
23/08/2014 00:00:00,0.239266666667
23/08/2014 00:15:00,0.555266666667
23/08/2014 00:30:00,0.348133333333
23/08/2014 00:45:00,0.247266666667
23/08/2014 01:00:00,0.574066666667
23/08/2014 01:15:00,0.294
23/08/2014 01:30:00,0.254666666667
23/08/2014 01:45:00,0.522066666667
23/08/2014 02:00:00,0.0984666666667
23/08/2014 02:15:00,0.526333333333
23/08/2014 02:30:00,0.161333333333
23/08/2014 02:45:00,0.479266666667
23/08/2014 03:00:00,0.172266666667
23/08/2014 03:15:00,0.521733333333
23/08/2014 03:30:00,0.350666666667
23/08/2014 03:45:00,0.266533333333
23/08/2014 04:00:00,0.5668
23/08/2014 04:15:00,0.2326
23/08/2014 04:30:00,0.308466666667
23/08/2014 04:45:00,0.4466
23/08/2014 05:00:00,0.310533333333
23/08/2014 05:15:00,0.129933333333
23/08/2014 05:30:00,0.419866666667
23/08/2014 05:45:00,0.3706
23/08/2014 06:00:00,0.00993333333333
23/08/2014 06:15:00,0.01
23/08/2014 06:30:00,0.01
23/08/2014 06:45:00,0.00993333333333
23/08/2014 07:00:00,0.00926666666667
23/08/2014 07:15:00,0.00993333333333
23/08/2014 07:30:00,0.01
23/08/2014 07:45:00,0.01
23/08/2014 08:00:00,0.383933333333
23/08/2014 08:15:00,0.00973333333333
23/08/2014 08:30:00,0.463066666667
23/08/2014 08:45:00,0.104733333333
23/08/2014 09:00:00,0.4064
23/08/2014 09:15:00,0.418533333333
23/08/2014 09:30:00,0.112466666667
23/08/2014 09:45:00,0.496866666667
23/08/2014 10:00:00,0.322333333333
23/08/2014 10:15:00,0.2002
23/08/2014 10:30:00,0.567133333333
23/08/2014 10:45:00,0.3586
23/08/2014 11:00:00,0.2768
23/08/2014 11:15:00,0.661
23/08/2014 11:30:00,0.345466666667
23/08/2014 11:45:00,0.409666666667
23/08/2014 12:00:00,0.7286
23/08/2014 12:15:00,0.358933333333
23/08/2014 12:30:00,0.530133333333
23/08/2014 12:45:00,0.632266666667
23/08/2014 13:00:00,0.449666666667
23/08/2014 13:15:00,0.460066666667
23/08/2014 13:30:00,0.711866666667
23/08/2014 13:45:00,0.453933333333
23/08/2014 14:00:00,0.513866666667
23/08/2014 14:15:00,0.642733333333
23/08/2014 14:30:00,0.5328
23/08/2014 14:45:00,0.670133333333
23/08/2014 15:00:00,0.657866666667
23/08/2014 15:15:00,0.571066666667
23/08/2014 15:30:00,0.7248
23/08/2014 15:45:00,0.695666666667
23/08/2014 16:00:00,0.565533333333
23/08/2014 16:15:00,0.722466666667
23/08/2014 16:30:00,0.500666666667
23/08/2014 16:45:00,0.7186
23/08/2014 17:00:00,0.7164
23/08/2014 17:15:00,0.655866666667
23/08/2014 17:30:00,0.573533333333
23/08/2014 17:45:00,0.721266666667
23/08/2014 18:00:00,0.723933333333
23/08/2014 18:15:00,0.722666666667
23/08/2014 18:30:00,0.524066666667
23/08/2014 18:45:00,0.724
23/08/2014 19:00:00,0.7206
23/08/2014 19:15:00,0.723933333333
23/08/2014 19:30:00,0.727
23/08/2014 19:45:00,0.467866666667
23/08/2014 20:00:00,0.487733333333
23/08/2014 20:15:00,0.728533333333
23/08/2014 20:30:00,0.5494
23/08/2014 20:45:00,0.719666666667
23/08/2014 21:00:00,0.698
23/08/2014 21:15:00,0.678866666667
23/08/2014 21:30:00,0.6706
23/08/2014 21:45:00,0.688066666667
23/08/2014 22:00:00,0.682866666667
23/08/2014 22:15:00,0.6728
23/08/2014 22:30:00,0.327
23/08/2014 22:45:00,0.6124
23/08/2014 23:00:00,0.304333333333
23/08/2014 23:15:00,0.336
23/08/2014 23:30:00,0.503533333333
23/08/2014 23:45:00,0.207
24/08/2014 00:00:00,0.470666666667
24/08/2014 00:15:00,0.201866666667
24/08/2014 00:30:00,0.689
24/08/2014 00:45:00,0.0643333333333
24/08/2014 01:00:00,0.675466666667
24/08/2014 01:15:00,0.393
24/08/2014 01:30:00,0.577
24/08/2014 01:45:00,0.2324
24/08/2014 02:00:00,0.442333333333
24/08/2014 02:15:00,0.471266666667
24/08/2014 02:30:00,0.186066666667
24/08/2014 02:45:00,0.396266666667
24/08/2014 03:00:00,0.474266666667
24/08/2014 03:15:00,0.172066666667
24/08/2014 03:30:00,0.290866666667
24/08/2014 03:45:00,0.4152
24/08/2014 04:00:00,0.341266666667
24/08/2014 04:15:00,0.149666666667
24/08/2014 04:30:00,0.307733333333
24/08/2014 04:45:00,0.388666666667
24/08/2014 05:00:00,0.01
24/08/2014 05:15:00,0.01
24/08/2014 05:30:00,0.00993333333333
24/08/2014 05:45:00,0.00986666666667
24/08/2014 06:00:00,0.01
24/08/2014 06:15:00,0.123533333333
24/08/2014 06:30:00,0.130933333333
24/08/2014 06:45:00,0.184866666667
24/08/2014 07:00:00,0.0577333333333
24/08/2014 07:15:00,0.347733333333
24/08/2014 07:30:00,0.0848
24/08/2014 07:45:00,0.445866666667
24/08/2014 08:00:00,0.00993333333333
24/08/2014 08:15:00,0.475533333333
24/08/2014 08:30:00,0.247333333333
24/08/2014 08:45:00,0.222666666667
24/08/2014 09:00:00,0.454533333333
24/08/2014 09:15:00,0.3672
24/08/2014 09:30:00,0.3318
24/08/2014 09:45:00,0.501133333333
24/08/2014 10:00:00,0.3084
24/08/2014 10:15:00,0.413733333333
24/08/2014 10:30:00,0.606466666667
24/08/2014 10:45:00,0.274266666667
24/08/2014 11:00:00,0.712
24/08/2014 11:15:00,0.379933333333
24/08/2014 11:30:00,0.647266666667
24/08/2014 11:45:00,0.392266666667
24/08/2014 12:00:00,0.668866666667
24/08/2014 12:15:00,0.467066666667
24/08/2014 12:30:00,0.530333333333
24/08/2014 12:45:00,0.5654
24/08/2014 13:00:00,0.2744
24/08/2014 13:15:00,0.618066666667
24/08/2014 13:30:00,0.380866666667
24/08/2014 13:45:00,0.321866666667
24/08/2014 14:00:00,0.658133333333
24/08/2014 14:15:00,0.293066666667
24/08/2014 14:30:00,0.678666666667
24/08/2014 14:45:00,0.500666666667
24/08/2014 15:00:00,0.533333333333
24/08/2014 15:15:00,0.722266666667
24/08/2014 15:30:00,0.6924
24/08/2014 15:45:00,0.719733333333
24/08/2014 16:00:00,0.6924
24/08/2014 16:15:00,0.7064
24/08/2014 16:30:00,0.7018
24/08/2014 16:45:00,0.692333333333
24/08/2014 17:00:00,0.7162
24/08/2014 17:15:00,0.6912
24/08/2014 17:30:00,0.715066666667
24/08/2014 17:45:00,0.6888
24/08/2014 18:00:00,0.469
24/08/2014 18:15:00,0.690866666667
24/08/2014 18:30:00,0.238333333333
24/08/2014 18:45:00,0.715266666667
24/08/2014 19:00:00,0.7044
24/08/2014 19:15:00,0.4228
24/08/2014 19:30:00,0.702333333333
24/08/2014 19:45:00,0.338333333333
24/08/2014 20:00:00,0.576466666667
24/08/2014 20:15:00,0.589666666667
24/08/2014 20:30:00,0.297133333333
24/08/2014 20:45:00,0.554866666667
24/08/2014 21:00:00,0.6852
24/08/2014 21:15:00,0.706066666667
24/08/2014 21:30:00,0.7046
24/08/2014 21:45:00,0.672666666667
24/08/2014 22:00:00,0.704466666667
24/08/2014 22:15:00,0.693066666667
24/08/2014 22:30:00,0.682666666667
24/08/2014 22:45:00,0.673866666667
24/08/2014 23:00:00,0.516266666667
24/08/2014 23:15:00,0.614266666667
24/08/2014 23:30:00,0.261333333333
24/08/2014 23:45:00,0.625266666667
25/08/2014 00:00:00,0.285666666667
25/08/2014 00:15:00,0.677866666667
25/08/2014 00:30:00,0.2346
25/08/2014 00:45:00,0.5032
25/08/2014 01:00:00,0.411133333333
25/08/2014 01:15:00,0.262533333333
25/08/2014 01:30:00,0.592933333333
25/08/2014 01:45:00,0.258133333333
25/08/2014 02:00:00,0.306933333333
25/08/2014 02:15:00,0.5202
25/08/2014 02:30:00,0.300866666667
25/08/2014 02:45:00,0.196733333333
25/08/2014 03:00:00,0.469666666667
25/08/2014 03:15:00,0.408133333333
25/08/2014 03:30:00,0.183733333333
25/08/2014 03:45:00,0.316066666667
25/08/2014 04:00:00,0.427133333333
25/08/2014 04:15:00,0.0640666666667
25/08/2014 04:30:00,0.4522
25/08/2014 04:45:00,0.313533333333
25/08/2014 05:00:00,0.168266666667
25/08/2014 05:15:00,0.488533333333
25/08/2014 05:30:00,0.176866666667
25/08/2014 05:45:00,0.292933333333
25/08/2014 06:00:00,0.439533333333
25/08/2014 06:15:00,0.206
25/08/2014 06:30:00,0.276466666667
25/08/2014 06:45:00,0.4244
25/08/2014 07:00:00,0.01
25/08/2014 07:15:00,0.01
25/08/2014 07:30:00,0.01
25/08/2014 07:45:00,0.01
25/08/2014 08:00:00,0.00953333333333
25/08/2014 08:15:00,0.00953333333333
25/08/2014 08:30:00,0.01
25/08/2014 08:45:00,0.3062
25/08/2014 09:00:00,0.188933333333
25/08/2014 09:15:00,0.346466666667
25/08/2014 09:30:00,0.5336
25/08/2014 09:45:00,0.201333333333
25/08/2014 10:00:00,0.415866666667
25/08/2014 10:15:00,0.5158
25/08/2014 10:30:00,0.264066666667
25/08/2014 10:45:00,0.621666666667
25/08/2014 11:00:00,0.371866666667
25/08/2014 11:15:00,0.381
25/08/2014 11:30:00,0.616533333333
25/08/2014 11:45:00,0.3276
25/08/2014 12:00:00,0.643733333333
25/08/2014 12:15:00,0.438266666667
25/08/2014 12:30:00,0.400133333333
25/08/2014 12:45:00,0.723333333333
25/08/2014 13:00:00,0.441133333333
25/08/2014 13:15:00,0.4904
25/08/2014 13:30:00,0.722866666667
25/08/2014 13:45:00,0.500866666667
25/08/2014 14:00:00,0.551333333333
25/08/2014 14:15:00,0.693133333333
25/08/2014 14:30:00,0.329733333333
25/08/2014 14:45:00,0.7158
25/08/2014 15:00:00,0.715733333333
25/08/2014 15:15:00,0.532266666667
25/08/2014 15:30:00,0.725733333333
25/08/2014 15:45:00,0.724666666667
25/08/2014 16:00:00,0.726733333333
25/08/2014 16:15:00,0.5218
25/08/2014 16:30:00,0.726733333333
25/08/2014 16:45:00,0.726333333333
25/08/2014 17:00:00,0.727466666667
25/08/2014 17:15:00,0.726
25/08/2014 17:30:00,0.723933333333
25/08/2014 17:45:00,0.723466666667
25/08/2014 18:00:00,0.722266666667
25/08/2014 18:15:00,0.701533333333
25/08/2014 18:30:00,0.725333333333
25/08/2014 18:45:00,0.725
25/08/2014 19:00:00,0.706866666667
25/08/2014 19:15:00,0.729466666667
25/08/2014 19:30:00,0.706133333333
25/08/2014 19:45:00,0.704466666667
25/08/2014 20:00:00,0.479
25/08/2014 20:15:00,0.563266666667
25/08/2014 20:30:00,0.363933333333
25/08/2014 20:45:00,0.593466666667
25/08/2014 21:00:00,0.6948
25/08/2014 21:15:00,0.675933333333
25/08/2014 21:30:00,0.707
25/08/2014 21:45:00,0.689066666667
25/08/2014 22:00:00,0.6882
25/08/2014 22:15:00,0.700866666667
25/08/2014 22:30:00,0.669533333333
25/08/2014 22:45:00,0.700466666667
25/08/2014 23:00:00,0.564466666667
25/08/2014 23:15:00,0.453333333333
25/08/2014 23:30:00,0.208666666667
25/08/2014 23:45:00,0.6098
26/08/2014 00:00:00,0.254933333333
26/08/2014 00:15:00,0.4064
26/08/2014 00:30:00,0.5132
26/08/2014 00:45:00,0.2386
26/08/2014 01:00:00,0.614866666667
26/08/2014 01:15:00,0.224733333333
26/08/2014 01:30:00,0.560466666667
26/08/2014 01:45:00,0.205466666667
26/08/2014 02:00:00,0.448
26/08/2014 02:15:00,0.1752
26/08/2014 02:30:00,0.543466666667
26/08/2014 02:45:00,0.3772
26/08/2014 03:00:00,0.282266666667
26/08/2014 03:15:00,0.553866666667
26/08/2014 03:30:00,0.302466666667
26/08/2014 03:45:00,0.2044
26/08/2014 04:00:00,0.491666666667
26/08/2014 04:15:00,0.300066666667
26/08/2014 04:30:00,0.166533333333
26/08/2014 04:45:00,0.4392
26/08/2014 05:00:00,0.380266666667
26/08/2014 05:15:00,0.174466666667
26/08/2014 05:30:00,0.243666666667
26/08/2014 05:45:00,0.3706
26/08/2014 06:00:00,0.328133333333
26/08/2014 06:15:00,0.01
26/08/2014 06:30:00,0.0101333333333
26/08/2014 06:45:00,0.01
26/08/2014 07:00:00,0.01
26/08/2014 07:15:00,0.01
26/08/2014 07:30:00,0.01
26/08/2014 07:45:00,0.01
26/08/2014 08:00:00,0.01
26/08/2014 08:15:00,0.1292
26/08/2014 08:30:00,0.301466666667
26/08/2014 08:45:00,0.136733333333
26/08/2014 09:00:00,0.3334
26/08/2014 09:15:00,0.4672
26/08/2014 09:30:00,0.131133333333
26/08/2014 09:45:00,0.628266666667
26/08/2014 10:00:00,0.310066666667
26/08/2014 10:15:00,0.361533333333
26/08/2014 10:30:00,0.639066666667
26/08/2014 10:45:00,0.3074
26/08/2014 11:00:00,0.596533333333
26/08/2014 11:15:00,0.4408
26/08/2014 11:30:00,0.5318
26/08/2014 11:45:00,0.527866666667
26/08/2014 12:00:00,0.550266666667
26/08/2014 12:15:00,0.584933333333
26/08/2014 12:30:00,0.5604
26/08/2014 12:45:00,0.5786
26/08/2014 13:00:00,0.6388
26/08/2014 13:15:00,0.592666666667
26/08/2014 13:30:00,0.704466666667
26/08/2014 13:45:00,0.405133333333
26/08/2014 14:00:00,0.7262
26/08/2014 14:15:00,0.708933333333
26/08/2014 14:30:00,0.3554
26/08/2014 14:45:00,0.573
26/08/2014 15:00:00,0.720466666667
26/08/2014 15:15:00,0.720666666667
26/08/2014 15:30:00,0.7264
26/08/2014 15:45:00,0.725
26/08/2014 16:00:00,0.713733333333
26/08/2014 16:15:00,0.522933333333
26/08/2014 16:30:00,0.731666666667
26/08/2014 16:45:00,0.703933333333
26/08/2014 17:00:00,0.361933333333
26/08/2014 17:15:00,0.7298
26/08/2014 17:30:00,0.711466666667
26/08/2014 17:45:00,0.722266666667
26/08/2014 18:00:00,0.687866666667
26/08/2014 18:15:00,0.710466666667
26/08/2014 18:30:00,0.371666666667
26/08/2014 18:45:00,0.686333333333
26/08/2014 19:00:00,0.346866666667
26/08/2014 19:15:00,0.474733333333
26/08/2014 19:30:00,0.480933333333
26/08/2014 19:45:00,0.401533333333
26/08/2014 20:00:00,0.604866666667
26/08/2014 20:15:00,0.3098
26/08/2014 20:30:00,0.6358
26/08/2014 20:45:00,0.612
26/08/2014 21:00:00,0.692666666667
26/08/2014 21:15:00,0.677666666667
26/08/2014 21:30:00,0.698533333333
26/08/2014 21:45:00,0.671666666667
26/08/2014 22:00:00,0.437
26/08/2014 22:15:00,0.672933333333
26/08/2014 22:30:00,0.2582
26/08/2014 22:45:00,0.585533333333
26/08/2014 23:00:00,0.349133333333
26/08/2014 23:15:00,0.290133333333
26/08/2014 23:30:00,0.505066666667
26/08/2014 23:45:00,0.218466666667
27/08/2014 00:00:00,0.610066666667
27/08/2014 00:15:00,0.267266666667
27/08/2014 00:30:00,0.329133333333
27/08/2014 00:45:00,0.5356
27/08/2014 01:00:00,0.182733333333
27/08/2014 01:15:00,0.375333333333
27/08/2014 01:30:00,0.481
27/08/2014 01:45:00,0.175266666667
27/08/2014 02:00:00,0.303333333333
27/08/2014 02:15:00,0.426466666667
27/08/2014 02:30:00,0.312466666667
27/08/2014 02:45:00,0.106866666667
27/08/2014 03:00:00,0.410666666667
27/08/2014 03:15:00,0.322
27/08/2014 03:30:00,0.1482
27/08/2014 03:45:00,0.469133333333
27/08/2014 04:00:00,0.267466666667
27/08/2014 04:15:00,0.1822
27/08/2014 04:30:00,0.426
27/08/2014 04:45:00,0.2284
27/08/2014 05:00:00,0.211466666667
27/08/2014 05:15:00,0.429466666667
27/08/2014 05:30:00,0.189266666667
27/08/2014 05:45:00,0.2438
27/08/2014 06:00:00,0.418533333333
27/08/2014 06:15:00,0.271066666667
27/08/2014 06:30:00,0.154466666667
27/08/2014 06:45:00,0.23
27/08/2014 07:00:00,0.01
27/08/2014 07:15:00,0.01
27/08/2014 07:30:00,0.01
27/08/2014 07:45:00,0.00926666666667
27/08/2014 08:00:00,0.00986666666667
27/08/2014 08:15:00,0.01
27/08/2014 08:30:00,0.249333333333
27/08/2014 08:45:00,0.0102666666667
27/08/2014 09:00:00,0.496466666667
27/08/2014 09:15:00,0.167466666667
27/08/2014 09:30:00,0.344466666667
27/08/2014 09:45:00,0.399
27/08/2014 10:00:00,0.200133333333
27/08/2014 10:15:00,0.475333333333
27/08/2014 10:30:00,0.440133333333
27/08/2014 10:45:00,0.131733333333
27/08/2014 11:00:00,0.696133333333
27/08/2014 11:15:00,0.309133333333
27/08/2014 11:30:00,0.437666666667
27/08/2014 11:45:00,0.648866666667
27/08/2014 12:00:00,0.302466666667
27/08/2014 12:15:00,0.638666666667
27/08/2014 12:30:00,0.368266666667
27/08/2014 12:45:00,0.522466666667
27/08/2014 13:00:00,0.577266666667
27/08/2014 13:15:00,0.4376
27/08/2014 13:30:00,0.606066666667
27/08/2014 13:45:00,0.558133333333
27/08/2014 14:00:00,0.4404
27/08/2014 14:15:00,0.612466666667
27/08/2014 14:30:00,0.5364
27/08/2014 14:45:00,0.439933333333
27/08/2014 15:00:00,0.726333333333
27/08/2014 15:15:00,0.443266666667
27/08/2014 15:30:00,0.474
27/08/2014 15:45:00,0.665466666667
27/08/2014 16:00:00,0.3666
27/08/2014 16:15:00,0.716866666667
27/08/2014 16:30:00,0.349933333333
27/08/2014 16:45:00,0.723933333333
27/08/2014 17:00:00,0.3398
27/08/2014 17:15:00,0.710533333333
27/08/2014 17:30:00,0.518933333333
27/08/2014 17:45:00,0.449533333333
27/08/2014 18:00:00,0.7194
27/08/2014 18:15:00,0.697666666667
27/08/2014 18:30:00,0.6626
27/08/2014 18:45:00,0.436266666667
27/08/2014 19:00:00,0.704266666667
27/08/2014 19:15:00,0.342266666667
27/08/2014 19:30:00,0.728733333333
27/08/2014 19:45:00,0.477066666667
27/08/2014 20:00:00,0.718866666667
27/08/2014 20:15:00,0.501066666667
27/08/2014 20:30:00,0.436066666667
27/08/2014 20:45:00,0.713466666667
27/08/2014 21:00:00,0.7086
27/08/2014 21:15:00,0.6758
27/08/2014 21:30:00,0.673
27/08/2014 21:45:00,0.420533333333
27/08/2014 22:00:00,0.675266666667
27/08/2014 22:15:00,0.281533333333
27/08/2014 22:30:00,0.57
27/08/2014 22:45:00,0.344066666667
27/08/2014 23:00:00,0.337333333333
27/08/2014 23:15:00,0.568066666667
27/08/2014 23:30:00,0.2376
27/08/2014 23:45:00,0.395666666667
28/08/2014 00:00:00,0.482266666667
28/08/2014 00:15:00,0.215866666667
28/08/2014 00:30:00,0.3502
28/08/2014 00:45:00,0.473133333333
28/08/2014 01:00:00,0.3062
28/08/2014 01:15:00,0.209066666667
28/08/2014 01:30:00,0.407866666667
28/08/2014 01:45:00,0.432733333333
28/08/2014 02:00:00,0.250933333333
28/08/2014 02:15:00,0.186866666667
28/08/2014 02:30:00,0.393333333333
28/08/2014 02:45:00,0.3952
28/08/2014 03:00:00,0.1586
28/08/2014 03:15:00,0.2424
28/08/2014 03:30:00,0.3926
28/08/2014 03:45:00,0.236733333333
28/08/2014 04:00:00,0.160466666667
28/08/2014 04:15:00,0.391933333333
28/08/2014 04:30:00,0.3244
28/08/2014 04:45:00,0.111133333333
28/08/2014 05:00:00,0.397466666667
28/08/2014 05:15:00,0.389533333333
28/08/2014 05:30:00,0.2028
28/08/2014 05:45:00,0.196666666667
28/08/2014 06:00:00,0.4034
28/08/2014 06:15:00,0.3424
28/08/2014 06:30:00,0.0103333333333
28/08/2014 06:45:00,0.01
28/08/2014 07:00:00,0.01
28/08/2014 07:15:00,0.01
28/08/2014 07:30:00,0.01
28/08/2014 07:45:00,0.01
28/08/2014 08:00:00,0.01
28/08/2014 08:15:00,0.01
28/08/2014 08:30:00,0.123066666667
28/08/2014 08:45:00,0.164
28/08/2014 09:00:00,0.4432
28/08/2014 09:15:00,0.03
28/08/2014 09:30:00,0.4502
28/08/2014 09:45:00,0.419533333333
28/08/2014 10:00:00,0.16
28/08/2014 10:15:00,0.4612
28/08/2014 10:30:00,0.470333333333
28/08/2014 10:45:00,0.194066666667
28/08/2014 11:00:00,0.507133333333
28/08/2014 11:15:00,0.478
28/08/2014 11:30:00,0.270933333333
28/08/2014 11:45:00,0.5992
28/08/2014 12:00:00,0.413266666667
28/08/2014 12:15:00,0.325666666667
28/08/2014 12:30:00,0.6972
28/08/2014 12:45:00,0.3524
28/08/2014 13:00:00,0.6182
28/08/2014 13:15:00,0.5748
28/08/2014 13:30:00,0.429533333333
28/08/2014 13:45:00,0.7268
28/08/2014 14:00:00,0.489266666667
28/08/2014 14:15:00,0.7248
28/08/2014 14:30:00,0.5202
28/08/2014 14:45:00,0.7248
28/08/2014 15:00:00,0.725866666667
28/08/2014 15:15:00,0.505066666667
28/08/2014 15:30:00,0.7318
28/08/2014 15:45:00,0.5306
28/08/2014 16:00:00,0.675866666667
28/08/2014 16:15:00,0.730666666667
28/08/2014 16:30:00,0.476933333333
28/08/2014 16:45:00,0.732533333333
28/08/2014 17:00:00,0.669266666667
28/08/2014 17:15:00,0.530933333333
28/08/2014 17:30:00,0.725666666667
28/08/2014 17:45:00,0.467266666667
28/08/2014 18:00:00,0.727733333333
28/08/2014 18:15:00,0.705733333333
28/08/2014 18:30:00,0.528533333333
28/08/2014 18:45:00,0.7284
28/08/2014 19:00:00,0.730066666667
28/08/2014 19:15:00,0.462533333333
28/08/2014 19:30:00,0.7256
28/08/2014 19:45:00,0.5492
28/08/2014 20:00:00,0.712133333333
28/08/2014 20:15:00,0.6646
28/08/2014 20:30:00,0.359066666667
28/08/2014 20:45:00,0.648933333333
28/08/2014 21:00:00,0.140933333333
28/08/2014 21:15:00,0.492333333333
28/08/2014 21:30:00,0.476133333333
28/08/2014 21:45:00,0.2448
28/08/2014 22:00:00,0.5098
28/08/2014 22:15:00,0.6638
28/08/2014 22:30:00,0.664133333333
28/08/2014 22:45:00,0.6618
28/08/2014 23:00:00,0.520266666667
28/08/2014 23:15:00,0.437733333333
28/08/2014 23:30:00,0.669266666667
28/08/2014 23:45:00,0.289266666667
29/08/2014 00:00:00,0.621
29/08/2014 00:15:00,0.266066666667
29/08/2014 00:30:00,0.479
29/08/2014 00:45:00,0.4218
29/08/2014 01:00:00,0.261933333333
29/08/2014 01:15:00,0.613866666667
29/08/2014 01:30:00,0.184133333333
29/08/2014 01:45:00,0.409333333333
29/08/2014 02:00:00,0.4618
29/08/2014 02:15:00,0.200333333333
29/08/2014 02:30:00,0.351866666667
29/08/2014 02:45:00,0.456266666667
29/08/2014 03:00:00,0.184666666667
29/08/2014 03:15:00,0.259133333333
29/08/2014 03:30:00,0.396733333333
29/08/2014 03:45:00,0.379133333333
29/08/2014 04:00:00,0.1784
29/08/2014 04:15:00,0.202933333333
29/08/2014 04:30:00,0.3574
29/08/2014 04:45:00,0.3454
29/08/2014 05:00:00,0.101266666667
29/08/2014 05:15:00,0.277933333333
29/08/2014 05:30:00,0.410266666667
29/08/2014 05:45:00,0.222333333333
29/08/2014 06:00:00,0.148533333333
29/08/2014 06:15:00,0.2576
29/08/2014 06:30:00,0.01
29/08/2014 06:45:00,0.0101333333333
29/08/2014 07:00:00,0.00966666666667
29/08/2014 07:15:00,0.01
29/08/2014 07:30:00,0.01
29/08/2014 07:45:00,0.01
29/08/2014 08:00:00,0.01
29/08/2014 08:15:00,0.01
29/08/2014 08:30:00,0.00993333333333
29/08/2014 08:45:00,0.2426
29/08/2014 09:00:00,0.00993333333333
29/08/2014 09:15:00,0.249533333333
29/08/2014 09:30:00,0.221066666667
29/08/2014 09:45:00,0.0628666666667
29/08/2014 10:00:00,0.541866666667
29/08/2014 10:15:00,0.254
29/08/2014 10:30:00,0.290066666667
29/08/2014 10:45:00,0.567266666667
29/08/2014 11:00:00,0.232466666667
29/08/2014 11:15:00,0.319266666667
29/08/2014 11:30:00,0.558733333333
29/08/2014 11:45:00,0.3286
29/08/2014 12:00:00,0.247133333333
29/08/2014 12:15:00,0.639266666667
29/08/2014 12:30:00,0.290466666667
29/08/2014 12:45:00,0.3954
29/08/2014 13:00:00,0.636666666667
29/08/2014 13:15:00,0.338733333333
29/08/2014 13:30:00,0.475066666667
29/08/2014 13:45:00,0.614266666667
29/08/2014 14:00:00,0.383466666667
29/08/2014 14:15:00,0.541
29/08/2014 14:30:00,0.578866666667
29/08/2014 14:45:00,0.392133333333
29/08/2014 15:00:00,0.727266666667
29/08/2014 15:15:00,0.4406
29/08/2014 15:30:00,0.498066666667
29/08/2014 15:45:00,0.663266666667
29/08/2014 16:00:00,0.5966
29/08/2014 16:15:00,0.344266666667
29/08/2014 16:30:00,0.725533333333
29/08/2014 16:45:00,0.649533333333
29/08/2014 17:00:00,0.611333333333
29/08/2014 17:15:00,0.4826
29/08/2014 17:30:00,0.594466666667
29/08/2014 17:45:00,0.696
29/08/2014 18:00:00,0.401066666667
29/08/2014 18:15:00,0.696733333333
29/08/2014 18:30:00,0.309533333333
29/08/2014 18:45:00,0.473333333333
29/08/2014 19:00:00,0.4964
29/08/2014 19:15:00,0.273333333333
29/08/2014 19:30:00,0.539
29/08/2014 19:45:00,0.436
29/08/2014 20:00:00,0.2106
29/08/2014 20:15:00,0.477133333333
29/08/2014 20:30:00,0.466466666667
29/08/2014 20:45:00,0.2128
29/08/2014 21:00:00,0.553133333333
29/08/2014 21:15:00,0.679333333333
29/08/2014 21:30:00,0.3422
29/08/2014 21:45:00,0.649666666667
29/08/2014 22:00:00,0.6122
29/08/2014 22:15:00,0.375533333333
29/08/2014 22:30:00,0.421133333333
29/08/2014 22:45:00,0.517
29/08/2014 23:00:00,0.250066666667
29/08/2014 23:15:00,0.512533333333
29/08/2014 23:30:00,0.392333333333
29/08/2014 23:45:00,0.22
30/08/2014 00:00:00,0.486133333333
30/08/2014 00:15:00,0.3676
30/08/2014 00:30:00,0.1822
30/08/2014 00:45:00,0.418866666667
30/08/2014 01:00:00,0.419733333333
30/08/2014 01:15:00,0.153133333333
30/08/2014 01:30:00,0.301666666667
30/08/2014 01:45:00,0.406333333333
30/08/2014 02:00:00,0.290533333333
30/08/2014 02:15:00,0.148666666667
30/08/2014 02:30:00,0.311733333333
30/08/2014 02:45:00,0.342333333333
30/08/2014 03:00:00,0.2754
30/08/2014 03:15:00,0.0934666666667
30/08/2014 03:30:00,0.313066666667
30/08/2014 03:45:00,0.333066666667
30/08/2014 04:00:00,0.231866666667
30/08/2014 04:15:00,0.115733333333
30/08/2014 04:30:00,0.333933333333
30/08/2014 04:45:00,0.338
30/08/2014 05:00:00,0.190133333333
30/08/2014 05:15:00,0.1492
30/08/2014 05:30:00,0.3364
30/08/2014 05:45:00,0.330733333333
30/08/2014 06:00:00,0.01
30/08/2014 06:15:00,0.01
30/08/2014 06:30:00,0.01
30/08/2014 06:45:00,0.01
30/08/2014 07:00:00,0.01
30/08/2014 07:15:00,0.01
30/08/2014 07:30:00,0.01
30/08/2014 07:45:00,0.01
30/08/2014 08:00:00,0.00993333333333
30/08/2014 08:15:00,0.01
30/08/2014 08:30:00,0.2456
30/08/2014 08:45:00,0.01
30/08/2014 09:00:00,0.228866666667
30/08/2014 09:15:00,0.1064
30/08/2014 09:30:00,0.348533333333
30/08/2014 09:45:00,0.358266666667
30/08/2014 10:00:00,0.0552666666667
30/08/2014 10:15:00,0.458866666667
30/08/2014 10:30:00,0.252666666667
30/08/2014 10:45:00,0.215
30/08/2014 11:00:00,0.501866666667
30/08/2014 11:15:00,0.399666666667
30/08/2014 11:30:00,0.238066666667
30/08/2014 11:45:00,0.567066666667
30/08/2014 12:00:00,0.437
30/08/2014 12:15:00,0.363733333333
30/08/2014 12:30:00,0.450266666667
30/08/2014 12:45:00,0.6958
30/08/2014 13:00:00,0.307466666667
30/08/2014 13:15:00,0.727666666667
30/08/2014 13:30:00,0.441533333333
30/08/2014 13:45:00,0.449733333333
30/08/2014 14:00:00,0.7036
30/08/2014 14:15:00,0.415533333333
30/08/2014 14:30:00,0.729
30/08/2014 14:45:00,0.427
30/08/2014 15:00:00,0.690933333333
30/08/2014 15:15:00,0.508733333333
30/08/2014 15:30:00,0.470533333333
30/08/2014 15:45:00,0.72
30/08/2014 16:00:00,0.468133333333
30/08/2014 16:15:00,0.709
30/08/2014 16:30:00,0.477933333333
30/08/2014 16:45:00,0.700333333333
30/08/2014 17:00:00,0.420733333333
30/08/2014 17:15:00,0.4654
30/08/2014 17:30:00,0.724333333333
30/08/2014 17:45:00,0.248933333333
30/08/2014 18:00:00,0.731933333333
30/08/2014 18:15:00,0.731533333333
30/08/2014 18:30:00,0.707666666667
30/08/2014 18:45:00,0.709733333333
30/08/2014 19:00:00,0.47
30/08/2014 19:15:00,0.725866666667
30/08/2014 19:30:00,0.363333333333
30/08/2014 19:45:00,0.729066666667
30/08/2014 20:00:00,0.699533333333
30/08/2014 20:15:00,0.6898
30/08/2014 20:30:00,0.673066666667
30/08/2014 20:45:00,0.675733333333
30/08/2014 21:00:00,0.675733333333
30/08/2014 21:15:00,0.610666666667
30/08/2014 21:30:00,0.4036
30/08/2014 21:45:00,0.306133333333
30/08/2014 22:00:00,0.617
30/08/2014 22:15:00,0.2206
30/08/2014 22:30:00,0.695333333333
30/08/2014 22:45:00,0.272266666667
30/08/2014 23:00:00,0.586066666667
30/08/2014 23:15:00,0.170466666667
30/08/2014 23:30:00,0.690733333333
30/08/2014 23:45:00,0.2232
31/08/2014 00:00:00,0.538866666667
31/08/2014 00:15:00,0.376333333333
31/08/2014 00:30:00,0.232133333333
31/08/2014 00:45:00,0.549533333333
31/08/2014 01:00:00,0.285733333333
31/08/2014 01:15:00,0.2564
31/08/2014 01:30:00,0.491133333333
31/08/2014 01:45:00,0.290333333333
31/08/2014 02:00:00,0.177733333333
31/08/2014 02:15:00,0.423866666667
31/08/2014 02:30:00,0.4082
31/08/2014 02:45:00,0.201266666667
31/08/2014 03:00:00,0.189533333333
31/08/2014 03:15:00,0.366333333333
31/08/2014 03:30:00,0.362533333333
31/08/2014 03:45:00,0.115133333333
31/08/2014 04:00:00,0.256133333333
31/08/2014 04:15:00,0.3664
31/08/2014 04:30:00,0.256933333333
31/08/2014 04:45:00,0.114666666667
31/08/2014 05:00:00,0.363533333333
31/08/2014 05:15:00,0.3642
31/08/2014 05:30:00,0.134333333333
31/08/2014 05:45:00,0.237733333333
31/08/2014 06:00:00,0.363
31/08/2014 06:15:00,0.275866666667
31/08/2014 06:30:00,0.0966666666667
31/08/2014 06:45:00,0.377933333333
31/08/2014 07:00:00,0.274533333333
31/08/2014 07:15:00,0.01
31/08/2014 07:30:00,0.01
31/08/2014 07:45:00,0.01
31/08/2014 08:00:00,0.01
31/08/2014 08:15:00,0.01
31/08/2014 08:30:00,0.0100666666667
31/08/2014 08:45:00,0.01
31/08/2014 09:00:00,0.01
31/08/2014 09:15:00,0.01
31/08/2014 09:30:00,0.01
31/08/2014 09:45:00,0.256733333333
31/08/2014 10:00:00,0.01
31/08/2014 10:15:00,0.465933333333
31/08/2014 10:30:00,0.0332
31/08/2014 10:45:00,0.454333333333
31/08/2014 11:00:00,0.3268
31/08/2014 11:15:00,0.222666666667
31/08/2014 11:30:00,0.5808
31/08/2014 11:45:00,0.163066666667
31/08/2014 12:00:00,0.491266666667
31/08/2014 12:15:00,0.452933333333
31/08/2014 12:30:00,0.277066666667
31/08/2014 12:45:00,0.714333333333
31/08/2014 13:00:00,0.3244
31/08/2014 13:15:00,0.397866666667
31/08/2014 13:30:00,0.6532
31/08/2014 13:45:00,0.294333333333
31/08/2014 14:00:00,0.7018
31/08/2014 14:15:00,0.3336
31/08/2014 14:30:00,0.718866666667
31/08/2014 14:45:00,0.206466666667
31/08/2014 15:00:00,0.7302
31/08/2014 15:15:00,0.727133333333
31/08/2014 15:30:00,0.703533333333
31/08/2014 15:45:00,0.728466666667
31/08/2014 16:00:00,0.729
31/08/2014 16:15:00,0.64
31/08/2014 16:30:00,0.611333333333
31/08/2014 16:45:00,0.7112
31/08/2014 17:00:00,0.716666666667
31/08/2014 17:15:00,0.698466666667
31/08/2014 17:30:00,0.717533333333
31/08/2014 17:45:00,0.707666666667
31/08/2014 18:00:00,0.595066666667
31/08/2014 18:15:00,0.568133333333
31/08/2014 18:30:00,0.6992
31/08/2014 18:45:00,0.4124
31/08/2014 19:00:00,0.721266666667
31/08/2014 19:15:00,0.412466666667
31/08/2014 19:30:00,0.668066666667
31/08/2014 19:45:00,0.345533333333
31/08/2014 20:00:00,0.658066666667
31/08/2014 20:15:00,0.275133333333
31/08/2014 20:30:00,0.701066666667
31/08/2014 20:45:00,0.3258
31/08/2014 21:00:00,0.355
31/08/2014 21:15:00,0.620933333333
31/08/2014 21:30:00,0.278466666667
31/08/2014 21:45:00,0.357133333333
31/08/2014 22:00:00,0.618266666667
31/08/2014 22:15:00,0.676666666667
31/08/2014 22:30:00,0.576866666667
31/08/2014 22:45:00,0.5498
31/08/2014 23:00:00,0.2744
31/08/2014 23:15:00,0.612733333333
31/08/2014 23:30:00,0.522466666667
31/08/2014 23:45:00,0.4618
01/09/2014 00:00:00,0.428933333333
01/09/2014 00:15:00,0.354133333333
01/09/2014 00:30:00,0.4564
01/09/2014 00:45:00,0.2472
01/09/2014 01:00:00,0.591266666667
01/09/2014 01:15:00,0.2372
01/09/2014 01:30:00,0.3974
01/09/2014 01:45:00,0.5006
01/09/2014 02:00:00,0.172266666667
01/09/2014 02:15:00,0.381066666667
01/09/2014 02:30:00,0.4686
01/09/2014 02:45:00,0.187266666667
01/09/2014 03:00:00,0.2586
01/09/2014 03:15:00,0.6362
01/09/2014 03:30:00,0.386133333333
01/09/2014 03:45:00,0.404266666667
01/09/2014 04:00:00,0.654666666667
01/09/2014 04:15:00,0.245133333333
01/09/2014 04:30:00,0.42
01/09/2014 04:45:00,0.510933333333
01/09/2014 05:00:00,0.177933333333
01/09/2014 05:15:00,0.528133333333
01/09/2014 05:30:00,0.366533333333
01/09/2014 05:45:00,0.182466666667
01/09/2014 06:00:00,0.3482
01/09/2014 06:15:00,0.3382
01/09/2014 06:30:00,0.201266666667
01/09/2014 06:45:00,0.0149333333333
01/09/2014 07:00:00,0.01
01/09/2014 07:15:00,0.01
01/09/2014 07:30:00,0.01
01/09/2014 07:45:00,0.241266666667
01/09/2014 08:00:00,0.01
01/09/2014 08:15:00,0.2324
01/09/2014 08:30:00,0.01
01/09/2014 08:45:00,0.266
01/09/2014 09:00:00,0.2658
01/09/2014 09:15:00,0.145466666667
01/09/2014 09:30:00,0.381066666667
01/09/2014 09:45:00,0.549333333333
01/09/2014 10:00:00,0.2628
01/09/2014 10:15:00,0.631066666667
01/09/2014 10:30:00,0.350333333333
01/09/2014 10:45:00,0.396
01/09/2014 11:00:00,0.611733333333
01/09/2014 11:15:00,0.297466666667
01/09/2014 11:30:00,0.708533333333
01/09/2014 11:45:00,0.2836
01/09/2014 12:00:00,0.7048
01/09/2014 12:15:00,0.211666666667
01/09/2014 12:30:00,0.71
01/09/2014 12:45:00,0.375733333333
01/09/2014 13:00:00,0.656733333333
01/09/2014 13:15:00,0.703466666667
01/09/2014 13:30:00,0.4236
01/09/2014 13:45:00,0.4232
01/09/2014 14:00:00,0.231666666667
01/09/2014 14:15:00,0.304466666667
01/09/2014 14:30:00,0.570066666667
01/09/2014 14:45:00,0.165066666667
01/09/2014 15:00:00,0.706933333333
01/09/2014 15:15:00,0.524933333333
01/09/2014 15:30:00,0.562
01/09/2014 15:45:00,0.689066666667
01/09/2014 16:00:00,0.229866666667
01/09/2014 16:15:00,0.7178
01/09/2014 16:30:00,0.716533333333
01/09/2014 16:45:00,0.6918
01/09/2014 17:00:00,0.715666666667
01/09/2014 17:15:00,0.6908
01/09/2014 17:30:00,0.718133333333
01/09/2014 17:45:00,0.6954
01/09/2014 18:00:00,0.705866666667
01/09/2014 18:15:00,0.706666666667
01/09/2014 18:30:00,0.693066666667
01/09/2014 18:45:00,0.712
01/09/2014 19:00:00,0.5938
01/09/2014 19:15:00,0.600133333333
01/09/2014 19:30:00,0.476466666667
01/09/2014 19:45:00,0.596333333333
01/09/2014 20:00:00,0.365333333333
01/09/2014 20:15:00,0.6526
01/09/2014 20:30:00,0.275
01/09/2014 20:45:00,0.695733333333
01/09/2014 21:00:00,0.565533333333
01/09/2014 21:15:00,0.682933333333
01/09/2014 21:30:00,0.683666666667
01/09/2014 21:45:00,0.670066666667
01/09/2014 22:00:00,0.6722
01/09/2014 22:15:00,0.709933333333
01/09/2014 22:30:00,0.677666666667
01/09/2014 22:45:00,0.7036
01/09/2014 23:00:00,0.439866666667
01/09/2014 23:15:00,0.6854
01/09/2014 23:30:00,0.319733333333
01/09/2014 23:45:00,0.6908
02/09/2014 00:00:00,0.298333333333
02/09/2014 00:15:00,0.598266666667
02/09/2014 00:30:00,0.372733333333
02/09/2014 00:45:00,0.4322
02/09/2014 01:00:00,0.518666666667
02/09/2014 01:15:00,0.2576
02/09/2014 01:30:00,0.622
02/09/2014 01:45:00,0.329666666667
02/09/2014 02:00:00,0.247066666667
02/09/2014 02:15:00,0.455733333333
02/09/2014 02:30:00,0.3558
02/09/2014 02:45:00,0.179266666667
02/09/2014 03:00:00,0.291666666667
02/09/2014 03:15:00,0.4062
02/09/2014 03:30:00,0.204266666667
02/09/2014 03:45:00,0.2812
02/09/2014 04:00:00,0.4706
02/09/2014 04:15:00,0.210066666667
02/09/2014 04:30:00,0.2876
02/09/2014 04:45:00,0.478133333333
02/09/2014 05:00:00,0.179133333333
02/09/2014 05:15:00,0.267333333333
02/09/2014 05:30:00,0.472133333333
02/09/2014 05:45:00,0.1366
02/09/2014 06:00:00,0.3206
02/09/2014 06:15:00,0.4344
02/09/2014 06:30:00,0.0988
02/09/2014 06:45:00,0.172733333333
02/09/2014 07:00:00,0.01
02/09/2014 07:15:00,0.01
02/09/2014 07:30:00,0.01
02/09/2014 07:45:00,0.01
02/09/2014 08:00:00,0.01
02/09/2014 08:15:00,0.01
02/09/2014 08:30:00,0.01
02/09/2014 08:45:00,0.01
02/09/2014 09:00:00,0.387133333333
02/09/2014 09:15:00,0.301066666667
02/09/2014 09:30:00,0.1814
02/09/2014 09:45:00,0.479533333333
02/09/2014 10:00:00,0.212866666667
02/09/2014 10:15:00,0.316666666667
02/09/2014 10:30:00,0.5136
02/09/2014 10:45:00,0.204333333333
02/09/2014 11:00:00,0.4388
02/09/2014 11:15:00,0.524333333333
02/09/2014 11:30:00,0.264333333333
02/09/2014 11:45:00,0.564333333333
02/09/2014 12:00:00,0.481666666667
02/09/2014 12:15:00,0.333466666667
02/09/2014 12:30:00,0.687866666667
02/09/2014 12:45:00,0.458866666667
02/09/2014 13:00:00,0.479466666667
02/09/2014 13:15:00,0.574533333333
02/09/2014 13:30:00,0.428533333333
02/09/2014 13:45:00,0.620333333333
02/09/2014 14:00:00,0.487066666667
02/09/2014 14:15:00,0.606266666667
02/09/2014 14:30:00,0.565666666667
02/09/2014 14:45:00,0.5468
02/09/2014 15:00:00,0.600066666667
02/09/2014 15:15:00,0.5308
02/09/2014 15:30:00,0.676666666667
02/09/2014 15:45:00,0.6982
02/09/2014 16:00:00,0.526866666667
02/09/2014 16:15:00,0.721466666667
02/09/2014 16:30:00,0.5064
02/09/2014 16:45:00,0.720533333333
02/09/2014 17:00:00,0.713333333333
02/09/2014 17:15:00,0.4902
02/09/2014 17:30:00,0.400066666667
02/09/2014 17:45:00,0.724666666667
02/09/2014 18:00:00,0.7264
02/09/2014 18:15:00,0.492466666667
02/09/2014 18:30:00,0.654466666667
02/09/2014 18:45:00,0.624533333333
02/09/2014 19:00:00,0.561866666667
02/09/2014 19:15:00,0.5842
02/09/2014 19:30:00,0.6764
02/09/2014 19:45:00,0.2656
02/09/2014 20:00:00,0.623266666667
02/09/2014 20:15:00,0.6444
02/09/2014 20:30:00,0.3568
02/09/2014 20:45:00,0.593533333333
02/09/2014 21:00:00,0.4064
02/09/2014 21:15:00,0.668533333333
02/09/2014 21:30:00,0.3928
02/09/2014 21:45:00,0.467
02/09/2014 22:00:00,0.676333333333
02/09/2014 22:15:00,0.430266666667
02/09/2014 22:30:00,0.462266666667
02/09/2014 22:45:00,0.496733333333
02/09/2014 23:00:00,0.249866666667
02/09/2014 23:15:00,0.5228
02/09/2014 23:30:00,0.394866666667
02/09/2014 23:45:00,0.226066666667
03/09/2014 00:00:00,0.549666666667
03/09/2014 00:15:00,0.364933333333
03/09/2014 00:30:00,0.204733333333
03/09/2014 00:45:00,0.469866666667
03/09/2014 01:00:00,0.4032
03/09/2014 01:15:00,0.0969333333333
03/09/2014 01:30:00,0.492133333333
03/09/2014 01:45:00,0.1826
03/09/2014 02:00:00,0.362133333333
03/09/2014 02:15:00,0.379933333333
03/09/2014 02:30:00,0.142933333333
03/09/2014 02:45:00,0.5372
03/09/2014 03:00:00,0.149066666667
03/09/2014 03:15:00,0.3684
03/09/2014 03:30:00,0.5112
03/09/2014 03:45:00,0.229866666667
03/09/2014 04:00:00,0.261333333333
03/09/2014 04:15:00,0.365533333333
03/09/2014 04:30:00,0.367466666667
03/09/2014 04:45:00,0.117133333333
03/09/2014 05:00:00,0.330733333333
03/09/2014 05:15:00,0.366
03/09/2014 05:30:00,0.209666666667
03/09/2014 05:45:00,0.1498
03/09/2014 06:00:00,0.331933333333
03/09/2014 06:15:00,0.303933333333
03/09/2014 06:30:00,0.01
03/09/2014 06:45:00,0.01
03/09/2014 07:00:00,0.01
03/09/2014 07:15:00,0.01
03/09/2014 07:30:00,0.01
03/09/2014 07:45:00,0.01
03/09/2014 08:00:00,0.01
03/09/2014 08:15:00,0.01
03/09/2014 08:30:00,0.00986666666667
03/09/2014 08:45:00,0.01
03/09/2014 09:00:00,0.01
03/09/2014 09:15:00,0.01
03/09/2014 09:30:00,0.454333333333
03/09/2014 09:45:00,0.0586
03/09/2014 10:00:00,0.363933333333
03/09/2014 10:15:00,0.371933333333
03/09/2014 10:30:00,0.1546
03/09/2014 10:45:00,0.524866666667
03/09/2014 11:00:00,0.187066666667
03/09/2014 11:15:00,0.3256
03/09/2014 11:30:00,0.5254
03/09/2014 11:45:00,0.2504
03/09/2014 12:00:00,0.2858
03/09/2014 12:15:00,0.550066666667
03/09/2014 12:30:00,0.408066666667
03/09/2014 12:45:00,0.331533333333
03/09/2014 13:00:00,0.4182
03/09/2014 13:15:00,0.601666666667
03/09/2014 13:30:00,0.4242
03/09/2014 13:45:00,0.423666666667
03/09/2014 14:00:00,0.418333333333
03/09/2014 14:15:00,0.556866666667
03/09/2014 14:30:00,0.314333333333
03/09/2014 14:45:00,0.726
03/09/2014 15:00:00,0.428266666667
03/09/2014 15:15:00,0.588133333333
03/09/2014 15:30:00,0.557133333333
03/09/2014 15:45:00,0.4916
03/09/2014 16:00:00,0.6746
03/09/2014 16:15:00,0.5076
03/09/2014 16:30:00,0.678533333333
03/09/2014 16:45:00,0.698133333333
03/09/2014 17:00:00,0.372333333333
03/09/2014 17:15:00,0.723533333333
03/09/2014 17:30:00,0.695866666667
03/09/2014 17:45:00,0.699266666667
03/09/2014 18:00:00,0.7194
03/09/2014 18:15:00,0.703866666667
03/09/2014 18:30:00,0.684333333333
03/09/2014 18:45:00,0.434533333333
03/09/2014 19:00:00,0.6968
03/09/2014 19:15:00,0.333
03/09/2014 19:30:00,0.556733333333
03/09/2014 19:45:00,0.419933333333
03/09/2014 20:00:00,0.323066666667
03/09/2014 20:15:00,0.6156
03/09/2014 20:30:00,0.249266666667
03/09/2014 20:45:00,0.6872
03/09/2014 21:00:00,0.694133333333
03/09/2014 21:15:00,0.677333333333
03/09/2014 21:30:00,0.671866666667
03/09/2014 21:45:00,0.422333333333
03/09/2014 22:00:00,0.682266666667
03/09/2014 22:15:00,0.265333333333
03/09/2014 22:30:00,0.627
03/09/2014 22:45:00,0.3108
03/09/2014 23:00:00,0.368133333333
03/09/2014 23:15:00,0.581866666667
03/09/2014 23:30:00,0.155
03/09/2014 23:45:00,0.456933333333
04/09/2014 00:00:00,0.4184
04/09/2014 00:15:00,0.188733333333
04/09/2014 00:30:00,0.528133333333
04/09/2014 00:45:00,0.351666666667
04/09/2014 01:00:00,0.159533333333
04/09/2014 01:15:00,0.472
04/09/2014 01:30:00,0.3802
04/09/2014 01:45:00,0.153733333333
04/09/2014 02:00:00,0.333533333333
04/09/2014 02:15:00,0.3902
04/09/2014 02:30:00,0.2674
04/09/2014 02:45:00,0.115333333333
04/09/2014 03:00:00,0.3742
04/09/2014 03:15:00,0.374333333333
04/09/2014 03:30:00,0.1142
04/09/2014 03:45:00,0.3116
04/09/2014 04:00:00,0.3692
04/09/2014 04:15:00,0.240466666667
04/09/2014 04:30:00,0.205
04/09/2014 04:45:00,0.381066666667
04/09/2014 05:00:00,0.331
04/09/2014 05:15:00,0.131933333333
04/09/2014 05:30:00,0.385733333333
04/09/2014 05:45:00,0.388133333333
04/09/2014 06:00:00,0.113666666667
04/09/2014 06:15:00,0.285266666667
04/09/2014 06:30:00,0.5092
04/09/2014 06:45:00,0.0106
04/09/2014 07:00:00,0.01
04/09/2014 07:15:00,0.01
04/09/2014 07:30:00,0.01
04/09/2014 07:45:00,0.0094
04/09/2014 08:00:00,0.01
04/09/2014 08:15:00,0.00993333333333
04/09/2014 08:30:00,0.01
04/09/2014 08:45:00,0.0098
04/09/2014 09:00:00,0.00986666666667
04/09/2014 09:15:00,0.243266666667
04/09/2014 09:30:00,0.0262
04/09/2014 09:45:00,0.422066666667
04/09/2014 10:00:00,0.0101333333333
04/09/2014 10:15:00,0.456
04/09/2014 10:30:00,0.239533333333
04/09/2014 10:45:00,0.190666666667
04/09/2014 11:00:00,0.281933333333
04/09/2014 11:15:00,0.4572
04/09/2014 11:30:00,0.286933333333
04/09/2014 11:45:00,0.346933333333
04/09/2014 12:00:00,0.621066666667
04/09/2014 12:15:00,0.3476
04/09/2014 12:30:00,0.3218
04/09/2014 12:45:00,0.6834
04/09/2014 13:00:00,0.3264
04/09/2014 13:15:00,0.637533333333
04/09/2014 13:30:00,0.346333333333
04/09/2014 13:45:00,0.570333333333
04/09/2014 14:00:00,0.518
04/09/2014 14:15:00,0.3746
04/09/2014 14:30:00,0.7162
04/09/2014 14:45:00,0.348133333333
04/09/2014 15:00:00,0.315733333333
04/09/2014 15:15:00,0.499466666667
04/09/2014 15:30:00,0.334666666667
04/09/2014 15:45:00,0.192933333333
04/09/2014 16:00:00,0.512666666667
04/09/2014 16:15:00,0.348666666667
04/09/2014 16:30:00,0.1674
04/09/2014 16:45:00,0.517
04/09/2014 17:00:00,0.4782
04/09/2014 17:15:00,0.276533333333
04/09/2014 17:30:00,0.286
04/09/2014 17:45:00,0.620733333333
04/09/2014 18:00:00,0.3774
04/09/2014 18:15:00,0.348133333333
04/09/2014 18:30:00,0.639133333333
04/09/2014 18:45:00,0.320266666667
04/09/2014 19:00:00,0.397733333333
04/09/2014 19:15:00,0.600066666667
04/09/2014 19:30:00,0.268466666667
04/09/2014 19:45:00,0.355333333333
04/09/2014 20:00:00,0.504266666667
04/09/2014 20:15:00,0.3352
04/09/2014 20:30:00,0.181266666667
04/09/2014 20:45:00,0.4562
04/09/2014 21:00:00,0.317733333333
04/09/2014 21:15:00,0.405
04/09/2014 21:30:00,0.5516
04/09/2014 21:45:00,0.3336
04/09/2014 22:00:00,0.2156
04/09/2014 22:15:00,0.521266666667
04/09/2014 22:30:00,0.165266666667
04/09/2014 22:45:00,0.365933333333
04/09/2014 23:00:00,0.4056
04/09/2014 23:15:00,0.0883333333333
04/09/2014 23:30:00,0.482
04/09/2014 23:45:00,0.230133333333
05/09/2014 00:00:00,0.2664
05/09/2014 00:15:00,0.479066666667
05/09/2014 00:30:00,0.316666666667
05/09/2014 00:45:00,0.107066666667
05/09/2014 01:00:00,0.4072
05/09/2014 01:15:00,0.326666666667
05/09/2014 01:30:00,0.145533333333
05/09/2014 01:45:00,0.235066666667
05/09/2014 02:00:00,0.346
05/09/2014 02:15:00,0.2006
05/09/2014 02:30:00,0.451733333333
05/09/2014 02:45:00,0.383066666667
05/09/2014 03:00:00,0.1914
05/09/2014 03:15:00,0.404866666667
05/09/2014 03:30:00,0.407866666667
05/09/2014 03:45:00,0.175866666667
05/09/2014 04:00:00,0.2226
05/09/2014 04:15:00,0.386933333333
05/09/2014 04:30:00,0.2822
05/09/2014 04:45:00,0.114333333333
05/09/2014 05:00:00,0.384466666667
05/09/2014 05:15:00,0.384866666667
05/09/2014 05:30:00,0.0983333333333
05/09/2014 05:45:00,0.296266666667
05/09/2014 06:00:00,0.3832
05/09/2014 06:15:00,0.2604
05/09/2014 06:30:00,0.0824
05/09/2014 06:45:00,0.01
05/09/2014 07:00:00,0.01
05/09/2014 07:15:00,0.01
05/09/2014 07:30:00,0.00953333333333
05/09/2014 07:45:00,0.00993333333333
05/09/2014 08:00:00,0.01
05/09/2014 08:15:00,0.01
05/09/2014 08:30:00,0.01
05/09/2014 08:45:00,0.01
05/09/2014 09:00:00,0.01
05/09/2014 09:15:00,0.0212666666667
05/09/2014 09:30:00,0.2578
05/09/2014 09:45:00,0.0993333333333
05/09/2014 10:00:00,0.183
05/09/2014 10:15:00,0.409533333333
05/09/2014 10:30:00,0.0446
05/09/2014 10:45:00,0.5132
05/09/2014 11:00:00,0.282
05/09/2014 11:15:00,0.250666666667
05/09/2014 11:30:00,0.515466666667
05/09/2014 11:45:00,0.408466666667
05/09/2014 12:00:00,0.233466666667
05/09/2014 12:15:00,0.493733333333
05/09/2014 12:30:00,0.5198
05/09/2014 12:45:00,0.3042
05/09/2014 13:00:00,0.4572
05/09/2014 13:15:00,0.586866666667
05/09/2014 13:30:00,0.352266666667
05/09/2014 13:45:00,0.484466666667
05/09/2014 14:00:00,0.612266666667
05/09/2014 14:15:00,0.3588
05/09/2014 14:30:00,0.5376
05/09/2014 14:45:00,0.576533333333
05/09/2014 15:00:00,0.426333333333
05/09/2014 15:15:00,0.722666666667
05/09/2014 15:30:00,0.462133333333
05/09/2014 15:45:00,0.6736
05/09/2014 16:00:00,0.504466666667
05/09/2014 16:15:00,0.710866666667
05/09/2014 16:30:00,0.2986
05/09/2014 16:45:00,0.720066666667
05/09/2014 17:00:00,0.718933333333
05/09/2014 17:15:00,0.724733333333
05/09/2014 17:30:00,0.7194
05/09/2014 17:45:00,0.704266666667
05/09/2014 18:00:00,0.725333333333
05/09/2014 18:15:00,0.544933333333
05/09/2014 18:30:00,0.652466666667
05/09/2014 18:45:00,0.5298
05/09/2014 19:00:00,0.533466666667
05/09/2014 19:15:00,0.2964
05/09/2014 19:30:00,0.6032
05/09/2014 19:45:00,0.217133333333
05/09/2014 20:00:00,0.4668
05/09/2014 20:15:00,0.472733333333
05/09/2014 20:30:00,0.200066666667
05/09/2014 20:45:00,0.283
05/09/2014 21:00:00,0.374
05/09/2014 21:15:00,0.2788
05/09/2014 21:30:00,0.534666666667
05/09/2014 21:45:00,0.689
05/09/2014 22:00:00,0.327733333333
05/09/2014 22:15:00,0.6904
05/09/2014 22:30:00,0.2876
05/09/2014 22:45:00,0.691466666667
05/09/2014 23:00:00,0.289466666667
05/09/2014 23:15:00,0.390066666667
05/09/2014 23:30:00,0.3876
05/09/2014 23:45:00,0.666266666667
06/09/2014 00:00:00,0.217866666667
06/09/2014 00:15:00,0.634533333333
06/09/2014 00:30:00,0.227666666667
06/09/2014 00:45:00,0.476133333333
06/09/2014 01:00:00,0.440933333333
06/09/2014 01:15:00,0.190466666667
06/09/2014 01:30:00,0.3834
06/09/2014 01:45:00,0.473466666667
06/09/2014 02:00:00,0.174666666667
06/09/2014 02:15:00,0.2828
06/09/2014 02:30:00,0.428466666667
06/09/2014 02:45:00,0.2686
06/09/2014 03:00:00,0.140066666667
06/09/2014 03:15:00,0.382133333333
06/09/2014 03:30:00,0.3632
06/09/2014 03:45:00,0.2394
06/09/2014 04:00:00,0.122266666667
06/09/2014 04:15:00,0.346933333333
06/09/2014 04:30:00,0.347
06/09/2014 04:45:00,0.194866666667
06/09/2014 05:00:00,0.317466666667
06/09/2014 05:15:00,0.4936
06/09/2014 05:30:00,0.239066666667
06/09/2014 05:45:00,0.273866666667
06/09/2014 06:00:00,0.332533333333
06/09/2014 06:15:00,0.2376
06/09/2014 06:30:00,0.0943333333333
06/09/2014 06:45:00,0.01
06/09/2014 07:00:00,0.01
06/09/2014 07:15:00,0.01
06/09/2014 07:30:00,0.00966666666667
06/09/2014 07:45:00,0.0096
06/09/2014 08:00:00,0.0101333333333
06/09/2014 08:15:00,0.01
06/09/2014 08:30:00,0.01
06/09/2014 08:45:00,0.01
06/09/2014 09:00:00,0.01
06/09/2014 09:15:00,0.01
06/09/2014 09:30:00,0.513466666667
06/09/2014 09:45:00,0.1416
06/09/2014 10:00:00,0.381266666667
06/09/2014 10:15:00,0.463333333333
06/09/2014 10:30:00,0.202133333333
06/09/2014 10:45:00,0.4002
06/09/2014 11:00:00,0.527733333333
06/09/2014 11:15:00,0.2198
06/09/2014 11:30:00,0.451666666667
06/09/2014 11:45:00,0.5024
06/09/2014 12:00:00,0.286
06/09/2014 12:15:00,0.7214
06/09/2014 12:30:00,0.564133333333
06/09/2014 12:45:00,0.492933333333
06/09/2014 13:00:00,0.640066666667
06/09/2014 13:15:00,0.323266666667
06/09/2014 13:30:00,0.672
06/09/2014 13:45:00,0.2462
06/09/2014 14:00:00,0.549066666667
06/09/2014 14:15:00,0.433533333333
06/09/2014 14:30:00,0.343133333333
06/09/2014 14:45:00,0.7334
06/09/2014 15:00:00,0.356266666667
06/09/2014 15:15:00,0.5236
06/09/2014 15:30:00,0.638266666667
06/09/2014 15:45:00,0.4488
06/09/2014 16:00:00,0.731533333333
06/09/2014 16:15:00,0.484333333333
06/09/2014 16:30:00,0.7302
06/09/2014 16:45:00,0.5166
06/09/2014 17:00:00,0.7286
06/09/2014 17:15:00,0.729266666667
06/09/2014 17:30:00,0.532933333333
06/09/2014 17:45:00,0.731266666667
06/09/2014 18:00:00,0.730266666667
06/09/2014 18:15:00,0.707866666667
06/09/2014 18:30:00,0.727066666667
06/09/2014 18:45:00,0.730466666667
06/09/2014 19:00:00,0.713133333333
06/09/2014 19:15:00,0.722266666667
06/09/2014 19:30:00,0.448
06/09/2014 19:45:00,0.4682
06/09/2014 20:00:00,0.5376
06/09/2014 20:15:00,0.691533333333
06/09/2014 20:30:00,0.7086
06/09/2014 20:45:00,0.674466666667
06/09/2014 21:00:00,0.6768
06/09/2014 21:15:00,0.678133333333
06/09/2014 21:30:00,0.466933333333
06/09/2014 21:45:00,0.600933333333
06/09/2014 22:00:00,0.3562
06/09/2014 22:15:00,0.455933333333
06/09/2014 22:30:00,0.493333333333
06/09/2014 22:45:00,0.2886
06/09/2014 23:00:00,0.591733333333
06/09/2014 23:15:00,0.224666666667
06/09/2014 23:30:00,0.6574
06/09/2014 23:45:00,0.242466666667
07/09/2014 00:00:00,0.398
07/09/2014 00:15:00,0.506666666667
07/09/2014 00:30:00,0.209666666667
07/09/2014 00:45:00,0.433733333333
07/09/2014 01:00:00,0.4652
07/09/2014 01:15:00,0.1608
07/09/2014 01:30:00,0.3434
07/09/2014 01:45:00,0.449866666667
07/09/2014 02:00:00,0.2212
07/09/2014 02:15:00,0.214733333333
07/09/2014 02:30:00,0.390933333333
07/09/2014 02:45:00,0.363533333333
07/09/2014 03:00:00,0.1824
07/09/2014 03:15:00,0.180066666667
07/09/2014 03:30:00,0.344733333333
07/09/2014 03:45:00,0.346866666667
07/09/2014 04:00:00,0.129333333333
07/09/2014 04:15:00,0.224466666667
07/09/2014 04:30:00,0.396133333333
07/09/2014 04:45:00,0.305933333333
07/09/2014 05:00:00,0.0996
07/09/2014 05:15:00,0.3076
07/09/2014 05:30:00,0.3496
07/09/2014 05:45:00,0.251666666667
07/09/2014 06:00:00,0.107
07/09/2014 06:15:00,0.3482
07/09/2014 06:30:00,0.248533333333
07/09/2014 06:45:00,0.01
07/09/2014 07:00:00,0.01
07/09/2014 07:15:00,0.01
07/09/2014 07:30:00,0.01
07/09/2014 07:45:00,0.0098
07/09/2014 08:00:00,0.00993333333333
07/09/2014 08:15:00,0.01
07/09/2014 08:30:00,0.01
07/09/2014 08:45:00,0.00933333333333
07/09/2014 09:00:00,0.00993333333333
07/09/2014 09:15:00,0.01
07/09/2014 09:30:00,0.01
07/09/2014 09:45:00,0.0100666666667
07/09/2014 10:00:00,0.2596
07/09/2014 10:15:00,0.0441333333333
07/09/2014 10:30:00,0.439333333333
07/09/2014 10:45:00,0.3724
07/09/2014 11:00:00,0.180933333333
07/09/2014 11:15:00,0.280133333333
07/09/2014 11:30:00,0.6174
07/09/2014 11:45:00,0.224266666667
07/09/2014 12:00:00,0.610866666667
07/09/2014 12:15:00,0.4162
07/09/2014 12:30:00,0.531533333333
07/09/2014 12:45:00,0.450666666667
07/09/2014 13:00:00,0.628733333333
07/09/2014 13:15:00,0.3964
07/09/2014 13:30:00,0.412466666667
07/09/2014 13:45:00,0.472066666667
07/09/2014 14:00:00,0.01
07/09/2014 14:15:00,0.00993333333333
07/09/2014 14:30:00,0.01
07/09/2014 14:45:00,0.294466666667
07/09/2014 15:00:00,0.289733333333
07/09/2014 15:15:00,0.0692
07/09/2014 15:30:00,0.283466666667
07/09/2014 15:45:00,0.369533333333
07/09/2014 16:00:00,0.315733333333
07/09/2014 16:15:00,0.1652
07/09/2014 16:30:00,0.436
07/09/2014 16:45:00,0.425866666667
07/09/2014 17:00:00,0.183733333333
07/09/2014 17:15:00,0.372066666667
07/09/2014 17:30:00,0.524133333333
07/09/2014 17:45:00,0.321466666667
07/09/2014 18:00:00,0.273866666667
07/09/2014 18:15:00,0.476
07/09/2014 18:30:00,0.516933333333
07/09/2014 18:45:00,0.267866666667
07/09/2014 19:00:00,0.3906
07/09/2014 19:15:00,0.543866666667
07/09/2014 19:30:00,0.712466666667
07/09/2014 19:45:00,0.299066666667
07/09/2014 20:00:00,0.569066666667
07/09/2014 20:15:00,0.304133333333
07/09/2014 20:30:00,0.538933333333
07/09/2014 20:45:00,0.163133333333
07/09/2014 21:00:00,0.709066666667
07/09/2014 21:15:00,0.339933333333
07/09/2014 21:30:00,0.708333333333
07/09/2014 21:45:00,0.7066
07/09/2014 22:00:00,0.713266666667
07/09/2014 22:15:00,0.523933333333
07/09/2014 22:30:00,0.6008
07/09/2014 22:45:00,0.2074
07/09/2014 23:00:00,0.433333333333
07/09/2014 23:15:00,0.487466666667
07/09/2014 23:30:00,0.185466666667
07/09/2014 23:45:00,0.385733333333
08/09/2014 00:00:00,0.492133333333
08/09/2014 00:15:00,0.171
08/09/2014 00:30:00,0.301466666667
08/09/2014 00:45:00,0.445933333333
08/09/2014 01:00:00,0.26
08/09/2014 01:15:00,0.1686
08/09/2014 01:30:00,0.381466666667
08/09/2014 01:45:00,0.367866666667
08/09/2014 02:00:00,0.2134
08/09/2014 02:15:00,0.148533333333
08/09/2014 02:30:00,0.3404
08/09/2014 02:45:00,0.3436
08/09/2014 03:00:00,0.178933333333
08/09/2014 03:15:00,0.169933333333
08/09/2014 03:30:00,0.3408
08/09/2014 03:45:00,0.336666666667
08/09/2014 04:00:00,0.139466666667
08/09/2014 04:15:00,0.203533333333
08/09/2014 04:30:00,0.3342
08/09/2014 04:45:00,0.327733333333
08/09/2014 05:00:00,0.1354
08/09/2014 05:15:00,0.199
08/09/2014 05:30:00,0.323133333333
08/09/2014 05:45:00,0.01
08/09/2014 06:00:00,0.00953333333333
08/09/2014 06:15:00,0.009
08/09/2014 06:30:00,0.009
08/09/2014 06:45:00,0.00993333333333
08/09/2014 07:00:00,0.00993333333333
08/09/2014 07:15:00,0.0092
08/09/2014 07:30:00,0.01
08/09/2014 07:45:00,0.01
08/09/2014 08:00:00,0.01
08/09/2014 08:15:00,0.00933333333333
08/09/2014 08:30:00,0.009
08/09/2014 08:45:00,0.0096
08/09/2014 09:00:00,0.01
08/09/2014 09:15:00,0.01
08/09/2014 09:30:00,0.01
08/09/2014 09:45:00,0.528066666667
08/09/2014 10:00:00,0.01
08/09/2014 10:15:00,0.488466666667
08/09/2014 10:30:00,0.0786666666667
08/09/2014 10:45:00,0.418533333333
08/09/2014 11:00:00,0.393866666667
08/09/2014 11:15:00,0.168533333333
08/09/2014 11:30:00,0.519933333333
08/09/2014 11:45:00,0.3382
08/09/2014 12:00:00,0.256133333333
08/09/2014 12:15:00,0.609933333333
08/09/2014 12:30:00,0.258933333333
08/09/2014 12:45:00,0.429466666667
08/09/2014 13:00:00,0.625733333333
08/09/2014 13:15:00,0.352866666667
08/09/2014 13:30:00,0.446733333333
08/09/2014 13:45:00,0.604333333333
08/09/2014 14:00:00,0.291466666667
08/09/2014 14:15:00,0.7096
08/09/2014 14:30:00,0.327733333333
08/09/2014 14:45:00,0.652133333333
08/09/2014 15:00:00,0.409866666667
08/09/2014 15:15:00,0.700466666667
08/09/2014 15:30:00,0.3622
08/09/2014 15:45:00,0.720533333333
08/09/2014 16:00:00,0.377066666667
08/09/2014 16:15:00,0.629266666667
08/09/2014 16:30:00,0.7216
08/09/2014 16:45:00,0.696933333333
08/09/2014 17:00:00,0.452333333333
08/09/2014 17:15:00,0.650533333333
08/09/2014 17:30:00,0.543533333333
08/09/2014 17:45:00,0.711266666667
08/09/2014 18:00:00,0.7068
08/09/2014 18:15:00,0.6964
08/09/2014 18:30:00,0.599333333333
08/09/2014 18:45:00,0.662866666667
08/09/2014 19:00:00,0.650266666667
08/09/2014 19:15:00,0.453
08/09/2014 19:30:00,0.460466666667
08/09/2014 19:45:00,0.652066666667
08/09/2014 20:00:00,0.343533333333
08/09/2014 20:15:00,0.386866666667
08/09/2014 20:30:00,0.601866666667
08/09/2014 20:45:00,0.413066666667
08/09/2014 21:00:00,0.668866666667
08/09/2014 21:15:00,0.666933333333
08/09/2014 21:30:00,0.2294
08/09/2014 21:45:00,0.7034
08/09/2014 22:00:00,0.700933333333
08/09/2014 22:15:00,0.577666666667
08/09/2014 22:30:00,0.566266666667
08/09/2014 22:45:00,0.270133333333
08/09/2014 23:00:00,0.700333333333
08/09/2014 23:15:00,0.225266666667
08/09/2014 23:30:00,0.697066666667
08/09/2014 23:45:00,0.2704
09/09/2014 00:00:00,0.5072
09/09/2014 00:15:00,0.404933333333
09/09/2014 00:30:00,0.256
09/09/2014 00:45:00,0.629266666667
09/09/2014 01:00:00,0.225733333333
09/09/2014 01:15:00,0.350466666667
09/09/2014 01:30:00,0.5416
09/09/2014 01:45:00,0.181
09/09/2014 02:00:00,0.343333333333
09/09/2014 02:15:00,0.4724
09/09/2014 02:30:00,0.264066666667
09/09/2014 02:45:00,0.184933333333
09/09/2014 03:00:00,0.417466666667
09/09/2014 03:15:00,0.407733333333
09/09/2014 03:30:00,0.154066666667
09/09/2014 03:45:00,0.257533333333
09/09/2014 04:00:00,0.402533333333
09/09/2014 04:15:00,0.2402
09/09/2014 04:30:00,0.172066666667
09/09/2014 04:45:00,0.400866666667
09/09/2014 05:00:00,0.323933333333
09/09/2014 05:15:00,0.0954666666667
09/09/2014 05:30:00,0.3926
09/09/2014 05:45:00,0.397466666667
09/09/2014 06:00:00,0.0987333333333
09/09/2014 06:15:00,0.307
09/09/2014 06:30:00,0.348066666667
09/09/2014 06:45:00,0.01
09/09/2014 07:00:00,0.01
09/09/2014 07:15:00,0.01
09/09/2014 07:30:00,0.01
09/09/2014 07:45:00,0.01
09/09/2014 08:00:00,0.01
09/09/2014 08:15:00,0.0098
09/09/2014 08:30:00,0.00966666666667
09/09/2014 08:45:00,0.00993333333333
09/09/2014 09:00:00,0.01
09/09/2014 09:15:00,0.025
09/09/2014 09:30:00,0.502866666667
09/09/2014 09:45:00,0.1786
09/09/2014 10:00:00,0.3048
09/09/2014 10:15:00,0.471466666667
09/09/2014 10:30:00,0.1748
09/09/2014 10:45:00,0.605866666667
09/09/2014 11:00:00,0.3804
09/09/2014 11:15:00,0.583066666667
09/09/2014 11:30:00,0.388533333333
09/09/2014 11:45:00,0.481333333333
09/09/2014 12:00:00,0.428733333333
09/09/2014 12:15:00,0.3634
09/09/2014 12:30:00,0.5954
09/09/2014 12:45:00,0.456333333333
09/09/2014 13:00:00,0.368133333333
09/09/2014 13:15:00,0.525133333333
09/09/2014 13:30:00,0.570133333333
09/09/2014 13:45:00,0.387266666667
09/09/2014 14:00:00,0.390733333333
09/09/2014 14:15:00,0.5774
09/09/2014 14:30:00,0.527466666667
09/09/2014 14:45:00,0.3838
09/09/2014 15:00:00,0.4612
09/09/2014 15:15:00,0.522066666667
09/09/2014 15:30:00,0.465066666667
09/09/2014 15:45:00,0.5434
09/09/2014 16:00:00,0.714733333333
09/09/2014 16:15:00,0.550866666667
09/09/2014 16:30:00,0.728333333333
09/09/2014 16:45:00,0.559066666667
09/09/2014 17:00:00,0.7268
09/09/2014 17:15:00,0.5024
09/09/2014 17:30:00,0.725733333333
09/09/2014 17:45:00,0.7256
09/09/2014 18:00:00,0.451266666667
09/09/2014 18:15:00,0.727733333333
09/09/2014 18:30:00,0.557266666667
09/09/2014 18:45:00,0.727666666667
09/09/2014 19:00:00,0.715333333333
09/09/2014 19:15:00,0.697933333333
09/09/2014 19:30:00,0.3238
09/09/2014 19:45:00,0.525
09/09/2014 20:00:00,0.437
09/09/2014 20:15:00,0.3162
09/09/2014 20:30:00,0.671266666667
09/09/2014 20:45:00,0.4464
09/09/2014 21:00:00,0.681466666667
09/09/2014 21:15:00,0.6998
09/09/2014 21:30:00,0.672733333333
09/09/2014 21:45:00,0.3716
09/09/2014 22:00:00,0.6902
09/09/2014 22:15:00,0.311066666667
09/09/2014 22:30:00,0.6914
09/09/2014 22:45:00,0.2714
09/09/2014 23:00:00,0.6692
09/09/2014 23:15:00,0.2172
09/09/2014 23:30:00,0.6982
09/09/2014 23:45:00,0.1932
10/09/2014 00:00:00,0.574066666667
10/09/2014 00:15:00,0.324333333333
10/09/2014 00:30:00,0.3598
10/09/2014 00:45:00,0.552066666667
10/09/2014 01:00:00,0.189866666667
10/09/2014 01:15:00,0.448533333333
10/09/2014 01:30:00,0.435466666667
10/09/2014 01:45:00,0.162666666667
10/09/2014 02:00:00,0.423533333333
10/09/2014 02:15:00,0.446466666667
10/09/2014 02:30:00,0.199133333333
10/09/2014 02:45:00,0.239266666667
10/09/2014 03:00:00,0.4086
10/09/2014 03:15:00,0.292
10/09/2014 03:30:00,0.1286
10/09/2014 03:45:00,0.406133333333
10/09/2014 04:00:00,0.352666666667
10/09/2014 04:15:00,0.112933333333
10/09/2014 04:30:00,0.409733333333
10/09/2014 04:45:00,0.373
10/09/2014 05:00:00,0.106333333333
10/09/2014 05:15:00,0.374133333333
10/09/2014 05:30:00,0.412266666667
10/09/2014 05:45:00,0.0877333333333
10/09/2014 06:00:00,0.3342
10/09/2014 06:15:00,0.412066666667
10/09/2014 06:30:00,0.125333333333
10/09/2014 06:45:00,0.293666666667
10/09/2014 07:00:00,0.482266666667
10/09/2014 07:15:00,0.133333333333
10/09/2014 07:30:00,0.302666666667
10/09/2014 07:45:00,0.471533333333
10/09/2014 08:00:00,0.117533333333
10/09/2014 08:15:00,0.320933333333
10/09/2014 08:30:00,0.493733333333
10/09/2014 08:45:00,0.1828
10/09/2014 09:00:00,0.326666666667
10/09/2014 09:15:00,0.435
10/09/2014 09:30:00,0.0556
10/09/2014 09:45:00,0.505266666667
10/09/2014 10:00:00,0.300733333333
10/09/2014 10:15:00,0.304866666667
10/09/2014 10:30:00,0.538066666667
10/09/2014 10:45:00,0.211866666667
10/09/2014 11:00:00,0.7094
10/09/2014 11:15:00,0.2062
10/09/2014 11:30:00,0.700466666667
10/09/2014 11:45:00,0.1192
10/09/2014 12:00:00,0.7092
10/09/2014 12:15:00,0.276533333333
10/09/2014 12:30:00,0.514
10/09/2014 12:45:00,0.669066666667
10/09/2014 13:00:00,0.0988
10/09/2014 13:15:00,0.678
10/09/2014 13:30:00,0.685266666667
10/09/2014 13:45:00,0.4988
10/09/2014 14:00:00,0.6296
10/09/2014 14:15:00,0.483133333333
10/09/2014 14:30:00,0.453
10/09/2014 14:45:00,0.6738
10/09/2014 15:00:00,0.687266666667
10/09/2014 15:15:00,0.130266666667
10/09/2014 15:30:00,0.716733333333
10/09/2014 15:45:00,0.687533333333
10/09/2014 16:00:00,0.6856
10/09/2014 16:15:00,0.6982
10/09/2014 16:30:00,0.134133333333
10/09/2014 16:45:00,0.7172
10/09/2014 17:00:00,0.394533333333
10/09/2014 17:15:00,0.687266666667
10/09/2014 17:30:00,0.475133333333
10/09/2014 17:45:00,0.697266666667
10/09/2014 18:00:00,0.209
10/09/2014 18:15:00,0.715733333333
10/09/2014 18:30:00,0.707333333333
10/09/2014 18:45:00,0.7066
10/09/2014 19:00:00,0.691333333333
10/09/2014 19:15:00,0.708066666667
10/09/2014 19:30:00,0.4404
10/09/2014 19:45:00,0.6954
10/09/2014 20:00:00,0.224133333333
10/09/2014 20:15:00,0.700266666667
10/09/2014 20:30:00,0.316266666667
10/09/2014 20:45:00,0.683533333333
10/09/2014 21:00:00,0.690466666667
10/09/2014 21:15:00,0.5156
10/09/2014 21:30:00,0.504333333333
10/09/2014 21:45:00,0.520533333333
10/09/2014 22:00:00,0.340733333333
10/09/2014 22:15:00,0.700533333333
10/09/2014 22:30:00,0.313266666667
10/09/2014 22:45:00,0.5658
10/09/2014 23:00:00,0.3554
10/09/2014 23:15:00,0.484466666667
10/09/2014 23:30:00,0.493533333333
10/09/2014 23:45:00,0.3024
11/09/2014 00:00:00,0.657133333333
11/09/2014 00:15:00,0.235066666667
11/09/2014 00:30:00,0.4718
11/09/2014 00:45:00,0.455
11/09/2014 01:00:00,0.211733333333
11/09/2014 01:15:00,0.487
11/09/2014 01:30:00,0.4512
11/09/2014 01:45:00,0.218866666667
11/09/2014 02:00:00,0.370933333333
11/09/2014 02:15:00,0.3694
11/09/2014 02:30:00,0.138133333333
11/09/2014 02:45:00,0.567533333333
11/09/2014 03:00:00,0.110933333333
11/09/2014 03:15:00,0.495533333333
11/09/2014 03:30:00,0.2368
11/09/2014 03:45:00,0.366333333333
11/09/2014 04:00:00,0.3536
11/09/2014 04:15:00,0.265066666667
11/09/2014 04:30:00,0.440466666667
11/09/2014 04:45:00,0.201466666667
11/09/2014 05:00:00,0.498266666667
11/09/2014 05:15:00,0.0376666666667
11/09/2014 05:30:00,0.01
11/09/2014 05:45:00,0.00946666666667
11/09/2014 06:00:00,0.009
11/09/2014 06:15:00,0.009
11/09/2014 06:30:00,0.00913333333333
11/09/2014 06:45:00,0.00906666666667
11/09/2014 07:00:00,0.00953333333333
11/09/2014 07:15:00,0.0096
11/09/2014 07:30:00,0.2648
11/09/2014 07:45:00,0.00926666666667
11/09/2014 08:00:00,0.433933333333
11/09/2014 08:15:00,0.00973333333333
11/09/2014 08:30:00,0.603866666667
11/09/2014 08:45:00,0.2242
11/09/2014 09:00:00,0.4368
11/09/2014 09:15:00,0.568066666667
11/09/2014 09:30:00,0.306666666667
11/09/2014 09:45:00,0.4438
11/09/2014 10:00:00,0.557333333333
11/09/2014 10:15:00,0.233533333333
11/09/2014 10:30:00,0.670866666667
11/09/2014 10:45:00,0.348933333333
11/09/2014 11:00:00,0.543333333333
11/09/2014 11:15:00,0.522333333333
11/09/2014 11:30:00,0.688733333333
11/09/2014 11:45:00,0.702466666667
11/09/2014 12:00:00,0.7092
11/09/2014 12:15:00,0.689133333333
11/09/2014 12:30:00,0.698866666667
11/09/2014 12:45:00,0.705333333333
11/09/2014 13:00:00,0.685333333333
11/09/2014 13:15:00,0.642266666667
11/09/2014 13:30:00,0.492533333333
11/09/2014 13:45:00,0.6458
11/09/2014 14:00:00,0.1716
11/09/2014 14:15:00,0.720533333333
11/09/2014 14:30:00,0.714466666667
11/09/2014 14:45:00,0.676066666667
11/09/2014 15:00:00,0.481266666667
11/09/2014 15:15:00,0.704266666667
11/09/2014 15:30:00,0.716133333333
11/09/2014 15:45:00,0.509533333333
11/09/2014 16:00:00,0.306733333333
11/09/2014 16:15:00,0.7186
11/09/2014 16:30:00,0.719533333333
11/09/2014 16:45:00,0.718266666667
11/09/2014 17:00:00,0.713866666667
11/09/2014 17:15:00,0.707133333333
11/09/2014 17:30:00,0.7128
11/09/2014 17:45:00,0.719333333333
11/09/2014 18:00:00,0.702
11/09/2014 18:15:00,0.719666666667
11/09/2014 18:30:00,0.703933333333
11/09/2014 18:45:00,0.7208
11/09/2014 19:00:00,0.704466666667
11/09/2014 19:15:00,0.714733333333
11/09/2014 19:30:00,0.706933333333
11/09/2014 19:45:00,0.458133333333
11/09/2014 20:00:00,0.516
11/09/2014 20:15:00,0.667333333333
11/09/2014 20:30:00,0.376866666667
11/09/2014 20:45:00,0.6984
11/09/2014 21:00:00,0.670666666667
11/09/2014 21:15:00,0.436466666667
11/09/2014 21:30:00,0.695666666667
11/09/2014 21:45:00,0.206933333333
11/09/2014 22:00:00,0.6532
11/09/2014 22:15:00,0.722266666667
11/09/2014 22:30:00,0.2154
11/09/2014 22:45:00,0.598666666667
11/09/2014 23:00:00,0.727666666667
11/09/2014 23:15:00,0.700733333333
11/09/2014 23:30:00,0.509066666667
11/09/2014 23:45:00,0.3162
12/09/2014 00:00:00,0.6876
12/09/2014 00:15:00,0.0767333333333
12/09/2014 00:30:00,0.728333333333
12/09/2014 00:45:00,0.240733333333
12/09/2014 01:00:00,0.576533333333
12/09/2014 01:15:00,0.3764
12/09/2014 01:30:00,0.349466666667
12/09/2014 01:45:00,0.570933333333
12/09/2014 02:00:00,0.175333333333
12/09/2014 02:15:00,0.447533333333
12/09/2014 02:30:00,0.461
12/09/2014 02:45:00,0.216333333333
12/09/2014 03:00:00,0.425333333333
12/09/2014 03:15:00,0.498533333333
12/09/2014 03:30:00,0.230466666667
12/09/2014 03:45:00,0.247066666667
12/09/2014 04:00:00,0.445933333333
12/09/2014 04:15:00,0.2668
12/09/2014 04:30:00,0.0288
12/09/2014 04:45:00,0.01
12/09/2014 05:00:00,0.01
12/09/2014 05:15:00,0.01
12/09/2014 05:30:00,0.00946666666667
12/09/2014 05:45:00,0.00906666666667
12/09/2014 06:00:00,0.009
12/09/2014 06:15:00,0.00986666666667
12/09/2014 06:30:00,0.01
12/09/2014 06:45:00,0.01
12/09/2014 07:00:00,0.01
12/09/2014 07:15:00,0.00993333333333
12/09/2014 07:30:00,0.01
12/09/2014 07:45:00,0.01
12/09/2014 08:00:00,0.01
12/09/2014 08:15:00,0.01
12/09/2014 08:30:00,0.2692
12/09/2014 08:45:00,0.171733333333
12/09/2014 09:00:00,0.126066666667
12/09/2014 09:15:00,0.370866666667
12/09/2014 09:30:00,0.387733333333
12/09/2014 09:45:00,0.200733333333
12/09/2014 10:00:00,0.272866666667
12/09/2014 10:15:00,0.4738
12/09/2014 10:30:00,0.306333333333
12/09/2014 10:45:00,0.1976
12/09/2014 11:00:00,0.457133333333
12/09/2014 11:15:00,0.411533333333
12/09/2014 11:30:00,0.178733333333
12/09/2014 11:45:00,0.441533333333
12/09/2014 12:00:00,0.425666666667
12/09/2014 12:15:00,0.154866666667
12/09/2014 12:30:00,0.6362
12/09/2014 12:45:00,0.302466666667
12/09/2014 13:00:00,0.432533333333
12/09/2014 13:15:00,0.513533333333
12/09/2014 13:30:00,0.184733333333
12/09/2014 13:45:00,0.699
12/09/2014 14:00:00,0.175466666667
12/09/2014 14:15:00,0.6978
12/09/2014 14:30:00,0.311733333333
12/09/2014 14:45:00,0.682733333333
12/09/2014 15:00:00,0.341333333333
12/09/2014 15:15:00,0.610466666667
12/09/2014 15:30:00,0.409733333333
12/09/2014 15:45:00,0.558266666667
12/09/2014 16:00:00,0.506466666667
12/09/2014 16:15:00,0.359333333333
12/09/2014 16:30:00,0.641266666667
12/09/2014 16:45:00,0.2432
12/09/2014 17:00:00,0.5862
12/09/2014 17:15:00,0.248866666667
12/09/2014 17:30:00,0.349
12/09/2014 17:45:00,0.551133333333
12/09/2014 18:00:00,0.210266666667
12/09/2014 18:15:00,0.336333333333
12/09/2014 18:30:00,0.488466666667
12/09/2014 18:45:00,0.182733333333
12/09/2014 19:00:00,0.2896
12/09/2014 19:15:00,0.360333333333
12/09/2014 19:30:00,0.100466666667
12/09/2014 19:45:00,0.432266666667
12/09/2014 20:00:00,0.011
12/09/2014 20:15:00,0.403466666667
12/09/2014 20:30:00,0.0107333333333
12/09/2014 20:45:00,0.302933333333
12/09/2014 21:00:00,0.0981333333333
12/09/2014 21:15:00,0.254333333333
12/09/2014 21:30:00,0.178533333333
12/09/2014 21:45:00,0.01
12/09/2014 22:00:00,0.01
12/09/2014 22:15:00,0.01
12/09/2014 22:30:00,0.01
12/09/2014 22:45:00,0.01
12/09/2014 23:00:00,0.00973333333333
12/09/2014 23:15:00,0.0098
12/09/2014 23:30:00,0.166
12/09/2014 23:45:00,0.09
13/09/2014 00:00:00,0.146533333333
13/09/2014 00:15:00,0.0982666666667
13/09/2014 00:30:00,0.01
13/09/2014 00:45:00,0.230266666667
13/09/2014 01:00:00,0.01
13/09/2014 01:15:00,0.01
13/09/2014 01:30:00,0.01
13/09/2014 01:45:00,0.01
13/09/2014 02:00:00,0.01
13/09/2014 02:15:00,0.01
13/09/2014 02:30:00,0.01
13/09/2014 02:45:00,0.01
13/09/2014 03:00:00,0.01
13/09/2014 03:15:00,0.01
13/09/2014 03:30:00,0.01
13/09/2014 03:45:00,0.01
13/09/2014 04:00:00,0.01
13/09/2014 04:15:00,0.01
13/09/2014 04:30:00,0.01
13/09/2014 04:45:00,0.01
13/09/2014 05:00:00,0.01
13/09/2014 05:15:00,0.01
13/09/2014 05:30:00,0.01
13/09/2014 05:45:00,0.01
13/09/2014 06:00:00,0.01
13/09/2014 06:15:00,0.01
13/09/2014 06:30:00,0.01
13/09/2014 06:45:00,0.01
13/09/2014 07:00:00,0.01
13/09/2014 07:15:00,0.0100666666667
13/09/2014 07:30:00,0.01
13/09/2014 07:45:00,0.0100666666667
13/09/2014 08:00:00,0.01
13/09/2014 08:15:00,0.01
13/09/2014 08:30:00,0.01
13/09/2014 08:45:00,0.01
13/09/2014 09:00:00,0.01
13/09/2014 09:15:00,0.01
13/09/2014 09:30:00,0.01
13/09/2014 09:45:00,0.01
13/09/2014 10:00:00,0.01
13/09/2014 10:15:00,0.01
13/09/2014 10:30:00,0.01
13/09/2014 10:45:00,0.01
13/09/2014 11:00:00,0.01
13/09/2014 11:15:00,0.01
13/09/2014 11:30:00,0.01
13/09/2014 11:45:00,0.01
13/09/2014 12:00:00,0.01
13/09/2014 12:15:00,0.01
13/09/2014 12:30:00,0.01
13/09/2014 12:45:00,0.01
13/09/2014 13:00:00,0.01
13/09/2014 13:15:00,0.01
13/09/2014 13:30:00,0.01
13/09/2014 13:45:00,0.01
13/09/2014 14:00:00,0.01
13/09/2014 14:15:00,0.01
13/09/2014 14:30:00,0.01
13/09/2014 14:45:00,0.01
13/09/2014 15:00:00,0.01
13/09/2014 15:15:00,0.01
13/09/2014 15:30:00,0.01
13/09/2014 15:45:00,0.01
13/09/2014 16:00:00,0.01
13/09/2014 16:15:00,0.01
13/09/2014 16:30:00,0.01
13/09/2014 16:45:00,0.01
13/09/2014 17:00:00,0.01
13/09/2014 17:15:00,0.01
13/09/2014 17:30:00,0.01
13/09/2014 17:45:00,0.01
13/09/2014 18:00:00,0.01
13/09/2014 18:15:00,0.0103333333333
13/09/2014 18:30:00,0.011
13/09/2014 18:45:00,0.011
13/09/2014 19:00:00,0.011
13/09/2014 19:15:00,0.011
13/09/2014 19:30:00,0.0108
13/09/2014 19:45:00,0.01
13/09/2014 20:00:00,0.01
13/09/2014 20:15:00,0.01
13/09/2014 20:30:00,0.01
13/09/2014 20:45:00,0.01
13/09/2014 21:00:00,0.01
13/09/2014 21:15:00,0.01
13/09/2014 21:30:00,0.01
13/09/2014 21:45:00,0.0104666666667
13/09/2014 22:00:00,0.0100666666667
13/09/2014 22:15:00,0.01
13/09/2014 22:30:00,0.01
13/09/2014 22:45:00,0.01
13/09/2014 23:00:00,0.01
13/09/2014 23:15:00,0.01
13/09/2014 23:30:00,0.01
13/09/2014 23:45:00,0.01
14/09/2014 00:00:00,0.01
14/09/2014 00:15:00,0.01
14/09/2014 00:30:00,0.01
14/09/2014 00:45:00,0.01
14/09/2014 01:00:00,0.01
14/09/2014 01:15:00,0.01
14/09/2014 01:30:00,0.01
14/09/2014 01:45:00,0.01
14/09/2014 02:00:00,0.01
14/09/2014 02:15:00,0.01
14/09/2014 02:30:00,0.01
14/09/2014 02:45:00,0.01
14/09/2014 03:00:00,0.01
14/09/2014 03:15:00,0.01
14/09/2014 03:30:00,0.01
14/09/2014 03:45:00,0.01
14/09/2014 04:00:00,0.01
14/09/2014 04:15:00,0.01
14/09/2014 04:30:00,0.01
14/09/2014 04:45:00,0.01
14/09/2014 05:00:00,0.01
14/09/2014 05:15:00,0.01
14/09/2014 05:30:00,0.01
14/09/2014 05:45:00,0.01
14/09/2014 06:00:00,0.01
14/09/2014 06:15:00,0.01
14/09/2014 06:30:00,0.01
14/09/2014 06:45:00,0.01
14/09/2014 07:00:00,0.01
14/09/2014 07:15:00,0.01
14/09/2014 07:30:00,0.01
14/09/2014 07:45:00,0.01
14/09/2014 08:00:00,0.01
14/09/2014 08:15:00,0.01
14/09/2014 08:30:00,0.01
14/09/2014 08:45:00,0.01
14/09/2014 09:00:00,0.01
14/09/2014 09:15:00,0.01
14/09/2014 09:30:00,0.01
14/09/2014 09:45:00,0.01
14/09/2014 10:00:00,0.01
14/09/2014 10:15:00,0.01
14/09/2014 10:30:00,0.01
14/09/2014 10:45:00,0.01
14/09/2014 11:00:00,0.01
14/09/2014 11:15:00,0.00993333333333
14/09/2014 11:30:00,0.00946666666667
14/09/2014 11:45:00,0.01
14/09/2014 12:00:00,0.01
14/09/2014 12:15:00,0.01
14/09/2014 12:30:00,0.01
14/09/2014 12:45:00,0.01
14/09/2014 13:00:00,0.01
14/09/2014 13:15:00,0.01
14/09/2014 13:30:00,0.01
14/09/2014 13:45:00,0.01
14/09/2014 14:00:00,0.01
14/09/2014 14:15:00,0.01
14/09/2014 14:30:00,0.01
14/09/2014 14:45:00,0.01
14/09/2014 15:00:00,0.00993333333333
14/09/2014 15:15:00,0.01
14/09/2014 15:30:00,0.01
14/09/2014 15:45:00,0.01
14/09/2014 16:00:00,0.01
14/09/2014 16:15:00,0.01
14/09/2014 16:30:00,0.00986666666667
14/09/2014 16:45:00,0.01
14/09/2014 17:00:00,0.00966666666667
14/09/2014 17:15:00,0.00993333333333
14/09/2014 17:30:00,0.00993333333333
14/09/2014 17:45:00,0.00913333333333
14/09/2014 18:00:00,0.00966666666667
14/09/2014 18:15:00,0.01
14/09/2014 18:30:00,0.01
14/09/2014 18:45:00,0.01
14/09/2014 19:00:00,0.01
14/09/2014 19:15:00,0.00966666666667
14/09/2014 19:30:00,0.009
14/09/2014 19:45:00,0.009
14/09/2014 20:00:00,0.009
14/09/2014 20:15:00,0.00946666666667
14/09/2014 20:30:00,0.00913333333333
14/09/2014 20:45:00,0.00933333333333
14/09/2014 21:00:00,0.0108
14/09/2014 21:15:00,0.011
14/09/2014 21:30:00,0.0108666666667
14/09/2014 21:45:00,0.01
14/09/2014 22:00:00,0.01
14/09/2014 22:15:00,0.01
14/09/2014 22:30:00,0.01
14/09/2014 22:45:00,0.01
14/09/2014 23:00:00,0.01
14/09/2014 23:15:00,0.01
14/09/2014 23:30:00,0.01
14/09/2014 23:45:00,0.01
15/09/2014 00:00:00,0.01
15/09/2014 00:15:00,0.01
15/09/2014 00:30:00,0.01
15/09/2014 00:45:00,0.01
15/09/2014 01:00:00,0.01
15/09/2014 01:15:00,0.01
15/09/2014 01:30:00,0.01
15/09/2014 01:45:00,0.01
15/09/2014 02:00:00,0.01
15/09/2014 02:15:00,0.01
15/09/2014 02:30:00,0.01
15/09/2014 02:45:00,0.01
15/09/2014 03:00:00,0.01
15/09/2014 03:15:00,0.01
15/09/2014 03:30:00,0.01
15/09/2014 03:45:00,0.01
15/09/2014 04:00:00,0.01
15/09/2014 04:15:00,0.01
15/09/2014 04:30:00,0.01
15/09/2014 04:45:00,0.01
15/09/2014 05:00:00,0.01
15/09/2014 05:15:00,0.01
15/09/2014 05:30:00,0.01
15/09/2014 05:45:00,0.01
15/09/2014 06:00:00,0.01
15/09/2014 06:15:00,0.0100666666667
15/09/2014 06:30:00,0.01
15/09/2014 06:45:00,0.01
15/09/2014 07:00:00,0.01
15/09/2014 07:15:00,0.01
15/09/2014 07:30:00,0.01
15/09/2014 07:45:00,0.01
15/09/2014 08:00:00,0.01
15/09/2014 08:15:00,0.01
15/09/2014 08:30:00,0.01
15/09/2014 08:45:00,0.01
15/09/2014 09:00:00,0.01
15/09/2014 09:15:00,0.01
15/09/2014 09:30:00,0.01
15/09/2014 09:45:00,0.01
15/09/2014 10:00:00,0.00993333333333
15/09/2014 10:15:00,0.0098
15/09/2014 10:30:00,0.01
15/09/2014 10:45:00,0.01
15/09/2014 11:00:00,0.01
15/09/2014 11:15:00,0.01
15/09/2014 11:30:00,0.0855333333333
15/09/2014 11:45:00,0.1734
15/09/2014 12:00:00,0.165933333333
15/09/2014 12:15:00,0.643066666667
15/09/2014 12:30:00,0.217933333333
15/09/2014 12:45:00,0.2224
15/09/2014 13:00:00,0.533933333333
15/09/2014 13:15:00,0.3922
15/09/2014 13:30:00,0.208333333333
15/09/2014 13:45:00,0.423333333333
15/09/2014 14:00:00,0.4552
15/09/2014 14:15:00,0.1402
15/09/2014 14:30:00,0.332533333333
15/09/2014 14:45:00,0.46
15/09/2014 15:00:00,0.195133333333
15/09/2014 15:15:00,0.351666666667
15/09/2014 15:30:00,0.529333333333
15/09/2014 15:45:00,0.171533333333
15/09/2014 16:00:00,0.465533333333
15/09/2014 16:15:00,0.389733333333
15/09/2014 16:30:00,0.2624
15/09/2014 16:45:00,0.534866666667
15/09/2014 17:00:00,0.234466666667
15/09/2014 17:15:00,0.5778
15/09/2014 17:30:00,0.3672
15/09/2014 17:45:00,0.2486
15/09/2014 18:00:00,0.556866666667
15/09/2014 18:15:00,0.3638
15/09/2014 18:30:00,0.243066666667
15/09/2014 18:45:00,0.512333333333
15/09/2014 19:00:00,0.2448
15/09/2014 19:15:00,0.350866666667
15/09/2014 19:30:00,0.514733333333
15/09/2014 19:45:00,0.290333333333
15/09/2014 20:00:00,0.223866666667
15/09/2014 20:15:00,0.469933333333
15/09/2014 20:30:00,0.416866666667
15/09/2014 20:45:00,0.0710666666667
15/09/2014 21:00:00,0.468533333333
15/09/2014 21:15:00,0.2902
15/09/2014 21:30:00,0.215466666667
15/09/2014 21:45:00,0.286466666667
15/09/2014 22:00:00,0.009
15/09/2014 22:15:00,0.009
15/09/2014 22:30:00,0.0092
15/09/2014 22:45:00,0.01
15/09/2014 23:00:00,0.01
15/09/2014 23:15:00,0.01
15/09/2014 23:30:00,0.01
15/09/2014 23:45:00,0.01
16/09/2014 00:00:00,0.00913333333333
16/09/2014 00:15:00,0.0096
16/09/2014 00:30:00,0.009
16/09/2014 00:45:00,0.234666666667
16/09/2014 01:00:00,0.01
16/09/2014 01:15:00,0.251666666667
16/09/2014 01:30:00,0.0130666666667
16/09/2014 01:45:00,0.171533333333
16/09/2014 02:00:00,0.0618
16/09/2014 02:15:00,0.144133333333
16/09/2014 02:30:00,0.0841333333333
16/09/2014 02:45:00,0.01
16/09/2014 03:00:00,0.218933333333
16/09/2014 03:15:00,0.00933333333333
16/09/2014 03:30:00,0.185266666667
16/09/2014 03:45:00,0.0390666666667
16/09/2014 04:00:00,0.0098
16/09/2014 04:15:00,0.009
16/09/2014 04:30:00,0.171
16/09/2014 04:45:00,0.0506666666667
16/09/2014 05:00:00,0.01
16/09/2014 05:15:00,0.140666666667
16/09/2014 05:30:00,0.0802666666667
16/09/2014 05:45:00,0.01
16/09/2014 06:00:00,0.1172
16/09/2014 06:15:00,0.265533333333
16/09/2014 06:30:00,0.0092
16/09/2014 06:45:00,0.00973333333333
16/09/2014 07:00:00,0.0092
16/09/2014 07:15:00,0.01
16/09/2014 07:30:00,0.01
16/09/2014 07:45:00,0.01
16/09/2014 08:00:00,0.257866666667
16/09/2014 08:15:00,0.2496
16/09/2014 08:30:00,0.01
16/09/2014 08:45:00,0.2574
16/09/2014 09:00:00,0.302333333333
16/09/2014 09:15:00,0.2352
16/09/2014 09:30:00,0.145266666667
16/09/2014 09:45:00,0.3778
16/09/2014 10:00:00,0.416266666667
16/09/2014 10:15:00,0.2378
16/09/2014 10:30:00,0.343466666667
16/09/2014 10:45:00,0.4308
16/09/2014 11:00:00,0.321933333333
16/09/2014 11:15:00,0.184133333333
16/09/2014 11:30:00,0.411533333333
16/09/2014 11:45:00,0.464066666667
16/09/2014 12:00:00,0.268933333333
16/09/2014 12:15:00,0.556
16/09/2014 12:30:00,0.4142
16/09/2014 12:45:00,0.274266666667
16/09/2014 13:00:00,0.695533333333
16/09/2014 13:15:00,0.285733333333
16/09/2014 13:30:00,0.395333333333
16/09/2014 13:45:00,0.6544
16/09/2014 14:00:00,0.675133333333
16/09/2014 14:15:00,0.687
16/09/2014 14:30:00,0.689733333333
16/09/2014 14:45:00,0.447266666667
16/09/2014 15:00:00,0.693466666667
16/09/2014 15:15:00,0.672866666667
16/09/2014 15:30:00,0.3204
16/09/2014 15:45:00,0.6792
16/09/2014 16:00:00,0.677533333333
16/09/2014 16:15:00,0.457666666667
16/09/2014 16:30:00,0.6752
16/09/2014 16:45:00,0.453866666667
16/09/2014 17:00:00,0.696533333333
16/09/2014 17:15:00,0.7046
16/09/2014 17:30:00,0.7034
16/09/2014 17:45:00,0.6886
16/09/2014 18:00:00,0.7004
16/09/2014 18:15:00,0.5094
16/09/2014 18:30:00,0.579333333333
16/09/2014 18:45:00,0.303533333333
16/09/2014 19:00:00,0.628866666667
16/09/2014 19:15:00,0.2698
16/09/2014 19:30:00,0.516
16/09/2014 19:45:00,0.459933333333
16/09/2014 20:00:00,0.546266666667
16/09/2014 20:15:00,0.453
16/09/2014 20:30:00,0.5414
16/09/2014 20:45:00,0.696933333333
16/09/2014 21:00:00,0.368933333333
16/09/2014 21:15:00,0.723466666667
16/09/2014 21:30:00,0.721
16/09/2014 21:45:00,0.6846
16/09/2014 22:00:00,0.683066666667
16/09/2014 22:15:00,0.6332
16/09/2014 22:30:00,0.4714
16/09/2014 22:45:00,0.206533333333
16/09/2014 23:00:00,0.600866666667
16/09/2014 23:15:00,0.3132
16/09/2014 23:30:00,0.246066666667
16/09/2014 23:45:00,0.515866666667
17/09/2014 00:00:00,0.356133333333
17/09/2014 00:15:00,0.171133333333
17/09/2014 00:30:00,0.4296
17/09/2014 00:45:00,0.3958
17/09/2014 01:00:00,0.128133333333
17/09/2014 01:15:00,0.3102
17/09/2014 01:30:00,0.382266666667
17/09/2014 01:45:00,0.276
17/09/2014 02:00:00,0.0962
17/09/2014 02:15:00,0.338
17/09/2014 02:30:00,0.338933333333
17/09/2014 02:45:00,0.203733333333
17/09/2014 03:00:00,0.141333333333
17/09/2014 03:15:00,0.3384
17/09/2014 03:30:00,0.3346
17/09/2014 03:45:00,0.162533333333
17/09/2014 04:00:00,0.185266666667
17/09/2014 04:15:00,0.335466666667
17/09/2014 04:30:00,0.336666666667
17/09/2014 04:45:00,0.124
17/09/2014 05:00:00,0.218
17/09/2014 05:15:00,0.335133333333
17/09/2014 05:30:00,0.320933333333
17/09/2014 05:45:00,0.0933333333333
17/09/2014 06:00:00,0.262
17/09/2014 06:15:00,0.331466666667
17/09/2014 06:30:00,0.2796
17/09/2014 06:45:00,0.100466666667
17/09/2014 07:00:00,0.301333333333
17/09/2014 07:15:00,0.3372
17/09/2014 07:30:00,0.242733333333
17/09/2014 07:45:00,0.143933333333
17/09/2014 08:00:00,0.340866666667
17/09/2014 08:15:00,0.339533333333
17/09/2014 08:30:00,0.179733333333
17/09/2014 08:45:00,0.180733333333
17/09/2014 09:00:00,0.338666666667
17/09/2014 09:15:00,0.3706
17/09/2014 09:30:00,0.130666666667
17/09/2014 09:45:00,0.337466666667
17/09/2014 10:00:00,0.4476
17/09/2014 10:15:00,0.233133333333
17/09/2014 10:30:00,0.239133333333
17/09/2014 10:45:00,0.487
17/09/2014 11:00:00,0.3274
17/09/2014 11:15:00,0.204666666667
17/09/2014 11:30:00,0.551066666667
17/09/2014 11:45:00,0.324466666667
17/09/2014 12:00:00,0.2514
17/09/2014 12:15:00,0.709266666667
17/09/2014 12:30:00,0.347933333333
17/09/2014 12:45:00,0.731933333333
17/09/2014 13:00:00,0.302733333333
17/09/2014 13:15:00,0.729866666667
17/09/2014 13:30:00,0.4212
17/09/2014 13:45:00,0.732533333333
17/09/2014 14:00:00,0.4142
17/09/2014 14:15:00,0.730666666667
17/09/2014 14:30:00,0.665733333333
17/09/2014 14:45:00,0.391066666667
17/09/2014 15:00:00,0.7282
17/09/2014 15:15:00,0.7242
17/09/2014 15:30:00,0.517733333333
17/09/2014 15:45:00,0.73
17/09/2014 16:00:00,0.727333333333
17/09/2014 16:15:00,0.7032
17/09/2014 16:30:00,0.539066666667
17/09/2014 16:45:00,0.7228
17/09/2014 17:00:00,0.426133333333
17/09/2014 17:15:00,0.633466666667
17/09/2014 17:30:00,0.699266666667
17/09/2014 17:45:00,0.7256
17/09/2014 18:00:00,0.195866666667
17/09/2014 18:15:00,0.731733333333
17/09/2014 18:30:00,0.709
17/09/2014 18:45:00,0.477866666667
17/09/2014 19:00:00,0.708466666667
17/09/2014 19:15:00,0.338133333333
17/09/2014 19:30:00,0.7142
17/09/2014 19:45:00,0.3222
17/09/2014 20:00:00,0.617133333333
17/09/2014 20:15:00,0.371666666667
17/09/2014 20:30:00,0.441933333333
17/09/2014 20:45:00,0.588333333333
17/09/2014 21:00:00,0.301066666667
17/09/2014 21:15:00,0.577666666667
17/09/2014 21:30:00,0.377133333333
17/09/2014 21:45:00,0.3226
17/09/2014 22:00:00,0.4468
17/09/2014 22:15:00,0.2732
17/09/2014 22:30:00,0.1516
17/09/2014 22:45:00,0.398133333333
17/09/2014 23:00:00,0.376466666667
17/09/2014 23:15:00,0.175066666667
17/09/2014 23:30:00,0.216666666667
17/09/2014 23:45:00,0.3794
18/09/2014 00:00:00,0.302133333333
18/09/2014 00:15:00,0.0985333333333
18/09/2014 00:30:00,0.363666666667
18/09/2014 00:45:00,0.3936
18/09/2014 01:00:00,0.125733333333
18/09/2014 01:15:00,0.2702
18/09/2014 01:30:00,0.3842
18/09/2014 01:45:00,0.233266666667
18/09/2014 02:00:00,0.163933333333
18/09/2014 02:15:00,0.384466666667
18/09/2014 02:30:00,0.337066666667
18/09/2014 02:45:00,0.125066666667
18/09/2014 03:00:00,0.3056
18/09/2014 03:15:00,0.365266666667
18/09/2014 03:30:00,0.249466666667
18/09/2014 03:45:00,0.1346
18/09/2014 04:00:00,0.358866666667
18/09/2014 04:15:00,0.3312
18/09/2014 04:30:00,0.0304
18/09/2014 04:45:00,0.309533333333
18/09/2014 05:00:00,0.307066666667
18/09/2014 05:15:00,0.0868666666667
18/09/2014 05:30:00,0.2242
18/09/2014 05:45:00,0.281333333333
18/09/2014 06:00:00,0.160666666667
18/09/2014 06:15:00,0.121866666667
18/09/2014 06:30:00,0.2572
18/09/2014 06:45:00,0.207533333333
18/09/2014 07:00:00,0.0619333333333
18/09/2014 07:15:00,0.262933333333
18/09/2014 07:30:00,0.260333333333
18/09/2014 07:45:00,0.0528666666667
18/09/2014 08:00:00,0.2226
18/09/2014 08:15:00,0.263466666667
18/09/2014 08:30:00,0.1746
18/09/2014 08:45:00,0.1008
18/09/2014 09:00:00,0.264
18/09/2014 09:15:00,0.2952
18/09/2014 09:30:00,0.0179333333333
18/09/2014 09:45:00,0.320733333333
18/09/2014 10:00:00,0.368866666667
18/09/2014 10:15:00,0.169533333333
18/09/2014 10:30:00,0.2464
18/09/2014 10:45:00,0.457933333333
18/09/2014 11:00:00,0.289133333333
18/09/2014 11:15:00,0.158466666667
18/09/2014 11:30:00,0.3918
18/09/2014 11:45:00,0.4458
18/09/2014 12:00:00,0.222933333333
18/09/2014 12:15:00,0.245866666667
18/09/2014 12:30:00,0.532866666667
18/09/2014 12:45:00,0.318133333333
18/09/2014 13:00:00,0.230466666667
18/09/2014 13:15:00,0.639666666667
18/09/2014 13:30:00,0.01
18/09/2014 13:45:00,0.598066666667
18/09/2014 14:00:00,0.719066666667
18/09/2014 14:15:00,0.459666666667
18/09/2014 14:30:00,0.6978
18/09/2014 14:45:00,0.694666666667
18/09/2014 15:00:00,0.353533333333
18/09/2014 15:15:00,0.673666666667
18/09/2014 15:30:00,0.272666666667
18/09/2014 15:45:00,0.7114
18/09/2014 16:00:00,0.281533333333
18/09/2014 16:15:00,0.573933333333
18/09/2014 16:30:00,0.401933333333
18/09/2014 16:45:00,0.3664
18/09/2014 17:00:00,0.582933333333
18/09/2014 17:15:00,0.126866666667
18/09/2014 17:30:00,0.484866666667
18/09/2014 17:45:00,0.703866666667
18/09/2014 18:00:00,0.183066666667
18/09/2014 18:15:00,0.453
18/09/2014 18:30:00,0.589066666667
18/09/2014 18:45:00,0.271666666667
18/09/2014 19:00:00,0.588533333333
18/09/2014 19:15:00,0.247266666667
18/09/2014 19:30:00,0.269066666667
18/09/2014 19:45:00,0.436666666667
18/09/2014 20:00:00,0.3308
18/09/2014 20:15:00,0.113333333333
18/09/2014 20:30:00,0.5826
18/09/2014 20:45:00,0.3674
18/09/2014 21:00:00,0.237066666667
18/09/2014 21:15:00,0.412133333333
18/09/2014 21:30:00,0.500466666667
18/09/2014 21:45:00,0.1028
18/09/2014 22:00:00,0.2802
18/09/2014 22:15:00,0.320733333333
18/09/2014 22:30:00,0.259533333333
18/09/2014 22:45:00,0.0684666666667
18/09/2014 23:00:00,0.286066666667
18/09/2014 23:15:00,0.303466666667
18/09/2014 23:30:00,0.261133333333
18/09/2014 23:45:00,0.0687333333333
19/09/2014 00:00:00,0.2866
19/09/2014 00:15:00,0.3022
19/09/2014 00:30:00,0.2604
19/09/2014 00:45:00,0.0762666666667
19/09/2014 01:00:00,0.2794
19/09/2014 01:15:00,0.303533333333
19/09/2014 01:30:00,0.2614
19/09/2014 01:45:00,0.0765333333333
19/09/2014 02:00:00,0.280266666667
19/09/2014 02:15:00,0.303733333333
19/09/2014 02:30:00,0.2692
19/09/2014 02:45:00,0.0725333333333
19/09/2014 03:00:00,0.274733333333
19/09/2014 03:15:00,0.303066666667
19/09/2014 03:30:00,0.268266666667
19/09/2014 03:45:00,0.0724
19/09/2014 04:00:00,0.276
19/09/2014 04:15:00,0.2924
19/09/2014 04:30:00,0.234266666667
19/09/2014 04:45:00,0.0715333333333
19/09/2014 05:00:00,0.290733333333
19/09/2014 05:15:00,0.283
19/09/2014 05:30:00,0.1378
19/09/2014 05:45:00,0.16
19/09/2014 06:00:00,0.286266666667
19/09/2014 06:15:00,0.2858
19/09/2014 06:30:00,0.1024
19/09/2014 06:45:00,0.189333333333
19/09/2014 07:00:00,0.285333333333
19/09/2014 07:15:00,0.2866
19/09/2014 07:30:00,0.0797333333333
19/09/2014 07:45:00,0.2168
19/09/2014 08:00:00,0.343466666667
19/09/2014 08:15:00,0.3228
19/09/2014 08:30:00,0.1522
19/09/2014 08:45:00,0.3254
19/09/2014 09:00:00,0.384333333333
19/09/2014 09:15:00,0.301533333333
19/09/2014 09:30:00,0.0986666666667
19/09/2014 09:45:00,0.2848
19/09/2014 10:00:00,0.338533333333
19/09/2014 10:15:00,0.277733333333
19/09/2014 10:30:00,0.145466666667
19/09/2014 10:45:00,0.436666666667
19/09/2014 11:00:00,0.438133333333
19/09/2014 11:15:00,0.1652
19/09/2014 11:30:00,0.303466666667
19/09/2014 11:45:00,0.479666666667
19/09/2014 12:00:00,0.268733333333
19/09/2014 12:15:00,0.238333333333
19/09/2014 12:30:00,0.602466666667
19/09/2014 12:45:00,0.159933333333
19/09/2014 13:00:00,0.5682
19/09/2014 13:15:00,0.0294666666667
19/09/2014 13:30:00,0.725666666667
19/09/2014 13:45:00,0.235933333333
19/09/2014 14:00:00,0.6644
19/09/2014 14:15:00,0.178933333333
19/09/2014 14:30:00,0.362666666667
19/09/2014 14:45:00,0.6738
19/09/2014 15:00:00,0.3574
19/09/2014 15:15:00,0.710933333333
19/09/2014 15:30:00,0.5328
19/09/2014 15:45:00,0.618866666667
19/09/2014 16:00:00,0.235
19/09/2014 16:15:00,0.0107333333333
19/09/2014 16:30:00,0.01
19/09/2014 16:45:00,0.01
19/09/2014 17:00:00,0.2682
19/09/2014 17:15:00,0.290933333333
19/09/2014 17:30:00,0.219333333333
19/09/2014 17:45:00,0.512733333333
19/09/2014 18:00:00,0.203
19/09/2014 18:15:00,0.4544
19/09/2014 18:30:00,0.3406
19/09/2014 18:45:00,0.2174
19/09/2014 19:00:00,0.500266666667
19/09/2014 19:15:00,0.4196
19/09/2014 19:30:00,0.114933333333
19/09/2014 19:45:00,0.311266666667
19/09/2014 20:00:00,0.3506
19/09/2014 20:15:00,0.332066666667
19/09/2014 20:30:00,0.4286
19/09/2014 20:45:00,0.362133333333
19/09/2014 21:00:00,0.397466666667
19/09/2014 21:15:00,0.493066666667
19/09/2014 21:30:00,0.207333333333
19/09/2014 21:45:00,0.563266666667
19/09/2014 22:00:00,0.120133333333
19/09/2014 22:15:00,0.4496
19/09/2014 22:30:00,0.4434
19/09/2014 22:45:00,0.1692
19/09/2014 23:00:00,0.4772
19/09/2014 23:15:00,0.409733333333
19/09/2014 23:30:00,0.135066666667
19/09/2014 23:45:00,0.351733333333
20/09/2014 00:00:00,0.3916
20/09/2014 00:15:00,0.216266666667
20/09/2014 00:30:00,0.119133333333
20/09/2014 00:45:00,0.370866666667
20/09/2014 01:00:00,0.351866666667
20/09/2014 01:15:00,0.138533333333
20/09/2014 01:30:00,0.196466666667
20/09/2014 01:45:00,0.329266666667
20/09/2014 02:00:00,0.312733333333
20/09/2014 02:15:00,0.0566
20/09/2014 02:30:00,0.251333333333
20/09/2014 02:45:00,0.2984
20/09/2014 03:00:00,0.277933333333
20/09/2014 03:15:00,0.0650666666667
20/09/2014 03:30:00,0.2672
20/09/2014 03:45:00,0.2978
20/09/2014 04:00:00,0.266533333333
20/09/2014 04:15:00,0.0611333333333
20/09/2014 04:30:00,0.2784
20/09/2014 04:45:00,0.2984
20/09/2014 05:00:00,0.254866666667
20/09/2014 05:15:00,0.0606
20/09/2014 05:30:00,0.291066666667
20/09/2014 05:45:00,0.294533333333
20/09/2014 06:00:00,0.243333333333
20/09/2014 06:15:00,0.0645333333333
20/09/2014 06:30:00,0.2972
20/09/2014 06:45:00,0.292933333333
20/09/2014 07:00:00,0.149866666667
20/09/2014 07:15:00,0.15
20/09/2014 07:30:00,0.01
20/09/2014 07:45:00,0.01
20/09/2014 08:00:00,0.00926666666667
20/09/2014 08:15:00,0.00906666666667
20/09/2014 08:30:00,0.00906666666667
20/09/2014 08:45:00,0.009
20/09/2014 09:00:00,0.00913333333333
20/09/2014 09:15:00,0.009
20/09/2014 09:30:00,0.00993333333333
20/09/2014 09:45:00,0.269266666667
20/09/2014 10:00:00,0.0174666666667
20/09/2014 10:15:00,0.268733333333
20/09/2014 10:30:00,0.2258
20/09/2014 10:45:00,0.0574666666667
20/09/2014 11:00:00,0.2912
20/09/2014 11:15:00,0.3158
20/09/2014 11:30:00,0.0534666666667
20/09/2014 11:45:00,0.296666666667
20/09/2014 12:00:00,0.367666666667
20/09/2014 12:15:00,0.306866666667
20/09/2014 12:30:00,0.513333333333
20/09/2014 12:45:00,0.172066666667
20/09/2014 13:00:00,0.722666666667
20/09/2014 13:15:00,0.7236
20/09/2014 13:30:00,0.460933333333
20/09/2014 13:45:00,0.704
20/09/2014 14:00:00,0.2978
20/09/2014 14:15:00,0.709466666667
20/09/2014 14:30:00,0.272066666667
20/09/2014 14:45:00,0.7228
20/09/2014 15:00:00,0.0736
20/09/2014 15:15:00,0.5998
20/09/2014 15:30:00,0.5028
20/09/2014 15:45:00,0.549333333333
20/09/2014 16:00:00,0.718066666667
20/09/2014 16:15:00,0.4676
20/09/2014 16:30:00,0.7018
20/09/2014 16:45:00,0.18
20/09/2014 17:00:00,0.611266666667
20/09/2014 17:15:00,0.714533333333
20/09/2014 17:30:00,0.715933333333
20/09/2014 17:45:00,0.715866666667
20/09/2014 18:00:00,0.664933333333
20/09/2014 18:15:00,0.5014
20/09/2014 18:30:00,0.289466666667
20/09/2014 18:45:00,0.659533333333
20/09/2014 19:00:00,0.278733333333
20/09/2014 19:15:00,0.390733333333
20/09/2014 19:30:00,0.519866666667
20/09/2014 19:45:00,0.253333333333
20/09/2014 20:00:00,0.271933333333
20/09/2014 20:15:00,0.510266666667
20/09/2014 20:30:00,0.315533333333
20/09/2014 20:45:00,0.207
20/09/2014 21:00:00,0.407266666667
20/09/2014 21:15:00,0.4308
20/09/2014 21:30:00,0.249866666667
20/09/2014 21:45:00,0.176466666667
20/09/2014 22:00:00,0.412733333333
20/09/2014 22:15:00,0.284066666667
20/09/2014 22:30:00,0.140866666667
20/09/2014 22:45:00,0.415933333333
20/09/2014 23:00:00,0.323733333333
20/09/2014 23:15:00,0.102933333333
20/09/2014 23:30:00,0.4182
20/09/2014 23:45:00,0.363533333333
21/09/2014 00:00:00,0.1698
21/09/2014 00:15:00,0.3048
21/09/2014 00:30:00,0.4098
21/09/2014 00:45:00,0.274533333333
21/09/2014 01:00:00,0.1582
21/09/2014 01:15:00,0.395466666667
21/09/2014 01:30:00,0.361266666667
21/09/2014 01:45:00,0.103533333333
21/09/2014 02:00:00,0.267733333333
21/09/2014 02:15:00,0.353666666667
21/09/2014 02:30:00,0.131
21/09/2014 02:45:00,0.208666666667
21/09/2014 03:00:00,0.3066
21/09/2014 03:15:00,0.244533333333
21/09/2014 03:30:00,0.0536
21/09/2014 03:45:00,0.288133333333
21/09/2014 04:00:00,0.284133333333
21/09/2014 04:15:00,0.173866666667
21/09/2014 04:30:00,0.119866666667
21/09/2014 04:45:00,0.2842
21/09/2014 05:00:00,0.284733333333
21/09/2014 05:15:00,0.104
21/09/2014 05:30:00,0.186066666667
21/09/2014 05:45:00,0.283866666667
21/09/2014 06:00:00,0.2836
21/09/2014 06:15:00,0.0454
21/09/2014 06:30:00,0.247666666667
21/09/2014 06:45:00,0.283333333333
21/09/2014 07:00:00,0.235333333333
21/09/2014 07:15:00,0.0569333333333
21/09/2014 07:30:00,0.283866666667
21/09/2014 07:45:00,0.2824
21/09/2014 08:00:00,0.1698
21/09/2014 08:15:00,0.126533333333
21/09/2014 08:30:00,0.282333333333
21/09/2014 08:45:00,0.279866666667
21/09/2014 09:00:00,0.104666666667
21/09/2014 09:15:00,0.244266666667
21/09/2014 09:30:00,0.3322
21/09/2014 09:45:00,0.3408
21/09/2014 10:00:00,0.121266666667
21/09/2014 10:15:00,0.347066666667
21/09/2014 10:30:00,0.478533333333
21/09/2014 10:45:00,0.2682
21/09/2014 11:00:00,0.2728
21/09/2014 11:15:00,0.592933333333
21/09/2014 11:30:00,0.112733333333
21/09/2014 11:45:00,0.727533333333
21/09/2014 12:00:00,0.7302
21/09/2014 12:15:00,0.467066666667
21/09/2014 12:30:00,0.717466666667
21/09/2014 12:45:00,0.713133333333
21/09/2014 13:00:00,0.439
21/09/2014 13:15:00,0.6506
21/09/2014 13:30:00,0.353466666667
21/09/2014 13:45:00,0.504933333333
21/09/2014 14:00:00,0.4482
21/09/2014 14:15:00,0.329733333333
21/09/2014 14:30:00,0.272733333333
21/09/2014 14:45:00,0.740533333333
21/09/2014 15:00:00,0.6926
21/09/2014 15:15:00,0.406
21/09/2014 15:30:00,0.714533333333
21/09/2014 15:45:00,0.579733333333
21/09/2014 16:00:00,0.591533333333
21/09/2014 16:15:00,0.4074
21/09/2014 16:30:00,0.322133333333
21/09/2014 16:45:00,0.741666666667
21/09/2014 17:00:00,0.736133333333
21/09/2014 17:15:00,0.735266666667
21/09/2014 17:30:00,0.486666666667
21/09/2014 17:45:00,0.708133333333
21/09/2014 18:00:00,0.1158
21/09/2014 18:15:00,0.556133333333
21/09/2014 18:30:00,0.7254
21/09/2014 18:45:00,0.440866666667
21/09/2014 19:00:00,0.4002
21/09/2014 19:15:00,0.590333333333
21/09/2014 19:30:00,0.2654
21/09/2014 19:45:00,0.331466666667
21/09/2014 20:00:00,0.504266666667
21/09/2014 20:15:00,0.330266666667
21/09/2014 20:30:00,0.207133333333
21/09/2014 20:45:00,0.4762
21/09/2014 21:00:00,0.358733333333
21/09/2014 21:15:00,0.186333333333
21/09/2014 21:30:00,0.3548
21/09/2014 21:45:00,0.413
21/09/2014 22:00:00,0.200066666667
21/09/2014 22:15:00,0.222866666667
21/09/2014 22:30:00,0.416266666667
21/09/2014 22:45:00,0.268333333333
21/09/2014 23:00:00,0.160533333333
21/09/2014 23:15:00,0.4178
21/09/2014 23:30:00,0.3294
21/09/2014 23:45:00,0.0973333333333
22/09/2014 00:00:00,0.416866666667
22/09/2014 00:15:00,0.404266666667
22/09/2014 00:30:00,0.192466666667
22/09/2014 00:45:00,0.235933333333
22/09/2014 01:00:00,0.378
22/09/2014 01:15:00,0.308
22/09/2014 01:30:00,0.0582
22/09/2014 01:45:00,0.337333333333
22/09/2014 02:00:00,0.332866666667
22/09/2014 02:15:00,0.01
22/09/2014 02:30:00,0.322066666667
22/09/2014 02:45:00,0.288666666667
22/09/2014 03:00:00,0.0775333333333
22/09/2014 03:15:00,0.222333333333
22/09/2014 03:30:00,0.273533333333
22/09/2014 03:45:00,0.112533333333
22/09/2014 04:00:00,0.166733333333
22/09/2014 04:15:00,0.2656
22/09/2014 04:30:00,0.198933333333
22/09/2014 04:45:00,0.0807333333333
22/09/2014 05:00:00,0.2686
22/09/2014 05:15:00,0.2288
22/09/2014 05:30:00,0.0416
22/09/2014 05:45:00,0.2612
22/09/2014 06:00:00,0.236533333333
22/09/2014 06:15:00,0.0338
22/09/2014 06:30:00,0.2602
22/09/2014 06:45:00,0.150933333333
22/09/2014 07:00:00,0.111466666667
22/09/2014 07:15:00,0.2532
22/09/2014 07:30:00,0.0534
22/09/2014 07:45:00,0.209533333333
22/09/2014 08:00:00,0.252
22/09/2014 08:15:00,0.01
22/09/2014 08:30:00,0.290733333333
22/09/2014 08:45:00,0.263666666667
22/09/2014 09:00:00,0.0414666666667
22/09/2014 09:15:00,0.291266666667
22/09/2014 09:30:00,0.289733333333
22/09/2014 09:45:00,0.101
22/09/2014 10:00:00,0.264466666667
22/09/2014 10:15:00,0.359066666667
22/09/2014 10:30:00,0.402933333333
22/09/2014 10:45:00,0.193266666667
22/09/2014 11:00:00,0.301333333333
22/09/2014 11:15:00,0.556
22/09/2014 11:30:00,0.266266666667
22/09/2014 11:45:00,0.328733333333
22/09/2014 12:00:00,0.489866666667
22/09/2014 12:15:00,0.248666666667
22/09/2014 12:30:00,0.723533333333
22/09/2014 12:45:00,0.2068
22/09/2014 13:00:00,0.702866666667
22/09/2014 13:15:00,0.152333333333
22/09/2014 13:30:00,0.678666666667
22/09/2014 13:45:00,0.0291333333333
22/09/2014 14:00:00,0.739733333333
22/09/2014 14:15:00,0.739333333333
22/09/2014 14:30:00,0.738466666667
22/09/2014 14:45:00,0.536733333333
22/09/2014 15:00:00,0.700333333333
22/09/2014 15:15:00,0.162933333333
22/09/2014 15:30:00,0.722666666667
22/09/2014 15:45:00,0.479866666667
22/09/2014 16:00:00,0.598533333333
22/09/2014 16:15:00,0.4794
22/09/2014 16:30:00,0.314333333333
22/09/2014 16:45:00,0.721733333333
22/09/2014 17:00:00,0.723466666667
22/09/2014 17:15:00,0.465866666667
22/09/2014 17:30:00,0.708733333333
22/09/2014 17:45:00,0.0992666666667
22/09/2014 18:00:00,0.722133333333
22/09/2014 18:15:00,0.353533333333
22/09/2014 18:30:00,0.680933333333
22/09/2014 18:45:00,0.2748
22/09/2014 19:00:00,0.719733333333
22/09/2014 19:15:00,0.1844
22/09/2014 19:30:00,0.594333333333
22/09/2014 19:45:00,0.373266666667
22/09/2014 20:00:00,0.274733333333
22/09/2014 20:15:00,0.5714
22/09/2014 20:30:00,0.2572
22/09/2014 20:45:00,0.341266666667
22/09/2014 21:00:00,0.536866666667
22/09/2014 21:15:00,0.312666666667
22/09/2014 21:30:00,0.221533333333
22/09/2014 21:45:00,0.492266666667
22/09/2014 22:00:00,0.411866666667
22/09/2014 22:15:00,0.173733333333
22/09/2014 22:30:00,0.363133333333
22/09/2014 22:45:00,0.449333333333
22/09/2014 23:00:00,0.261733333333
22/09/2014 23:15:00,0.190733333333
22/09/2014 23:30:00,0.436
22/09/2014 23:45:00,0.4258
23/09/2014 00:00:00,0.1702
23/09/2014 00:15:00,0.259866666667
23/09/2014 00:30:00,0.399333333333
23/09/2014 00:45:00,0.2612
23/09/2014 01:00:00,0.135133333333
23/09/2014 01:15:00,0.363933333333
23/09/2014 01:30:00,0.353466666667
23/09/2014 01:45:00,0.1208
23/09/2014 02:00:00,0.2264
23/09/2014 02:15:00,0.329466666667
23/09/2014 02:30:00,0.2624
23/09/2014 02:45:00,0.0563333333333
23/09/2014 03:00:00,0.302
23/09/2014 03:15:00,0.2962
23/09/2014 03:30:00,0.141
23/09/2014 03:45:00,0.156933333333
23/09/2014 04:00:00,0.287066666667
23/09/2014 04:15:00,0.173266666667
23/09/2014 04:30:00,0.108666666667
23/09/2014 04:45:00,0.2678
23/09/2014 05:00:00,0.137133333333
23/09/2014 05:15:00,0.135933333333
23/09/2014 05:30:00,0.258333333333
23/09/2014 05:45:00,0.009
23/09/2014 06:00:00,0.2534
23/09/2014 06:15:00,0.152933333333
23/09/2014 06:30:00,0.1048
23/09/2014 06:45:00,0.247533333333
23/09/2014 07:00:00,0.0101333333333
23/09/2014 07:15:00,0.247533333333
23/09/2014 07:30:00,0.01
23/09/2014 07:45:00,0.238666666667
23/09/2014 08:00:00,0.01
23/09/2014 08:15:00,0.01
23/09/2014 08:30:00,0.01
23/09/2014 08:45:00,0.01
23/09/2014 09:00:00,0.01
23/09/2014 09:15:00,0.01
23/09/2014 09:30:00,0.01
23/09/2014 09:45:00,0.01
23/09/2014 10:00:00,0.01
23/09/2014 10:15:00,0.01
23/09/2014 10:30:00,0.01
23/09/2014 10:45:00,0.01
23/09/2014 11:00:00,0.01
23/09/2014 11:15:00,0.01
23/09/2014 11:30:00,0.01
23/09/2014 11:45:00,0.01
23/09/2014 12:00:00,0.01
23/09/2014 12:15:00,0.01
23/09/2014 12:30:00,0.01
23/09/2014 12:45:00,0.0844666666667
23/09/2014 13:00:00,0.528266666667
23/09/2014 13:15:00,0.630133333333
23/09/2014 13:30:00,0.181333333333
23/09/2014 13:45:00,0.467333333333
23/09/2014 14:00:00,0.483666666667
23/09/2014 14:15:00,0.1182
23/09/2014 14:30:00,0.6086
23/09/2014 14:45:00,0.2632
23/09/2014 15:00:00,0.6666
23/09/2014 15:15:00,0.209866666667
23/09/2014 15:30:00,0.7
23/09/2014 15:45:00,0.181666666667
23/09/2014 16:00:00,0.402933333333
23/09/2014 16:15:00,0.6832
23/09/2014 16:30:00,0.320466666667
23/09/2014 16:45:00,0.542866666667
23/09/2014 17:00:00,0.47
23/09/2014 17:15:00,0.252133333333
23/09/2014 17:30:00,0.639066666667
23/09/2014 17:45:00,0.0176
23/09/2014 18:00:00,0.714466666667
23/09/2014 18:15:00,0.0500666666667
23/09/2014 18:30:00,0.716333333333
23/09/2014 18:45:00,0.0145333333333
23/09/2014 19:00:00,0.5678
23/09/2014 19:15:00,0.210266666667
23/09/2014 19:30:00,0.537333333333
23/09/2014 19:45:00,0.262666666667
23/09/2014 20:00:00,0.1582
23/09/2014 20:15:00,0.354733333333
23/09/2014 20:30:00,0.324066666667
23/09/2014 20:45:00,0.146866666667
23/09/2014 21:00:00,0.219333333333
23/09/2014 21:15:00,0.325933333333
23/09/2014 21:30:00,0.258533333333
23/09/2014 21:45:00,0.0574
23/09/2014 22:00:00,0.295266666667
23/09/2014 22:15:00,0.289066666667
23/09/2014 22:30:00,0.180733333333
23/09/2014 22:45:00,0.120933333333
23/09/2014 23:00:00,0.291066666667
23/09/2014 23:15:00,0.290666666667
23/09/2014 23:30:00,0.128666666667
23/09/2014 23:45:00,0.186266666667
24/09/2014 00:00:00,0.285733333333
24/09/2014 00:15:00,0.289266666667
24/09/2014 00:30:00,0.077
24/09/2014 00:45:00,0.2194
24/09/2014 01:00:00,0.288066666667
24/09/2014 01:15:00,0.276333333333
24/09/2014 01:30:00,0.0220666666667
24/09/2014 01:45:00,0.288866666667
24/09/2014 02:00:00,0.279533333333
24/09/2014 02:15:00,0.0103333333333
24/09/2014 02:30:00,0.2806
24/09/2014 02:45:00,0.0103333333333
24/09/2014 03:00:00,0.281533333333
24/09/2014 03:15:00,0.01
24/09/2014 03:30:00,0.263066666667
24/09/2014 03:45:00,0.0102
24/09/2014 04:00:00,0.105466666667
24/09/2014 04:15:00,0.143733333333
24/09/2014 04:30:00,0.01
24/09/2014 04:45:00,0.183333333333
24/09/2014 05:00:00,0.0493333333333
24/09/2014 05:15:00,0.01
24/09/2014 05:30:00,0.01
24/09/2014 05:45:00,0.01
24/09/2014 06:00:00,0.01
24/09/2014 06:15:00,0.244533333333
24/09/2014 06:30:00,0.01
24/09/2014 06:45:00,0.01
24/09/2014 07:00:00,0.0658666666667
24/09/2014 07:15:00,0.163466666667
24/09/2014 07:30:00,0.01
24/09/2014 07:45:00,0.01
24/09/2014 08:00:00,0.195
24/09/2014 08:15:00,0.01
24/09/2014 08:30:00,0.01
24/09/2014 08:45:00,0.01
24/09/2014 09:00:00,0.01
24/09/2014 09:15:00,0.01
24/09/2014 09:30:00,0.0106666666667
24/09/2014 09:45:00,0.0103333333333
24/09/2014 10:00:00,0.230066666667
24/09/2014 10:15:00,0.01
24/09/2014 10:30:00,0.119933333333
24/09/2014 10:45:00,0.127533333333
24/09/2014 11:00:00,0.175
24/09/2014 11:15:00,0.0687333333333
24/09/2014 11:30:00,0.242333333333
24/09/2014 11:45:00,0.0102
24/09/2014 12:00:00,0.2494
24/09/2014 12:15:00,0.185533333333
24/09/2014 12:30:00,0.0959333333333
24/09/2014 12:45:00,0.332066666667
24/09/2014 13:00:00,0.376266666667
24/09/2014 13:15:00,0.115733333333
24/09/2014 13:30:00,0.2806
24/09/2014 13:45:00,0.333066666667
24/09/2014 14:00:00,0.351533333333
24/09/2014 14:15:00,0.148666666667
24/09/2014 14:30:00,0.222333333333
24/09/2014 14:45:00,0.375
24/09/2014 15:00:00,0.323666666667
24/09/2014 15:15:00,0.149333333333
24/09/2014 15:30:00,0.275066666667
24/09/2014 15:45:00,0.4066
24/09/2014 16:00:00,0.394933333333
24/09/2014 16:15:00,0.210666666667
24/09/2014 16:30:00,0.6004
24/09/2014 16:45:00,0.3716
24/09/2014 17:00:00,0.268466666667
24/09/2014 17:15:00,0.5304
24/09/2014 17:30:00,0.427733333333
24/09/2014 17:45:00,0.232266666667
24/09/2014 18:00:00,0.526466666667
24/09/2014 18:15:00,0.471666666667
24/09/2014 18:30:00,0.248666666667
24/09/2014 18:45:00,0.400066666667
24/09/2014 19:00:00,0.4942
24/09/2014 19:15:00,0.184
24/09/2014 19:30:00,0.2194
24/09/2014 19:45:00,0.355533333333
24/09/2014 20:00:00,0.252866666667
24/09/2014 20:15:00,0.0983333333333
24/09/2014 20:30:00,0.652
24/09/2014 20:45:00,0.151466666667
24/09/2014 21:00:00,0.3488
24/09/2014 21:15:00,0.468466666667
24/09/2014 21:30:00,0.221733333333
24/09/2014 21:45:00,0.166733333333
24/09/2014 22:00:00,0.381
24/09/2014 22:15:00,0.343533333333
24/09/2014 22:30:00,0.095
24/09/2014 22:45:00,0.328733333333
24/09/2014 23:00:00,0.386
24/09/2014 23:15:00,0.252866666667
24/09/2014 23:30:00,0.158133333333
24/09/2014 23:45:00,0.344933333333
25/09/2014 00:00:00,0.3074
25/09/2014 00:15:00,0.0102
25/09/2014 00:30:00,0.274466666667
25/09/2014 00:45:00,0.298933333333
25/09/2014 01:00:00,0.01
25/09/2014 01:15:00,0.2836
25/09/2014 01:30:00,0.2686
25/09/2014 01:45:00,0.019
25/09/2014 02:00:00,0.2582
25/09/2014 02:15:00,0.0452
25/09/2014 02:30:00,0.2158
25/09/2014 02:45:00,0.192533333333
25/09/2014 03:00:00,0.0618
25/09/2014 03:15:00,0.2392
25/09/2014 03:30:00,0.0109333333333
25/09/2014 03:45:00,0.236333333333
25/09/2014 04:00:00,0.01
25/09/2014 04:15:00,0.2312
25/09/2014 04:30:00,0.01
25/09/2014 04:45:00,0.230733333333
25/09/2014 05:00:00,0.01
25/09/2014 05:15:00,0.229066666667
25/09/2014 05:30:00,0.01
25/09/2014 05:45:00,0.101533333333
25/09/2014 06:00:00,0.01
25/09/2014 06:15:00,0.0101333333333
25/09/2014 06:30:00,0.01
25/09/2014 06:45:00,0.01
25/09/2014 07:00:00,0.01
25/09/2014 07:15:00,0.0100666666667
25/09/2014 07:30:00,0.0100666666667
25/09/2014 07:45:00,0.01
25/09/2014 08:00:00,0.01
25/09/2014 08:15:00,0.01
25/09/2014 08:30:00,0.01
25/09/2014 08:45:00,0.01
25/09/2014 09:00:00,0.01
25/09/2014 09:15:00,0.01
25/09/2014 09:30:00,0.248
25/09/2014 09:45:00,0.0100666666667
25/09/2014 10:00:00,0.266866666667
25/09/2014 10:15:00,0.01
25/09/2014 10:30:00,0.2394
25/09/2014 10:45:00,0.2792
25/09/2014 11:00:00,0.0146666666667
25/09/2014 11:15:00,0.306066666667
25/09/2014 11:30:00,0.329333333333
25/09/2014 11:45:00,0.0818
25/09/2014 12:00:00,0.256666666667
25/09/2014 12:15:00,0.348933333333
25/09/2014 12:30:00,0.267266666667
25/09/2014 12:45:00,0.202133333333
25/09/2014 13:00:00,0.531733333333
25/09/2014 13:15:00,0.273933333333
25/09/2014 13:30:00,0.282666666667
25/09/2014 13:45:00,0.323866666667
25/09/2014 14:00:00,0.322866666667
25/09/2014 14:15:00,0.208866666667
25/09/2014 14:30:00,0.392666666667
25/09/2014 14:45:00,0.529266666667
25/09/2014 15:00:00,0.2018
25/09/2014 15:15:00,0.499666666667
25/09/2014 15:30:00,0.458066666667
25/09/2014 15:45:00,0.104866666667
25/09/2014 16:00:00,0.686533333333
25/09/2014 16:15:00,0.0971333333333
25/09/2014 16:30:00,0.6672
25/09/2014 16:45:00,0.0976
25/09/2014 17:00:00,0.591466666667
25/09/2014 17:15:00,0.0327333333333
25/09/2014 17:30:00,0.6482
25/09/2014 17:45:00,0.251666666667
25/09/2014 18:00:00,0.301133333333
25/09/2014 18:15:00,0.436
25/09/2014 18:30:00,0.3224
25/09/2014 18:45:00,0.120133333333
25/09/2014 19:00:00,0.3124
25/09/2014 19:15:00,0.307866666667
25/09/2014 19:30:00,0.276533333333
25/09/2014 19:45:00,0.0777333333333
25/09/2014 20:00:00,0.345
25/09/2014 20:15:00,0.333333333333
25/09/2014 20:30:00,0.0488
25/09/2014 20:45:00,0.274933333333
25/09/2014 21:00:00,0.2868
25/09/2014 21:15:00,0.192866666667
25/09/2014 21:30:00,0.0922666666667
25/09/2014 21:45:00,0.2818
25/09/2014 22:00:00,0.281533333333
25/09/2014 22:15:00,0.1652
25/09/2014 22:30:00,0.127933333333
25/09/2014 22:45:00,0.280533333333
25/09/2014 23:00:00,0.283266666667
25/09/2014 23:15:00,0.136333333333
25/09/2014 23:30:00,0.158866666667
25/09/2014 23:45:00,0.286933333333
26/09/2014 00:00:00,0.2856
26/09/2014 00:15:00,0.105933333333
26/09/2014 00:30:00,0.1866
26/09/2014 00:45:00,0.2858
26/09/2014 01:00:00,0.284533333333
26/09/2014 01:15:00,0.0562
26/09/2014 01:30:00,0.234866666667
26/09/2014 01:45:00,0.2782
26/09/2014 02:00:00,0.0906666666667
26/09/2014 02:15:00,0.194266666667
26/09/2014 02:30:00,0.2758
26/09/2014 02:45:00,0.01
26/09/2014 03:00:00,0.2568
26/09/2014 03:15:00,0.0759333333333
26/09/2014 03:30:00,0.186866666667
26/09/2014 03:45:00,0.179066666667
26/09/2014 04:00:00,0.0756666666667
26/09/2014 04:15:00,0.133333333333
26/09/2014 04:30:00,0.110066666667
26/09/2014 04:45:00,0.0412
26/09/2014 05:00:00,0.193666666667
26/09/2014 05:15:00,0.01
26/09/2014 05:30:00,0.223866666667
26/09/2014 05:45:00,0.01
26/09/2014 06:00:00,0.170466666667
26/09/2014 06:15:00,0.0600666666667
26/09/2014 06:30:00,0.0101333333333
26/09/2014 06:45:00,0.2504
26/09/2014 07:00:00,0.01
26/09/2014 07:15:00,0.244466666667
26/09/2014 07:30:00,0.01
26/09/2014 07:45:00,0.239533333333
26/09/2014 08:00:00,0.01
26/09/2014 08:15:00,0.01
26/09/2014 08:30:00,0.01
26/09/2014 08:45:00,0.01
26/09/2014 09:00:00,0.01
26/09/2014 09:15:00,0.01
26/09/2014 09:30:00,0.0109333333333
26/09/2014 09:45:00,0.011
26/09/2014 10:00:00,0.011
26/09/2014 10:15:00,0.0103333333333
26/09/2014 10:30:00,0.01
26/09/2014 10:45:00,0.01
26/09/2014 11:00:00,0.01
26/09/2014 11:15:00,0.279
26/09/2014 11:30:00,0.0102666666667
26/09/2014 11:45:00,0.259266666667
26/09/2014 12:00:00,0.237533333333
26/09/2014 12:15:00,0.0459333333333
26/09/2014 12:30:00,0.3028
26/09/2014 12:45:00,0.205666666667
26/09/2014 13:00:00,0.103533333333
26/09/2014 13:15:00,0.4716
26/09/2014 13:30:00,0.2598
26/09/2014 13:45:00,0.211066666667
26/09/2014 14:00:00,0.201266666667
26/09/2014 14:15:00,0.2758
26/09/2014 14:30:00,0.477333333333
26/09/2014 14:45:00,0.1142
26/09/2014 15:00:00,0.3812
26/09/2014 15:15:00,0.479333333333
26/09/2014 15:30:00,0.133666666667
26/09/2014 15:45:00,0.404533333333
26/09/2014 16:00:00,0.416666666667
26/09/2014 16:15:00,0.292133333333
26/09/2014 16:30:00,0.449466666667
26/09/2014 16:45:00,0.673666666667
26/09/2014 17:00:00,0.255466666667
26/09/2014 17:15:00,0.505733333333
26/09/2014 17:30:00,0.4918
26/09/2014 17:45:00,0.351066666667
26/09/2014 18:00:00,0.7016
26/09/2014 18:15:00,0.5358
26/09/2014 18:30:00,0.418066666667
26/09/2014 18:45:00,0.353133333333
26/09/2014 19:00:00,0.212066666667
26/09/2014 19:15:00,0.7092
26/09/2014 19:30:00,0.360866666667
26/09/2014 19:45:00,0.649266666667
26/09/2014 20:00:00,0.270066666667
26/09/2014 20:15:00,0.374666666667
26/09/2014 20:30:00,0.545
26/09/2014 20:45:00,0.248666666667
26/09/2014 21:00:00,0.2954
26/09/2014 21:15:00,0.4868
26/09/2014 21:30:00,0.373533333333
26/09/2014 21:45:00,0.153733333333
26/09/2014 22:00:00,0.341866666667
26/09/2014 22:15:00,0.306333333333
26/09/2014 22:30:00,0.1482
26/09/2014 22:45:00,0.159
26/09/2014 23:00:00,0.289866666667
26/09/2014 23:15:00,0.290133333333
26/09/2014 23:30:00,0.115866666667
26/09/2014 23:45:00,0.1862
27/09/2014 00:00:00,0.291933333333
27/09/2014 00:15:00,0.290933333333
27/09/2014 00:30:00,0.1034
27/09/2014 00:45:00,0.196866666667
27/09/2014 01:00:00,0.287666666667
27/09/2014 01:15:00,0.290666666667
27/09/2014 01:30:00,0.0400666666667
27/09/2014 01:45:00,0.258266666667
27/09/2014 02:00:00,0.282133333333
27/09/2014 02:15:00,0.133933333333
27/09/2014 02:30:00,0.1512
27/09/2014 02:45:00,0.273933333333
27/09/2014 03:00:00,0.183266666667
27/09/2014 03:15:00,0.0906666666667
27/09/2014 03:30:00,0.260333333333
27/09/2014 03:45:00,0.168333333333
27/09/2014 04:00:00,0.0982666666667
27/09/2014 04:15:00,0.249
27/09/2014 04:30:00,0.0888666666667
27/09/2014 04:45:00,0.1738
27/09/2014 05:00:00,0.245133333333
27/09/2014 05:15:00,0.01
27/09/2014 05:30:00,0.241133333333
27/09/2014 05:45:00,0.141733333333
27/09/2014 06:00:00,0.111466666667
27/09/2014 06:15:00,0.236533333333
27/09/2014 06:30:00,0.01
27/09/2014 06:45:00,0.235666666667
27/09/2014 07:00:00,0.0961333333333
27/09/2014 07:15:00,0.1516
27/09/2014 07:30:00,0.2402
27/09/2014 07:45:00,0.01
27/09/2014 08:00:00,0.279
27/09/2014 08:15:00,0.0398666666667
27/09/2014 08:30:00,0.219466666667
27/09/2014 08:45:00,0.279133333333
27/09/2014 09:00:00,0.0100666666667
27/09/2014 09:15:00,0.2402
27/09/2014 09:30:00,0.1268
27/09/2014 09:45:00,0.158
27/09/2014 10:00:00,0.2806
27/09/2014 10:15:00,0.01
27/09/2014 10:30:00,0.281266666667
27/09/2014 10:45:00,0.282733333333
27/09/2014 11:00:00,0.0441333333333
27/09/2014 11:15:00,0.2448
27/09/2014 11:30:00,0.285133333333
27/09/2014 11:45:00,0.274333333333
27/09/2014 12:00:00,0.075
27/09/2014 12:15:00,0.312466666667
27/09/2014 12:30:00,0.373
27/09/2014 12:45:00,0.295733333333
27/09/2014 13:00:00,0.138333333333
27/09/2014 13:15:00,0.377733333333
27/09/2014 13:30:00,0.387133333333
27/09/2014 13:45:00,0.2804
27/09/2014 14:00:00,0.215266666667
27/09/2014 14:15:00,0.395466666667
27/09/2014 14:30:00,0.4682
27/09/2014 14:45:00,0.0471333333333
27/09/2014 15:00:00,0.697
27/09/2014 15:15:00,0.0986
27/09/2014 15:30:00,0.697
27/09/2014 15:45:00,0.1852
27/09/2014 16:00:00,0.550266666667
27/09/2014 16:15:00,0.343333333333
27/09/2014 16:30:00,0.268866666667
27/09/2014 16:45:00,0.364333333333
27/09/2014 17:00:00,0.274666666667
27/09/2014 17:15:00,0.379
27/09/2014 17:30:00,0.2324
27/09/2014 17:45:00,0.312333333333
27/09/2014 18:00:00,0.01
27/09/2014 18:15:00,0.01
27/09/2014 18:30:00,0.00946666666667
27/09/2014 18:45:00,0.0092
27/09/2014 19:00:00,0.226466666667
27/09/2014 19:15:00,0.00993333333333
27/09/2014 19:30:00,0.224666666667
27/09/2014 19:45:00,0.00986666666667
27/09/2014 20:00:00,0.2284
27/09/2014 20:15:00,0.171733333333
27/09/2014 20:30:00,0.0761333333333
27/09/2014 20:45:00,0.487733333333
27/09/2014 21:00:00,0.117333333333
27/09/2014 21:15:00,0.2532
27/09/2014 21:30:00,0.358066666667
27/09/2014 21:45:00,0.344733333333
27/09/2014 22:00:00,0.0984666666667
27/09/2014 22:15:00,0.313266666667
27/09/2014 22:30:00,0.322466666667
27/09/2014 22:45:00,0.261866666667
27/09/2014 23:00:00,0.0902666666667
27/09/2014 23:15:00,0.306933333333
27/09/2014 23:30:00,0.325133333333
27/09/2014 23:45:00,0.1438
28/09/2014 00:00:00,0.177466666667
28/09/2014 00:15:00,0.2848
28/09/2014 00:30:00,0.0739333333333
28/09/2014 00:45:00,0.203933333333
28/09/2014 01:00:00,0.272333333333
28/09/2014 01:15:00,0.0112
28/09/2014 01:30:00,0.2558
28/09/2014 01:45:00,0.0198666666667
28/09/2014 02:00:00,0.238533333333
28/09/2014 02:15:00,0.01
28/09/2014 02:30:00,0.2392
28/09/2014 02:45:00,0.01
28/09/2014 03:00:00,0.235133333333
28/09/2014 03:15:00,0.01
28/09/2014 03:30:00,0.231333333333
28/09/2014 03:45:00,0.01
28/09/2014 04:00:00,0.2306
28/09/2014 04:15:00,0.01
28/09/2014 04:30:00,0.230733333333
28/09/2014 04:45:00,0.01
28/09/2014 05:00:00,0.2272
28/09/2014 05:15:00,0.01
28/09/2014 05:30:00,0.182533333333
28/09/2014 05:45:00,0.0504666666667
28/09/2014 06:00:00,0.01
28/09/2014 06:15:00,0.218933333333
28/09/2014 06:30:00,0.0100666666667
28/09/2014 06:45:00,0.0102
28/09/2014 07:00:00,0.1358
28/09/2014 07:15:00,0.123733333333
28/09/2014 07:30:00,0.01
28/09/2014 07:45:00,0.218
28/09/2014 08:00:00,0.0101333333333
28/09/2014 08:15:00,0.118866666667
28/09/2014 08:30:00,0.133133333333
28/09/2014 08:45:00,0.01
28/09/2014 09:00:00,0.239533333333
28/09/2014 09:15:00,0.01
28/09/2014 09:30:00,0.2392
28/09/2014 09:45:00,0.0394666666667
28/09/2014 10:00:00,0.2054
28/09/2014 10:15:00,0.244733333333
28/09/2014 10:30:00,0.0103333333333
28/09/2014 10:45:00,0.284266666667
28/09/2014 11:00:00,0.256133333333
28/09/2014 11:15:00,0.0662666666667
28/09/2014 11:30:00,0.321666666667
28/09/2014 11:45:00,0.333133333333
28/09/2014 12:00:00,0.233666666667
28/09/2014 12:15:00,0.134066666667
28/09/2014 12:30:00,0.417666666667
28/09/2014 12:45:00,0.412866666667
28/09/2014 13:00:00,0.157
28/09/2014 13:15:00,0.2682
28/09/2014 13:30:00,0.4218
28/09/2014 13:45:00,0.250733333333
28/09/2014 14:00:00,0.3056
28/09/2014 14:15:00,0.508066666667
28/09/2014 14:30:00,0.285733333333
28/09/2014 14:45:00,0.238066666667
28/09/2014 15:00:00,0.5992
28/09/2014 15:15:00,0.190466666667
28/09/2014 15:30:00,0.599733333333
28/09/2014 15:45:00,0.359933333333
28/09/2014 16:00:00,0.332066666667
28/09/2014 16:15:00,0.543133333333
28/09/2014 16:30:00,0.302333333333
28/09/2014 16:45:00,0.587333333333
28/09/2014 17:00:00,0.2234
28/09/2014 17:15:00,0.627733333333
28/09/2014 17:30:00,0.671866666667
28/09/2014 17:45:00,0.687066666667
28/09/2014 18:00:00,0.685666666667
28/09/2014 18:15:00,0.429866666667
28/09/2014 18:30:00,0.693266666667
28/09/2014 18:45:00,0.298266666667
28/09/2014 19:00:00,0.4404
28/09/2014 19:15:00,0.3964
28/09/2014 19:30:00,0.217866666667
28/09/2014 19:45:00,0.387
28/09/2014 20:00:00,0.3992
28/09/2014 20:15:00,0.175866666667
28/09/2014 20:30:00,0.286466666667
28/09/2014 20:45:00,0.4892
28/09/2014 21:00:00,0.177666666667
28/09/2014 21:15:00,0.3046
28/09/2014 21:30:00,0.4754
28/09/2014 21:45:00,0.1538
28/09/2014 22:00:00,0.328466666667
28/09/2014 22:15:00,0.436866666667
28/09/2014 22:30:00,0.0965333333333
28/09/2014 22:45:00,0.347466666667
28/09/2014 23:00:00,0.427266666667
28/09/2014 23:15:00,0.0731333333333
28/09/2014 23:30:00,0.385733333333
28/09/2014 23:45:00,0.428866666667
29/09/2014 00:00:00,0.2006
29/09/2014 00:15:00,0.254066666667
29/09/2014 00:30:00,0.395866666667
29/09/2014 00:45:00,0.2744
29/09/2014 01:00:00,0.0506666666667
29/09/2014 01:15:00,0.341866666667
29/09/2014 01:30:00,0.3128
29/09/2014 01:45:00,0.0315333333333
29/09/2014 02:00:00,0.289733333333
29/09/2014 02:15:00,0.305866666667
29/09/2014 02:30:00,0.01
29/09/2014 02:45:00,0.285866666667
29/09/2014 03:00:00,0.332133333333
29/09/2014 03:15:00,0.179333333333
29/09/2014 03:30:00,0.368133333333
29/09/2014 03:45:00,0.3422
29/09/2014 04:00:00,0.211
29/09/2014 04:15:00,0.161
29/09/2014 04:30:00,0.3724
29/09/2014 04:45:00,0.322933333333
29/09/2014 05:00:00,0.179533333333
29/09/2014 05:15:00,0.152733333333
29/09/2014 05:30:00,0.3216
29/09/2014 05:45:00,0.320933333333
29/09/2014 06:00:00,0.159466666667
29/09/2014 06:15:00,0.174333333333
29/09/2014 06:30:00,0.313466666667
29/09/2014 06:45:00,0.134266666667
29/09/2014 07:00:00,0.114466666667
29/09/2014 07:15:00,0.01
29/09/2014 07:30:00,0.01
29/09/2014 07:45:00,0.01
29/09/2014 08:00:00,0.01
29/09/2014 08:15:00,0.01
29/09/2014 08:30:00,0.01
29/09/2014 08:45:00,0.01
29/09/2014 09:00:00,0.0101333333333
29/09/2014 09:15:00,0.0106
29/09/2014 09:30:00,0.0100666666667
29/09/2014 09:45:00,0.0100666666667
29/09/2014 10:00:00,0.0102
29/09/2014 10:15:00,0.011
29/09/2014 10:30:00,0.011
29/09/2014 10:45:00,0.4912
29/09/2014 11:00:00,0.01
29/09/2014 11:15:00,0.473933333333
29/09/2014 11:30:00,0.383266666667
29/09/2014 11:45:00,0.209
29/09/2014 12:00:00,0.504
29/09/2014 12:15:00,0.268866666667
29/09/2014 12:30:00,0.2134
29/09/2014 12:45:00,0.453733333333
29/09/2014 13:00:00,0.2776
29/09/2014 13:15:00,0.457866666667
29/09/2014 13:30:00,0.479066666667
29/09/2014 13:45:00,0.265733333333
29/09/2014 14:00:00,0.7052
29/09/2014 14:15:00,0.296933333333
29/09/2014 14:30:00,0.667333333333
29/09/2014 14:45:00,0.3364
29/09/2014 15:00:00,0.6138
29/09/2014 15:15:00,0.425533333333
29/09/2014 15:30:00,0.488733333333
29/09/2014 15:45:00,0.4364
29/09/2014 16:00:00,0.641266666667
29/09/2014 16:15:00,0.142533333333
29/09/2014 16:30:00,0.711466666667
29/09/2014 16:45:00,0.616533333333
29/09/2014 17:00:00,0.522
29/09/2014 17:15:00,0.265
29/09/2014 17:30:00,0.3798
29/09/2014 17:45:00,0.458333333333
29/09/2014 18:00:00,0.199466666667
29/09/2014 18:15:00,0.338333333333
29/09/2014 18:30:00,0.5906
29/09/2014 18:45:00,0.259533333333
29/09/2014 19:00:00,0.386533333333
29/09/2014 19:15:00,0.496133333333
29/09/2014 19:30:00,0.2686
29/09/2014 19:45:00,0.327266666667
29/09/2014 20:00:00,0.489533333333
29/09/2014 20:15:00,0.0328666666667
29/09/2014 20:30:00,0.4794
29/09/2014 20:45:00,0.243933333333
29/09/2014 21:00:00,0.242933333333
29/09/2014 21:15:00,0.458933333333
29/09/2014 21:30:00,0.113733333333
29/09/2014 21:45:00,0.1628
29/09/2014 22:00:00,0.265866666667
29/09/2014 22:15:00,0.266066666667
29/09/2014 22:30:00,0.0102
29/09/2014 22:45:00,0.266333333333
29/09/2014 23:00:00,0.266866666667
29/09/2014 23:15:00,0.1698
29/09/2014 23:30:00,0.109866666667
29/09/2014 23:45:00,0.269333333333
30/09/2014 00:00:00,0.269266666667
30/09/2014 00:15:00,0.0690666666667
30/09/2014 00:30:00,0.208866666667
30/09/2014 00:45:00,0.2638
30/09/2014 01:00:00,0.0837333333333
30/09/2014 01:15:00,0.186266666667
30/09/2014 01:30:00,0.256466666667
30/09/2014 01:45:00,0.0145333333333
30/09/2014 02:00:00,0.247466666667
30/09/2014 02:15:00,0.2462
30/09/2014 02:30:00,0.0103333333333
30/09/2014 02:45:00,0.2384
30/09/2014 03:00:00,0.01
30/09/2014 03:15:00,0.234466666667
30/09/2014 03:30:00,0.01
30/09/2014 03:45:00,0.2312
30/09/2014 04:00:00,0.01
30/09/2014 04:15:00,0.2276
30/09/2014 04:30:00,0.01
30/09/2014 04:45:00,0.224
30/09/2014 05:00:00,0.01
30/09/2014 05:15:00,0.219333333333
30/09/2014 05:30:00,0.01
30/09/2014 05:45:00,0.01
30/09/2014 06:00:00,0.01
30/09/2014 06:15:00,0.216266666667
30/09/2014 06:30:00,0.01
30/09/2014 06:45:00,0.0101333333333
30/09/2014 07:00:00,0.215266666667
30/09/2014 07:15:00,0.01
30/09/2014 07:30:00,0.114533333333
30/09/2014 07:45:00,0.141933333333
30/09/2014 08:00:00,0.01
30/09/2014 08:15:00,0.2344
30/09/2014 08:30:00,0.01
30/09/2014 08:45:00,0.237533333333
30/09/2014 09:00:00,0.01
30/09/2014 09:15:00,0.234466666667
30/09/2014 09:30:00,0.01
30/09/2014 09:45:00,0.238333333333
30/09/2014 10:00:00,0.118
30/09/2014 10:15:00,0.138333333333
30/09/2014 10:30:00,0.2954
30/09/2014 10:45:00,0.221333333333
30/09/2014 11:00:00,0.0854
30/09/2014 11:15:00,0.499333333333
30/09/2014 11:30:00,0.3792
30/09/2014 11:45:00,0.150666666667
30/09/2014 12:00:00,0.426466666667
30/09/2014 12:15:00,0.473266666667
30/09/2014 12:30:00,0.294266666667
30/09/2014 12:45:00,0.324133333333
30/09/2014 13:00:00,0.592733333333
30/09/2014 13:15:00,0.2532
30/09/2014 13:30:00,0.621733333333
30/09/2014 13:45:00,0.3538
30/09/2014 14:00:00,0.457066666667
30/09/2014 14:15:00,0.519933333333
30/09/2014 14:30:00,0.415266666667
30/09/2014 14:45:00,0.583733333333
30/09/2014 15:00:00,0.2906
30/09/2014 15:15:00,0.6092
30/09/2014 15:30:00,0.6796
30/09/2014 15:45:00,0.4072
30/09/2014 16:00:00,0.676733333333
30/09/2014 16:15:00,0.6948
30/09/2014 16:30:00,0.697466666667
30/09/2014 16:45:00,0.673133333333
30/09/2014 17:00:00,0.482066666667
30/09/2014 17:15:00,0.688933333333
30/09/2014 17:30:00,0.685866666667
30/09/2014 17:45:00,0.374333333333
30/09/2014 18:00:00,0.683733333333
30/09/2014 18:15:00,0.406866666667
30/09/2014 18:30:00,0.481333333333
30/09/2014 18:45:00,0.418466666667
30/09/2014 19:00:00,0.289133333333
30/09/2014 19:15:00,0.6012
30/09/2014 19:30:00,0.3252
30/09/2014 19:45:00,0.268333333333
30/09/2014 20:00:00,0.586066666667
30/09/2014 20:15:00,0.2748
30/09/2014 20:30:00,0.330533333333
30/09/2014 20:45:00,0.5686
30/09/2014 21:00:00,0.255933333333
30/09/2014 21:15:00,0.282533333333
30/09/2014 21:30:00,0.520266666667
30/09/2014 21:45:00,0.2992
30/09/2014 22:00:00,0.223866666667
30/09/2014 22:15:00,0.600933333333
30/09/2014 22:30:00,0.414466666667
30/09/2014 22:45:00,0.4994
30/09/2014 23:00:00,0.260933333333
30/09/2014 23:15:00,0.375066666667
30/09/2014 23:30:00,0.277
30/09/2014 23:45:00,0.383133333333
01/10/2014 00:00:00,0.248666666667
01/10/2014 00:15:00,0.4398
01/10/2014 00:30:00,0.437466666667
01/10/2014 00:45:00,0.1812
01/10/2014 01:00:00,0.404533333333
01/10/2014 01:15:00,0.4002
01/10/2014 01:30:00,0.201533333333
01/10/2014 01:45:00,0.162266666667
01/10/2014 02:00:00,0.401666666667
01/10/2014 02:15:00,0.302133333333
01/10/2014 02:30:00,0.0944666666667
01/10/2014 02:45:00,0.350066666667
01/10/2014 03:00:00,0.36
01/10/2014 03:15:00,0.110733333333
01/10/2014 03:30:00,0.2284
01/10/2014 03:45:00,0.3136
01/10/2014 04:00:00,0.3008
01/10/2014 04:15:00,0.0574666666667
01/10/2014 04:30:00,0.250066666667
01/10/2014 04:45:00,0.293133333333
01/10/2014 05:00:00,0.2784
01/10/2014 05:15:00,0.0652666666667
01/10/2014 05:30:00,0.2618
01/10/2014 05:45:00,0.3012
01/10/2014 06:00:00,0.265933333333
01/10/2014 06:15:00,0.0643333333333
01/10/2014 06:30:00,0.239933333333
01/10/2014 06:45:00,0.01
01/10/2014 07:00:00,0.01
01/10/2014 07:15:00,0.01
01/10/2014 07:30:00,0.00986666666667
01/10/2014 07:45:00,0.0098
01/10/2014 08:00:00,0.230866666667
01/10/2014 08:15:00,0.01
01/10/2014 08:30:00,0.2608
01/10/2014 08:45:00,0.01
01/10/2014 09:00:00,0.01
01/10/2014 09:15:00,0.01
01/10/2014 09:30:00,0.00986666666667
01/10/2014 09:45:00,0.009
01/10/2014 10:00:00,0.272866666667
01/10/2014 10:15:00,0.114733333333
01/10/2014 10:30:00,0.354733333333
01/10/2014 10:45:00,0.498666666667
01/10/2014 11:00:00,0.1418
01/10/2014 11:15:00,0.386733333333
01/10/2014 11:30:00,0.469133333333
01/10/2014 11:45:00,0.145533333333
01/10/2014 12:00:00,0.4598
01/10/2014 12:15:00,0.386466666667
01/10/2014 12:30:00,0.174133333333
01/10/2014 12:45:00,0.552
01/10/2014 13:00:00,0.240866666667
01/10/2014 13:15:00,0.321466666667
01/10/2014 13:30:00,0.568533333333
01/10/2014 13:45:00,0.395066666667
01/10/2014 14:00:00,0.310866666667
01/10/2014 14:15:00,0.4996
01/10/2014 14:30:00,0.531866666667
01/10/2014 14:45:00,0.3378
01/10/2014 15:00:00,0.4374
01/10/2014 15:15:00,0.617333333333
01/10/2014 15:30:00,0.333466666667
01/10/2014 15:45:00,0.614666666667
01/10/2014 16:00:00,0.5366
01/10/2014 16:15:00,0.421866666667
01/10/2014 16:30:00,0.659866666667
01/10/2014 16:45:00,0.4994
01/10/2014 17:00:00,0.420133333333
01/10/2014 17:15:00,0.716466666667
01/10/2014 17:30:00,0.3008
01/10/2014 17:45:00,0.683266666667
01/10/2014 18:00:00,0.435266666667
01/10/2014 18:15:00,0.7236
01/10/2014 18:30:00,0.471066666667
01/10/2014 18:45:00,0.611533333333
01/10/2014 19:00:00,0.459266666667
01/10/2014 19:15:00,0.382533333333
01/10/2014 19:30:00,0.587866666667
01/10/2014 19:45:00,0.419733333333
01/10/2014 20:00:00,0.2694
01/10/2014 20:15:00,0.412266666667
01/10/2014 20:30:00,0.6918
01/10/2014 20:45:00,0.670533333333
01/10/2014 21:00:00,0.263933333333
01/10/2014 21:15:00,0.697333333333
01/10/2014 21:30:00,0.445933333333
01/10/2014 21:45:00,0.6904
01/10/2014 22:00:00,0.3334
01/10/2014 22:15:00,0.395333333333
01/10/2014 22:30:00,0.3314
01/10/2014 22:45:00,0.6954
01/10/2014 23:00:00,0.3472
01/10/2014 23:15:00,0.592933333333
01/10/2014 23:30:00,0.257666666667
01/10/2014 23:45:00,0.4794
02/10/2014 00:00:00,0.454333333333
02/10/2014 00:15:00,0.223866666667
02/10/2014 00:30:00,0.313666666667
02/10/2014 00:45:00,0.492266666667
02/10/2014 01:00:00,0.2306
02/10/2014 01:15:00,0.245933333333
02/10/2014 01:30:00,0.435066666667
02/10/2014 01:45:00,0.365933333333
02/10/2014 02:00:00,0.18
02/10/2014 02:15:00,0.288733333333
02/10/2014 02:30:00,0.372333333333
02/10/2014 02:45:00,0.3148
02/10/2014 03:00:00,0.102466666667
02/10/2014 03:15:00,0.322133333333
02/10/2014 03:30:00,0.4144
02/10/2014 03:45:00,0.189133333333
02/10/2014 04:00:00,0.2342
02/10/2014 04:15:00,0.402266666667
02/10/2014 04:30:00,0.311666666667
02/10/2014 04:45:00,0.0988666666667
02/10/2014 05:00:00,0.4152
02/10/2014 05:15:00,0.373866666667
02/10/2014 05:30:00,0.152066666667
02/10/2014 05:45:00,0.231333333333
02/10/2014 06:00:00,0.4052
02/10/2014 06:15:00,0.264666666667
02/10/2014 06:30:00,0.129266666667
02/10/2014 06:45:00,0.01
02/10/2014 07:00:00,0.254533333333
02/10/2014 07:15:00,0.0102
02/10/2014 07:30:00,0.243066666667
02/10/2014 07:45:00,0.0276666666667
02/10/2014 08:00:00,0.2718
02/10/2014 08:15:00,0.281
02/10/2014 08:30:00,0.01
02/10/2014 08:45:00,0.265133333333
02/10/2014 09:00:00,0.2692
02/10/2014 09:15:00,0.185466666667
02/10/2014 09:30:00,0.159066666667
02/10/2014 09:45:00,0.3012
02/10/2014 10:00:00,0.388533333333
02/10/2014 10:15:00,0.1542
02/10/2014 10:30:00,0.192933333333
02/10/2014 10:45:00,0.3476
02/10/2014 11:00:00,0.367666666667
02/10/2014 11:15:00,0.261066666667
02/10/2014 11:30:00,0.1482
02/10/2014 11:45:00,0.398866666667
02/10/2014 12:00:00,0.432266666667
02/10/2014 12:15:00,0.203733333333
02/10/2014 12:30:00,0.231333333333
02/10/2014 12:45:00,0.535733333333
02/10/2014 13:00:00,0.221866666667
02/10/2014 13:15:00,0.706533333333
02/10/2014 13:30:00,0.284933333333
02/10/2014 13:45:00,0.690933333333
02/10/2014 14:00:00,0.311333333333
02/10/2014 14:15:00,0.508
02/10/2014 14:30:00,0.347933333333
02/10/2014 14:45:00,0.1352
02/10/2014 15:00:00,0.511266666667
02/10/2014 15:15:00,0.24
02/10/2014 15:30:00,0.290533333333
02/10/2014 15:45:00,0.6106
02/10/2014 16:00:00,0.238333333333
02/10/2014 16:15:00,0.5102
02/10/2014 16:30:00,0.4766
02/10/2014 16:45:00,0.284733333333
02/10/2014 17:00:00,0.687733333333
02/10/2014 17:15:00,0.428133333333
02/10/2014 17:30:00,0.5538
02/10/2014 17:45:00,0.4034
02/10/2014 18:00:00,0.470533333333
02/10/2014 18:15:00,0.515333333333
02/10/2014 18:30:00,0.697066666667
02/10/2014 18:45:00,0.425333333333
02/10/2014 19:00:00,0.701533333333
02/10/2014 19:15:00,0.3528
02/10/2014 19:30:00,0.689733333333
02/10/2014 19:45:00,0.260933333333
02/10/2014 20:00:00,0.538266666667
02/10/2014 20:15:00,0.4304
02/10/2014 20:30:00,0.222866666667
02/10/2014 20:45:00,0.560666666667
02/10/2014 21:00:00,0.409466666667
02/10/2014 21:15:00,0.227933333333
02/10/2014 21:30:00,0.499
02/10/2014 21:45:00,0.398866666667
02/10/2014 22:00:00,0.1782
02/10/2014 22:15:00,0.350533333333
02/10/2014 22:30:00,0.325533333333
02/10/2014 22:45:00,0.223333333333
02/10/2014 23:00:00,0.114666666667
02/10/2014 23:15:00,0.327533333333
02/10/2014 23:30:00,0.3284
02/10/2014 23:45:00,0.224466666667
03/10/2014 00:00:00,0.114866666667
03/10/2014 00:15:00,0.3274
03/10/2014 00:30:00,0.3286
03/10/2014 00:45:00,0.2244
03/10/2014 01:00:00,0.114933333333
03/10/2014 01:15:00,0.320733333333
03/10/2014 01:30:00,0.325
03/10/2014 01:45:00,0.0396
03/10/2014 02:00:00,0.304266666667
03/10/2014 02:15:00,0.263066666667
03/10/2014 02:30:00,0.01
03/10/2014 02:45:00,0.283066666667
03/10/2014 03:00:00,0.0989333333333
03/10/2014 03:15:00,0.1508
03/10/2014 03:30:00,0.234
03/10/2014 03:45:00,0.0402666666667
03/10/2014 04:00:00,0.217333333333
03/10/2014 04:15:00,0.0401333333333
03/10/2014 04:30:00,0.01
03/10/2014 04:45:00,0.238466666667
03/10/2014 05:00:00,0.01
03/10/2014 05:15:00,0.0105333333333
03/10/2014 05:30:00,0.01
03/10/2014 05:45:00,0.223733333333
03/10/2014 06:00:00,0.01
03/10/2014 06:15:00,0.01
03/10/2014 06:30:00,0.0102
03/10/2014 06:45:00,0.01
03/10/2014 07:00:00,0.01
03/10/2014 07:15:00,0.01
03/10/2014 07:30:00,0.0101333333333
03/10/2014 07:45:00,0.0100666666667
03/10/2014 08:00:00,0.0108
03/10/2014 08:15:00,0.01
03/10/2014 08:30:00,0.01
03/10/2014 08:45:00,0.01
03/10/2014 09:00:00,0.01
03/10/2014 09:15:00,0.2298
03/10/2014 09:30:00,0.0112
03/10/2014 09:45:00,0.2186
03/10/2014 10:00:00,0.0251333333333
03/10/2014 10:15:00,0.214666666667
03/10/2014 10:30:00,0.0396
03/10/2014 10:45:00,0.1512
03/10/2014 11:00:00,0.101866666667
03/10/2014 11:15:00,0.1664
03/10/2014 11:30:00,0.265133333333
03/10/2014 11:45:00,0.2372
03/10/2014 12:00:00,0.4494
03/10/2014 12:15:00,0.262466666667
03/10/2014 12:30:00,0.606333333333
03/10/2014 12:45:00,0.222133333333
03/10/2014 13:00:00,0.360266666667
03/10/2014 13:15:00,0.530533333333
03/10/2014 13:30:00,0.3148
03/10/2014 13:45:00,0.258133333333
03/10/2014 14:00:00,0.451466666667
03/10/2014 14:15:00,0.4982
03/10/2014 14:30:00,0.257533333333
03/10/2014 14:45:00,0.2408
03/10/2014 15:00:00,0.517266666667
03/10/2014 15:15:00,0.467933333333
03/10/2014 15:30:00,0.240933333333
03/10/2014 15:45:00,0.432066666667
03/10/2014 16:00:00,0.553333333333
03/10/2014 16:15:00,0.226066666667
03/10/2014 16:30:00,0.456066666667
03/10/2014 16:45:00,0.519266666667
03/10/2014 17:00:00,0.266466666667
03/10/2014 17:15:00,0.398333333333
03/10/2014 17:30:00,0.622866666667
03/10/2014 17:45:00,0.250266666667
03/10/2014 18:00:00,0.390266666667
03/10/2014 18:15:00,0.5742
03/10/2014 18:30:00,0.3878
03/10/2014 18:45:00,0.302733333333
03/10/2014 19:00:00,0.4148
03/10/2014 19:15:00,0.3302
03/10/2014 19:30:00,0.106466666667
03/10/2014 19:45:00,0.2208
03/10/2014 20:00:00,0.2958
03/10/2014 20:15:00,0.195533333333
03/10/2014 20:30:00,0.1014
03/10/2014 20:45:00,0.474
03/10/2014 21:00:00,0.453266666667
03/10/2014 21:15:00,0.1892
03/10/2014 21:30:00,0.258266666667
03/10/2014 21:45:00,0.370333333333
03/10/2014 22:00:00,0.350666666667
03/10/2014 22:15:00,0.0974
03/10/2014 22:30:00,0.3152
03/10/2014 22:45:00,0.299666666667
03/10/2014 23:00:00,0.159333333333
03/10/2014 23:15:00,0.133066666667
03/10/2014 23:30:00,0.258733333333
03/10/2014 23:45:00,0.0286
04/10/2014 00:00:00,0.272533333333
04/10/2014 00:15:00,0.110066666667
04/10/2014 00:30:00,0.172733333333
04/10/2014 00:45:00,0.246933333333
04/10/2014 01:00:00,0.0101333333333
04/10/2014 01:15:00,0.2398
04/10/2014 01:30:00,0.0101333333333
04/10/2014 01:45:00,0.232533333333
04/10/2014 02:00:00,0.0108
04/10/2014 02:15:00,0.0364666666667
04/10/2014 02:30:00,0.1982
04/10/2014 02:45:00,0.0105333333333
04/10/2014 03:00:00,0.220533333333
04/10/2014 03:15:00,0.0101333333333
04/10/2014 03:30:00,0.01
04/10/2014 03:45:00,0.0106
04/10/2014 04:00:00,0.218066666667
04/10/2014 04:15:00,0.011
04/10/2014 04:30:00,0.0104666666667
04/10/2014 04:45:00,0.01
04/10/2014 05:00:00,0.0104666666667
04/10/2014 05:15:00,0.1884
04/10/2014 05:30:00,0.0412
04/10/2014 05:45:00,0.01
04/10/2014 06:00:00,0.01
04/10/2014 06:15:00,0.0103333333333
04/10/2014 06:30:00,0.0100666666667
04/10/2014 06:45:00,0.01
04/10/2014 07:00:00,0.01
04/10/2014 07:15:00,0.01
04/10/2014 07:30:00,0.01
04/10/2014 07:45:00,0.0100666666667
04/10/2014 08:00:00,0.01
04/10/2014 08:15:00,0.0100666666667
04/10/2014 08:30:00,0.0105333333333
04/10/2014 08:45:00,0.01
04/10/2014 09:00:00,0.0102
04/10/2014 09:15:00,0.0104
04/10/2014 09:30:00,0.011
04/10/2014 09:45:00,0.011
04/10/2014 10:00:00,0.011
04/10/2014 10:15:00,0.011
04/10/2014 10:30:00,0.0798
04/10/2014 10:45:00,0.161466666667
04/10/2014 11:00:00,0.011
04/10/2014 11:15:00,0.240866666667
04/10/2014 11:30:00,0.011
04/10/2014 11:45:00,0.011
04/10/2014 12:00:00,0.247466666667
04/10/2014 12:15:00,0.011
04/10/2014 12:30:00,0.248266666667
04/10/2014 12:45:00,0.011
04/10/2014 13:00:00,0.2394
04/10/2014 13:15:00,0.011
04/10/2014 13:30:00,0.239333333333
04/10/2014 13:45:00,0.0100666666667
04/10/2014 14:00:00,0.244533333333
04/10/2014 14:15:00,0.19
04/10/2014 14:30:00,0.0672
04/10/2014 14:45:00,0.287933333333
04/10/2014 15:00:00,0.286266666667
04/10/2014 15:15:00,0.044
04/10/2014 15:30:00,0.301
04/10/2014 15:45:00,0.483266666667
04/10/2014 16:00:00,0.169866666667
04/10/2014 16:15:00,0.340866666667
04/10/2014 16:30:00,0.496933333333
04/10/2014 16:45:00,0.2496
04/10/2014 17:00:00,0.2576
04/10/2014 17:15:00,0.5898
04/10/2014 17:30:00,0.3742
04/10/2014 17:45:00,0.4716
04/10/2014 18:00:00,0.430466666667
04/10/2014 18:15:00,0.396
04/10/2014 18:30:00,0.574466666667
04/10/2014 18:45:00,0.256
04/10/2014 19:00:00,0.462866666667
04/10/2014 19:15:00,0.3652
04/10/2014 19:30:00,0.0134
04/10/2014 19:45:00,0.276533333333
04/10/2014 20:00:00,0.205733333333
04/10/2014 20:15:00,0.0782
04/10/2014 20:30:00,0.28
04/10/2014 20:45:00,0.211333333333
04/10/2014 21:00:00,0.0907333333333
04/10/2014 21:15:00,0.4382
04/10/2014 21:30:00,0.355733333333
04/10/2014 21:45:00,0.144933333333
04/10/2014 22:00:00,0.326333333333
04/10/2014 22:15:00,0.386333333333
04/10/2014 22:30:00,0.246733333333
04/10/2014 22:45:00,0.1476
04/10/2014 23:00:00,0.329133333333
04/10/2014 23:15:00,0.3296
04/10/2014 23:30:00,0.189066666667
04/10/2014 23:45:00,0.147333333333
05/10/2014 00:00:00,0.333466666667
05/10/2014 00:15:00,0.2702
05/10/2014 00:30:00,0.0444666666667
05/10/2014 00:45:00,0.3024
05/10/2014 01:00:00,0.0504
05/10/2014 01:15:00,0.201466666667
05/10/2014 01:30:00,0.197
05/10/2014 01:45:00,0.0791333333333
05/10/2014 02:00:00,0.247933333333
05/10/2014 02:15:00,0.01
05/10/2014 02:30:00,0.239
05/10/2014 02:45:00,0.0111333333333
05/10/2014 03:00:00,0.0582666666667
05/10/2014 03:15:00,0.179066666667
05/10/2014 03:30:00,0.0102666666667
05/10/2014 03:45:00,0.221266666667
05/10/2014 04:00:00,0.011
05/10/2014 04:15:00,0.09
05/10/2014 04:30:00,0.144866666667
05/10/2014 04:45:00,0.0108666666667
05/10/2014 05:00:00,0.224266666667
05/10/2014 05:15:00,0.0106
05/10/2014 05:30:00,0.01
05/10/2014 05:45:00,0.220733333333
05/10/2014 06:00:00,0.0104
05/10/2014 06:15:00,0.0109333333333
05/10/2014 06:30:00,0.0100666666667
05/10/2014 06:45:00,0.01
05/10/2014 07:00:00,0.217266666667
05/10/2014 07:15:00,0.0108
05/10/2014 07:30:00,0.0101333333333
05/10/2014 07:45:00,0.0100666666667
05/10/2014 08:00:00,0.0101333333333
05/10/2014 08:15:00,0.0104
05/10/2014 08:30:00,0.0102666666667
05/10/2014 08:45:00,0.01
05/10/2014 09:00:00,0.0102
05/10/2014 09:15:00,0.00953333333333
05/10/2014 09:30:00,0.00993333333333
05/10/2014 09:45:00,0.0100666666667
05/10/2014 10:00:00,0.00966666666667
05/10/2014 10:15:00,0.0108
05/10/2014 10:30:00,0.0109333333333
05/10/2014 10:45:00,0.01
05/10/2014 11:00:00,0.01
05/10/2014 11:15:00,0.0102666666667
05/10/2014 11:30:00,0.0102
05/10/2014 11:45:00,0.0107333333333
05/10/2014 12:00:00,0.01
05/10/2014 12:15:00,0.0101333333333
05/10/2014 12:30:00,0.011
05/10/2014 12:45:00,0.011
05/10/2014 13:00:00,0.0102666666667
05/10/2014 13:15:00,0.01
05/10/2014 13:30:00,0.0101333333333
05/10/2014 13:45:00,0.0108666666667
05/10/2014 14:00:00,0.011
05/10/2014 14:15:00,0.0105333333333
05/10/2014 14:30:00,0.01
05/10/2014 14:45:00,0.250733333333
05/10/2014 15:00:00,0.0102
05/10/2014 15:15:00,0.2634
05/10/2014 15:30:00,0.0836
05/10/2014 15:45:00,0.4536
05/10/2014 16:00:00,0.630733333333
05/10/2014 16:15:00,0.1362
05/10/2014 16:30:00,0.601
05/10/2014 16:45:00,0.192133333333
05/10/2014 17:00:00,0.3824
05/10/2014 17:15:00,0.534466666667
05/10/2014 17:30:00,0.388666666667
05/10/2014 17:45:00,0.329333333333
05/10/2014 18:00:00,0.563666666667
05/10/2014 18:15:00,0.3644
05/10/2014 18:30:00,0.301733333333
05/10/2014 18:45:00,0.531666666667
05/10/2014 19:00:00,0.4614
05/10/2014 19:15:00,0.371466666667
05/10/2014 19:30:00,0.497466666667
05/10/2014 19:45:00,0.224
05/10/2014 20:00:00,0.244533333333
05/10/2014 20:15:00,0.415666666667
05/10/2014 20:30:00,0.203466666667
05/10/2014 20:45:00,0.2438
05/10/2014 21:00:00,0.416266666667
05/10/2014 21:15:00,0.3054
05/10/2014 21:30:00,0.1678
05/10/2014 21:45:00,0.373333333333
05/10/2014 22:00:00,0.4078
05/10/2014 22:15:00,0.145533333333
05/10/2014 22:30:00,0.175466666667
05/10/2014 22:45:00,0.354866666667
05/10/2014 23:00:00,0.249466666667
05/10/2014 23:15:00,0.104866666667
05/10/2014 23:30:00,0.326466666667
05/10/2014 23:45:00,0.2842
06/10/2014 00:00:00,0.0407333333333
06/10/2014 00:15:00,0.294333333333
06/10/2014 00:30:00,0.279066666667
06/10/2014 00:45:00,0.0641333333333
06/10/2014 01:00:00,0.222333333333
06/10/2014 01:15:00,0.268733333333
06/10/2014 01:30:00,0.1392
06/10/2014 01:45:00,0.134733333333
06/10/2014 02:00:00,0.2656
06/10/2014 02:15:00,0.261
06/10/2014 02:30:00,0.0144
06/10/2014 02:45:00,0.2658
06/10/2014 03:00:00,0.266266666667
06/10/2014 03:15:00,0.102066666667
06/10/2014 03:30:00,0.177533333333
06/10/2014 03:45:00,0.2662
06/10/2014 04:00:00,0.193
06/10/2014 04:15:00,0.0784666666667
06/10/2014 04:30:00,0.257666666667
06/10/2014 04:45:00,0.192866666667
06/10/2014 05:00:00,0.0746666666667
06/10/2014 05:15:00,0.252
06/10/2014 05:30:00,0.169666666667
06/10/2014 05:45:00,0.0896
06/10/2014 06:00:00,0.248333333333
06/10/2014 06:15:00,0.1774
06/10/2014 06:30:00,0.0860666666667
06/10/2014 06:45:00,0.248533333333
06/10/2014 07:00:00,0.138866666667
06/10/2014 07:15:00,0.154266666667
06/10/2014 07:30:00,0.2792
06/10/2014 07:45:00,0.283
06/10/2014 08:00:00,0.0374666666667
06/10/2014 08:15:00,0.269066666667
06/10/2014 08:30:00,0.3076
06/10/2014 08:45:00,0.159
06/10/2014 09:00:00,0.177533333333
06/10/2014 09:15:00,0.321533333333
06/10/2014 09:30:00,0.386866666667
06/10/2014 09:45:00,0.131666666667
06/10/2014 10:00:00,0.270133333333
06/10/2014 10:15:00,0.423866666667
06/10/2014 10:30:00,0.337666666667
06/10/2014 10:45:00,0.145266666667
06/10/2014 11:00:00,0.353866666667
06/10/2014 11:15:00,0.4468
06/10/2014 11:30:00,0.208333333333
06/10/2014 11:45:00,0.2498
06/10/2014 12:00:00,0.4642
06/10/2014 12:15:00,0.297066666667
06/10/2014 12:30:00,0.357666666667
06/10/2014 12:45:00,0.637333333333
06/10/2014 13:00:00,0.304933333333
06/10/2014 13:15:00,0.462333333333
06/10/2014 13:30:00,0.547266666667
06/10/2014 13:45:00,0.2698
06/10/2014 14:00:00,0.715266666667
06/10/2014 14:15:00,0.277933333333
06/10/2014 14:30:00,0.719866666667
06/10/2014 14:45:00,0.517466666667
06/10/2014 15:00:00,0.511533333333
06/10/2014 15:15:00,0.6636
06/10/2014 15:30:00,0.3652
06/10/2014 15:45:00,0.700466666667
06/10/2014 16:00:00,0.381733333333
06/10/2014 16:15:00,0.656533333333
06/10/2014 16:30:00,0.405333333333
06/10/2014 16:45:00,0.641266666667
06/10/2014 17:00:00,0.395
06/10/2014 17:15:00,0.607066666667
06/10/2014 17:30:00,0.391133333333
06/10/2014 17:45:00,0.729466666667
06/10/2014 18:00:00,0.3594
06/10/2014 18:15:00,0.3386
06/10/2014 18:30:00,0.536866666667
06/10/2014 18:45:00,0.163466666667
06/10/2014 19:00:00,0.519933333333
06/10/2014 19:15:00,0.1746
06/10/2014 19:30:00,0.330466666667
06/10/2014 19:45:00,0.183333333333
06/10/2014 20:00:00,0.271933333333
06/10/2014 20:15:00,0.208533333333
06/10/2014 20:30:00,0.262333333333
06/10/2014 20:45:00,0.230333333333
06/10/2014 21:00:00,0.165733333333
06/10/2014 21:15:00,0.011
06/10/2014 21:30:00,0.278733333333
06/10/2014 21:45:00,0.4128
06/10/2014 22:00:00,0.409
06/10/2014 22:15:00,0.2446
06/10/2014 22:30:00,0.1634
06/10/2014 22:45:00,0.3952
06/10/2014 23:00:00,0.3786
06/10/2014 23:15:00,0.1874
06/10/2014 23:30:00,0.145666666667
06/10/2014 23:45:00,0.3272
07/10/2014 00:00:00,0.3276
07/10/2014 00:15:00,0.1806
07/10/2014 00:30:00,0.1572
07/10/2014 00:45:00,0.327466666667
07/10/2014 01:00:00,0.327066666667
07/10/2014 01:15:00,0.189333333333
07/10/2014 01:30:00,0.149466666667
07/10/2014 01:45:00,0.338866666667
07/10/2014 02:00:00,0.261066666667
07/10/2014 02:15:00,0.0733333333333
07/10/2014 02:30:00,0.306
07/10/2014 02:45:00,0.200333333333
07/10/2014 03:00:00,0.111666666667
07/10/2014 03:15:00,0.290533333333
07/10/2014 03:30:00,0.0358
07/10/2014 03:45:00,0.2376
07/10/2014 04:00:00,0.2518
07/10/2014 04:15:00,0.01
07/10/2014 04:30:00,0.246866666667
07/10/2014 04:45:00,0.1578
07/10/2014 05:00:00,0.0963333333333
07/10/2014 05:15:00,0.248066666667
07/10/2014 05:30:00,0.0508
07/10/2014 05:45:00,0.203133333333
07/10/2014 06:00:00,0.242933333333
07/10/2014 06:15:00,0.01
07/10/2014 06:30:00,0.246
07/10/2014 06:45:00,0.233866666667
07/10/2014 07:00:00,0.0203333333333
07/10/2014 07:15:00,0.277333333333
07/10/2014 07:30:00,0.214266666667
07/10/2014 07:45:00,0.0733333333333
07/10/2014 08:00:00,0.279533333333
07/10/2014 08:15:00,0.211066666667
07/10/2014 08:30:00,0.0964
07/10/2014 08:45:00,0.293133333333
07/10/2014 09:00:00,0.2764
07/10/2014 09:15:00,0.0495333333333
07/10/2014 09:30:00,0.274466666667
07/10/2014 09:45:00,0.298733333333
07/10/2014 10:00:00,0.263866666667
07/10/2014 10:15:00,0.107933333333
07/10/2014 10:30:00,0.3204
07/10/2014 10:45:00,0.328333333333
07/10/2014 11:00:00,0.290333333333
07/10/2014 11:15:00,0.142266666667
07/10/2014 11:30:00,0.4136
07/10/2014 11:45:00,0.463266666667
07/10/2014 12:00:00,0.211666666667
07/10/2014 12:15:00,0.532866666667
07/10/2014 12:30:00,0.442933333333
07/10/2014 12:45:00,0.140666666667
07/10/2014 13:00:00,0.114133333333
07/10/2014 13:15:00,0.141533333333
07/10/2014 13:30:00,0.484733333333
07/10/2014 13:45:00,0.136
07/10/2014 14:00:00,0.345733333333
07/10/2014 14:15:00,0.501333333333
07/10/2014 14:30:00,0.195933333333
07/10/2014 14:45:00,0.476333333333
07/10/2014 15:00:00,0.566733333333
07/10/2014 15:15:00,0.241733333333
07/10/2014 15:30:00,0.632866666667
07/10/2014 15:45:00,0.430533333333
07/10/2014 16:00:00,0.418666666667
07/10/2014 16:15:00,0.5628
07/10/2014 16:30:00,0.694333333333
07/10/2014 16:45:00,0.702133333333
07/10/2014 17:00:00,0.269866666667
07/10/2014 17:15:00,0.718333333333
07/10/2014 17:30:00,0.708933333333
07/10/2014 17:45:00,0.6534
07/10/2014 18:00:00,0.473666666667
07/10/2014 18:15:00,0.671466666667
07/10/2014 18:30:00,0.3732
07/10/2014 18:45:00,0.5202
07/10/2014 19:00:00,0.5482
07/10/2014 19:15:00,0.303933333333
07/10/2014 19:30:00,0.478866666667
07/10/2014 19:45:00,0.504466666667
07/10/2014 20:00:00,0.1824
07/10/2014 20:15:00,0.243333333333
07/10/2014 20:30:00,0.371933333333
07/10/2014 20:45:00,0.352666666667
07/10/2014 21:00:00,0.1004
07/10/2014 21:15:00,0.418466666667
07/10/2014 21:30:00,0.547666666667
07/10/2014 21:45:00,0.482466666667
07/10/2014 22:00:00,0.462733333333
07/10/2014 22:15:00,0.171266666667
07/10/2014 22:30:00,0.514933333333
07/10/2014 22:45:00,0.230666666667
07/10/2014 23:00:00,0.3786
07/10/2014 23:15:00,0.358533333333
07/10/2014 23:30:00,0.240133333333
07/10/2014 23:45:00,0.476
08/10/2014 00:00:00,0.102066666667
08/10/2014 00:15:00,0.552666666667
08/10/2014 00:30:00,0.223
08/10/2014 00:45:00,0.3284
08/10/2014 01:00:00,0.482466666667
08/10/2014 01:15:00,0.299733333333
08/10/2014 01:30:00,0.141866666667
08/10/2014 01:45:00,0.364933333333
08/10/2014 02:00:00,0.350466666667
08/10/2014 02:15:00,0.201533333333
08/10/2014 02:30:00,0.183733333333
08/10/2014 02:45:00,0.359066666667
08/10/2014 03:00:00,0.290733333333
08/10/2014 03:15:00,0.0598
08/10/2014 03:30:00,0.322266666667
08/10/2014 03:45:00,0.305466666667
08/10/2014 04:00:00,0.21
08/10/2014 04:15:00,0.0984666666667
08/10/2014 04:30:00,0.298666666667
08/10/2014 04:45:00,0.297
08/10/2014 05:00:00,0.189933333333
08/10/2014 05:15:00,0.114
08/10/2014 05:30:00,0.297733333333
08/10/2014 05:45:00,0.298866666667
08/10/2014 06:00:00,0.1824
08/10/2014 06:15:00,0.125466666667
08/10/2014 06:30:00,0.3016
08/10/2014 06:45:00,0.344333333333
08/10/2014 07:00:00,0.139733333333
08/10/2014 07:15:00,0.234333333333
08/10/2014 07:30:00,0.3028
08/10/2014 07:45:00,0.304666666667
08/10/2014 08:00:00,0.098
08/10/2014 08:15:00,0.213066666667
08/10/2014 08:30:00,0.352533333333
08/10/2014 08:45:00,0.260933333333
08/10/2014 09:00:00,0.01
08/10/2014 09:15:00,0.01
08/10/2014 09:30:00,0.01
08/10/2014 09:45:00,0.00986666666667
08/10/2014 10:00:00,0.00993333333333
08/10/2014 10:15:00,0.277
08/10/2014 10:30:00,0.0102666666667
08/10/2014 10:45:00,0.473266666667
08/10/2014 11:00:00,0.125133333333
08/10/2014 11:15:00,0.6082
08/10/2014 11:30:00,0.3382
08/10/2014 11:45:00,0.317333333333
08/10/2014 12:00:00,0.620733333333
08/10/2014 12:15:00,0.2112
08/10/2014 12:30:00,0.512266666667
08/10/2014 12:45:00,0.442733333333
08/10/2014 13:00:00,0.300533333333
08/10/2014 13:15:00,0.591466666667
08/10/2014 13:30:00,0.464733333333
08/10/2014 13:45:00,0.340133333333
08/10/2014 14:00:00,0.4672
08/10/2014 14:15:00,0.5644
08/10/2014 14:30:00,0.238933333333
08/10/2014 14:45:00,0.502133333333
08/10/2014 15:00:00,0.5482
08/10/2014 15:15:00,0.371666666667
08/10/2014 15:30:00,0.370733333333
08/10/2014 15:45:00,0.605866666667
08/10/2014 16:00:00,0.496066666667
08/10/2014 16:15:00,0.359533333333
08/10/2014 16:30:00,0.387733333333
08/10/2014 16:45:00,0.625066666667
08/10/2014 17:00:00,0.464066666667
08/10/2014 17:15:00,0.435666666667
08/10/2014 17:30:00,0.6046
08/10/2014 17:45:00,0.369266666667
08/10/2014 18:00:00,0.728466666667
08/10/2014 18:15:00,0.298533333333
08/10/2014 18:30:00,0.740533333333
08/10/2014 18:45:00,0.490266666667
08/10/2014 19:00:00,0.733466666667
08/10/2014 19:15:00,0.3166
08/10/2014 19:30:00,0.634466666667
08/10/2014 19:45:00,0.441
08/10/2014 20:00:00,0.280666666667
08/10/2014 20:15:00,0.549933333333
08/10/2014 20:30:00,0.402533333333
08/10/2014 20:45:00,0.243666666667
08/10/2014 21:00:00,0.467666666667
08/10/2014 21:15:00,0.492066666667
08/10/2014 21:30:00,0.2256
08/10/2014 21:45:00,0.3366
08/10/2014 22:00:00,0.286666666667
08/10/2014 22:15:00,0.324
08/10/2014 22:30:00,0.0924
08/10/2014 22:45:00,0.2176
08/10/2014 23:00:00,0.301866666667
08/10/2014 23:15:00,0.2974
08/10/2014 23:30:00,0.0773333333333
08/10/2014 23:45:00,0.2304
09/10/2014 00:00:00,0.298533333333
09/10/2014 00:15:00,0.298933333333
09/10/2014 00:30:00,0.0662
09/10/2014 00:45:00,0.243133333333
09/10/2014 01:00:00,0.2994
09/10/2014 01:15:00,0.291
09/10/2014 01:30:00,0.0576666666667
09/10/2014 01:45:00,0.2566
09/10/2014 02:00:00,0.2996
09/10/2014 02:15:00,0.2792
09/10/2014 02:30:00,0.0614666666667
09/10/2014 02:45:00,0.2664
09/10/2014 03:00:00,0.3022
09/10/2014 03:15:00,0.267333333333
09/10/2014 03:30:00,0.0614
09/10/2014 03:45:00,0.277933333333
09/10/2014 04:00:00,0.2968
09/10/2014 04:15:00,0.2554
09/10/2014 04:30:00,0.0608666666667
09/10/2014 04:45:00,0.2894
09/10/2014 05:00:00,0.294
09/10/2014 05:15:00,0.1704
09/10/2014 05:30:00,0.1322
09/10/2014 05:45:00,0.289533333333
09/10/2014 06:00:00,0.281266666667
09/10/2014 06:15:00,0.0103333333333
09/10/2014 06:30:00,0.2758
09/10/2014 06:45:00,0.278933333333
09/10/2014 07:00:00,0.181133333333
09/10/2014 07:15:00,0.106533333333
09/10/2014 07:30:00,0.301466666667
09/10/2014 07:45:00,0.319733333333
09/10/2014 08:00:00,0.0809333333333
09/10/2014 08:15:00,0.253933333333
09/10/2014 08:30:00,0.320266666667
09/10/2014 08:45:00,0.331066666667
09/10/2014 09:00:00,0.0891333333333
09/10/2014 09:15:00,0.274666666667
09/10/2014 09:30:00,0.3674
09/10/2014 09:45:00,0.277933333333
09/10/2014 10:00:00,0.319666666667
09/10/2014 10:15:00,0.609333333333
09/10/2014 10:30:00,0.314133333333
09/10/2014 10:45:00,0.322666666667
09/10/2014 11:00:00,0.630666666667
09/10/2014 11:15:00,0.308533333333
09/10/2014 11:30:00,0.425933333333
09/10/2014 11:45:00,0.5998
09/10/2014 12:00:00,0.2578
09/10/2014 12:15:00,0.4568
09/10/2014 12:30:00,0.523666666667
09/10/2014 12:45:00,0.218333333333
09/10/2014 13:00:00,0.5916
09/10/2014 13:15:00,0.3892
09/10/2014 13:30:00,0.3578
09/10/2014 13:45:00,0.636333333333
09/10/2014 14:00:00,0.2716
09/10/2014 14:15:00,0.496133333333
09/10/2014 14:30:00,0.495533333333
09/10/2014 14:45:00,0.293133333333
09/10/2014 15:00:00,0.698533333333
09/10/2014 15:15:00,0.295733333333
09/10/2014 15:30:00,0.6886
09/10/2014 15:45:00,0.284666666667
09/10/2014 16:00:00,0.691
09/10/2014 16:15:00,0.228333333333
09/10/2014 16:30:00,0.616666666667
09/10/2014 16:45:00,0.685866666667
09/10/2014 17:00:00,0.6996
09/10/2014 17:15:00,0.697133333333
09/10/2014 17:30:00,0.6894
09/10/2014 17:45:00,0.4616
09/10/2014 18:00:00,0.707333333333
09/10/2014 18:15:00,0.184266666667
09/10/2014 18:30:00,0.595933333333
09/10/2014 18:45:00,0.318866666667
09/10/2014 19:00:00,0.651333333333
09/10/2014 19:15:00,0.281933333333
09/10/2014 19:30:00,0.3742
09/10/2014 19:45:00,0.497
09/10/2014 20:00:00,0.271266666667
09/10/2014 20:15:00,0.1668
09/10/2014 20:30:00,0.610466666667
09/10/2014 20:45:00,0.288533333333
09/10/2014 21:00:00,0.2614
09/10/2014 21:15:00,0.530866666667
09/10/2014 21:30:00,0.3424
09/10/2014 21:45:00,0.154666666667
09/10/2014 22:00:00,0.209066666667
09/10/2014 22:15:00,0.330066666667
09/10/2014 22:30:00,0.3362
09/10/2014 22:45:00,0.138866666667
09/10/2014 23:00:00,0.205066666667
09/10/2014 23:15:00,0.334333333333
09/10/2014 23:30:00,0.333866666667
09/10/2014 23:45:00,0.127333333333
10/10/2014 00:00:00,0.2172
10/10/2014 00:15:00,0.3348
10/10/2014 00:30:00,0.340066666667
10/10/2014 00:45:00,0.116333333333
10/10/2014 01:00:00,0.231933333333
10/10/2014 01:15:00,0.337866666667
10/10/2014 01:30:00,0.332866666667
10/10/2014 01:45:00,0.104666666667
10/10/2014 02:00:00,0.230266666667
10/10/2014 02:15:00,0.316266666667
10/10/2014 02:30:00,0.317466666667
10/10/2014 02:45:00,0.1044
10/10/2014 03:00:00,0.222266666667
10/10/2014 03:15:00,0.3136
10/10/2014 03:30:00,0.304866666667
10/10/2014 03:45:00,0.0579333333333
10/10/2014 04:00:00,0.269733333333
10/10/2014 04:15:00,0.309466666667
10/10/2014 04:30:00,0.2502
10/10/2014 04:45:00,0.0611333333333
10/10/2014 05:00:00,0.297066666667
10/10/2014 05:15:00,0.2928
10/10/2014 05:30:00,0.150733333333
10/10/2014 05:45:00,0.146866666667
10/10/2014 06:00:00,0.2832
10/10/2014 06:15:00,0.2334
10/10/2014 06:30:00,0.0534666666667
10/10/2014 06:45:00,0.2692
10/10/2014 07:00:00,0.269466666667
10/10/2014 07:15:00,0.01
10/10/2014 07:30:00,0.321066666667
10/10/2014 07:45:00,0.326066666667
10/10/2014 08:00:00,0.0296666666667
10/10/2014 08:15:00,0.2784
10/10/2014 08:30:00,0.2764
10/10/2014 08:45:00,0.186733333333
10/10/2014 09:00:00,0.100466666667
10/10/2014 09:15:00,0.328333333333
10/10/2014 09:30:00,0.327733333333
10/10/2014 09:45:00,0.0381333333333
10/10/2014 10:00:00,0.308533333333
10/10/2014 10:15:00,0.336866666667
10/10/2014 10:30:00,0.217466666667
10/10/2014 10:45:00,0.131666666667
10/10/2014 11:00:00,0.323466666667
10/10/2014 11:15:00,0.336266666667
10/10/2014 11:30:00,0.318333333333
10/10/2014 11:45:00,0.282266666667
10/10/2014 12:00:00,0.555866666667
10/10/2014 12:15:00,0.436666666667
10/10/2014 12:30:00,0.2308
10/10/2014 12:45:00,0.565
10/10/2014 13:00:00,0.419733333333
10/10/2014 13:15:00,0.282133333333
10/10/2014 13:30:00,0.682333333333
10/10/2014 13:45:00,0.3046
10/10/2014 14:00:00,0.444933333333
10/10/2014 14:15:00,0.530733333333
10/10/2014 14:30:00,0.2554
10/10/2014 14:45:00,0.7192
10/10/2014 15:00:00,0.2782
10/10/2014 15:15:00,0.7138
10/10/2014 15:30:00,0.2684
10/10/2014 15:45:00,0.717066666667
10/10/2014 16:00:00,0.2764
10/10/2014 16:15:00,0.732
10/10/2014 16:30:00,0.3214
10/10/2014 16:45:00,0.582266666667
10/10/2014 17:00:00,0.5074
10/10/2014 17:15:00,0.387066666667
10/10/2014 17:30:00,0.704133333333
10/10/2014 17:45:00,0.6482
10/10/2014 18:00:00,0.182266666667
10/10/2014 18:15:00,0.719933333333
10/10/2014 18:30:00,0.471133333333
10/10/2014 18:45:00,0.602666666667
10/10/2014 19:00:00,0.361933333333
10/10/2014 19:15:00,0.629333333333
10/10/2014 19:30:00,0.29
10/10/2014 19:45:00,0.296533333333
10/10/2014 20:00:00,0.4564
10/10/2014 20:15:00,0.352533333333
10/10/2014 20:30:00,0.118933333333
10/10/2014 20:45:00,0.438466666667
10/10/2014 21:00:00,0.322
10/10/2014 21:15:00,0.356733333333
10/10/2014 21:30:00,0.591733333333
10/10/2014 21:45:00,0.2084
10/10/2014 22:00:00,0.257133333333
10/10/2014 22:15:00,0.4818
10/10/2014 22:30:00,0.139
10/10/2014 22:45:00,0.4342
10/10/2014 23:00:00,0.3724
10/10/2014 23:15:00,0.135666666667
10/10/2014 23:30:00,0.512933333333
10/10/2014 23:45:00,0.1948
11/10/2014 00:00:00,0.310333333333
11/10/2014 00:15:00,0.455
11/10/2014 00:30:00,0.0469333333333
11/10/2014 00:45:00,0.493533333333
11/10/2014 01:00:00,0.4172
11/10/2014 01:15:00,0.187933333333
11/10/2014 01:30:00,0.353866666667
11/10/2014 01:45:00,0.4272
11/10/2014 02:00:00,0.234733333333
11/10/2014 02:15:00,0.196733333333
11/10/2014 02:30:00,0.400933333333
11/10/2014 02:45:00,0.3642
11/10/2014 03:00:00,0.0923333333333
11/10/2014 03:15:00,0.283066666667
11/10/2014 03:30:00,0.342666666667
11/10/2014 03:45:00,0.1676
11/10/2014 04:00:00,0.180533333333
11/10/2014 04:15:00,0.310066666667
11/10/2014 04:30:00,0.281066666667
11/10/2014 04:45:00,0.0233333333333
11/10/2014 05:00:00,0.285933333333
11/10/2014 05:15:00,0.286
11/10/2014 05:30:00,0.154733333333
11/10/2014 05:45:00,0.140333333333
11/10/2014 06:00:00,0.275866666667
11/10/2014 06:15:00,0.220933333333
11/10/2014 06:30:00,0.0624
11/10/2014 06:45:00,0.27
11/10/2014 07:00:00,0.269
11/10/2014 07:15:00,0.01
11/10/2014 07:30:00,0.284333333333
11/10/2014 07:45:00,0.01
11/10/2014 08:00:00,0.257933333333
11/10/2014 08:15:00,0.01
11/10/2014 08:30:00,0.0100666666667
11/10/2014 08:45:00,0.01
11/10/2014 09:00:00,0.01
11/10/2014 09:15:00,0.00926666666667
11/10/2014 09:30:00,0.00946666666667
11/10/2014 09:45:00,0.00966666666667
11/10/2014 10:00:00,0.01
11/10/2014 10:15:00,0.01
11/10/2014 10:30:00,0.01
11/10/2014 10:45:00,0.01
11/10/2014 11:00:00,0.01
11/10/2014 11:15:00,0.01
11/10/2014 11:30:00,0.01
11/10/2014 11:45:00,0.01
11/10/2014 12:00:00,0.0102666666667
11/10/2014 12:15:00,0.01
11/10/2014 12:30:00,0.01
11/10/2014 12:45:00,0.01
11/10/2014 13:00:00,0.0100666666667
11/10/2014 13:15:00,0.0101333333333
11/10/2014 13:30:00,0.01
11/10/2014 13:45:00,0.01
11/10/2014 14:00:00,0.0102
11/10/2014 14:15:00,0.0106666666667
11/10/2014 14:30:00,0.01
11/10/2014 14:45:00,0.009
11/10/2014 15:00:00,0.00993333333333
11/10/2014 15:15:00,0.01
11/10/2014 15:30:00,0.01
11/10/2014 15:45:00,0.01
11/10/2014 16:00:00,0.01
11/10/2014 16:15:00,0.01
11/10/2014 16:30:00,0.01
11/10/2014 16:45:00,0.01
11/10/2014 17:00:00,0.0102
11/10/2014 17:15:00,0.0101333333333
11/10/2014 17:30:00,0.01
11/10/2014 17:45:00,0.01
11/10/2014 18:00:00,0.01
11/10/2014 18:15:00,0.01
11/10/2014 18:30:00,0.01
11/10/2014 18:45:00,0.01
11/10/2014 19:00:00,0.01
11/10/2014 19:15:00,0.01
11/10/2014 19:30:00,0.01
11/10/2014 19:45:00,0.01
11/10/2014 20:00:00,0.01
11/10/2014 20:15:00,0.0108
11/10/2014 20:30:00,0.011
11/10/2014 20:45:00,0.0106
11/10/2014 21:00:00,0.0103333333333
11/10/2014 21:15:00,0.011
11/10/2014 21:30:00,0.011
11/10/2014 21:45:00,0.0100666666667
11/10/2014 22:00:00,0.01
11/10/2014 22:15:00,0.01
11/10/2014 22:30:00,0.0106
11/10/2014 22:45:00,0.0106
11/10/2014 23:00:00,0.01
11/10/2014 23:15:00,0.01
11/10/2014 23:30:00,0.0103333333333
11/10/2014 23:45:00,0.01
12/10/2014 00:00:00,0.0105333333333
12/10/2014 00:15:00,0.01
12/10/2014 00:30:00,0.0101333333333
12/10/2014 00:45:00,0.011
12/10/2014 01:00:00,0.0108666666667
12/10/2014 01:15:00,0.01
12/10/2014 01:30:00,0.0101333333333
12/10/2014 01:45:00,0.01
12/10/2014 02:00:00,0.0104666666667
12/10/2014 02:15:00,0.0102
12/10/2014 02:30:00,0.01
12/10/2014 02:45:00,0.0106
12/10/2014 03:00:00,0.0106666666667
12/10/2014 03:15:00,0.01
12/10/2014 03:30:00,0.01
12/10/2014 03:45:00,0.0102
12/10/2014 04:00:00,0.01
12/10/2014 04:15:00,0.0106666666667
12/10/2014 04:30:00,0.01
12/10/2014 04:45:00,0.01
12/10/2014 05:00:00,0.011
12/10/2014 05:15:00,0.0102666666667
12/10/2014 05:30:00,0.01
12/10/2014 05:45:00,0.01
12/10/2014 06:00:00,0.0100666666667
12/10/2014 06:15:00,0.0105333333333
12/10/2014 06:30:00,0.011
12/10/2014 06:45:00,0.01
12/10/2014 07:00:00,0.0105333333333
12/10/2014 07:15:00,0.0104666666667
12/10/2014 07:30:00,0.01
12/10/2014 07:45:00,0.01
12/10/2014 08:00:00,0.01
12/10/2014 08:15:00,0.01
12/10/2014 08:30:00,0.01
12/10/2014 08:45:00,0.01
12/10/2014 09:00:00,0.01
12/10/2014 09:15:00,0.0104
12/10/2014 09:30:00,0.01
12/10/2014 09:45:00,0.0104
12/10/2014 10:00:00,0.01
12/10/2014 10:15:00,0.0101333333333
12/10/2014 10:30:00,0.0106
12/10/2014 10:45:00,0.0107333333333
12/10/2014 11:00:00,0.01
12/10/2014 11:15:00,0.0103333333333
12/10/2014 11:30:00,0.011
12/10/2014 11:45:00,0.0103333333333
12/10/2014 12:00:00,0.01
12/10/2014 12:15:00,0.0101333333333
12/10/2014 12:30:00,0.0109333333333
12/10/2014 12:45:00,0.011
12/10/2014 13:00:00,0.0104666666667
12/10/2014 13:15:00,0.01
12/10/2014 13:30:00,0.0105333333333
12/10/2014 13:45:00,0.0104
12/10/2014 14:00:00,0.01
12/10/2014 14:15:00,0.01
12/10/2014 14:30:00,0.0103333333333
12/10/2014 14:45:00,0.01
12/10/2014 15:00:00,0.0103333333333
12/10/2014 15:15:00,0.01
12/10/2014 15:30:00,0.01
12/10/2014 15:45:00,0.0103333333333
12/10/2014 16:00:00,0.0104666666667
12/10/2014 16:15:00,0.01
12/10/2014 16:30:00,0.01
12/10/2014 16:45:00,0.0102666666667
12/10/2014 17:00:00,0.011
12/10/2014 17:15:00,0.0106666666667
12/10/2014 17:30:00,0.01
12/10/2014 17:45:00,0.0102666666667
12/10/2014 18:00:00,0.0107333333333
12/10/2014 18:15:00,0.0102
12/10/2014 18:30:00,0.011
12/10/2014 18:45:00,0.011
12/10/2014 19:00:00,0.011
12/10/2014 19:15:00,0.011
12/10/2014 19:30:00,0.0106666666667
12/10/2014 19:45:00,0.011
12/10/2014 20:00:00,0.011
12/10/2014 20:15:00,0.011
12/10/2014 20:30:00,0.011
12/10/2014 20:45:00,0.011
12/10/2014 21:00:00,0.011
12/10/2014 21:15:00,0.222866666667
12/10/2014 21:30:00,0.3448
12/10/2014 21:45:00,0.295266666667
12/10/2014 22:00:00,0.0958666666667
12/10/2014 22:15:00,0.218
12/10/2014 22:30:00,0.346533333333
12/10/2014 22:45:00,0.147733333333
12/10/2014 23:00:00,0.193066666667
12/10/2014 23:15:00,0.284
12/10/2014 23:30:00,0.293333333333
12/10/2014 23:45:00,0.0739333333333
13/10/2014 00:00:00,0.2214
13/10/2014 00:15:00,0.289266666667
13/10/2014 00:30:00,0.277866666667
13/10/2014 00:45:00,0.0141333333333
13/10/2014 01:00:00,0.281866666667
13/10/2014 01:15:00,0.281466666667
13/10/2014 01:30:00,0.0881333333333
13/10/2014 01:45:00,0.196466666667
13/10/2014 02:00:00,0.270466666667
13/10/2014 02:15:00,0.1074
13/10/2014 02:30:00,0.165066666667
13/10/2014 02:45:00,0.258266666667
13/10/2014 03:00:00,0.0103333333333
13/10/2014 03:15:00,0.248066666667
13/10/2014 03:30:00,0.246133333333
13/10/2014 03:45:00,0.01
13/10/2014 04:00:00,0.244933333333
13/10/2014 04:15:00,0.192533333333
13/10/2014 04:30:00,0.0614
13/10/2014 04:45:00,0.2448
13/10/2014 05:00:00,0.1178
13/10/2014 05:15:00,0.136466666667
13/10/2014 05:30:00,0.243666666667
13/10/2014 05:45:00,0.0428
13/10/2014 06:00:00,0.2112
13/10/2014 06:15:00,0.2432
13/10/2014 06:30:00,0.01
13/10/2014 06:45:00,0.243666666667
13/10/2014 07:00:00,0.2458
13/10/2014 07:15:00,0.01
13/10/2014 07:30:00,0.0100666666667
13/10/2014 07:45:00,0.01
13/10/2014 08:00:00,0.0100666666667
13/10/2014 08:15:00,0.01
13/10/2014 08:30:00,0.0102
13/10/2014 08:45:00,0.0100666666667
13/10/2014 09:00:00,0.01
13/10/2014 09:15:00,0.01
13/10/2014 09:30:00,0.0101333333333
13/10/2014 09:45:00,0.0104
13/10/2014 10:00:00,0.01
13/10/2014 10:15:00,0.0107333333333
13/10/2014 10:30:00,0.01
13/10/2014 10:45:00,0.01
13/10/2014 11:00:00,0.01
13/10/2014 11:15:00,0.0104
13/10/2014 11:30:00,0.0108
13/10/2014 11:45:00,0.01
13/10/2014 12:00:00,0.01
13/10/2014 12:15:00,0.01
13/10/2014 12:30:00,0.01
13/10/2014 12:45:00,0.0100666666667
13/10/2014 13:00:00,0.0100666666667
13/10/2014 13:15:00,0.01
13/10/2014 13:30:00,0.0104
13/10/2014 13:45:00,0.0104
13/10/2014 14:00:00,0.0102666666667
13/10/2014 14:15:00,0.01
13/10/2014 14:30:00,0.01
13/10/2014 14:45:00,0.01
13/10/2014 15:00:00,0.01
13/10/2014 15:15:00,0.01
13/10/2014 15:30:00,0.01
13/10/2014 15:45:00,0.01
13/10/2014 16:00:00,0.01
13/10/2014 16:15:00,0.01
13/10/2014 16:30:00,0.01
13/10/2014 16:45:00,0.01
13/10/2014 17:00:00,0.01
13/10/2014 17:15:00,0.0104666666667
13/10/2014 17:30:00,0.01
13/10/2014 17:45:00,0.01
13/10/2014 18:00:00,0.0100666666667
13/10/2014 18:15:00,0.01
13/10/2014 18:30:00,0.01
13/10/2014 18:45:00,0.0102
13/10/2014 19:00:00,0.01
13/10/2014 19:15:00,0.01
13/10/2014 19:30:00,0.01
13/10/2014 19:45:00,0.01
13/10/2014 20:00:00,0.0103333333333
13/10/2014 20:15:00,0.011
13/10/2014 20:30:00,0.011
13/10/2014 20:45:00,0.011
13/10/2014 21:00:00,0.011
13/10/2014 21:15:00,0.011
13/10/2014 21:30:00,0.011
13/10/2014 21:45:00,0.0106666666667
13/10/2014 22:00:00,0.01
13/10/2014 22:15:00,0.0100666666667
13/10/2014 22:30:00,0.011
13/10/2014 22:45:00,0.0104666666667
13/10/2014 23:00:00,0.0102
13/10/2014 23:15:00,0.01
13/10/2014 23:30:00,0.01
13/10/2014 23:45:00,0.0106
14/10/2014 00:00:00,0.0108
14/10/2014 00:15:00,0.0102
14/10/2014 00:30:00,0.01
14/10/2014 00:45:00,0.01
14/10/2014 01:00:00,0.0109333333333
14/10/2014 01:15:00,0.011
14/10/2014 01:30:00,0.011
14/10/2014 01:45:00,0.01
14/10/2014 02:00:00,0.01
14/10/2014 02:15:00,0.0109333333333
14/10/2014 02:30:00,0.011
14/10/2014 02:45:00,0.011
14/10/2014 03:00:00,0.01
14/10/2014 03:15:00,0.0102666666667
14/10/2014 03:30:00,0.011
14/10/2014 03:45:00,0.011
14/10/2014 04:00:00,0.011
14/10/2014 04:15:00,0.0100666666667
14/10/2014 04:30:00,0.01
14/10/2014 04:45:00,0.0109333333333
14/10/2014 05:00:00,0.011
14/10/2014 05:15:00,0.0105333333333
14/10/2014 05:30:00,0.01
14/10/2014 05:45:00,0.01
14/10/2014 06:00:00,0.0100666666667
14/10/2014 06:15:00,0.0106666666667
14/10/2014 06:30:00,0.0109333333333
14/10/2014 06:45:00,0.01
14/10/2014 07:00:00,0.01
14/10/2014 07:15:00,0.01
14/10/2014 07:30:00,0.01
14/10/2014 07:45:00,0.0102
14/10/2014 08:00:00,0.01
14/10/2014 08:15:00,0.0100666666667
14/10/2014 08:30:00,0.0102666666667
14/10/2014 08:45:00,0.01
14/10/2014 09:00:00,0.01
14/10/2014 09:15:00,0.01
14/10/2014 09:30:00,0.01
14/10/2014 09:45:00,0.01
14/10/2014 10:00:00,0.01
14/10/2014 10:15:00,0.01
14/10/2014 10:30:00,0.01
14/10/2014 10:45:00,0.01
14/10/2014 11:00:00,0.0102
14/10/2014 11:15:00,0.0106666666667
14/10/2014 11:30:00,0.0104666666667
14/10/2014 11:45:00,0.01
14/10/2014 12:00:00,0.0104666666667
14/10/2014 12:15:00,0.0106666666667
14/10/2014 12:30:00,0.01
14/10/2014 12:45:00,0.0100666666667
14/10/2014 13:00:00,0.01
14/10/2014 13:15:00,0.0105333333333
14/10/2014 13:30:00,0.0102666666667
14/10/2014 13:45:00,0.0101333333333
14/10/2014 14:00:00,0.0103333333333
14/10/2014 14:15:00,0.01
14/10/2014 14:30:00,0.01
14/10/2014 14:45:00,0.0106
14/10/2014 15:00:00,0.0105333333333
14/10/2014 15:15:00,0.0102666666667
14/10/2014 15:30:00,0.01
14/10/2014 15:45:00,0.01
14/10/2014 16:00:00,0.0104
14/10/2014 16:15:00,0.0109333333333
14/10/2014 16:30:00,0.01
14/10/2014 16:45:00,0.01
14/10/2014 17:00:00,0.01
14/10/2014 17:15:00,0.0102
14/10/2014 17:30:00,0.01
14/10/2014 17:45:00,0.01
14/10/2014 18:00:00,0.01
14/10/2014 18:15:00,0.01
14/10/2014 18:30:00,0.278266666667
14/10/2014 18:45:00,0.01
14/10/2014 19:00:00,0.01
14/10/2014 19:15:00,0.220466666667
14/10/2014 19:30:00,0.01
14/10/2014 19:45:00,0.01
14/10/2014 20:00:00,0.0102
14/10/2014 20:15:00,0.011
14/10/2014 20:30:00,0.0109333333333
14/10/2014 20:45:00,0.011
14/10/2014 21:00:00,0.0109333333333
14/10/2014 21:15:00,0.0109333333333
14/10/2014 21:30:00,0.0104
14/10/2014 21:45:00,0.0106
14/10/2014 22:00:00,0.011
14/10/2014 22:15:00,0.011
14/10/2014 22:30:00,0.011
14/10/2014 22:45:00,0.011
14/10/2014 23:00:00,0.011
14/10/2014 23:15:00,0.0102
14/10/2014 23:30:00,0.01
14/10/2014 23:45:00,0.0103333333333
15/10/2014 00:00:00,0.0108666666667
15/10/2014 00:15:00,0.011
15/10/2014 00:30:00,0.0103333333333
15/10/2014 00:45:00,0.01
15/10/2014 01:00:00,0.0104
15/10/2014 01:15:00,0.011
15/10/2014 01:30:00,0.011
15/10/2014 01:45:00,0.0106
15/10/2014 02:00:00,0.01
15/10/2014 02:15:00,0.0102666666667
15/10/2014 02:30:00,0.011
15/10/2014 02:45:00,0.011
15/10/2014 03:00:00,0.0107333333333
15/10/2014 03:15:00,0.01
15/10/2014 03:30:00,0.0104
15/10/2014 03:45:00,0.011
15/10/2014 04:00:00,0.011
15/10/2014 04:15:00,0.0108
15/10/2014 04:30:00,0.01
15/10/2014 04:45:00,0.0102
15/10/2014 05:00:00,0.011
15/10/2014 05:15:00,0.011
15/10/2014 05:30:00,0.0107333333333
15/10/2014 05:45:00,0.01
15/10/2014 06:00:00,0.01
15/10/2014 06:15:00,0.01
15/10/2014 06:30:00,0.0101333333333
15/10/2014 06:45:00,0.0104
15/10/2014 07:00:00,0.01
15/10/2014 07:15:00,0.01
15/10/2014 07:30:00,0.0108
15/10/2014 07:45:00,0.0107333333333
15/10/2014 08:00:00,0.0100666666667
15/10/2014 08:15:00,0.01
15/10/2014 08:30:00,0.0102666666667
15/10/2014 08:45:00,0.0100666666667
15/10/2014 09:00:00,0.0104
15/10/2014 09:15:00,0.0106666666667
15/10/2014 09:30:00,0.01
15/10/2014 09:45:00,0.0103333333333
15/10/2014 10:00:00,0.0109333333333
15/10/2014 10:15:00,0.0109333333333
15/10/2014 10:30:00,0.0106666666667
15/10/2014 10:45:00,0.01
15/10/2014 11:00:00,0.0104
15/10/2014 11:15:00,0.011
15/10/2014 11:30:00,0.011
15/10/2014 11:45:00,0.0105333333333
15/10/2014 12:00:00,0.01
15/10/2014 12:15:00,0.0104
15/10/2014 12:30:00,0.011
15/10/2014 12:45:00,0.011
15/10/2014 13:00:00,0.0105333333333
15/10/2014 13:15:00,0.0101333333333
15/10/2014 13:30:00,0.0102666666667
15/10/2014 13:45:00,0.011
15/10/2014 14:00:00,0.0101333333333
15/10/2014 14:15:00,0.0103333333333
15/10/2014 14:30:00,0.01
15/10/2014 14:45:00,0.0968
15/10/2014 15:00:00,0.177866666667
15/10/2014 15:15:00,0.270466666667
15/10/2014 15:30:00,0.167266666667
15/10/2014 15:45:00,0.131
15/10/2014 16:00:00,0.319266666667
15/10/2014 16:15:00,0.284066666667
15/10/2014 16:30:00,0.0968666666667
15/10/2014 16:45:00,0.440866666667
15/10/2014 17:00:00,0.492533333333
15/10/2014 17:15:00,0.2382
15/10/2014 17:30:00,0.356733333333
15/10/2014 17:45:00,0.615266666667
15/10/2014 18:00:00,0.300466666667
15/10/2014 18:15:00,0.378133333333
15/10/2014 18:30:00,0.525733333333
15/10/2014 18:45:00,0.273266666667
15/10/2014 19:00:00,0.3672
15/10/2014 19:15:00,0.3796
15/10/2014 19:30:00,0.1452
15/10/2014 19:45:00,0.159533333333
15/10/2014 20:00:00,0.329866666667
15/10/2014 20:15:00,0.197066666667
15/10/2014 20:30:00,0.123866666667
15/10/2014 20:45:00,0.2976
15/10/2014 21:00:00,0.0844
15/10/2014 21:15:00,0.2058
15/10/2014 21:30:00,0.268733333333
15/10/2014 21:45:00,0.01
15/10/2014 22:00:00,0.262733333333
15/10/2014 22:15:00,0.184333333333
15/10/2014 22:30:00,0.0855333333333
15/10/2014 22:45:00,0.246066666667
15/10/2014 23:00:00,0.0108
15/10/2014 23:15:00,0.2352
15/10/2014 23:30:00,0.01
15/10/2014 23:45:00,0.224066666667
16/10/2014 00:00:00,0.0133333333333
16/10/2014 00:15:00,0.0102
16/10/2014 00:30:00,0.217933333333
16/10/2014 00:45:00,0.01
16/10/2014 01:00:00,0.01
16/10/2014 01:15:00,0.01
16/10/2014 01:30:00,0.0100666666667
16/10/2014 01:45:00,0.1828
16/10/2014 02:00:00,0.0438666666667
16/10/2014 02:15:00,0.0100666666667
16/10/2014 02:30:00,0.011
16/10/2014 02:45:00,0.0101333333333
16/10/2014 03:00:00,0.01
16/10/2014 03:15:00,0.0106666666667
16/10/2014 03:30:00,0.0102666666667
16/10/2014 03:45:00,0.0106
16/10/2014 04:00:00,0.0105333333333
16/10/2014 04:15:00,0.0101333333333
16/10/2014 04:30:00,0.01
16/10/2014 04:45:00,0.01
16/10/2014 05:00:00,0.01
16/10/2014 05:15:00,0.01
16/10/2014 05:30:00,0.01
16/10/2014 05:45:00,0.01
16/10/2014 06:00:00,0.01
16/10/2014 06:15:00,0.01
16/10/2014 06:30:00,0.01
16/10/2014 06:45:00,0.01
16/10/2014 07:00:00,0.01
16/10/2014 07:15:00,0.0105333333333
16/10/2014 07:30:00,0.0102666666667
16/10/2014 07:45:00,0.0108
16/10/2014 08:00:00,0.01
16/10/2014 08:15:00,0.0101333333333
16/10/2014 08:30:00,0.0102
16/10/2014 08:45:00,0.0102666666667
16/10/2014 09:00:00,0.01
16/10/2014 09:15:00,0.01
16/10/2014 09:30:00,0.01
16/10/2014 09:45:00,0.01
16/10/2014 10:00:00,0.01
16/10/2014 10:15:00,0.01
16/10/2014 10:30:00,0.01
16/10/2014 10:45:00,0.01
16/10/2014 11:00:00,0.0102666666667
16/10/2014 11:15:00,0.01
16/10/2014 11:30:00,0.01
16/10/2014 11:45:00,0.01
16/10/2014 12:00:00,0.01
16/10/2014 12:15:00,0.0109333333333
16/10/2014 12:30:00,0.0105333333333
16/10/2014 12:45:00,0.01
16/10/2014 13:00:00,0.01
16/10/2014 13:15:00,0.01
16/10/2014 13:30:00,0.01
16/10/2014 13:45:00,0.00913333333333
16/10/2014 14:00:00,0.01
16/10/2014 14:15:00,0.0690666666667
16/10/2014 14:30:00,0.177
16/10/2014 14:45:00,0.5376
16/10/2014 15:00:00,0.278933333333
16/10/2014 15:15:00,0.546466666667
16/10/2014 15:30:00,0.4134
16/10/2014 15:45:00,0.270866666667
16/10/2014 16:00:00,0.7046
16/10/2014 16:15:00,0.226933333333
16/10/2014 16:30:00,0.6332
16/10/2014 16:45:00,0.310733333333
16/10/2014 17:00:00,0.433466666667
16/10/2014 17:15:00,0.477666666667
16/10/2014 17:30:00,0.273
16/10/2014 17:45:00,0.5148
16/10/2014 18:00:00,0.6976
16/10/2014 18:15:00,0.387533333333
16/10/2014 18:30:00,0.6114
16/10/2014 18:45:00,0.379133333333
16/10/2014 19:00:00,0.225933333333
16/10/2014 19:15:00,0.434266666667
16/10/2014 19:30:00,0.1504
16/10/2014 19:45:00,0.2044
16/10/2014 20:00:00,0.299
16/10/2014 20:15:00,0.260266666667
16/10/2014 20:30:00,0.0393333333333
16/10/2014 20:45:00,0.2762
16/10/2014 21:00:00,0.276266666667
16/10/2014 21:15:00,0.0506666666667
16/10/2014 21:30:00,0.228866666667
16/10/2014 21:45:00,0.2628
16/10/2014 22:00:00,0.0322
16/10/2014 22:15:00,0.237266666667
16/10/2014 22:30:00,0.255266666667
16/10/2014 22:45:00,0.0105333333333
16/10/2014 23:00:00,0.251266666667
16/10/2014 23:15:00,0.01
16/10/2014 23:30:00,0.237533333333
16/10/2014 23:45:00,0.0512
17/10/2014 00:00:00,0.1928
17/10/2014 00:15:00,0.0436666666667
17/10/2014 00:30:00,0.196733333333
17/10/2014 00:45:00,0.01
17/10/2014 01:00:00,0.227
17/10/2014 01:15:00,0.01
17/10/2014 01:30:00,0.219666666667
17/10/2014 01:45:00,0.0132666666667
17/10/2014 02:00:00,0.01
17/10/2014 02:15:00,0.01
17/10/2014 02:30:00,0.220133333333
17/10/2014 02:45:00,0.01
17/10/2014 03:00:00,0.01
17/10/2014 03:15:00,0.01
17/10/2014 03:30:00,0.216
17/10/2014 03:45:00,0.01
17/10/2014 04:00:00,0.01
17/10/2014 04:15:00,0.01
17/10/2014 04:30:00,0.01
17/10/2014 04:45:00,0.219533333333
17/10/2014 05:00:00,0.01
17/10/2014 05:15:00,0.01
17/10/2014 05:30:00,0.01
17/10/2014 05:45:00,0.01
17/10/2014 06:00:00,0.0100666666667
17/10/2014 06:15:00,0.01
17/10/2014 06:30:00,0.01
17/10/2014 06:45:00,0.0100666666667
17/10/2014 07:00:00,0.0102666666667
17/10/2014 07:15:00,0.0107333333333
17/10/2014 07:30:00,0.01
17/10/2014 07:45:00,0.01
17/10/2014 08:00:00,0.217133333333
17/10/2014 08:15:00,0.01
17/10/2014 08:30:00,0.01
17/10/2014 08:45:00,0.170666666667
17/10/2014 09:00:00,0.0556666666667
17/10/2014 09:15:00,0.01
17/10/2014 09:30:00,0.01
17/10/2014 09:45:00,0.01
17/10/2014 10:00:00,0.2236
17/10/2014 10:15:00,0.01
17/10/2014 10:30:00,0.0340666666667
17/10/2014 10:45:00,0.2008
17/10/2014 11:00:00,0.01
17/10/2014 11:15:00,0.229666666667
17/10/2014 11:30:00,0.01
17/10/2014 11:45:00,0.2368
17/10/2014 12:00:00,0.0761333333333
17/10/2014 12:15:00,0.190733333333
17/10/2014 12:30:00,0.281933333333
17/10/2014 12:45:00,0.0462
17/10/2014 13:00:00,0.246333333333
17/10/2014 13:15:00,0.466133333333
17/10/2014 13:30:00,0.191666666667
17/10/2014 13:45:00,0.3812
17/10/2014 14:00:00,0.498066666667
17/10/2014 14:15:00,0.208533333333
17/10/2014 14:30:00,0.287133333333
17/10/2014 14:45:00,0.516333333333
17/10/2014 15:00:00,0.428333333333
17/10/2014 15:15:00,0.212466666667
17/10/2014 15:30:00,0.471133333333
17/10/2014 15:45:00,0.505933333333
17/10/2014 16:00:00,0.259066666667
17/10/2014 16:15:00,0.533533333333
17/10/2014 16:30:00,0.497333333333
17/10/2014 16:45:00,0.277133333333
17/10/2014 17:00:00,0.673066666667
17/10/2014 17:15:00,0.3344
17/10/2014 17:30:00,0.518266666667
17/10/2014 17:45:00,0.498533333333
17/10/2014 18:00:00,0.312
17/10/2014 18:15:00,0.6466
17/10/2014 18:30:00,0.250666666667
17/10/2014 18:45:00,0.5388
17/10/2014 19:00:00,0.508866666667
17/10/2014 19:15:00,0.2682
17/10/2014 19:30:00,0.434933333333
17/10/2014 19:45:00,0.5298
17/10/2014 20:00:00,0.185466666667
17/10/2014 20:15:00,0.354666666667
17/10/2014 20:30:00,0.473333333333
17/10/2014 20:45:00,0.2
17/10/2014 21:00:00,0.115533333333
17/10/2014 21:15:00,0.291133333333
17/10/2014 21:30:00,0.161133333333
17/10/2014 21:45:00,0.119466666667
17/10/2014 22:00:00,0.2628
17/10/2014 22:15:00,0.169
17/10/2014 22:30:00,0.101866666667
17/10/2014 22:45:00,0.251466666667
17/10/2014 23:00:00,0.1338
17/10/2014 23:15:00,0.131866666667
17/10/2014 23:30:00,0.253733333333
17/10/2014 23:45:00,0.0665333333333
18/10/2014 00:00:00,0.194866666667
18/10/2014 00:15:00,0.245133333333
18/10/2014 00:30:00,0.0101333333333
18/10/2014 00:45:00,0.2376
18/10/2014 01:00:00,0.0238
18/10/2014 01:15:00,0.228066666667
18/10/2014 01:30:00,0.111466666667
18/10/2014 01:45:00,0.132066666667
18/10/2014 02:00:00,0.158533333333
18/10/2014 02:15:00,0.0858
18/10/2014 02:30:00,0.0618666666667
18/10/2014 02:45:00,0.1782
18/10/2014 03:00:00,0.0105333333333
18/10/2014 03:15:00,0.221466666667
18/10/2014 03:30:00,0.0104666666667
18/10/2014 03:45:00,0.0312666666667
18/10/2014 04:00:00,0.197666666667
18/10/2014 04:15:00,0.0105333333333
18/10/2014 04:30:00,0.218866666667
18/10/2014 04:45:00,0.0106666666667
18/10/2014 05:00:00,0.01
18/10/2014 05:15:00,0.218666666667
18/10/2014 05:30:00,0.0100666666667
18/10/2014 05:45:00,0.218933333333
18/10/2014 06:00:00,0.01
18/10/2014 06:15:00,0.01
18/10/2014 06:30:00,0.01
18/10/2014 06:45:00,0.01
18/10/2014 07:00:00,0.0101333333333
18/10/2014 07:15:00,0.01
18/10/2014 07:30:00,0.01
18/10/2014 07:45:00,0.0102
18/10/2014 08:00:00,0.0100666666667
18/10/2014 08:15:00,0.0101333333333
18/10/2014 08:30:00,0.01
18/10/2014 08:45:00,0.0108666666667
18/10/2014 09:00:00,0.0102666666667
18/10/2014 09:15:00,0.011
18/10/2014 09:30:00,0.0106
18/10/2014 09:45:00,0.227
18/10/2014 10:00:00,0.0104
18/10/2014 10:15:00,0.230866666667
18/10/2014 10:30:00,0.110733333333
18/10/2014 10:45:00,0.135466666667
18/10/2014 11:00:00,0.2416
18/10/2014 11:15:00,0.0839333333333
18/10/2014 11:30:00,0.204466666667
18/10/2014 11:45:00,0.507266666667
18/10/2014 12:00:00,0.248133333333
18/10/2014 12:15:00,0.3132
18/10/2014 12:30:00,0.5652
18/10/2014 12:45:00,0.357333333333
18/10/2014 13:00:00,0.183866666667
18/10/2014 13:15:00,0.4764
18/10/2014 13:30:00,0.4886
18/10/2014 13:45:00,0.183066666667
18/10/2014 14:00:00,0.136133333333
18/10/2014 14:15:00,0.479933333333
18/10/2014 14:30:00,0.4346
18/10/2014 14:45:00,0.244
18/10/2014 15:00:00,0.329666666667
18/10/2014 15:15:00,0.480333333333
18/10/2014 15:30:00,0.418133333333
18/10/2014 15:45:00,0.214933333333
18/10/2014 16:00:00,0.529933333333
18/10/2014 16:15:00,0.388066666667
18/10/2014 16:30:00,0.2572
18/10/2014 16:45:00,0.5298
18/10/2014 17:00:00,0.467466666667
18/10/2014 17:15:00,0.265866666667
18/10/2014 17:30:00,0.483866666667
18/10/2014 17:45:00,0.4758
18/10/2014 18:00:00,0.361066666667
18/10/2014 18:15:00,0.623933333333
18/10/2014 18:30:00,0.324333333333
18/10/2014 18:45:00,0.388133333333
18/10/2014 19:00:00,0.532933333333
18/10/2014 19:15:00,0.212733333333
18/10/2014 19:30:00,0.208
18/10/2014 19:45:00,0.321866666667
18/10/2014 20:00:00,0.366933333333
18/10/2014 20:15:00,0.109533333333
18/10/2014 20:30:00,0.5698
18/10/2014 20:45:00,0.2492
18/10/2014 21:00:00,0.236266666667
18/10/2014 21:15:00,0.447933333333
18/10/2014 21:30:00,0.318533333333
18/10/2014 21:45:00,0.094
18/10/2014 22:00:00,0.385666666667
18/10/2014 22:15:00,0.393266666667
18/10/2014 22:30:00,0.102333333333
18/10/2014 22:45:00,0.301266666667
18/10/2014 23:00:00,0.386933333333
18/10/2014 23:15:00,0.261
18/10/2014 23:30:00,0.146133333333
18/10/2014 23:45:00,0.311666666667
19/10/2014 00:00:00,0.288933333333
19/10/2014 00:15:00,0.01
19/10/2014 00:30:00,0.267333333333
19/10/2014 00:45:00,0.303733333333
19/10/2014 01:00:00,0.01
19/10/2014 01:15:00,0.27
19/10/2014 01:30:00,0.0572
19/10/2014 01:45:00,0.223733333333
19/10/2014 02:00:00,0.160933333333
19/10/2014 02:15:00,0.101666666667
19/10/2014 02:30:00,0.2228
19/10/2014 02:45:00,0.0293333333333
19/10/2014 03:00:00,0.230866666667
19/10/2014 03:15:00,0.015
19/10/2014 03:30:00,0.135133333333
19/10/2014 03:45:00,0.1024
19/10/2014 04:00:00,0.01
19/10/2014 04:15:00,0.223533333333
19/10/2014 04:30:00,0.0109333333333
19/10/2014 04:45:00,0.227666666667
19/10/2014 05:00:00,0.0104
19/10/2014 05:15:00,0.2232
19/10/2014 05:30:00,0.0102666666667
19/10/2014 05:45:00,0.124666666667
19/10/2014 06:00:00,0.114466666667
19/10/2014 06:15:00,0.0101333333333
19/10/2014 06:30:00,0.224066666667
19/10/2014 06:45:00,0.0101333333333
19/10/2014 07:00:00,0.231466666667
19/10/2014 07:15:00,0.0136
19/10/2014 07:30:00,0.240933333333
19/10/2014 07:45:00,0.01
19/10/2014 08:00:00,0.224333333333
19/10/2014 08:15:00,0.0102
19/10/2014 08:30:00,0.263266666667
19/10/2014 08:45:00,0.01
19/10/2014 09:00:00,0.230266666667
19/10/2014 09:15:00,0.01
19/10/2014 09:30:00,0.229266666667
19/10/2014 09:45:00,0.01
19/10/2014 10:00:00,0.231266666667
19/10/2014 10:15:00,0.01
19/10/2014 10:30:00,0.262466666667
19/10/2014 10:45:00,0.0658
19/10/2014 11:00:00,0.1986
19/10/2014 11:15:00,0.2144
19/10/2014 11:30:00,0.0554
19/10/2014 11:45:00,0.01
19/10/2014 12:00:00,0.0101333333333
19/10/2014 12:15:00,0.0108
19/10/2014 12:30:00,0.0101333333333
19/10/2014 12:45:00,0.01
19/10/2014 13:00:00,0.0101333333333
19/10/2014 13:15:00,0.3364
19/10/2014 13:30:00,0.105333333333
19/10/2014 13:45:00,0.273533333333
19/10/2014 14:00:00,0.1448
19/10/2014 14:15:00,0.417
19/10/2014 14:30:00,0.011
19/10/2014 14:45:00,0.399333333333
19/10/2014 15:00:00,0.385666666667
19/10/2014 15:15:00,0.0668
19/10/2014 15:30:00,0.420933333333
19/10/2014 15:45:00,0.445
19/10/2014 16:00:00,0.1708
19/10/2014 16:15:00,0.3192
19/10/2014 16:30:00,0.297333333333
19/10/2014 16:45:00,0.310466666667
19/10/2014 17:00:00,0.151333333333
19/10/2014 17:15:00,0.252866666667
19/10/2014 17:30:00,0.403466666667
19/10/2014 17:45:00,0.305533333333
19/10/2014 18:00:00,0.158266666667
19/10/2014 18:15:00,0.496066666667
19/10/2014 18:30:00,0.394666666667
19/10/2014 18:45:00,0.139133333333
19/10/2014 19:00:00,0.288
19/10/2014 19:15:00,0.3594
19/10/2014 19:30:00,0.286666666667
19/10/2014 19:45:00,0.445533333333
19/10/2014 20:00:00,0.3152
19/10/2014 20:15:00,0.257133333333
19/10/2014 20:30:00,0.473866666667
19/10/2014 20:45:00,0.304933333333
19/10/2014 21:00:00,0.175933333333
19/10/2014 21:15:00,0.4348
19/10/2014 21:30:00,0.309533333333
19/10/2014 21:45:00,0.0712
19/10/2014 22:00:00,0.3282
19/10/2014 22:15:00,0.291
19/10/2014 22:30:00,0.0417333333333
19/10/2014 22:45:00,0.242333333333
19/10/2014 23:00:00,0.298733333333
19/10/2014 23:15:00,0.01
19/10/2014 23:30:00,0.272666666667
19/10/2014 23:45:00,0.0793333333333
20/10/2014 00:00:00,0.197666666667
20/10/2014 00:15:00,0.149933333333
20/10/2014 00:30:00,0.126066666667
20/10/2014 00:45:00,0.235066666667
20/10/2014 01:00:00,0.014
20/10/2014 01:15:00,0.188866666667
20/10/2014 01:30:00,0.0482666666667
20/10/2014 01:45:00,0.0462666666667
20/10/2014 02:00:00,0.1912
20/10/2014 02:15:00,0.01
20/10/2014 02:30:00,0.223266666667
20/10/2014 02:45:00,0.01
20/10/2014 03:00:00,0.01
20/10/2014 03:15:00,0.2198
20/10/2014 03:30:00,0.01
20/10/2014 03:45:00,0.01
20/10/2014 04:00:00,0.131533333333
20/10/2014 04:15:00,0.0946
20/10/2014 04:30:00,0.01
20/10/2014 04:45:00,0.0961333333333
20/10/2014 05:00:00,0.126266666667
20/10/2014 05:15:00,0.01
20/10/2014 05:30:00,0.01
20/10/2014 05:45:00,0.01
20/10/2014 06:00:00,0.01
20/10/2014 06:15:00,0.215533333333
20/10/2014 06:30:00,0.01
20/10/2014 06:45:00,0.0101333333333
20/10/2014 07:00:00,0.01
20/10/2014 07:15:00,0.01
20/10/2014 07:30:00,0.01
20/10/2014 07:45:00,0.01
20/10/2014 08:00:00,0.01
20/10/2014 08:15:00,0.191
20/10/2014 08:30:00,0.0452666666667
20/10/2014 08:45:00,0.0107333333333
20/10/2014 09:00:00,0.245933333333
20/10/2014 09:15:00,0.0105333333333
20/10/2014 09:30:00,0.0100666666667
20/10/2014 09:45:00,0.2466
20/10/2014 10:00:00,0.0101333333333
20/10/2014 10:15:00,0.0105333333333
20/10/2014 10:30:00,0.219533333333
20/10/2014 10:45:00,0.0695333333333
20/10/2014 11:00:00,0.180533333333
20/10/2014 11:15:00,0.1658
20/10/2014 11:30:00,0.0871333333333
20/10/2014 11:45:00,0.261266666667
20/10/2014 12:00:00,0.0341333333333
20/10/2014 12:15:00,0.223466666667
20/10/2014 12:30:00,0.261066666667
20/10/2014 12:45:00,0.141666666667
20/10/2014 13:00:00,0.1788
20/10/2014 13:15:00,0.2782
20/10/2014 13:30:00,0.232066666667
20/10/2014 13:45:00,0.0531333333333
20/10/2014 14:00:00,0.292666666667
20/10/2014 14:15:00,0.403466666667
20/10/2014 14:30:00,0.156533333333
20/10/2014 14:45:00,0.408866666667
20/10/2014 15:00:00,0.450066666667
20/10/2014 15:15:00,0.1504
20/10/2014 15:30:00,0.328533333333
20/10/2014 15:45:00,0.44
20/10/2014 16:00:00,0.315866666667
20/10/2014 16:15:00,0.1948
20/10/2014 16:30:00,0.4838
20/10/2014 16:45:00,0.329533333333
20/10/2014 17:00:00,0.239933333333
20/10/2014 17:15:00,0.5648
20/10/2014 17:30:00,0.246333333333
20/10/2014 17:45:00,0.343133333333
20/10/2014 18:00:00,0.480333333333
20/10/2014 18:15:00,0.371533333333
20/10/2014 18:30:00,0.231
20/10/2014 18:45:00,0.2142
20/10/2014 19:00:00,0.474066666667
20/10/2014 19:15:00,0.184
20/10/2014 19:30:00,0.141666666667
20/10/2014 19:45:00,0.3114
20/10/2014 20:00:00,0.331133333333
20/10/2014 20:15:00,0.1768
20/10/2014 20:30:00,0.4094
20/10/2014 20:45:00,0.200666666667
20/10/2014 21:00:00,0.312533333333
20/10/2014 21:15:00,0.2594
20/10/2014 21:30:00,0.439133333333
20/10/2014 21:45:00,0.101466666667
20/10/2014 22:00:00,0.305533333333
20/10/2014 22:15:00,0.2642
20/10/2014 22:30:00,0.0806
20/10/2014 22:45:00,0.1938
20/10/2014 23:00:00,0.2652
20/10/2014 23:15:00,0.189866666667
20/10/2014 23:30:00,0.0866
20/10/2014 23:45:00,0.266066666667
21/10/2014 00:00:00,0.265266666667
21/10/2014 00:15:00,0.0106
21/10/2014 00:30:00,0.263066666667
21/10/2014 00:45:00,0.224133333333
21/10/2014 01:00:00,0.0449333333333
21/10/2014 01:15:00,0.255533333333
21/10/2014 01:30:00,0.011
21/10/2014 01:45:00,0.248266666667
21/10/2014 02:00:00,0.01
21/10/2014 02:15:00,0.2414
21/10/2014 02:30:00,0.0106666666667
21/10/2014 02:45:00,0.0102
21/10/2014 03:00:00,0.2242
21/10/2014 03:15:00,0.0108
21/10/2014 03:30:00,0.011
21/10/2014 03:45:00,0.0103333333333
21/10/2014 04:00:00,0.01
21/10/2014 04:15:00,0.0101333333333
21/10/2014 04:30:00,0.213933333333
21/10/2014 04:45:00,0.0105333333333
21/10/2014 05:00:00,0.01
21/10/2014 05:15:00,0.0108
21/10/2014 05:30:00,0.0100666666667
21/10/2014 05:45:00,0.0104666666667
21/10/2014 06:00:00,0.01
21/10/2014 06:15:00,0.0100666666667
21/10/2014 06:30:00,0.0105333333333
21/10/2014 06:45:00,0.0101333333333
21/10/2014 07:00:00,0.01
21/10/2014 07:15:00,0.0107333333333
21/10/2014 07:30:00,0.011
21/10/2014 07:45:00,0.0106666666667
21/10/2014 08:00:00,0.0101333333333
21/10/2014 08:15:00,0.239
21/10/2014 08:30:00,0.0103333333333
21/10/2014 08:45:00,0.0103333333333
21/10/2014 09:00:00,0.1236
21/10/2014 09:15:00,0.103466666667
21/10/2014 09:30:00,0.0104666666667
21/10/2014 09:45:00,0.01
21/10/2014 10:00:00,0.215866666667
21/10/2014 10:15:00,0.01
21/10/2014 10:30:00,0.01
21/10/2014 10:45:00,0.214066666667
21/10/2014 11:00:00,0.01
21/10/2014 11:15:00,0.138266666667
21/10/2014 11:30:00,0.106333333333
21/10/2014 11:45:00,0.0418
21/10/2014 12:00:00,0.198066666667
21/10/2014 12:15:00,0.0220666666667
21/10/2014 12:30:00,0.224866666667
21/10/2014 12:45:00,0.01
21/10/2014 13:00:00,0.01
21/10/2014 13:15:00,0.01
21/10/2014 13:30:00,0.01
21/10/2014 13:45:00,0.01
21/10/2014 14:00:00,0.01
21/10/2014 14:15:00,0.01
21/10/2014 14:30:00,0.0102666666667
21/10/2014 14:45:00,0.2568
21/10/2014 15:00:00,0.0562666666667
21/10/2014 15:15:00,0.515733333333
21/10/2014 15:30:00,0.2196
21/10/2014 15:45:00,0.348933333333
21/10/2014 16:00:00,0.585933333333
21/10/2014 16:15:00,0.2454
21/10/2014 16:30:00,0.191666666667
21/10/2014 16:45:00,0.425266666667
21/10/2014 17:00:00,0.451733333333
21/10/2014 17:15:00,0.2834
21/10/2014 17:30:00,0.5094
21/10/2014 17:45:00,0.440733333333
21/10/2014 18:00:00,0.139533333333
21/10/2014 18:15:00,0.256733333333
21/10/2014 18:30:00,0.378
21/10/2014 18:45:00,0.282666666667
21/10/2014 19:00:00,0.112733333333
21/10/2014 19:15:00,0.3086
21/10/2014 19:30:00,0.283
21/10/2014 19:45:00,0.0871333333333
21/10/2014 20:00:00,0.2266
21/10/2014 20:15:00,0.3038
21/10/2014 20:30:00,0.0226666666667
21/10/2014 20:45:00,0.278333333333
21/10/2014 21:00:00,0.267
21/10/2014 21:15:00,0.011
21/10/2014 21:30:00,0.261
21/10/2014 21:45:00,0.222466666667
21/10/2014 22:00:00,0.0422666666667
21/10/2014 22:15:00,0.242266666667
21/10/2014 22:30:00,0.01
21/10/2014 22:45:00,0.2384
21/10/2014 23:00:00,0.011
21/10/2014 23:15:00,0.234733333333
21/10/2014 23:30:00,0.01
21/10/2014 23:45:00,0.231533333333
22/10/2014 00:00:00,0.0105333333333
22/10/2014 00:15:00,0.2318
22/10/2014 00:30:00,0.01
22/10/2014 00:45:00,0.225133333333
22/10/2014 01:00:00,0.011
22/10/2014 01:15:00,0.0969333333333
22/10/2014 01:30:00,0.138466666667
22/10/2014 01:45:00,0.0106
22/10/2014 02:00:00,0.011
22/10/2014 02:15:00,0.221133333333
22/10/2014 02:30:00,0.01
22/10/2014 02:45:00,0.0105333333333
22/10/2014 03:00:00,0.0109333333333
22/10/2014 03:15:00,0.2172
22/10/2014 03:30:00,0.01
22/10/2014 03:45:00,0.0102
22/10/2014 04:00:00,0.0106666666667
22/10/2014 04:15:00,0.0109333333333
22/10/2014 04:30:00,0.2126
22/10/2014 04:45:00,0.0102666666667
22/10/2014 05:00:00,0.0108666666667
22/10/2014 05:15:00,0.0101333333333
22/10/2014 05:30:00,0.01
22/10/2014 05:45:00,0.0103333333333
22/10/2014 06:00:00,0.0101333333333
22/10/2014 06:15:00,0.01
22/10/2014 06:30:00,0.0100666666667
22/10/2014 06:45:00,0.01
22/10/2014 07:00:00,0.01
22/10/2014 07:15:00,0.01
22/10/2014 07:30:00,0.01
22/10/2014 07:45:00,0.01
22/10/2014 08:00:00,0.01
22/10/2014 08:15:00,0.0107333333333
22/10/2014 08:30:00,0.0102
22/10/2014 08:45:00,0.0101333333333
22/10/2014 09:00:00,0.011
22/10/2014 09:15:00,0.0108
22/10/2014 09:30:00,0.0102666666667
22/10/2014 09:45:00,0.0100666666667
22/10/2014 10:00:00,0.0106
22/10/2014 10:15:00,0.0101333333333
22/10/2014 10:30:00,0.0103333333333
22/10/2014 10:45:00,0.01
22/10/2014 11:00:00,0.0107333333333
22/10/2014 11:15:00,0.011
22/10/2014 11:30:00,0.0102666666667
22/10/2014 11:45:00,0.01
22/10/2014 12:00:00,0.011
22/10/2014 12:15:00,0.0107333333333
22/10/2014 12:30:00,0.0105333333333
22/10/2014 12:45:00,0.011
22/10/2014 13:00:00,0.104133333333
22/10/2014 13:15:00,0.132733333333
22/10/2014 13:30:00,0.183266666667
22/10/2014 13:45:00,0.486066666667
22/10/2014 14:00:00,0.4562
22/10/2014 14:15:00,0.254
22/10/2014 14:30:00,0.706333333333
22/10/2014 14:45:00,0.1692
22/10/2014 15:00:00,0.556
22/10/2014 15:15:00,0.685133333333
22/10/2014 15:30:00,0.4756
22/10/2014 15:45:00,0.6916
22/10/2014 16:00:00,0.0158
22/10/2014 16:15:00,0.722466666667
22/10/2014 16:30:00,0.747666666667
22/10/2014 16:45:00,0.432133333333
22/10/2014 17:00:00,0.751333333333
22/10/2014 17:15:00,0.408733333333
22/10/2014 17:30:00,0.752
22/10/2014 17:45:00,0.470466666667
22/10/2014 18:00:00,0.603066666667
22/10/2014 18:15:00,0.5404
22/10/2014 18:30:00,0.3622
22/10/2014 18:45:00,0.4204
22/10/2014 19:00:00,0.573733333333
22/10/2014 19:15:00,0.235266666667
22/10/2014 19:30:00,0.268533333333
22/10/2014 19:45:00,0.291333333333
22/10/2014 20:00:00,0.174733333333
22/10/2014 20:15:00,0.1028
22/10/2014 20:30:00,0.454933333333
22/10/2014 20:45:00,0.1808
22/10/2014 21:00:00,0.260466666667
22/10/2014 21:15:00,0.262
22/10/2014 21:30:00,0.202333333333
22/10/2014 21:45:00,0.0683333333333
22/10/2014 22:00:00,0.264
22/10/2014 22:15:00,0.264466666667
22/10/2014 22:30:00,0.0102
22/10/2014 22:45:00,0.265066666667
22/10/2014 23:00:00,0.2678
22/10/2014 23:15:00,0.0688
22/10/2014 23:30:00,0.208266666667
22/10/2014 23:45:00,0.266733333333
23/10/2014 00:00:00,0.0964
23/10/2014 00:15:00,0.172266666667
23/10/2014 00:30:00,0.257266666667
23/10/2014 00:45:00,0.0109333333333
23/10/2014 01:00:00,0.251866666667
23/10/2014 01:15:00,0.1034
23/10/2014 01:30:00,0.1498
23/10/2014 01:45:00,0.2198
23/10/2014 02:00:00,0.0311333333333
23/10/2014 02:15:00,0.238266666667
23/10/2014 02:30:00,0.0102
23/10/2014 02:45:00,0.2168
23/10/2014 03:00:00,0.0273333333333
23/10/2014 03:15:00,0.0108
23/10/2014 03:30:00,0.225
23/10/2014 03:45:00,0.0104
23/10/2014 04:00:00,0.2302
23/10/2014 04:15:00,0.0109333333333
23/10/2014 04:30:00,0.01
23/10/2014 04:45:00,0.221133333333
23/10/2014 05:00:00,0.011
23/10/2014 05:15:00,0.011
23/10/2014 05:30:00,0.0882666666667
23/10/2014 05:45:00,0.138333333333
23/10/2014 06:00:00,0.0104666666667
23/10/2014 06:15:00,0.0106
23/10/2014 06:30:00,0.2438
23/10/2014 06:45:00,0.01
23/10/2014 07:00:00,0.235266666667
23/10/2014 07:15:00,0.0108
23/10/2014 07:30:00,0.188933333333
23/10/2014 07:45:00,0.057
23/10/2014 08:00:00,0.0576666666667
23/10/2014 08:15:00,0.201066666667
23/10/2014 08:30:00,0.0101333333333
23/10/2014 08:45:00,0.246733333333
23/10/2014 09:00:00,0.01
23/10/2014 09:15:00,0.01
23/10/2014 09:30:00,0.01
23/10/2014 09:45:00,0.01
23/10/2014 10:00:00,0.01
23/10/2014 10:15:00,0.01
23/10/2014 10:30:00,0.01
23/10/2014 10:45:00,0.01
23/10/2014 11:00:00,0.1724
23/10/2014 11:15:00,0.1572
23/10/2014 11:30:00,0.345933333333
23/10/2014 11:45:00,0.341466666667
23/10/2014 12:00:00,0.0946666666667
23/10/2014 12:15:00,0.3246
23/10/2014 12:30:00,0.408933333333
23/10/2014 12:45:00,0.336533333333
23/10/2014 13:00:00,0.326933333333
23/10/2014 13:15:00,0.597666666667
23/10/2014 13:30:00,0.270533333333
23/10/2014 13:45:00,0.352933333333
23/10/2014 14:00:00,0.3856
23/10/2014 14:15:00,0.3116
23/10/2014 14:30:00,0.094
23/10/2014 14:45:00,0.620533333333
23/10/2014 15:00:00,0.3954
23/10/2014 15:15:00,0.2594
23/10/2014 15:30:00,0.5236
23/10/2014 15:45:00,0.484066666667
23/10/2014 16:00:00,0.270133333333
23/10/2014 16:15:00,0.4884
23/10/2014 16:30:00,0.478466666667
23/10/2014 16:45:00,0.2388
23/10/2014 17:00:00,0.465133333333
23/10/2014 17:15:00,0.514266666667
23/10/2014 17:30:00,0.230666666667
23/10/2014 17:45:00,0.416066666667
23/10/2014 18:00:00,0.554533333333
23/10/2014 18:15:00,0.1908
23/10/2014 18:30:00,0.4338
23/10/2014 18:45:00,0.473533333333
23/10/2014 19:00:00,0.138
23/10/2014 19:15:00,0.175133333333
23/10/2014 19:30:00,0.2128
23/10/2014 19:45:00,0.011
23/10/2014 20:00:00,0.011
23/10/2014 20:15:00,0.011
23/10/2014 20:30:00,0.256133333333
23/10/2014 20:45:00,0.011
23/10/2014 21:00:00,0.2906
23/10/2014 21:15:00,0.287533333333
23/10/2014 21:30:00,0.011
23/10/2014 21:45:00,0.268933333333
23/10/2014 22:00:00,0.2486
23/10/2014 22:15:00,0.0553333333333
23/10/2014 22:30:00,0.278733333333
23/10/2014 22:45:00,0.175333333333
23/10/2014 23:00:00,0.093
23/10/2014 23:15:00,0.258733333333
23/10/2014 23:30:00,0.207066666667
23/10/2014 23:45:00,0.0630666666667
24/10/2014 00:00:00,0.260933333333
24/10/2014 00:15:00,0.241
24/10/2014 00:30:00,0.0328
24/10/2014 00:45:00,0.258266666667
24/10/2014 01:00:00,0.1572
24/10/2014 01:15:00,0.104866666667
24/10/2014 01:30:00,0.2444
24/10/2014 01:45:00,0.011
24/10/2014 02:00:00,0.236466666667
24/10/2014 02:15:00,0.01
24/10/2014 02:30:00,0.0644666666667
24/10/2014 02:45:00,0.1804
24/10/2014 03:00:00,0.0107333333333
24/10/2014 03:15:00,0.01
24/10/2014 03:30:00,0.0104
24/10/2014 03:45:00,0.2192
24/10/2014 04:00:00,0.0108666666667
24/10/2014 04:15:00,0.01
24/10/2014 04:30:00,0.0104666666667
24/10/2014 04:45:00,0.011
24/10/2014 05:00:00,0.0109333333333
24/10/2014 05:15:00,0.01
24/10/2014 05:30:00,0.0102
24/10/2014 05:45:00,0.011
24/10/2014 06:00:00,0.011
24/10/2014 06:15:00,0.0100666666667
24/10/2014 06:30:00,0.0103333333333
24/10/2014 06:45:00,0.0104666666667
24/10/2014 07:00:00,0.0101333333333
24/10/2014 07:15:00,0.01
24/10/2014 07:30:00,0.0100666666667
24/10/2014 07:45:00,0.0108
24/10/2014 08:00:00,0.0109333333333
24/10/2014 08:15:00,0.0100666666667
24/10/2014 08:30:00,0.0102
24/10/2014 08:45:00,0.011
24/10/2014 09:00:00,0.0106666666667
24/10/2014 09:15:00,0.00973333333333
24/10/2014 09:30:00,0.00993333333333
24/10/2014 09:45:00,0.0106666666667
24/10/2014 10:00:00,0.011
24/10/2014 10:15:00,0.0102666666667
24/10/2014 10:30:00,0.0101333333333
24/10/2014 10:45:00,0.0108666666667
24/10/2014 11:00:00,0.011
24/10/2014 11:15:00,0.01
24/10/2014 11:30:00,0.00966666666667
24/10/2014 11:45:00,0.0108
24/10/2014 12:00:00,0.011
24/10/2014 12:15:00,0.0104
24/10/2014 12:30:00,0.0100666666667
24/10/2014 12:45:00,0.0108
24/10/2014 13:00:00,0.011
24/10/2014 13:15:00,0.234466666667
24/10/2014 13:30:00,0.04
24/10/2014 13:45:00,0.484133333333
24/10/2014 14:00:00,0.169133333333
24/10/2014 14:15:00,0.754866666667
24/10/2014 14:30:00,0.398
24/10/2014 14:45:00,0.719733333333
24/10/2014 15:00:00,0.274666666667
24/10/2014 15:15:00,0.7508
24/10/2014 15:30:00,0.413
24/10/2014 15:45:00,0.7158
24/10/2014 16:00:00,0.341
24/10/2014 16:15:00,0.736133333333
24/10/2014 16:30:00,0.174866666667
24/10/2014 16:45:00,0.666533333333
24/10/2014 17:00:00,0.726133333333
24/10/2014 17:15:00,0.296266666667
24/10/2014 17:30:00,0.748
24/10/2014 17:45:00,0.7188
24/10/2014 18:00:00,0.511266666667
24/10/2014 18:15:00,0.730866666667
24/10/2014 18:30:00,0.736666666667
24/10/2014 18:45:00,0.725066666667
24/10/2014 19:00:00,0.695666666667
24/10/2014 19:15:00,0.690333333333
24/10/2014 19:30:00,0.6922
24/10/2014 19:45:00,0.696
24/10/2014 20:00:00,0.694666666667
24/10/2014 20:15:00,0.615533333333
24/10/2014 20:30:00,0.01
24/10/2014 20:45:00,0.01
24/10/2014 21:00:00,0.01
24/10/2014 21:15:00,0.0644666666667
24/10/2014 21:30:00,0.1706
24/10/2014 21:45:00,0.202133333333
24/10/2014 22:00:00,0.0508666666667
24/10/2014 22:15:00,0.241933333333
24/10/2014 22:30:00,0.011
24/10/2014 22:45:00,0.246666666667
24/10/2014 23:00:00,0.0710666666667
24/10/2014 23:15:00,0.211533333333
24/10/2014 23:30:00,0.182333333333
24/10/2014 23:45:00,0.0658
25/10/2014 00:00:00,0.238533333333
25/10/2014 00:15:00,0.01
25/10/2014 00:30:00,0.243266666667
25/10/2014 00:45:00,0.0203333333333
25/10/2014 01:00:00,0.2292
25/10/2014 01:15:00,0.199133333333
25/10/2014 01:30:00,0.0508
25/10/2014 01:45:00,0.2396
25/10/2014 02:00:00,0.01
25/10/2014 02:15:00,0.2364
25/10/2014 02:30:00,0.01
25/10/2014 02:45:00,0.236733333333
25/10/2014 03:00:00,0.01
25/10/2014 03:15:00,0.2324
25/10/2014 03:30:00,0.0103333333333
25/10/2014 03:45:00,0.01
25/10/2014 04:00:00,0.0101333333333
25/10/2014 04:15:00,0.01
25/10/2014 04:30:00,0.218133333333
25/10/2014 04:45:00,0.01
25/10/2014 05:00:00,0.01
25/10/2014 05:15:00,0.01
25/10/2014 05:30:00,0.01
25/10/2014 05:45:00,0.01
25/10/2014 06:00:00,0.213333333333
25/10/2014 06:15:00,0.01
25/10/2014 06:30:00,0.01
25/10/2014 06:45:00,0.0100666666667
25/10/2014 07:00:00,0.0100666666667
25/10/2014 07:15:00,0.01
25/10/2014 07:30:00,0.01
25/10/2014 07:45:00,0.01
25/10/2014 08:00:00,0.0104
25/10/2014 08:15:00,0.01
25/10/2014 08:30:00,0.01
25/10/2014 08:45:00,0.01
25/10/2014 09:00:00,0.0100666666667
25/10/2014 09:15:00,0.0100666666667
25/10/2014 09:30:00,0.01
25/10/2014 09:45:00,0.01
25/10/2014 10:00:00,0.0105333333333
25/10/2014 10:15:00,0.011
25/10/2014 10:30:00,0.0107333333333
25/10/2014 10:45:00,0.2538
25/10/2014 11:00:00,0.011
25/10/2014 11:15:00,0.2714
25/10/2014 11:30:00,0.2144
25/10/2014 11:45:00,0.0672
25/10/2014 12:00:00,0.283266666667
25/10/2014 12:15:00,0.323266666667
25/10/2014 12:30:00,0.0243333333333
25/10/2014 12:45:00,0.324133333333
25/10/2014 13:00:00,0.364
25/10/2014 13:15:00,0.177333333333
25/10/2014 13:30:00,0.1538
25/10/2014 13:45:00,0.3366
25/10/2014 14:00:00,0.343533333333
25/10/2014 14:15:00,0.169533333333
25/10/2014 14:30:00,0.272733333333
25/10/2014 14:45:00,0.4794
25/10/2014 15:00:00,0.229133333333
25/10/2014 15:15:00,0.558933333333
25/10/2014 15:30:00,0.462666666667
25/10/2014 15:45:00,0.345066666667
25/10/2014 16:00:00,0.543666666667
25/10/2014 16:15:00,0.466533333333
25/10/2014 16:30:00,0.5102
25/10/2014 16:45:00,0.402666666667
25/10/2014 17:00:00,0.01
25/10/2014 17:15:00,0.5658
25/10/2014 17:30:00,0.378266666667
25/10/2014 17:45:00,0.212466666667
25/10/2014 18:00:00,0.564266666667
25/10/2014 18:15:00,0.229
25/10/2014 18:30:00,0.263533333333
25/10/2014 18:45:00,0.4478
25/10/2014 19:00:00,0.146866666667
25/10/2014 19:15:00,0.2872
25/10/2014 19:30:00,0.278666666667
25/10/2014 19:45:00,0.221066666667
25/10/2014 20:00:00,0.5764
25/10/2014 20:15:00,0.238666666667
25/10/2014 20:30:00,0.3542
25/10/2014 20:45:00,0.521266666667
25/10/2014 21:00:00,0.1164
25/10/2014 21:15:00,0.2608
25/10/2014 21:30:00,0.361066666667
25/10/2014 21:45:00,0.234733333333
25/10/2014 22:00:00,0.264666666667
25/10/2014 22:15:00,0.108466666667
25/10/2014 22:30:00,0.306333333333
25/10/2014 22:45:00,0.306
25/10/2014 23:00:00,0.1962
25/10/2014 23:15:00,0.111666666667
25/10/2014 23:30:00,0.3172
25/10/2014 23:45:00,0.282933333333
26/10/2014 00:00:00,0.1052
26/10/2014 00:15:00,0.189333333333
26/10/2014 00:30:00,0.282666666667
26/10/2014 00:45:00,0.246066666667
26/10/2014 01:00:00,0.0428666666667
26/10/2014 01:15:00,0.279066666667
26/10/2014 01:30:00,0.0514666666667
26/10/2014 01:45:00,0.230933333333
26/10/2014 02:00:00,0.0785333333333
26/10/2014 02:15:00,0.2054
26/10/2014 02:30:00,0.01
26/10/2014 02:45:00,0.247133333333
26/10/2014 03:00:00,0.0105333333333
26/10/2014 03:15:00,0.227866666667
26/10/2014 03:30:00,0.0104666666667
26/10/2014 03:45:00,0.0108666666667
26/10/2014 04:00:00,0.0101333333333
26/10/2014 04:15:00,0.1646
26/10/2014 04:30:00,0.0674666666667
26/10/2014 04:45:00,0.011
26/10/2014 05:00:00,0.011
26/10/2014 05:15:00,0.01
26/10/2014 05:30:00,0.0103333333333
26/10/2014 05:45:00,0.011
26/10/2014 06:00:00,0.2132
26/10/2014 06:15:00,0.01
26/10/2014 06:30:00,0.0101333333333
26/10/2014 06:45:00,0.0105333333333
26/10/2014 07:00:00,0.0108
26/10/2014 07:15:00,0.0102666666667
26/10/2014 07:30:00,0.0101333333333
26/10/2014 07:45:00,0.011
26/10/2014 08:00:00,0.011
26/10/2014 08:15:00,0.0106
26/10/2014 08:30:00,0.01
26/10/2014 08:45:00,0.0109333333333
26/10/2014 09:00:00,0.0104
26/10/2014 09:15:00,0.01
26/10/2014 09:30:00,0.01
26/10/2014 09:45:00,0.0102
26/10/2014 10:00:00,0.011
26/10/2014 10:15:00,0.0106666666667
26/10/2014 10:30:00,0.01
26/10/2014 10:45:00,0.0106666666667
26/10/2014 11:00:00,0.229466666667
26/10/2014 11:15:00,0.0108
26/10/2014 11:30:00,0.232133333333
26/10/2014 11:45:00,0.0513333333333
26/10/2014 12:00:00,0.198066666667
26/10/2014 12:15:00,0.278
26/10/2014 12:30:00,0.0624666666667
26/10/2014 12:45:00,0.242666666667
26/10/2014 13:00:00,0.011
26/10/2014 13:15:00,0.0108
26/10/2014 13:30:00,0.0276666666667
26/10/2014 13:45:00,0.3988
26/10/2014 14:00:00,0.3692
26/10/2014 14:15:00,0.1274
26/10/2014 14:30:00,0.3298
26/10/2014 14:45:00,0.549133333333
26/10/2014 15:00:00,0.193466666667
26/10/2014 15:15:00,0.555
26/10/2014 15:30:00,0.345933333333
26/10/2014 15:45:00,0.325
26/10/2014 16:00:00,0.615
26/10/2014 16:15:00,0.2962
26/10/2014 16:30:00,0.3048
26/10/2014 16:45:00,0.638266666667
26/10/2014 17:00:00,0.318133333333
26/10/2014 17:15:00,0.256666666667
26/10/2014 17:30:00,0.6522
26/10/2014 17:45:00,0.371666666667
26/10/2014 18:00:00,0.292266666667
26/10/2014 18:15:00,0.685266666667
26/10/2014 18:30:00,0.285133333333
26/10/2014 18:45:00,0.253933333333
26/10/2014 19:00:00,0.402
26/10/2014 19:15:00,0.0874666666667
26/10/2014 19:30:00,0.290466666667
26/10/2014 19:45:00,0.2674
26/10/2014 20:00:00,0.124866666667
26/10/2014 20:15:00,0.1548
26/10/2014 20:30:00,0.271
26/10/2014 20:45:00,0.3112
26/10/2014 21:00:00,0.154933333333
26/10/2014 21:15:00,0.399666666667
26/10/2014 21:30:00,0.275266666667
26/10/2014 21:45:00,0.011
26/10/2014 22:00:00,0.261866666667
26/10/2014 22:15:00,0.187733333333
26/10/2014 22:30:00,0.0772666666667
26/10/2014 22:45:00,0.254066666667
26/10/2014 23:00:00,0.0101333333333
26/10/2014 23:15:00,0.238866666667
26/10/2014 23:30:00,0.0104
26/10/2014 23:45:00,0.232133333333
27/10/2014 00:00:00,0.01
27/10/2014 00:15:00,0.228133333333
27/10/2014 00:30:00,0.0105333333333
27/10/2014 00:45:00,0.058
27/10/2014 01:00:00,0.1774
27/10/2014 01:15:00,0.01
27/10/2014 01:30:00,0.0106666666667
27/10/2014 01:45:00,0.011
27/10/2014 02:00:00,0.217533333333
27/10/2014 02:15:00,0.0103333333333
27/10/2014 02:30:00,0.0106
27/10/2014 02:45:00,0.011
27/10/2014 03:00:00,0.0109333333333
27/10/2014 03:15:00,0.01
27/10/2014 03:30:00,0.0104666666667
27/10/2014 03:45:00,0.011
27/10/2014 04:00:00,0.011
27/10/2014 04:15:00,0.0100666666667
27/10/2014 04:30:00,0.0102
27/10/2014 04:45:00,0.011
27/10/2014 05:00:00,0.011
27/10/2014 05:15:00,0.0102
27/10/2014 05:30:00,0.01
27/10/2014 05:45:00,0.0108
27/10/2014 06:00:00,0.011
27/10/2014 06:15:00,0.0103333333333
27/10/2014 06:30:00,0.01
27/10/2014 06:45:00,0.011
27/10/2014 07:00:00,0.0105333333333
27/10/2014 07:15:00,0.0104666666667
27/10/2014 07:30:00,0.01
27/10/2014 07:45:00,0.0108666666667
27/10/2014 08:00:00,0.011
27/10/2014 08:15:00,0.0106
27/10/2014 08:30:00,0.01
27/10/2014 08:45:00,0.0108666666667
27/10/2014 09:00:00,0.011
27/10/2014 09:15:00,0.0106666666667
27/10/2014 09:30:00,0.01
27/10/2014 09:45:00,0.0103333333333
27/10/2014 10:00:00,0.011
27/10/2014 10:15:00,0.011
27/10/2014 10:30:00,0.0104666666667
27/10/2014 10:45:00,0.01
27/10/2014 11:00:00,0.0106
27/10/2014 11:15:00,0.011
27/10/2014 11:30:00,0.0107333333333
27/10/2014 11:45:00,0.2212
27/10/2014 12:00:00,0.0446666666667
27/10/2014 12:15:00,0.253466666667
27/10/2014 12:30:00,0.011
27/10/2014 12:45:00,0.2464
27/10/2014 13:00:00,0.173
27/10/2014 13:15:00,0.259933333333
27/10/2014 13:30:00,0.4244
27/10/2014 13:45:00,0.0108
27/10/2014 14:00:00,0.271866666667
27/10/2014 14:15:00,0.315666666667
27/10/2014 14:30:00,0.447266666667
27/10/2014 14:45:00,0.4842
27/10/2014 15:00:00,0.294
27/10/2014 15:15:00,0.352266666667
27/10/2014 15:30:00,0.636533333333
27/10/2014 15:45:00,0.273666666667
27/10/2014 16:00:00,0.5102
27/10/2014 16:15:00,0.535866666667
27/10/2014 16:30:00,0.326266666667
27/10/2014 16:45:00,0.681066666667
27/10/2014 17:00:00,0.341666666667
27/10/2014 17:15:00,0.741533333333
27/10/2014 17:30:00,0.456
27/10/2014 17:45:00,0.4586
27/10/2014 18:00:00,0.740333333333
27/10/2014 18:15:00,0.364066666667
27/10/2014 18:30:00,0.454333333333
27/10/2014 18:45:00,0.542733333333
27/10/2014 19:00:00,0.292533333333
27/10/2014 19:15:00,0.345933333333
27/10/2014 19:30:00,0.441133333333
27/10/2014 19:45:00,0.102133333333
27/10/2014 20:00:00,0.221733333333
27/10/2014 20:15:00,0.3802
27/10/2014 20:30:00,0.0551333333333
27/10/2014 20:45:00,0.426266666667
27/10/2014 21:00:00,0.01
27/10/2014 21:15:00,0.439866666667
27/10/2014 21:30:00,0.01
27/10/2014 21:45:00,0.421266666667
27/10/2014 22:00:00,0.01
27/10/2014 22:15:00,0.2286
27/10/2014 22:30:00,0.01
27/10/2014 22:45:00,0.224133333333
27/10/2014 23:00:00,0.01
27/10/2014 23:15:00,0.220266666667
27/10/2014 23:30:00,0.01
27/10/2014 23:45:00,0.223733333333
28/10/2014 00:00:00,0.01
28/10/2014 00:15:00,0.0577333333333
28/10/2014 00:30:00,0.176733333333
28/10/2014 00:45:00,0.01
28/10/2014 01:00:00,0.221933333333
28/10/2014 01:15:00,0.01
28/10/2014 01:30:00,0.0847333333333
28/10/2014 01:45:00,0.143266666667
28/10/2014 02:00:00,0.011
28/10/2014 02:15:00,0.0102
28/10/2014 02:30:00,0.219066666667
28/10/2014 02:45:00,0.01
28/10/2014 03:00:00,0.0106666666667
28/10/2014 03:15:00,0.011
28/10/2014 03:30:00,0.2166
28/10/2014 03:45:00,0.0105333333333
28/10/2014 04:00:00,0.01
28/10/2014 04:15:00,0.188533333333
28/10/2014 04:30:00,0.0339333333333
28/10/2014 04:45:00,0.0106
28/10/2014 05:00:00,0.0108
28/10/2014 05:15:00,0.01
28/10/2014 05:30:00,0.01
28/10/2014 05:45:00,0.01
28/10/2014 06:00:00,0.01
28/10/2014 06:15:00,0.01
28/10/2014 06:30:00,0.0101333333333
28/10/2014 06:45:00,0.01
28/10/2014 07:00:00,0.01
28/10/2014 07:15:00,0.0104
28/10/2014 07:30:00,0.0108666666667
28/10/2014 07:45:00,0.0108
28/10/2014 08:00:00,0.0105333333333
28/10/2014 08:15:00,0.01
28/10/2014 08:30:00,0.01
28/10/2014 08:45:00,0.0100666666667
28/10/2014 09:00:00,0.0103333333333
28/10/2014 09:15:00,0.0104666666667
28/10/2014 09:30:00,0.01
28/10/2014 09:45:00,0.01
28/10/2014 10:00:00,0.01
28/10/2014 10:15:00,0.0101333333333
28/10/2014 10:30:00,0.0100666666667
28/10/2014 10:45:00,0.01
28/10/2014 11:00:00,0.2272
28/10/2014 11:15:00,0.0101333333333
28/10/2014 11:30:00,0.01
28/10/2014 11:45:00,0.119666666667
28/10/2014 12:00:00,0.105666666667
28/10/2014 12:15:00,0.01
28/10/2014 12:30:00,0.0960666666667
28/10/2014 12:45:00,0.1626
28/10/2014 13:00:00,0.0269333333333
28/10/2014 13:15:00,0.2168
28/10/2014 13:30:00,0.0498
28/10/2014 13:45:00,0.193933333333
28/10/2014 14:00:00,0.1692
28/10/2014 14:15:00,0.0865333333333
28/10/2014 14:30:00,0.267266666667
28/10/2014 14:45:00,0.0100666666667
28/10/2014 15:00:00,0.282933333333
28/10/2014 15:15:00,0.304266666667
28/10/2014 15:30:00,0.0721333333333
28/10/2014 15:45:00,0.207866666667
28/10/2014 16:00:00,0.477133333333
28/10/2014 16:15:00,0.265133333333
28/10/2014 16:30:00,0.199666666667
28/10/2014 16:45:00,0.313933333333
28/10/2014 17:00:00,0.317333333333
28/10/2014 17:15:00,0.177666666667
28/10/2014 17:30:00,0.354266666667
28/10/2014 17:45:00,0.502133333333
28/10/2014 18:00:00,0.1694
28/10/2014 18:15:00,0.311933333333
28/10/2014 18:30:00,0.293133333333
28/10/2014 18:45:00,0.3698
28/10/2014 19:00:00,0.100666666667
28/10/2014 19:15:00,0.283266666667
28/10/2014 19:30:00,0.3008
28/10/2014 19:45:00,0.0376666666667
28/10/2014 20:00:00,0.2566
28/10/2014 20:15:00,0.271266666667
28/10/2014 20:30:00,0.0310666666667
28/10/2014 20:45:00,0.238666666667
28/10/2014 21:00:00,0.365666666667
28/10/2014 21:15:00,0.0671333333333
28/10/2014 21:30:00,0.578066666667
28/10/2014 21:45:00,0.2054
28/10/2014 22:00:00,0.135666666667
28/10/2014 22:15:00,0.357
28/10/2014 22:30:00,0.347066666667
28/10/2014 22:45:00,0.0651333333333
28/10/2014 23:00:00,0.2768
28/10/2014 23:15:00,0.297466666667
28/10/2014 23:30:00,0.279133333333
28/10/2014 23:45:00,0.0646
29/10/2014 00:00:00,0.255466666667
29/10/2014 00:15:00,0.295466666667
29/10/2014 00:30:00,0.203333333333
29/10/2014 00:45:00,0.0984
29/10/2014 01:00:00,0.294333333333
29/10/2014 01:15:00,0.234266666667
29/10/2014 01:30:00,0.0633333333333
29/10/2014 01:45:00,0.28
29/10/2014 02:00:00,0.0915333333333
29/10/2014 02:15:00,0.181666666667
29/10/2014 02:30:00,0.259266666667
29/10/2014 02:45:00,0.01
29/10/2014 03:00:00,0.246266666667
29/10/2014 03:15:00,0.01
29/10/2014 03:30:00,0.2388
29/10/2014 03:45:00,0.0106666666667
29/10/2014 04:00:00,0.231266666667
29/10/2014 04:15:00,0.0105333333333
29/10/2014 04:30:00,0.227
29/10/2014 04:45:00,0.01
29/10/2014 05:00:00,0.227866666667
29/10/2014 05:15:00,0.0104666666667
29/10/2014 05:30:00,0.2258
29/10/2014 05:45:00,0.01
29/10/2014 06:00:00,0.0344
29/10/2014 06:15:00,0.1972
29/10/2014 06:30:00,0.0104
29/10/2014 06:45:00,0.223333333333
29/10/2014 07:00:00,0.0103333333333
29/10/2014 07:15:00,0.249266666667
29/10/2014 07:30:00,0.01
29/10/2014 07:45:00,0.242666666667
29/10/2014 08:00:00,0.0467333333333
29/10/2014 08:15:00,0.210066666667
29/10/2014 08:30:00,0.230466666667
29/10/2014 08:45:00,0.0332666666667
29/10/2014 09:00:00,0.272333333333
29/10/2014 09:15:00,0.0104666666667
29/10/2014 09:30:00,0.236266666667
29/10/2014 09:45:00,0.011
29/10/2014 10:00:00,0.236733333333
29/10/2014 10:15:00,0.0718
29/10/2014 10:30:00,0.200666666667
29/10/2014 10:45:00,0.264266666667
29/10/2014 11:00:00,0.0122666666667
29/10/2014 11:15:00,0.258466666667
29/10/2014 11:30:00,0.272066666667
29/10/2014 11:45:00,0.01
29/10/2014 12:00:00,0.289533333333
29/10/2014 12:15:00,0.318
29/10/2014 12:30:00,0.174333333333
29/10/2014 12:45:00,0.1318
29/10/2014 13:00:00,0.325466666667
29/10/2014 13:15:00,0.243866666667
29/10/2014 13:30:00,0.0985333333333
29/10/2014 13:45:00,0.374933333333
29/10/2014 14:00:00,0.425933333333
29/10/2014 14:15:00,0.174133333333
29/10/2014 14:30:00,0.300666666667
29/10/2014 14:45:00,0.5526
29/10/2014 15:00:00,0.2164
29/10/2014 15:15:00,0.281266666667
29/10/2014 15:30:00,0.476133333333
29/10/2014 15:45:00,0.225533333333
29/10/2014 16:00:00,0.198466666667
29/10/2014 16:15:00,0.4132
29/10/2014 16:30:00,0.259466666667
29/10/2014 16:45:00,0.321133333333
29/10/2014 17:00:00,0.416733333333
29/10/2014 17:15:00,0.252333333333
29/10/2014 17:30:00,0.175333333333
29/10/2014 17:45:00,0.514866666667
29/10/2014 18:00:00,0.248866666667
29/10/2014 18:15:00,0.367666666667
29/10/2014 18:30:00,0.011
29/10/2014 18:45:00,0.011
29/10/2014 19:00:00,0.011
29/10/2014 19:15:00,0.0109333333333
29/10/2014 19:30:00,0.0108666666667
29/10/2014 19:45:00,0.0106666666667
29/10/2014 20:00:00,0.011
29/10/2014 20:15:00,0.011
29/10/2014 20:30:00,0.309
29/10/2014 20:45:00,0.101866666667
29/10/2014 21:00:00,0.011
29/10/2014 21:15:00,0.590733333333
29/10/2014 21:30:00,0.0766666666667
29/10/2014 21:45:00,0.230933333333
29/10/2014 22:00:00,0.298533333333
29/10/2014 22:15:00,0.2918
29/10/2014 22:30:00,0.0109333333333
29/10/2014 22:45:00,0.315066666667
29/10/2014 23:00:00,0.274333333333
29/10/2014 23:15:00,0.0922666666667
29/10/2014 23:30:00,0.1924
29/10/2014 23:45:00,0.2752
30/10/2014 00:00:00,0.1598
30/10/2014 00:15:00,0.127333333333
30/10/2014 00:30:00,0.275066666667
30/10/2014 00:45:00,0.01
30/10/2014 01:00:00,0.261533333333
30/10/2014 01:15:00,0.0107333333333
30/10/2014 01:30:00,0.178266666667
30/10/2014 01:45:00,0.0764
30/10/2014 02:00:00,0.0101333333333
30/10/2014 02:15:00,0.2256
30/10/2014 02:30:00,0.0108666666667
30/10/2014 02:45:00,0.011
30/10/2014 03:00:00,0.011
30/10/2014 03:15:00,0.0103333333333
30/10/2014 03:30:00,0.140866666667
30/10/2014 03:45:00,0.0878
30/10/2014 04:00:00,0.011
30/10/2014 04:15:00,0.0109333333333
30/10/2014 04:30:00,0.218066666667
30/10/2014 04:45:00,0.01
30/10/2014 05:00:00,0.01
30/10/2014 05:15:00,0.0106
30/10/2014 05:30:00,0.01
30/10/2014 05:45:00,0.0106666666667
30/10/2014 06:00:00,0.0103333333333
30/10/2014 06:15:00,0.0100666666667
30/10/2014 06:30:00,0.0101333333333
30/10/2014 06:45:00,0.011
30/10/2014 07:00:00,0.0108
30/10/2014 07:15:00,0.0109333333333
30/10/2014 07:30:00,0.01
30/10/2014 07:45:00,0.01
30/10/2014 08:00:00,0.0106666666667
30/10/2014 08:15:00,0.2306
30/10/2014 08:30:00,0.011
30/10/2014 08:45:00,0.0105333333333
30/10/2014 09:00:00,0.217266666667
30/10/2014 09:15:00,0.0103333333333
30/10/2014 09:30:00,0.0101333333333
30/10/2014 09:45:00,0.0108666666667
30/10/2014 10:00:00,0.2194
30/10/2014 10:15:00,0.01
30/10/2014 10:30:00,0.01
30/10/2014 10:45:00,0.01
30/10/2014 11:00:00,0.0104
30/10/2014 11:15:00,0.0108
30/10/2014 11:30:00,0.01
30/10/2014 11:45:00,0.228133333333
30/10/2014 12:00:00,0.01
30/10/2014 12:15:00,0.230733333333
30/10/2014 12:30:00,0.011
30/10/2014 12:45:00,0.242733333333
30/10/2014 13:00:00,0.01
30/10/2014 13:15:00,0.2468
30/10/2014 13:30:00,0.0105333333333
30/10/2014 13:45:00,0.242333333333
30/10/2014 14:00:00,0.0336666666667
30/10/2014 14:15:00,0.224866666667
30/10/2014 14:30:00,0.2498
30/10/2014 14:45:00,0.01
30/10/2014 15:00:00,0.293933333333
30/10/2014 15:15:00,0.319933333333
30/10/2014 15:30:00,0.0483333333333
30/10/2014 15:45:00,0.2308
30/10/2014 16:00:00,0.346133333333
30/10/2014 16:15:00,0.276466666667
30/10/2014 16:30:00,0.230266666667
30/10/2014 16:45:00,0.480266666667
30/10/2014 17:00:00,0.357466666667
30/10/2014 17:15:00,0.170333333333
30/10/2014 17:30:00,0.5218
30/10/2014 17:45:00,0.3068
30/10/2014 18:00:00,0.106066666667
30/10/2014 18:15:00,0.318666666667
30/10/2014 18:30:00,0.311266666667
30/10/2014 18:45:00,0.253533333333
30/10/2014 19:00:00,0.0673333333333
30/10/2014 19:15:00,0.3026
30/10/2014 19:30:00,0.301733333333
30/10/2014 19:45:00,0.135666666667
30/10/2014 20:00:00,0.177266666667
30/10/2014 20:15:00,0.301933333333
30/10/2014 20:30:00,0.01
30/10/2014 20:45:00,0.286066666667
30/10/2014 21:00:00,0.269133333333
30/10/2014 21:15:00,0.0106666666667
30/10/2014 21:30:00,0.263066666667
30/10/2014 21:45:00,0.066
30/10/2014 22:00:00,0.1928
30/10/2014 22:15:00,0.2344
30/10/2014 22:30:00,0.0180666666667
30/10/2014 22:45:00,0.2342
30/10/2014 23:00:00,0.0101333333333
30/10/2014 23:15:00,0.234333333333
30/10/2014 23:30:00,0.0108666666667
30/10/2014 23:45:00,0.2272
31/10/2014 00:00:00,0.011
31/10/2014 00:15:00,0.2314
31/10/2014 00:30:00,0.01
31/10/2014 00:45:00,0.230666666667
31/10/2014 01:00:00,0.011
31/10/2014 01:15:00,0.228
31/10/2014 01:30:00,0.0109333333333
31/10/2014 01:45:00,0.227333333333
31/10/2014 02:00:00,0.0102
31/10/2014 02:15:00,0.0106666666667
31/10/2014 02:30:00,0.224733333333
31/10/2014 02:45:00,0.011
31/10/2014 03:00:00,0.220466666667
31/10/2014 03:15:00,0.0102666666667
31/10/2014 03:30:00,0.0108666666667
31/10/2014 03:45:00,0.011
31/10/2014 04:00:00,0.011
31/10/2014 04:15:00,0.217733333333
31/10/2014 04:30:00,0.0101333333333
31/10/2014 04:45:00,0.0102666666667
31/10/2014 05:00:00,0.0105333333333
31/10/2014 05:15:00,0.011
31/10/2014 05:30:00,0.011
31/10/2014 05:45:00,0.0106
31/10/2014 06:00:00,0.01
31/10/2014 06:15:00,0.0103333333333
31/10/2014 06:30:00,0.011
31/10/2014 06:45:00,0.011
31/10/2014 07:00:00,0.0108666666667
31/10/2014 07:15:00,0.0100666666667
31/10/2014 07:30:00,0.0100666666667
31/10/2014 07:45:00,0.0107333333333
31/10/2014 08:00:00,0.011
31/10/2014 08:15:00,0.011
31/10/2014 08:30:00,0.0106
31/10/2014 08:45:00,0.01
31/10/2014 09:00:00,0.0102666666667
31/10/2014 09:15:00,0.011
31/10/2014 09:30:00,0.0109333333333
31/10/2014 09:45:00,0.011
31/10/2014 10:00:00,0.01
31/10/2014 10:15:00,0.01
31/10/2014 10:30:00,0.0109333333333
31/10/2014 10:45:00,0.011
31/10/2014 11:00:00,0.011
31/10/2014 11:15:00,0.0103333333333
31/10/2014 11:30:00,0.01
31/10/2014 11:45:00,0.0105333333333
31/10/2014 12:00:00,0.011
31/10/2014 12:15:00,0.011
31/10/2014 12:30:00,0.0106
31/10/2014 12:45:00,0.0100666666667
31/10/2014 13:00:00,0.0102
31/10/2014 13:15:00,0.0101333333333
31/10/2014 13:30:00,0.0100666666667
31/10/2014 13:45:00,0.01
31/10/2014 14:00:00,0.01
31/10/2014 14:15:00,0.01
31/10/2014 14:30:00,0.01
31/10/2014 14:45:00,0.0101333333333
31/10/2014 15:00:00,0.2274
31/10/2014 15:15:00,0.01
31/10/2014 15:30:00,0.230333333333
31/10/2014 15:45:00,0.01
31/10/2014 16:00:00,0.241266666667
31/10/2014 16:15:00,0.166866666667
31/10/2014 16:30:00,0.0852
31/10/2014 16:45:00,0.246466666667
31/10/2014 17:00:00,0.189933333333
31/10/2014 17:15:00,0.1312
31/10/2014 17:30:00,0.296
31/10/2014 17:45:00,0.333866666667
31/10/2014 18:00:00,0.129533333333
31/10/2014 18:15:00,0.186933333333
31/10/2014 18:30:00,0.2854
31/10/2014 18:45:00,0.110533333333
31/10/2014 19:00:00,0.152
31/10/2014 19:15:00,0.1734
31/10/2014 19:30:00,0.0749333333333
31/10/2014 19:45:00,0.0111333333333
31/10/2014 20:00:00,0.248866666667
31/10/2014 20:15:00,0.011
31/10/2014 20:30:00,0.011
31/10/2014 20:45:00,0.011
31/10/2014 21:00:00,0.011
31/10/2014 21:15:00,0.2216
31/10/2014 21:30:00,0.011
31/10/2014 21:45:00,0.011
31/10/2014 22:00:00,0.011
31/10/2014 22:15:00,0.011
31/10/2014 22:30:00,0.0104
31/10/2014 22:45:00,0.0103333333333
31/10/2014 23:00:00,0.01
31/10/2014 23:15:00,0.0102
31/10/2014 23:30:00,0.011
31/10/2014 23:45:00,0.011
01/11/2014 00:00:00,0.011
01/11/2014 00:15:00,0.0100666666667
01/11/2014 00:30:00,0.0101333333333
01/11/2014 00:45:00,0.0104666666667
01/11/2014 01:00:00,0.011
01/11/2014 01:15:00,0.011
01/11/2014 01:30:00,0.0105333333333
01/11/2014 01:45:00,0.0104666666667
01/11/2014 02:00:00,0.0104666666667
01/11/2014 02:15:00,0.011
01/11/2014 02:30:00,0.011
01/11/2014 02:45:00,0.011
01/11/2014 03:00:00,0.0107333333333
01/11/2014 03:15:00,0.0108666666667
01/11/2014 03:30:00,0.0108
01/11/2014 03:45:00,0.011
01/11/2014 04:00:00,0.011
01/11/2014 04:15:00,0.0104
01/11/2014 04:30:00,0.0108666666667
01/11/2014 04:45:00,0.011
01/11/2014 05:00:00,0.011
01/11/2014 05:15:00,0.011
01/11/2014 05:30:00,0.0108
01/11/2014 05:45:00,0.0101333333333
01/11/2014 06:00:00,0.0105333333333
01/11/2014 06:15:00,0.011
01/11/2014 06:30:00,0.011
01/11/2014 06:45:00,0.011
01/11/2014 07:00:00,0.0102666666667
01/11/2014 07:15:00,0.01
01/11/2014 07:30:00,0.0108666666667
01/11/2014 07:45:00,0.011
01/11/2014 08:00:00,0.0109333333333
01/11/2014 08:15:00,0.0107333333333
01/11/2014 08:30:00,0.0106
01/11/2014 08:45:00,0.0109333333333
01/11/2014 09:00:00,0.011
01/11/2014 09:15:00,0.011
01/11/2014 09:30:00,0.0109333333333
01/11/2014 09:45:00,0.0102666666667
01/11/2014 10:00:00,0.0104
01/11/2014 10:15:00,0.01
01/11/2014 10:30:00,0.0108
01/11/2014 10:45:00,0.0108666666667
01/11/2014 11:00:00,0.01
01/11/2014 11:15:00,0.0102
01/11/2014 11:30:00,0.011
01/11/2014 11:45:00,0.011
01/11/2014 12:00:00,0.011
01/11/2014 12:15:00,0.0102666666667
01/11/2014 12:30:00,0.0100666666667
01/11/2014 12:45:00,0.011
01/11/2014 13:00:00,0.011
01/11/2014 13:15:00,0.011
01/11/2014 13:30:00,0.0101333333333
01/11/2014 13:45:00,0.0104666666667
01/11/2014 14:00:00,0.0108666666667
01/11/2014 14:15:00,0.011
01/11/2014 14:30:00,0.011
01/11/2014 14:45:00,0.011
01/11/2014 15:00:00,0.011
01/11/2014 15:15:00,0.011
01/11/2014 15:30:00,0.011
01/11/2014 15:45:00,0.011
01/11/2014 16:00:00,0.0106666666667
01/11/2014 16:15:00,0.011
01/11/2014 16:30:00,0.011
01/11/2014 16:45:00,0.011
01/11/2014 17:00:00,0.011
01/11/2014 17:15:00,0.011
01/11/2014 17:30:00,0.011
01/11/2014 17:45:00,0.0101333333333
01/11/2014 18:00:00,0.0108666666667
01/11/2014 18:15:00,0.01
01/11/2014 18:30:00,0.0100666666667
01/11/2014 18:45:00,0.01
01/11/2014 19:00:00,0.0106
01/11/2014 19:15:00,0.0107333333333
01/11/2014 19:30:00,0.011
01/11/2014 19:45:00,0.011
01/11/2014 20:00:00,0.011
01/11/2014 20:15:00,0.0101333333333
01/11/2014 20:30:00,0.01
01/11/2014 20:45:00,0.0103333333333
01/11/2014 21:00:00,0.011
01/11/2014 21:15:00,0.0101333333333
01/11/2014 21:30:00,0.01
01/11/2014 21:45:00,0.0100666666667
01/11/2014 22:00:00,0.01
01/11/2014 22:15:00,0.0106
01/11/2014 22:30:00,0.0109333333333
01/11/2014 22:45:00,0.01
01/11/2014 23:00:00,0.0100666666667
01/11/2014 23:15:00,0.011
01/11/2014 23:30:00,0.0106666666667
01/11/2014 23:45:00,0.0109333333333
02/11/2014 00:00:00,0.0101333333333
02/11/2014 00:15:00,0.01
02/11/2014 00:30:00,0.0108666666667
02/11/2014 00:45:00,0.011
02/11/2014 01:00:00,0.011
02/11/2014 01:15:00,0.0107333333333
02/11/2014 01:30:00,0.0103
02/11/2014 01:45:00,0.0104333333333
02/11/2014 02:00:00,0.0105333333333
02/11/2014 02:15:00,0.011
02/11/2014 02:30:00,0.011
02/11/2014 02:45:00,0.0108
02/11/2014 03:00:00,0.01
02/11/2014 03:15:00,0.0104666666667
02/11/2014 03:30:00,0.011
02/11/2014 03:45:00,0.011
02/11/2014 04:00:00,0.011
02/11/2014 04:15:00,0.0101333333333
02/11/2014 04:30:00,0.0109333333333
02/11/2014 04:45:00,0.011
02/11/2014 05:00:00,0.011
02/11/2014 05:15:00,0.011
02/11/2014 05:30:00,0.0102
02/11/2014 05:45:00,0.0103333333333
02/11/2014 06:00:00,0.011
02/11/2014 06:15:00,0.011
02/11/2014 06:30:00,0.011
02/11/2014 06:45:00,0.0105333333333
02/11/2014 07:00:00,0.01
02/11/2014 07:15:00,0.0108666666667
02/11/2014 07:30:00,0.011
02/11/2014 07:45:00,0.011
02/11/2014 08:00:00,0.0104666666667
02/11/2014 08:15:00,0.01
02/11/2014 08:30:00,0.01
02/11/2014 08:45:00,0.01
02/11/2014 09:00:00,0.0102666666667
02/11/2014 09:15:00,0.0102666666667
02/11/2014 09:30:00,0.01
02/11/2014 09:45:00,0.0104
02/11/2014 10:00:00,0.011
02/11/2014 10:15:00,0.0105333333333
02/11/2014 10:30:00,0.0104
02/11/2014 10:45:00,0.01
02/11/2014 11:00:00,0.01
02/11/2014 11:15:00,0.0102666666667
02/11/2014 11:30:00,0.0102
02/11/2014 11:45:00,0.011
02/11/2014 12:00:00,0.011
02/11/2014 12:15:00,0.011
02/11/2014 12:30:00,0.512533333333
02/11/2014 12:45:00,0.574333333333
02/11/2014 13:00:00,0.5724
02/11/2014 13:15:00,0.572333333333
02/11/2014 13:30:00,0.572333333333
02/11/2014 13:45:00,0.5716
02/11/2014 14:00:00,0.570866666667
02/11/2014 14:15:00,0.570866666667
02/11/2014 14:30:00,0.569866666667
02/11/2014 14:45:00,0.569666666667
02/11/2014 15:00:00,0.569733333333
02/11/2014 15:15:00,0.569066666667
02/11/2014 15:30:00,0.569266666667
02/11/2014 15:45:00,0.568866666667
02/11/2014 16:00:00,0.569466666667
02/11/2014 16:15:00,0.569266666667
02/11/2014 16:30:00,0.5688
02/11/2014 16:45:00,0.569266666667
02/11/2014 17:00:00,0.568533333333
02/11/2014 17:15:00,0.043
02/11/2014 17:30:00,0.011
02/11/2014 17:45:00,0.011
02/11/2014 18:00:00,0.011
02/11/2014 18:15:00,0.011
02/11/2014 18:30:00,0.011
02/11/2014 18:45:00,0.011
02/11/2014 19:00:00,0.011
02/11/2014 19:15:00,0.0109333333333
02/11/2014 19:30:00,0.011
02/11/2014 19:45:00,0.011
02/11/2014 20:00:00,0.011
02/11/2014 20:15:00,0.011
02/11/2014 20:30:00,0.011
02/11/2014 20:45:00,0.011
02/11/2014 21:00:00,0.011
02/11/2014 21:15:00,0.011
02/11/2014 21:30:00,0.011
02/11/2014 21:45:00,0.011
02/11/2014 22:00:00,0.011
02/11/2014 22:15:00,0.011
02/11/2014 22:30:00,0.011
02/11/2014 22:45:00,0.011
02/11/2014 23:00:00,0.0107333333333
02/11/2014 23:15:00,0.01
02/11/2014 23:30:00,0.01
02/11/2014 23:45:00,0.0106666666667
03/11/2014 00:00:00,0.011
03/11/2014 00:15:00,0.0109333333333
03/11/2014 00:30:00,0.0100666666667
03/11/2014 00:45:00,0.01
03/11/2014 01:00:00,0.0108
03/11/2014 01:15:00,0.011
03/11/2014 01:30:00,0.011
03/11/2014 01:45:00,0.0106
03/11/2014 02:00:00,0.01
03/11/2014 02:15:00,0.0103333333333
03/11/2014 02:30:00,0.011
03/11/2014 02:45:00,0.011
03/11/2014 03:00:00,0.011
03/11/2014 03:15:00,0.0101333333333
03/11/2014 03:30:00,0.01
03/11/2014 03:45:00,0.0107333333333
03/11/2014 04:00:00,0.011
03/11/2014 04:15:00,0.011
03/11/2014 04:30:00,0.0104
03/11/2014 04:45:00,0.01
03/11/2014 05:00:00,0.01
03/11/2014 05:15:00,0.01
03/11/2014 05:30:00,0.01
03/11/2014 05:45:00,0.01
03/11/2014 06:00:00,0.01
03/11/2014 06:15:00,0.01
03/11/2014 06:30:00,0.0104
03/11/2014 06:45:00,0.0101333333333
03/11/2014 07:00:00,0.0103333333333
03/11/2014 07:15:00,0.0101333333333
03/11/2014 07:30:00,0.0104666666667
03/11/2014 07:45:00,0.011
03/11/2014 08:00:00,0.0108
03/11/2014 08:15:00,0.0104666666667
03/11/2014 08:30:00,0.0106666666667
03/11/2014 08:45:00,0.01
03/11/2014 09:00:00,0.0103333333333
03/11/2014 09:15:00,0.011
03/11/2014 09:30:00,0.011
03/11/2014 09:45:00,0.0108666666667
03/11/2014 10:00:00,0.0103333333333
03/11/2014 10:15:00,0.01
03/11/2014 10:30:00,0.0103333333333
03/11/2014 10:45:00,0.0106666666667
03/11/2014 11:00:00,0.01
03/11/2014 11:15:00,0.01
03/11/2014 11:30:00,0.01
03/11/2014 11:45:00,0.01
03/11/2014 12:00:00,0.01
03/11/2014 12:15:00,0.01
03/11/2014 12:30:00,0.01
03/11/2014 12:45:00,0.01
03/11/2014 13:00:00,0.01
03/11/2014 13:15:00,0.01
03/11/2014 13:30:00,0.01
03/11/2014 13:45:00,0.01
03/11/2014 14:00:00,0.01
03/11/2014 14:15:00,0.01
03/11/2014 14:30:00,0.01
03/11/2014 14:45:00,0.01
03/11/2014 15:00:00,0.01
03/11/2014 15:15:00,0.01
03/11/2014 15:30:00,0.01
03/11/2014 15:45:00,0.01
03/11/2014 16:00:00,0.01
03/11/2014 16:15:00,0.01
03/11/2014 16:30:00,0.01
03/11/2014 16:45:00,0.0100666666667
03/11/2014 17:00:00,0.01
03/11/2014 17:15:00,0.01
03/11/2014 17:30:00,0.01
03/11/2014 17:45:00,0.01
03/11/2014 18:00:00,0.0101333333333
03/11/2014 18:15:00,0.011
03/11/2014 18:30:00,0.011
03/11/2014 18:45:00,0.011
03/11/2014 19:00:00,0.011
03/11/2014 19:15:00,0.011
03/11/2014 19:30:00,0.011
03/11/2014 19:45:00,0.0107333333333
03/11/2014 20:00:00,0.011
03/11/2014 20:15:00,0.221466666667
03/11/2014 20:30:00,0.0107333333333
03/11/2014 20:45:00,0.01
03/11/2014 21:00:00,0.1662
03/11/2014 21:15:00,0.0579333333333
03/11/2014 21:30:00,0.01
03/11/2014 21:45:00,0.01
03/11/2014 22:00:00,0.216466666667
03/11/2014 22:15:00,0.0106666666667
03/11/2014 22:30:00,0.01
03/11/2014 22:45:00,0.213666666667
03/11/2014 23:00:00,0.01
03/11/2014 23:15:00,0.0104
03/11/2014 23:30:00,0.0106
03/11/2014 23:45:00,0.01
04/11/2014 00:00:00,0.01
04/11/2014 00:15:00,0.2114
04/11/2014 00:30:00,0.01
04/11/2014 00:45:00,0.01
04/11/2014 01:00:00,0.01
04/11/2014 01:15:00,0.01
04/11/2014 01:30:00,0.211933333333
04/11/2014 01:45:00,0.01
04/11/2014 02:00:00,0.01
04/11/2014 02:15:00,0.01
04/11/2014 02:30:00,0.0100666666667
04/11/2014 02:45:00,0.211533333333
04/11/2014 03:00:00,0.01
04/11/2014 03:15:00,0.01
04/11/2014 03:30:00,0.01
04/11/2014 03:45:00,0.0103333333333
04/11/2014 04:00:00,0.0104666666667
04/11/2014 04:15:00,0.01
04/11/2014 04:30:00,0.0101333333333
04/11/2014 04:45:00,0.01
04/11/2014 05:00:00,0.01
04/11/2014 05:15:00,0.01
04/11/2014 05:30:00,0.01
04/11/2014 05:45:00,0.01
04/11/2014 06:00:00,0.01
04/11/2014 06:15:00,0.01
04/11/2014 06:30:00,0.0100666666667
04/11/2014 06:45:00,0.01
04/11/2014 07:00:00,0.2272
04/11/2014 07:15:00,0.0101333333333
04/11/2014 07:30:00,0.01
04/11/2014 07:45:00,0.249133333333
04/11/2014 08:00:00,0.01
04/11/2014 08:15:00,0.01
04/11/2014 08:30:00,0.248
04/11/2014 08:45:00,0.01
04/11/2014 09:00:00,0.01
04/11/2014 09:15:00,0.216
04/11/2014 09:30:00,0.01
04/11/2014 09:45:00,0.0512666666667
04/11/2014 10:00:00,0.173666666667
04/11/2014 10:15:00,0.01
04/11/2014 10:30:00,0.216333333333
04/11/2014 10:45:00,0.01
04/11/2014 11:00:00,0.01
04/11/2014 11:15:00,0.217266666667
04/11/2014 11:30:00,0.01
04/11/2014 11:45:00,0.0365333333333
04/11/2014 12:00:00,0.225733333333
04/11/2014 12:15:00,0.01
04/11/2014 12:30:00,0.2176
04/11/2014 12:45:00,0.01
04/11/2014 13:00:00,0.221333333333
04/11/2014 13:15:00,0.0272666666667
04/11/2014 13:30:00,0.01
04/11/2014 13:45:00,0.2506
04/11/2014 14:00:00,0.01
04/11/2014 14:15:00,0.222266666667
04/11/2014 14:30:00,0.0101333333333
04/11/2014 14:45:00,0.0748
04/11/2014 15:00:00,0.1576
04/11/2014 15:15:00,0.01
04/11/2014 15:30:00,0.2568
04/11/2014 15:45:00,0.321066666667
04/11/2014 16:00:00,0.158133333333
04/11/2014 16:15:00,0.2664
04/11/2014 16:30:00,0.4236
04/11/2014 16:45:00,0.0101333333333
04/11/2014 17:00:00,0.278133333333
04/11/2014 17:15:00,0.2568
04/11/2014 17:30:00,0.0387333333333
04/11/2014 17:45:00,0.262466666667
04/11/2014 18:00:00,0.254733333333
04/11/2014 18:15:00,0.016
04/11/2014 18:30:00,0.257
04/11/2014 18:45:00,0.01
04/11/2014 19:00:00,0.225333333333
04/11/2014 19:15:00,0.01
04/11/2014 19:30:00,0.01
04/11/2014 19:45:00,0.01
04/11/2014 20:00:00,0.0102
04/11/2014 20:15:00,0.011
04/11/2014 20:30:00,0.011
04/11/2014 20:45:00,0.011
04/11/2014 21:00:00,0.011
04/11/2014 21:15:00,0.011
04/11/2014 21:30:00,0.011
04/11/2014 21:45:00,0.011
04/11/2014 22:00:00,0.011
04/11/2014 22:15:00,0.0106666666667
04/11/2014 22:30:00,0.0106666666667
04/11/2014 22:45:00,0.0108666666667
04/11/2014 23:00:00,0.0103333333333
04/11/2014 23:15:00,0.01
04/11/2014 23:30:00,0.01
04/11/2014 23:45:00,0.01
05/11/2014 00:00:00,0.0101333333333
05/11/2014 00:15:00,0.0104666666667
05/11/2014 00:30:00,0.01
05/11/2014 00:45:00,0.01
05/11/2014 01:00:00,0.01
05/11/2014 01:15:00,0.0106
05/11/2014 01:30:00,0.0109333333333
05/11/2014 01:45:00,0.0109333333333
05/11/2014 02:00:00,0.0105333333333
05/11/2014 02:15:00,0.01
05/11/2014 02:30:00,0.01
05/11/2014 02:45:00,0.0108
05/11/2014 03:00:00,0.011
05/11/2014 03:15:00,0.011
05/11/2014 03:30:00,0.0104666666667
05/11/2014 03:45:00,0.01
05/11/2014 04:00:00,0.01
05/11/2014 04:15:00,0.011
05/11/2014 04:30:00,0.0104
05/11/2014 04:45:00,0.0104
05/11/2014 05:00:00,0.0104
05/11/2014 05:15:00,0.01
05/11/2014 05:30:00,0.0101333333333
05/11/2014 05:45:00,0.0100666666667
05/11/2014 06:00:00,0.01
05/11/2014 06:15:00,0.01
05/11/2014 06:30:00,0.01
05/11/2014 06:45:00,0.01
05/11/2014 07:00:00,0.0106
05/11/2014 07:15:00,0.011
05/11/2014 07:30:00,0.0105333333333
05/11/2014 07:45:00,0.011
05/11/2014 08:00:00,0.0101333333333
05/11/2014 08:15:00,0.01
05/11/2014 08:30:00,0.0107333333333
05/11/2014 08:45:00,0.0109333333333
05/11/2014 09:00:00,0.011
05/11/2014 09:15:00,0.0101333333333
05/11/2014 09:30:00,0.01
05/11/2014 09:45:00,0.0102
05/11/2014 10:00:00,0.0102
05/11/2014 10:15:00,0.0100666666667
05/11/2014 10:30:00,0.01
05/11/2014 10:45:00,0.01
05/11/2014 11:00:00,0.01
05/11/2014 11:15:00,0.01
05/11/2014 11:30:00,0.0108
05/11/2014 11:45:00,0.0108666666667
05/11/2014 12:00:00,0.0102
05/11/2014 12:15:00,0.01
05/11/2014 12:30:00,0.0106
05/11/2014 12:45:00,0.011
05/11/2014 13:00:00,0.011
05/11/2014 13:15:00,0.011
05/11/2014 13:30:00,0.011
05/11/2014 13:45:00,0.011
05/11/2014 14:00:00,0.011
05/11/2014 14:15:00,0.011
05/11/2014 14:30:00,0.011
05/11/2014 14:45:00,0.011
05/11/2014 15:00:00,0.011
05/11/2014 15:15:00,0.011
05/11/2014 15:30:00,0.011
05/11/2014 15:45:00,0.0105333333333
05/11/2014 16:00:00,0.0102
05/11/2014 16:15:00,0.01
05/11/2014 16:30:00,0.01
05/11/2014 16:45:00,0.01
05/11/2014 17:00:00,0.01
05/11/2014 17:15:00,0.01
05/11/2014 17:30:00,0.01
05/11/2014 17:45:00,0.01
05/11/2014 18:00:00,0.0104666666667
05/11/2014 18:15:00,0.01
05/11/2014 18:30:00,0.01
05/11/2014 18:45:00,0.0101333333333
05/11/2014 19:00:00,0.0102
05/11/2014 19:15:00,0.0104666666667
05/11/2014 19:30:00,0.011
05/11/2014 19:45:00,0.0103333333333
05/11/2014 20:00:00,0.0107333333333
05/11/2014 20:15:00,0.011
05/11/2014 20:30:00,0.011
05/11/2014 20:45:00,0.011
05/11/2014 21:00:00,0.011
05/11/2014 21:15:00,0.011
05/11/2014 21:30:00,0.011
05/11/2014 21:45:00,0.011
05/11/2014 22:00:00,0.0108666666667
05/11/2014 22:15:00,0.011
05/11/2014 22:30:00,0.011
05/11/2014 22:45:00,0.011
05/11/2014 23:00:00,0.01
05/11/2014 23:15:00,0.01
05/11/2014 23:30:00,0.0106666666667
05/11/2014 23:45:00,0.0102666666667
06/11/2014 00:00:00,0.011
06/11/2014 00:15:00,0.0104
06/11/2014 00:30:00,0.01
06/11/2014 00:45:00,0.0105333333333
06/11/2014 01:00:00,0.011
06/11/2014 01:15:00,0.011
06/11/2014 01:30:00,0.0108
06/11/2014 01:45:00,0.01
06/11/2014 02:00:00,0.01
06/11/2014 02:15:00,0.0108
06/11/2014 02:30:00,0.0108
06/11/2014 02:45:00,0.0104
06/11/2014 03:00:00,0.0102666666667
06/11/2014 03:15:00,0.01
06/11/2014 03:30:00,0.0101333333333
06/11/2014 03:45:00,0.011
06/11/2014 04:00:00,0.0108666666667
06/11/2014 04:15:00,0.0100666666667
06/11/2014 04:30:00,0.01
06/11/2014 04:45:00,0.01
06/11/2014 05:00:00,0.0100666666667
06/11/2014 05:15:00,0.011
06/11/2014 05:30:00,0.0104666666667
06/11/2014 05:45:00,0.01
06/11/2014 06:00:00,0.01
06/11/2014 06:15:00,0.0108666666667
06/11/2014 06:30:00,0.0102666666667
06/11/2014 06:45:00,0.0102
06/11/2014 07:00:00,0.0100666666667
06/11/2014 07:15:00,0.01
06/11/2014 07:30:00,0.01
06/11/2014 07:45:00,0.0102666666667
06/11/2014 08:00:00,0.0100666666667
06/11/2014 08:15:00,0.01
06/11/2014 08:30:00,0.01
06/11/2014 08:45:00,0.01
06/11/2014 09:00:00,0.01
06/11/2014 09:15:00,0.01
06/11/2014 09:30:00,0.01
06/11/2014 09:45:00,0.01
06/11/2014 10:00:00,0.01
06/11/2014 10:15:00,0.0101333333333
06/11/2014 10:30:00,0.01
06/11/2014 10:45:00,0.01
06/11/2014 11:00:00,0.01
06/11/2014 11:15:00,0.01
06/11/2014 11:30:00,0.01
06/11/2014 11:45:00,0.0102
06/11/2014 12:00:00,0.0100666666667
06/11/2014 12:15:00,0.0102666666667
06/11/2014 12:30:00,0.0102666666667
06/11/2014 12:45:00,0.01
06/11/2014 13:00:00,0.01
06/11/2014 13:15:00,0.01
06/11/2014 13:30:00,0.0094
06/11/2014 13:45:00,0.00966666666667
06/11/2014 14:00:00,0.01
06/11/2014 14:15:00,0.01
06/11/2014 14:30:00,0.01
06/11/2014 14:45:00,0.01
06/11/2014 15:00:00,0.01
06/11/2014 15:15:00,0.01
06/11/2014 15:30:00,0.01
06/11/2014 15:45:00,0.01
06/11/2014 16:00:00,0.01
06/11/2014 16:15:00,0.01
06/11/2014 16:30:00,0.01
06/11/2014 16:45:00,0.01
06/11/2014 17:00:00,0.01
06/11/2014 17:15:00,0.01
06/11/2014 17:30:00,0.0106666666667
06/11/2014 17:45:00,0.0104
06/11/2014 18:00:00,0.01
06/11/2014 18:15:00,0.01
06/11/2014 18:30:00,0.01
06/11/2014 18:45:00,0.01
06/11/2014 19:00:00,0.01
06/11/2014 19:15:00,0.01
06/11/2014 19:30:00,0.01
06/11/2014 19:45:00,0.0102666666667
06/11/2014 20:00:00,0.0106
06/11/2014 20:15:00,0.01
06/11/2014 20:30:00,0.0108666666667
06/11/2014 20:45:00,0.0102
06/11/2014 21:00:00,0.01
06/11/2014 21:15:00,0.0107333333333
06/11/2014 21:30:00,0.0104666666667
06/11/2014 21:45:00,0.0109333333333
06/11/2014 22:00:00,0.0107333333333
06/11/2014 22:15:00,0.01
06/11/2014 22:30:00,0.01
06/11/2014 22:45:00,0.0104
06/11/2014 23:00:00,0.0108666666667
06/11/2014 23:15:00,0.0109333333333
06/11/2014 23:30:00,0.0102
06/11/2014 23:45:00,0.01
07/11/2014 00:00:00,0.0108666666667
07/11/2014 00:15:00,0.011
07/11/2014 00:30:00,0.0108
07/11/2014 00:45:00,0.0106
07/11/2014 01:00:00,0.01
07/11/2014 01:15:00,0.0103333333333
07/11/2014 01:30:00,0.0106
07/11/2014 01:45:00,0.011
07/11/2014 02:00:00,0.011
07/11/2014 02:15:00,0.0100666666667
07/11/2014 02:30:00,0.01
07/11/2014 02:45:00,0.0108666666667
07/11/2014 03:00:00,0.011
07/11/2014 03:15:00,0.011
07/11/2014 03:30:00,0.0106
07/11/2014 03:45:00,0.01
07/11/2014 04:00:00,0.0104666666667
07/11/2014 04:15:00,0.011
07/11/2014 04:30:00,0.0108
07/11/2014 04:45:00,0.0108
07/11/2014 05:00:00,0.0100666666667
07/11/2014 05:15:00,0.01
07/11/2014 05:30:00,0.01
07/11/2014 05:45:00,0.0101333333333
07/11/2014 06:00:00,0.011
07/11/2014 06:15:00,0.0101333333333
07/11/2014 06:30:00,0.0101333333333
07/11/2014 06:45:00,0.01
07/11/2014 07:00:00,0.01
07/11/2014 07:15:00,0.0101333333333
07/11/2014 07:30:00,0.01
07/11/2014 07:45:00,0.01
07/11/2014 08:00:00,0.01
07/11/2014 08:15:00,0.01
07/11/2014 08:30:00,0.01
07/11/2014 08:45:00,0.0104
07/11/2014 09:00:00,0.0105333333333
07/11/2014 09:15:00,0.01
07/11/2014 09:30:00,0.0104
07/11/2014 09:45:00,0.011
07/11/2014 10:00:00,0.011
07/11/2014 10:15:00,0.011
07/11/2014 10:30:00,0.011
07/11/2014 10:45:00,0.011
07/11/2014 11:00:00,0.011
07/11/2014 11:15:00,0.0101333333333
07/11/2014 11:30:00,0.01
07/11/2014 11:45:00,0.0100666666667
07/11/2014 12:00:00,0.01
07/11/2014 12:15:00,0.0101333333333
07/11/2014 12:30:00,0.01
07/11/2014 12:45:00,0.01
07/11/2014 13:00:00,0.01
07/11/2014 13:15:00,0.01
07/11/2014 13:30:00,0.01
07/11/2014 13:45:00,0.01
07/11/2014 14:00:00,0.01
07/11/2014 14:15:00,0.01
07/11/2014 14:30:00,0.01
07/11/2014 14:45:00,0.01
07/11/2014 15:00:00,0.01
07/11/2014 15:15:00,0.01
07/11/2014 15:30:00,0.01
07/11/2014 15:45:00,0.01
07/11/2014 16:00:00,0.01
07/11/2014 16:15:00,0.01
07/11/2014 16:30:00,0.01
07/11/2014 16:45:00,0.01
07/11/2014 17:00:00,0.01
07/11/2014 17:15:00,0.01
07/11/2014 17:30:00,0.01
07/11/2014 17:45:00,0.01
07/11/2014 18:00:00,0.01
07/11/2014 18:15:00,0.01
07/11/2014 18:30:00,0.01
07/11/2014 18:45:00,0.01
07/11/2014 19:00:00,0.01
07/11/2014 19:15:00,0.0104
07/11/2014 19:30:00,0.011
07/11/2014 19:45:00,0.011
07/11/2014 20:00:00,0.011
07/11/2014 20:15:00,0.011
07/11/2014 20:30:00,0.0101333333333
07/11/2014 20:45:00,0.0104666666667
07/11/2014 21:00:00,0.011
07/11/2014 21:15:00,0.011
07/11/2014 21:30:00,0.011
07/11/2014 21:45:00,0.011
07/11/2014 22:00:00,0.011
07/11/2014 22:15:00,0.011
07/11/2014 22:30:00,0.011
07/11/2014 22:45:00,0.0109333333333
07/11/2014 23:00:00,0.01
07/11/2014 23:15:00,0.01
07/11/2014 23:30:00,0.01
07/11/2014 23:45:00,0.01
08/11/2014 00:00:00,0.01
08/11/2014 00:15:00,0.01
08/11/2014 00:30:00,0.01
08/11/2014 00:45:00,0.01
08/11/2014 01:00:00,0.01
08/11/2014 01:15:00,0.01
08/11/2014 01:30:00,0.01
08/11/2014 01:45:00,0.01
08/11/2014 02:00:00,0.01
08/11/2014 02:15:00,0.01
08/11/2014 02:30:00,0.01
08/11/2014 02:45:00,0.01
08/11/2014 03:00:00,0.01
08/11/2014 03:15:00,0.01
08/11/2014 03:30:00,0.01
08/11/2014 03:45:00,0.01
08/11/2014 04:00:00,0.01
08/11/2014 04:15:00,0.01
08/11/2014 04:30:00,0.01
08/11/2014 04:45:00,0.01
08/11/2014 05:00:00,0.01
08/11/2014 05:15:00,0.01
08/11/2014 05:30:00,0.01
08/11/2014 05:45:00,0.01
08/11/2014 06:00:00,0.01
08/11/2014 06:15:00,0.0101333333333
08/11/2014 06:30:00,0.01
08/11/2014 06:45:00,0.01
08/11/2014 07:00:00,0.01
08/11/2014 07:15:00,0.01
08/11/2014 07:30:00,0.01
08/11/2014 07:45:00,0.01
08/11/2014 08:00:00,0.01
08/11/2014 08:15:00,0.01
08/11/2014 08:30:00,0.01
08/11/2014 08:45:00,0.01
08/11/2014 09:00:00,0.01
08/11/2014 09:15:00,0.01
08/11/2014 09:30:00,0.01
08/11/2014 09:45:00,0.01
08/11/2014 10:00:00,0.01
08/11/2014 10:15:00,0.01
08/11/2014 10:30:00,0.01
08/11/2014 10:45:00,0.01
08/11/2014 11:00:00,0.01
08/11/2014 11:15:00,0.01
08/11/2014 11:30:00,0.01
08/11/2014 11:45:00,0.00906666666667
08/11/2014 12:00:00,0.00993333333333
08/11/2014 12:15:00,0.01
08/11/2014 12:30:00,0.0101333333333
08/11/2014 12:45:00,0.01
08/11/2014 13:00:00,0.01
08/11/2014 13:15:00,0.0102
08/11/2014 13:30:00,0.0102666666667
08/11/2014 13:45:00,0.0108
08/11/2014 14:00:00,0.011
08/11/2014 14:15:00,0.011
08/11/2014 14:30:00,0.011
08/11/2014 14:45:00,0.011
08/11/2014 15:00:00,0.011
08/11/2014 15:15:00,0.0106666666667
08/11/2014 15:30:00,0.01
08/11/2014 15:45:00,0.01
08/11/2014 16:00:00,0.01
08/11/2014 16:15:00,0.01
08/11/2014 16:30:00,0.01
08/11/2014 16:45:00,0.01
08/11/2014 17:00:00,0.01
08/11/2014 17:15:00,0.01
08/11/2014 17:30:00,0.01
08/11/2014 17:45:00,0.01
08/11/2014 18:00:00,0.01
08/11/2014 18:15:00,0.01
08/11/2014 18:30:00,0.01
08/11/2014 18:45:00,0.01
08/11/2014 19:00:00,0.01
08/11/2014 19:15:00,0.01
08/11/2014 19:30:00,0.01
08/11/2014 19:45:00,0.01
08/11/2014 20:00:00,0.01
08/11/2014 20:15:00,0.01
08/11/2014 20:30:00,0.01
08/11/2014 20:45:00,0.0101333333333
08/11/2014 21:00:00,0.011
08/11/2014 21:15:00,0.011
08/11/2014 21:30:00,0.011
08/11/2014 21:45:00,0.0108
08/11/2014 22:00:00,0.01
08/11/2014 22:15:00,0.01
08/11/2014 22:30:00,0.01
08/11/2014 22:45:00,0.01
08/11/2014 23:00:00,0.01
08/11/2014 23:15:00,0.01
08/11/2014 23:30:00,0.01
08/11/2014 23:45:00,0.01
09/11/2014 00:00:00,0.01
09/11/2014 00:15:00,0.0101333333333
09/11/2014 00:30:00,0.0102
09/11/2014 00:45:00,0.01
09/11/2014 01:00:00,0.01
09/11/2014 01:15:00,0.01
09/11/2014 01:30:00,0.01
09/11/2014 01:45:00,0.0100666666667
09/11/2014 02:00:00,0.0105333333333
09/11/2014 02:15:00,0.0105333333333
09/11/2014 02:30:00,0.01
09/11/2014 02:45:00,0.01
09/11/2014 03:00:00,0.01
09/11/2014 03:15:00,0.0106666666667
09/11/2014 03:30:00,0.0104
09/11/2014 03:45:00,0.0102
09/11/2014 04:00:00,0.0102
09/11/2014 04:15:00,0.01
09/11/2014 04:30:00,0.0106666666667
09/11/2014 04:45:00,0.0103333333333
09/11/2014 05:00:00,0.0102
09/11/2014 05:15:00,0.0106
09/11/2014 05:30:00,0.01
09/11/2014 05:45:00,0.01
09/11/2014 06:00:00,0.01
09/11/2014 06:15:00,0.01
09/11/2014 06:30:00,0.0100666666667
09/11/2014 06:45:00,0.0100666666667
09/11/2014 07:00:00,0.01
09/11/2014 07:15:00,0.01
09/11/2014 07:30:00,0.01
09/11/2014 07:45:00,0.01
09/11/2014 08:00:00,0.01
09/11/2014 08:15:00,0.01
09/11/2014 08:30:00,0.0101333333333
09/11/2014 08:45:00,0.01
09/11/2014 09:00:00,0.0101333333333
09/11/2014 09:15:00,0.0102666666667
09/11/2014 09:30:00,0.0101333333333
09/11/2014 09:45:00,0.01
09/11/2014 10:00:00,0.01
09/11/2014 10:15:00,0.01
09/11/2014 10:30:00,0.0100666666667
09/11/2014 10:45:00,0.01
09/11/2014 11:00:00,0.01
09/11/2014 11:15:00,0.01
09/11/2014 11:30:00,0.01
09/11/2014 11:45:00,0.01
09/11/2014 12:00:00,0.01
09/11/2014 12:15:00,0.01
09/11/2014 12:30:00,0.01
09/11/2014 12:45:00,0.01
09/11/2014 13:00:00,0.0102666666667
09/11/2014 13:15:00,0.01
09/11/2014 13:30:00,0.01
09/11/2014 13:45:00,0.01
09/11/2014 14:00:00,0.01
09/11/2014 14:15:00,0.0102666666667
09/11/2014 14:30:00,0.01
09/11/2014 14:45:00,0.01
09/11/2014 15:00:00,0.01
09/11/2014 15:15:00,0.01
09/11/2014 15:30:00,0.01
09/11/2014 15:45:00,0.0100666666667
09/11/2014 16:00:00,0.0105333333333
09/11/2014 16:15:00,0.01
09/11/2014 16:30:00,0.01
09/11/2014 16:45:00,0.01
09/11/2014 17:00:00,0.01
09/11/2014 17:15:00,0.01
09/11/2014 17:30:00,0.01
09/11/2014 17:45:00,0.0098
09/11/2014 18:00:00,0.01
09/11/2014 18:15:00,0.0103333333333
09/11/2014 18:30:00,0.011
09/11/2014 18:45:00,0.011
09/11/2014 19:00:00,0.011
09/11/2014 19:15:00,0.01
09/11/2014 19:30:00,0.01
09/11/2014 19:45:00,0.0108666666667
09/11/2014 20:00:00,0.011
09/11/2014 20:15:00,0.011
09/11/2014 20:30:00,0.011
09/11/2014 20:45:00,0.011
09/11/2014 21:00:00,0.011
09/11/2014 21:15:00,0.011
09/11/2014 21:30:00,0.011
09/11/2014 21:45:00,0.011
09/11/2014 22:00:00,0.011
09/11/2014 22:15:00,0.0104666666667
09/11/2014 22:30:00,0.01
09/11/2014 22:45:00,0.01
09/11/2014 23:00:00,0.01
09/11/2014 23:15:00,0.0105333333333
09/11/2014 23:30:00,0.01
09/11/2014 23:45:00,0.01
10/11/2014 00:00:00,0.0101333333333
10/11/2014 00:15:00,0.01
10/11/2014 00:30:00,0.01
10/11/2014 00:45:00,0.01
10/11/2014 01:00:00,0.01
10/11/2014 01:15:00,0.01
10/11/2014 01:30:00,0.01
10/11/2014 01:45:00,0.01
10/11/2014 02:00:00,0.01
10/11/2014 02:15:00,0.01
10/11/2014 02:30:00,0.01
10/11/2014 02:45:00,0.01
10/11/2014 03:00:00,0.01
10/11/2014 03:15:00,0.0100666666667
10/11/2014 03:30:00,0.01
10/11/2014 03:45:00,0.01
10/11/2014 04:00:00,0.01
10/11/2014 04:15:00,0.01
10/11/2014 04:30:00,0.01
10/11/2014 04:45:00,0.01
10/11/2014 05:00:00,0.01
10/11/2014 05:15:00,0.01
10/11/2014 05:30:00,0.01
10/11/2014 05:45:00,0.01
10/11/2014 06:00:00,0.01
10/11/2014 06:15:00,0.01
10/11/2014 06:30:00,0.01
10/11/2014 06:45:00,0.01
10/11/2014 07:00:00,0.01
10/11/2014 07:15:00,0.01
10/11/2014 07:30:00,0.01
10/11/2014 07:45:00,0.01
10/11/2014 08:00:00,0.01
10/11/2014 08:15:00,0.01
10/11/2014 08:30:00,0.01
10/11/2014 08:45:00,0.01
10/11/2014 09:00:00,0.0101333333333
10/11/2014 09:15:00,0.01
10/11/2014 09:30:00,0.01
10/11/2014 09:45:00,0.01
10/11/2014 10:00:00,0.01
10/11/2014 10:15:00,0.01
10/11/2014 10:30:00,0.01
10/11/2014 10:45:00,0.01
10/11/2014 11:00:00,0.01
10/11/2014 11:15:00,0.01
10/11/2014 11:30:00,0.01
10/11/2014 11:45:00,0.01
10/11/2014 12:00:00,0.01
10/11/2014 12:15:00,0.01
10/11/2014 12:30:00,0.01
10/11/2014 12:45:00,0.0100666666667
10/11/2014 13:00:00,0.01
10/11/2014 13:15:00,0.01
10/11/2014 13:30:00,0.01
10/11/2014 13:45:00,0.01
10/11/2014 14:00:00,0.01
10/11/2014 14:15:00,0.0102
10/11/2014 14:30:00,0.01
10/11/2014 14:45:00,0.0101333333333
10/11/2014 15:00:00,0.0102
10/11/2014 15:15:00,0.01
10/11/2014 15:30:00,0.01
10/11/2014 15:45:00,0.01
10/11/2014 16:00:00,0.01
10/11/2014 16:15:00,0.01
10/11/2014 16:30:00,0.01
10/11/2014 16:45:00,0.01
10/11/2014 17:00:00,0.01
10/11/2014 17:15:00,0.01
10/11/2014 17:30:00,0.01
10/11/2014 17:45:00,0.01
10/11/2014 18:00:00,0.01
10/11/2014 18:15:00,0.01
10/11/2014 18:30:00,0.01
10/11/2014 18:45:00,0.01
10/11/2014 19:00:00,0.01
10/11/2014 19:15:00,0.01
10/11/2014 19:30:00,0.0100666666667
10/11/2014 19:45:00,0.01
10/11/2014 20:00:00,0.01
10/11/2014 20:15:00,0.01
10/11/2014 20:30:00,0.01
10/11/2014 20:45:00,0.0109333333333
10/11/2014 21:00:00,0.0106
10/11/2014 21:15:00,0.0105333333333
10/11/2014 21:30:00,0.01
10/11/2014 21:45:00,0.01
10/11/2014 22:00:00,0.01
10/11/2014 22:15:00,0.01
10/11/2014 22:30:00,0.01
10/11/2014 22:45:00,0.01
10/11/2014 23:00:00,0.01
10/11/2014 23:15:00,0.01
10/11/2014 23:30:00,0.01
10/11/2014 23:45:00,0.01
11/11/2014 00:00:00,0.01
11/11/2014 00:15:00,0.01
11/11/2014 00:30:00,0.01
11/11/2014 00:45:00,0.01
11/11/2014 01:00:00,0.01
11/11/2014 01:15:00,0.01
11/11/2014 01:30:00,0.01
11/11/2014 01:45:00,0.01
11/11/2014 02:00:00,0.01
11/11/2014 02:15:00,0.01
11/11/2014 02:30:00,0.01
11/11/2014 02:45:00,0.01
11/11/2014 03:00:00,0.01
11/11/2014 03:15:00,0.01
11/11/2014 03:30:00,0.01
11/11/2014 03:45:00,0.01
11/11/2014 04:00:00,0.01
11/11/2014 04:15:00,0.01
11/11/2014 04:30:00,0.01
11/11/2014 04:45:00,0.01
11/11/2014 05:00:00,0.01
11/11/2014 05:15:00,0.01
11/11/2014 05:30:00,0.01
11/11/2014 05:45:00,0.01
11/11/2014 06:00:00,0.01
11/11/2014 06:15:00,0.01
11/11/2014 06:30:00,0.0100666666667
11/11/2014 06:45:00,0.01
11/11/2014 07:00:00,0.01
11/11/2014 07:15:00,0.01
11/11/2014 07:30:00,0.01
11/11/2014 07:45:00,0.01
11/11/2014 08:00:00,0.01
11/11/2014 08:15:00,0.01
11/11/2014 08:30:00,0.0102666666667
11/11/2014 08:45:00,0.0106666666667
11/11/2014 09:00:00,0.01
11/11/2014 09:15:00,0.01
11/11/2014 09:30:00,0.011
11/11/2014 09:45:00,0.0100666666667
11/11/2014 10:00:00,0.0100666666667
11/11/2014 10:15:00,0.01
11/11/2014 10:30:00,0.01
11/11/2014 10:45:00,0.01
11/11/2014 11:00:00,0.01
11/11/2014 11:15:00,0.0105333333333
11/11/2014 11:30:00,0.0101333333333
11/11/2014 11:45:00,0.01
11/11/2014 12:00:00,0.01
11/11/2014 12:15:00,0.01
11/11/2014 12:30:00,0.01
11/11/2014 12:45:00,0.0103333333333
11/11/2014 13:00:00,0.01
11/11/2014 13:15:00,0.01
11/11/2014 13:30:00,0.01
11/11/2014 13:45:00,0.01
11/11/2014 14:00:00,0.0104
11/11/2014 14:15:00,0.0100666666667
11/11/2014 14:30:00,0.0108
11/11/2014 14:45:00,0.011
11/11/2014 15:00:00,0.011
11/11/2014 15:15:00,0.011
11/11/2014 15:30:00,0.0109333333333
11/11/2014 15:45:00,0.01
11/11/2014 16:00:00,0.01
11/11/2014 16:15:00,0.01
11/11/2014 16:30:00,0.0103333333333
11/11/2014 16:45:00,0.01
11/11/2014 17:00:00,0.01
11/11/2014 17:15:00,0.01
11/11/2014 17:30:00,0.01
11/11/2014 17:45:00,0.01
11/11/2014 18:00:00,0.01
11/11/2014 18:15:00,0.01
11/11/2014 18:30:00,0.01
11/11/2014 18:45:00,0.01
11/11/2014 19:00:00,0.01
11/11/2014 19:15:00,0.01
11/11/2014 19:30:00,0.01
11/11/2014 19:45:00,0.01
11/11/2014 20:00:00,0.0106
11/11/2014 20:15:00,0.011
11/11/2014 20:30:00,0.0109333333333
11/11/2014 20:45:00,0.011
11/11/2014 21:00:00,0.011
11/11/2014 21:15:00,0.011
11/11/2014 21:30:00,0.011
11/11/2014 21:45:00,0.011
11/11/2014 22:00:00,0.011
11/11/2014 22:15:00,0.011
11/11/2014 22:30:00,0.011
11/11/2014 22:45:00,0.0104666666667
11/11/2014 23:00:00,0.01
11/11/2014 23:15:00,0.01
11/11/2014 23:30:00,0.01
11/11/2014 23:45:00,0.0106666666667
12/11/2014 00:00:00,0.0102666666667
12/11/2014 00:15:00,0.0102666666667
12/11/2014 00:30:00,0.0104666666667
12/11/2014 00:45:00,0.01
12/11/2014 01:00:00,0.01
12/11/2014 01:15:00,0.01
12/11/2014 01:30:00,0.01
12/11/2014 01:45:00,0.01
12/11/2014 02:00:00,0.01
12/11/2014 02:15:00,0.01
12/11/2014 02:30:00,0.01
12/11/2014 02:45:00,0.01
12/11/2014 03:00:00,0.01
12/11/2014 03:15:00,0.01
12/11/2014 03:30:00,0.01
12/11/2014 03:45:00,0.01
12/11/2014 04:00:00,0.01
12/11/2014 04:15:00,0.01
12/11/2014 04:30:00,0.01
12/11/2014 04:45:00,0.01
12/11/2014 05:00:00,0.01
12/11/2014 05:15:00,0.01
12/11/2014 05:30:00,0.01
12/11/2014 05:45:00,0.01
12/11/2014 06:00:00,0.01
12/11/2014 06:15:00,0.01
12/11/2014 06:30:00,0.01
12/11/2014 06:45:00,0.01
12/11/2014 07:00:00,0.01
12/11/2014 07:15:00,0.287266666667
12/11/2014 07:30:00,0.614
12/11/2014 07:45:00,0.1906
12/11/2014 08:00:00,0.279933333333
12/11/2014 08:15:00,0.620133333333
12/11/2014 08:30:00,0.3406
12/11/2014 08:45:00,0.3116
12/11/2014 09:00:00,0.153133333333
12/11/2014 09:15:00,0.153866666667
12/11/2014 09:30:00,0.150866666667
12/11/2014 09:45:00,0.144266666667
12/11/2014 10:00:00,0.141666666667
12/11/2014 10:15:00,0.134266666667
12/11/2014 10:30:00,0.134266666667
12/11/2014 10:45:00,0.134266666667
12/11/2014 11:00:00,0.01
12/11/2014 11:15:00,0.124133333333
12/11/2014 11:30:00,0.01
12/11/2014 11:45:00,0.01
12/11/2014 12:00:00,0.0124
12/11/2014 12:15:00,0.135933333333
12/11/2014 12:30:00,0.0768666666667
12/11/2014 12:45:00,0.0608666666667
12/11/2014 13:00:00,0.127733333333
12/11/2014 13:15:00,0.287066666667
12/11/2014 13:30:00,0.0586666666667
12/11/2014 13:45:00,0.248333333333
12/11/2014 14:00:00,0.230933333333
12/11/2014 14:15:00,0.224066666667
12/11/2014 14:30:00,0.01
12/11/2014 14:45:00,0.141133333333
12/11/2014 15:00:00,0.560333333333
12/11/2014 15:15:00,0.0412666666667
12/11/2014 15:30:00,0.227
12/11/2014 15:45:00,0.232866666667
12/11/2014 16:00:00,0.355333333333
12/11/2014 16:15:00,0.266266666667
12/11/2014 16:30:00,0.232533333333
12/11/2014 16:45:00,0.233466666667
12/11/2014 17:00:00,0.2416
12/11/2014 17:15:00,0.1952
12/11/2014 17:30:00,0.194933333333
12/11/2014 17:45:00,0.197266666667
12/11/2014 18:00:00,0.2902
12/11/2014 18:15:00,0.237733333333
12/11/2014 18:30:00,0.218733333333
12/11/2014 18:45:00,0.2124
12/11/2014 19:00:00,0.277466666667
12/11/2014 19:15:00,0.265133333333
12/11/2014 19:30:00,0.1848
12/11/2014 19:45:00,0.188666666667
12/11/2014 20:00:00,0.241866666667
12/11/2014 20:15:00,0.278466666667
12/11/2014 20:30:00,0.174933333333
12/11/2014 20:45:00,0.0159333333333
12/11/2014 21:00:00,0.222933333333
12/11/2014 21:15:00,0.190866666667
12/11/2014 21:30:00,0.0436666666667
12/11/2014 21:45:00,0.01
12/11/2014 22:00:00,0.01
12/11/2014 22:15:00,0.01
12/11/2014 22:30:00,0.01
12/11/2014 22:45:00,0.01
12/11/2014 23:00:00,0.00986666666667
12/11/2014 23:15:00,0.1564
12/11/2014 23:30:00,0.148533333333
12/11/2014 23:45:00,0.1414
13/11/2014 00:00:00,0.151666666667
13/11/2014 00:15:00,0.228333333333
13/11/2014 00:30:00,0.211533333333
13/11/2014 00:45:00,0.1578
13/11/2014 01:00:00,0.161066666667
13/11/2014 01:15:00,0.223466666667
13/11/2014 01:30:00,0.270533333333
13/11/2014 01:45:00,0.181533333333
13/11/2014 02:00:00,0.185133333333
13/11/2014 02:15:00,0.191333333333
13/11/2014 02:30:00,0.1956
13/11/2014 02:45:00,0.2392
13/11/2014 03:00:00,0.2862
13/11/2014 03:15:00,0.258266666667
13/11/2014 03:30:00,0.262666666667
13/11/2014 03:45:00,0.224066666667
13/11/2014 04:00:00,0.247133333333
13/11/2014 04:15:00,0.247333333333
13/11/2014 04:30:00,0.2302
13/11/2014 04:45:00,0.233866666667
13/11/2014 05:00:00,0.240266666667
13/11/2014 05:15:00,0.228
13/11/2014 05:30:00,0.268933333333
13/11/2014 05:45:00,0.281666666667
13/11/2014 06:00:00,0.6612
13/11/2014 06:15:00,0.4328
13/11/2014 06:30:00,0.3264
13/11/2014 06:45:00,0.447666666667
13/11/2014 07:00:00,0.458
13/11/2014 07:15:00,0.418533333333
13/11/2014 07:30:00,0.302733333333
13/11/2014 07:45:00,0.3074
13/11/2014 08:00:00,0.292866666667
13/11/2014 08:15:00,0.322666666667
13/11/2014 08:30:00,0.406933333333
13/11/2014 08:45:00,0.382
13/11/2014 09:00:00,0.285866666667
13/11/2014 09:15:00,0.2646
13/11/2014 09:30:00,0.286266666667
13/11/2014 09:45:00,0.280533333333
13/11/2014 10:00:00,0.265466666667
13/11/2014 10:15:00,0.2618
13/11/2014 10:30:00,0.307866666667
13/11/2014 10:45:00,0.2188
13/11/2014 11:00:00,0.2256
13/11/2014 11:15:00,0.133133333333
13/11/2014 11:30:00,0.126666666667
13/11/2014 11:45:00,0.00906666666667
13/11/2014 12:00:00,0.124266666667
13/11/2014 12:15:00,0.0887333333333
13/11/2014 12:30:00,0.0523333333333
13/11/2014 12:45:00,0.138133333333
13/11/2014 13:00:00,0.3298
13/11/2014 13:15:00,0.388933333333
13/11/2014 13:30:00,0.2294
13/11/2014 13:45:00,0.256266666667
13/11/2014 14:00:00,0.262733333333
13/11/2014 14:15:00,0.306
13/11/2014 14:30:00,0.2394
13/11/2014 14:45:00,0.221733333333
13/11/2014 15:00:00,0.2086
13/11/2014 15:15:00,0.209666666667
13/11/2014 15:30:00,0.275333333333
13/11/2014 15:45:00,0.280133333333
13/11/2014 16:00:00,0.257466666667
13/11/2014 16:15:00,0.201
13/11/2014 16:30:00,0.2164
13/11/2014 16:45:00,0.201933333333
13/11/2014 17:00:00,0.225866666667
13/11/2014 17:15:00,0.231733333333
13/11/2014 17:30:00,0.2224
13/11/2014 17:45:00,0.225933333333
13/11/2014 18:00:00,0.271066666667
13/11/2014 18:15:00,0.189333333333
13/11/2014 18:30:00,0.185066666667
13/11/2014 18:45:00,0.187666666667
13/11/2014 19:00:00,0.259866666667
13/11/2014 19:15:00,0.2258
13/11/2014 19:30:00,0.200733333333
13/11/2014 19:45:00,0.2102
13/11/2014 20:00:00,0.198
13/11/2014 20:15:00,0.196733333333
13/11/2014 20:30:00,0.176
13/11/2014 20:45:00,0.01
13/11/2014 21:00:00,0.01
13/11/2014 21:15:00,0.0100666666667
13/11/2014 21:30:00,0.01
13/11/2014 21:45:00,0.157533333333
13/11/2014 22:00:00,0.0104666666667
13/11/2014 22:15:00,0.0104666666667
13/11/2014 22:30:00,0.01
13/11/2014 22:45:00,0.01
13/11/2014 23:00:00,0.01
13/11/2014 23:15:00,0.01
13/11/2014 23:30:00,0.01
13/11/2014 23:45:00,0.01
14/11/2014 00:00:00,0.01
14/11/2014 00:15:00,0.01
14/11/2014 00:30:00,0.01
14/11/2014 00:45:00,0.01
14/11/2014 01:00:00,0.01
14/11/2014 01:15:00,0.01
14/11/2014 01:30:00,0.01
14/11/2014 01:45:00,0.01
14/11/2014 02:00:00,0.01
14/11/2014 02:15:00,0.1042
14/11/2014 02:30:00,0.142133333333
14/11/2014 02:45:00,0.195466666667
14/11/2014 03:00:00,0.213533333333
14/11/2014 03:15:00,0.105933333333
14/11/2014 03:30:00,0.2414
14/11/2014 03:45:00,0.2192
14/11/2014 04:00:00,0.2232
14/11/2014 04:15:00,0.248066666667
14/11/2014 04:30:00,0.185466666667
14/11/2014 04:45:00,0.147533333333
14/11/2014 05:00:00,0.160733333333
14/11/2014 05:15:00,0.2186
14/11/2014 05:30:00,0.218533333333
14/11/2014 05:45:00,0.489533333333
14/11/2014 06:00:00,0.623133333333
14/11/2014 06:15:00,0.366
14/11/2014 06:30:00,0.258066666667
14/11/2014 06:45:00,0.4204
14/11/2014 07:00:00,0.271866666667
14/11/2014 07:15:00,0.214933333333
14/11/2014 07:30:00,0.189333333333
14/11/2014 07:45:00,0.658266666667
14/11/2014 08:00:00,0.429933333333
14/11/2014 08:15:00,0.246133333333
14/11/2014 08:30:00,0.3548
14/11/2014 08:45:00,0.404533333333
14/11/2014 09:00:00,0.264866666667
14/11/2014 09:15:00,0.2838
14/11/2014 09:30:00,0.317066666667
14/11/2014 09:45:00,0.250866666667
14/11/2014 10:00:00,0.187466666667
14/11/2014 10:15:00,0.107533333333
14/11/2014 10:30:00,0.227466666667
14/11/2014 10:45:00,0.1042
14/11/2014 11:00:00,0.1226
14/11/2014 11:15:00,0.112066666667
14/11/2014 11:30:00,0.209466666667
14/11/2014 11:45:00,0.286933333333
14/11/2014 12:00:00,0.226533333333
14/11/2014 12:15:00,0.161333333333
14/11/2014 12:30:00,0.221266666667
14/11/2014 12:45:00,0.125733333333
14/11/2014 13:00:00,0.234933333333
14/11/2014 13:15:00,0.2302
14/11/2014 13:30:00,0.01
14/11/2014 13:45:00,0.2282
14/11/2014 14:00:00,0.01
14/11/2014 14:15:00,0.2168
14/11/2014 14:30:00,0.2162
14/11/2014 14:45:00,0.0653333333333
14/11/2014 15:00:00,0.160066666667
14/11/2014 15:15:00,0.2184
14/11/2014 15:30:00,0.301733333333
14/11/2014 15:45:00,0.1144
14/11/2014 16:00:00,0.239733333333
14/11/2014 16:15:00,0.205733333333
14/11/2014 16:30:00,0.163266666667
14/11/2014 16:45:00,0.157533333333
14/11/2014 17:00:00,0.154666666667
14/11/2014 17:15:00,0.1448
14/11/2014 17:30:00,0.0964
14/11/2014 17:45:00,0.0512666666667
14/11/2014 18:00:00,0.132466666667
14/11/2014 18:15:00,0.126466666667
14/11/2014 18:30:00,0.136466666667
14/11/2014 18:45:00,0.01
14/11/2014 19:00:00,0.13
14/11/2014 19:15:00,0.130666666667
14/11/2014 19:30:00,0.0850666666667
14/11/2014 19:45:00,0.141333333333
14/11/2014 20:00:00,0.144266666667
14/11/2014 20:15:00,0.2646
14/11/2014 20:30:00,0.264066666667
14/11/2014 20:45:00,0.144733333333
14/11/2014 21:00:00,0.1526
14/11/2014 21:15:00,0.156933333333
14/11/2014 21:30:00,0.1626
14/11/2014 21:45:00,0.172933333333
14/11/2014 22:00:00,0.01
14/11/2014 22:15:00,0.01
14/11/2014 22:30:00,0.01
14/11/2014 22:45:00,0.01
14/11/2014 23:00:00,0.01
14/11/2014 23:15:00,0.01
14/11/2014 23:30:00,0.01
14/11/2014 23:45:00,0.01
15/11/2014 00:00:00,0.01
15/11/2014 00:15:00,0.01
15/11/2014 00:30:00,0.01
15/11/2014 00:45:00,0.01
15/11/2014 01:00:00,0.01
15/11/2014 01:15:00,0.01
15/11/2014 01:30:00,0.01
15/11/2014 01:45:00,0.01
15/11/2014 02:00:00,0.01
15/11/2014 02:15:00,0.01
15/11/2014 02:30:00,0.143
15/11/2014 02:45:00,0.01
15/11/2014 03:00:00,0.127666666667
15/11/2014 03:15:00,0.127866666667
15/11/2014 03:30:00,0.01
15/11/2014 03:45:00,0.128333333333
15/11/2014 04:00:00,0.131333333333
15/11/2014 04:15:00,0.0176
15/11/2014 04:30:00,0.119733333333
15/11/2014 04:45:00,0.127133333333
15/11/2014 05:00:00,0.0792666666667
15/11/2014 05:15:00,0.0589333333333
15/11/2014 05:30:00,0.137933333333
15/11/2014 05:45:00,0.2662
15/11/2014 06:00:00,0.649533333333
15/11/2014 06:15:00,0.5374
15/11/2014 06:30:00,0.592533333333
15/11/2014 06:45:00,0.0184
15/11/2014 07:00:00,0.232533333333
15/11/2014 07:15:00,0.227066666667
15/11/2014 07:30:00,0.222133333333
15/11/2014 07:45:00,0.264866666667
15/11/2014 08:00:00,0.267533333333
15/11/2014 08:15:00,0.231466666667
15/11/2014 08:30:00,0.235133333333
15/11/2014 08:45:00,0.225466666667
15/11/2014 09:00:00,0.188266666667
15/11/2014 09:15:00,0.178333333333
15/11/2014 09:30:00,0.0986
15/11/2014 09:45:00,0.213333333333
15/11/2014 10:00:00,0.0096
15/11/2014 10:15:00,0.00986666666667
15/11/2014 10:30:00,0.075
15/11/2014 10:45:00,0.0614
15/11/2014 11:00:00,0.241533333333
15/11/2014 11:15:00,0.00993333333333
15/11/2014 11:30:00,0.218266666667
15/11/2014 11:45:00,0.2182
15/11/2014 12:00:00,0.01
15/11/2014 12:15:00,0.219
15/11/2014 12:30:00,0.103466666667
15/11/2014 12:45:00,0.124
15/11/2014 13:00:00,0.2178
15/11/2014 13:15:00,0.0142
15/11/2014 13:30:00,0.214733333333
15/11/2014 13:45:00,0.01
15/11/2014 14:00:00,0.01
15/11/2014 14:15:00,0.123533333333
15/11/2014 14:30:00,0.01
15/11/2014 14:45:00,0.01
15/11/2014 15:00:00,0.01
15/11/2014 15:15:00,0.1238
15/11/2014 15:30:00,0.01
15/11/2014 15:45:00,0.01
15/11/2014 16:00:00,0.1342
15/11/2014 16:15:00,0.01
15/11/2014 16:30:00,0.01
15/11/2014 16:45:00,0.1336
15/11/2014 17:00:00,0.01
15/11/2014 17:15:00,0.122666666667
15/11/2014 17:30:00,0.00913333333333
15/11/2014 17:45:00,0.122733333333
15/11/2014 18:00:00,0.01
15/11/2014 18:15:00,0.123066666667
15/11/2014 18:30:00,0.00993333333333
15/11/2014 18:45:00,0.01
15/11/2014 19:00:00,0.01
15/11/2014 19:15:00,0.01
15/11/2014 19:30:00,0.0102
15/11/2014 19:45:00,0.125266666667
15/11/2014 20:00:00,0.130933333333
15/11/2014 20:15:00,0.0104666666667
15/11/2014 20:30:00,0.011
15/11/2014 20:45:00,0.152266666667
15/11/2014 21:00:00,0.158266666667
15/11/2014 21:15:00,0.162733333333
15/11/2014 21:30:00,0.0859333333333
15/11/2014 21:45:00,0.126466666667
15/11/2014 22:00:00,0.109133333333
15/11/2014 22:15:00,0.01
15/11/2014 22:30:00,0.01
15/11/2014 22:45:00,0.01
15/11/2014 23:00:00,0.01
15/11/2014 23:15:00,0.01
15/11/2014 23:30:00,0.01
15/11/2014 23:45:00,0.01
16/11/2014 00:00:00,0.01
16/11/2014 00:15:00,0.01
16/11/2014 00:30:00,0.01
16/11/2014 00:45:00,0.01
16/11/2014 01:00:00,0.01
16/11/2014 01:15:00,0.01
16/11/2014 01:30:00,0.01
16/11/2014 01:45:00,0.01
16/11/2014 02:00:00,0.01
16/11/2014 02:15:00,0.01
16/11/2014 02:30:00,0.01
16/11/2014 02:45:00,0.01
16/11/2014 03:00:00,0.01
16/11/2014 03:15:00,0.01
16/11/2014 03:30:00,0.01
16/11/2014 03:45:00,0.01
16/11/2014 04:00:00,0.01
16/11/2014 04:15:00,0.01
16/11/2014 04:30:00,0.01
16/11/2014 04:45:00,0.01
16/11/2014 05:00:00,0.01
16/11/2014 05:15:00,0.01
16/11/2014 05:30:00,0.01
16/11/2014 05:45:00,0.127533333333
16/11/2014 06:00:00,0.593933333333
16/11/2014 06:15:00,0.0108
16/11/2014 06:30:00,0.289
16/11/2014 06:45:00,0.265533333333
16/11/2014 07:00:00,0.1634
16/11/2014 07:15:00,0.1604
16/11/2014 07:30:00,0.1636
16/11/2014 07:45:00,0.150266666667
16/11/2014 08:00:00,0.149933333333
16/11/2014 08:15:00,0.149333333333
16/11/2014 08:30:00,0.1986
16/11/2014 08:45:00,0.266666666667
16/11/2014 09:00:00,0.2942
16/11/2014 09:15:00,0.175533333333
16/11/2014 09:30:00,0.0580666666667
16/11/2014 09:45:00,0.131533333333
16/11/2014 10:00:00,0.128666666667
16/11/2014 10:15:00,0.125666666667
16/11/2014 10:30:00,0.01
16/11/2014 10:45:00,0.136466666667
16/11/2014 11:00:00,0.01
16/11/2014 11:15:00,0.126133333333
16/11/2014 11:30:00,0.01
16/11/2014 11:45:00,0.01
16/11/2014 12:00:00,0.215333333333
16/11/2014 12:15:00,0.01
16/11/2014 12:30:00,0.01
16/11/2014 12:45:00,0.01
16/11/2014 13:00:00,0.134666666667
16/11/2014 13:15:00,0.0776666666667
16/11/2014 13:30:00,0.159933333333
16/11/2014 13:45:00,0.126266666667
16/11/2014 14:00:00,0.1182
16/11/2014 14:15:00,0.204133333333
16/11/2014 14:30:00,0.011
16/11/2014 14:45:00,0.206866666667
16/11/2014 15:00:00,0.0102666666667
16/11/2014 15:15:00,0.0962666666667
16/11/2014 15:30:00,0.135133333333
16/11/2014 15:45:00,0.011
16/11/2014 16:00:00,0.206933333333
16/11/2014 16:15:00,0.01
16/11/2014 16:30:00,0.01
16/11/2014 16:45:00,0.01
16/11/2014 17:00:00,0.01
16/11/2014 17:15:00,0.01
16/11/2014 17:30:00,0.1274
16/11/2014 17:45:00,0.130066666667
16/11/2014 18:00:00,0.133133333333
16/11/2014 18:15:00,0.228666666667
16/11/2014 18:30:00,0.212866666667
16/11/2014 18:45:00,0.0867333333333
16/11/2014 19:00:00,0.1742
16/11/2014 19:15:00,0.213466666667
16/11/2014 19:30:00,0.218933333333
16/11/2014 19:45:00,0.216866666667
16/11/2014 20:00:00,0.198933333333
16/11/2014 20:15:00,0.140666666667
16/11/2014 20:30:00,0.130666666667
16/11/2014 20:45:00,0.242
16/11/2014 21:00:00,0.242466666667
16/11/2014 21:15:00,0.255
16/11/2014 21:30:00,0.0102666666667
16/11/2014 21:45:00,0.159666666667
16/11/2014 22:00:00,0.01
16/11/2014 22:15:00,0.01
16/11/2014 22:30:00,0.01
16/11/2014 22:45:00,0.01
16/11/2014 23:00:00,0.01
16/11/2014 23:15:00,0.01
16/11/2014 23:30:00,0.01
16/11/2014 23:45:00,0.01
17/11/2014 00:00:00,0.01
17/11/2014 00:15:00,0.132133333333
17/11/2014 00:30:00,0.0362666666667
17/11/2014 00:45:00,0.134666666667
17/11/2014 01:00:00,0.134933333333
17/11/2014 01:15:00,0.135333333333
17/11/2014 01:30:00,0.135333333333
17/11/2014 01:45:00,0.196
17/11/2014 02:00:00,0.0766
17/11/2014 02:15:00,0.227933333333
17/11/2014 02:30:00,0.240333333333
17/11/2014 02:45:00,0.243733333333
17/11/2014 03:00:00,0.240133333333
17/11/2014 03:15:00,0.2468
17/11/2014 03:30:00,0.213266666667
17/11/2014 03:45:00,0.2216
17/11/2014 04:00:00,0.2256
17/11/2014 04:15:00,0.252866666667
17/11/2014 04:30:00,0.283933333333
17/11/2014 04:45:00,0.272866666667
17/11/2014 05:00:00,0.265333333333
17/11/2014 05:15:00,0.203733333333
17/11/2014 05:30:00,0.262533333333
17/11/2014 05:45:00,0.331733333333
17/11/2014 06:00:00,0.653866666667
17/11/2014 06:15:00,0.486
17/11/2014 06:30:00,0.309333333333
17/11/2014 06:45:00,0.4776
17/11/2014 07:00:00,0.610666666667
17/11/2014 07:15:00,0.6282
17/11/2014 07:30:00,0.414133333333
17/11/2014 07:45:00,0.278466666667
17/11/2014 08:00:00,0.278733333333
17/11/2014 08:15:00,0.236866666667
17/11/2014 08:30:00,0.1934
17/11/2014 08:45:00,0.192933333333
17/11/2014 09:00:00,0.293733333333
17/11/2014 09:15:00,0.210533333333
17/11/2014 09:30:00,0.164733333333
17/11/2014 09:45:00,0.1612
17/11/2014 10:00:00,0.1878
17/11/2014 10:15:00,0.229266666667
17/11/2014 10:30:00,0.1828
17/11/2014 10:45:00,0.2364
17/11/2014 11:00:00,0.213466666667
17/11/2014 11:15:00,0.181933333333
17/11/2014 11:30:00,0.1986
17/11/2014 11:45:00,0.1816
17/11/2014 12:00:00,0.256
17/11/2014 12:15:00,0.252733333333
17/11/2014 12:30:00,0.213533333333
17/11/2014 12:45:00,0.203066666667
17/11/2014 13:00:00,0.1782
17/11/2014 13:15:00,0.178066666667
17/11/2014 13:30:00,0.183666666667
17/11/2014 13:45:00,0.194533333333
17/11/2014 14:00:00,0.184866666667
17/11/2014 14:15:00,0.2146
17/11/2014 14:30:00,0.152733333333
17/11/2014 14:45:00,0.141266666667
17/11/2014 15:00:00,0.137333333333
17/11/2014 15:15:00,0.113333333333
17/11/2014 15:30:00,0.135
17/11/2014 15:45:00,0.140333333333
17/11/2014 16:00:00,0.130266666667
17/11/2014 16:15:00,0.05
17/11/2014 16:30:00,0.0904666666667
17/11/2014 16:45:00,0.123533333333
17/11/2014 17:00:00,0.01
17/11/2014 17:15:00,0.01
17/11/2014 17:30:00,0.075
17/11/2014 17:45:00,0.1006
17/11/2014 18:00:00,0.1114
17/11/2014 18:15:00,0.140533333333
17/11/2014 18:30:00,0.1406
17/11/2014 18:45:00,0.418066666667
17/11/2014 19:00:00,0.186866666667
17/11/2014 19:15:00,0.2096
17/11/2014 19:30:00,0.165666666667
17/11/2014 19:45:00,0.213066666667
17/11/2014 20:00:00,0.213
17/11/2014 20:15:00,0.213133333333
17/11/2014 20:30:00,0.140666666667
17/11/2014 20:45:00,0.228866666667
17/11/2014 21:00:00,0.0915333333333
17/11/2014 21:15:00,0.01
17/11/2014 21:30:00,0.01
17/11/2014 21:45:00,0.01
17/11/2014 22:00:00,0.01
17/11/2014 22:15:00,0.01
17/11/2014 22:30:00,0.0100666666667
17/11/2014 22:45:00,0.01
17/11/2014 23:00:00,0.01
17/11/2014 23:15:00,0.01
17/11/2014 23:30:00,0.01
17/11/2014 23:45:00,0.01
18/11/2014 00:00:00,0.01
18/11/2014 00:15:00,0.01
18/11/2014 00:30:00,0.01
18/11/2014 00:45:00,0.01
18/11/2014 01:00:00,0.01
18/11/2014 01:15:00,0.01
18/11/2014 01:30:00,0.01
18/11/2014 01:45:00,0.01
18/11/2014 02:00:00,0.01
18/11/2014 02:15:00,0.01
18/11/2014 02:30:00,0.01
18/11/2014 02:45:00,0.00973333333333
18/11/2014 03:00:00,0.0106
18/11/2014 03:15:00,0.1474
18/11/2014 03:30:00,0.1392
18/11/2014 03:45:00,0.132266666667
18/11/2014 04:00:00,0.131933333333
18/11/2014 04:15:00,0.121
18/11/2014 04:30:00,0.0259333333333
18/11/2014 04:45:00,0.2198
18/11/2014 05:00:00,0.2164
18/11/2014 05:15:00,0.216066666667
18/11/2014 05:30:00,0.219466666667
18/11/2014 05:45:00,0.3496
18/11/2014 06:00:00,0.504133333333
18/11/2014 06:15:00,0.307066666667
18/11/2014 06:30:00,0.203266666667
18/11/2014 06:45:00,0.3582
18/11/2014 07:00:00,0.348733333333
18/11/2014 07:15:00,0.275333333333
18/11/2014 07:30:00,0.279
18/11/2014 07:45:00,0.4798
18/11/2014 08:00:00,0.445333333333
18/11/2014 08:15:00,0.207933333333
18/11/2014 08:30:00,0.248933333333
18/11/2014 08:45:00,0.257133333333
18/11/2014 09:00:00,0.161466666667
18/11/2014 09:15:00,0.1588
18/11/2014 09:30:00,0.141866666667
18/11/2014 09:45:00,0.1354
18/11/2014 10:00:00,0.01
18/11/2014 10:15:00,0.1392
18/11/2014 10:30:00,0.217
18/11/2014 10:45:00,0.208533333333
18/11/2014 11:00:00,0.2052
18/11/2014 11:15:00,0.1912
18/11/2014 11:30:00,0.213066666667
18/11/2014 11:45:00,0.203733333333
18/11/2014 12:00:00,0.295266666667
18/11/2014 12:15:00,0.228533333333
18/11/2014 12:30:00,0.1568
18/11/2014 12:45:00,0.160466666667
18/11/2014 13:00:00,0.154533333333
18/11/2014 13:15:00,0.0944
18/11/2014 13:30:00,0.0851333333333
18/11/2014 13:45:00,0.115933333333
18/11/2014 14:00:00,0.1344
18/11/2014 14:15:00,0.1284
18/11/2014 14:30:00,0.1066
18/11/2014 14:45:00,0.0429333333333
18/11/2014 15:00:00,0.134733333333
18/11/2014 15:15:00,0.0102666666667
18/11/2014 15:30:00,0.1272
18/11/2014 15:45:00,0.0105333333333
18/11/2014 16:00:00,0.130866666667
18/11/2014 16:15:00,0.01
18/11/2014 16:30:00,0.127133333333
18/11/2014 16:45:00,0.01
18/11/2014 17:00:00,0.01
18/11/2014 17:15:00,0.01
18/11/2014 17:30:00,0.01
18/11/2014 17:45:00,0.01
18/11/2014 18:00:00,0.01
18/11/2014 18:15:00,0.00933333333333
18/11/2014 18:30:00,0.0092
18/11/2014 18:45:00,0.01
18/11/2014 19:00:00,0.128333333333
18/11/2014 19:15:00,0.130533333333
18/11/2014 19:30:00,0.0743333333333
18/11/2014 19:45:00,0.0692
18/11/2014 20:00:00,0.136733333333
18/11/2014 20:15:00,0.129733333333
18/11/2014 20:30:00,0.0798666666667
18/11/2014 20:45:00,0.0609333333333
18/11/2014 21:00:00,0.1432
18/11/2014 21:15:00,0.146666666667
18/11/2014 21:30:00,0.01
18/11/2014 21:45:00,0.01
18/11/2014 22:00:00,0.01
18/11/2014 22:15:00,0.01
18/11/2014 22:30:00,0.01
18/11/2014 22:45:00,0.01
18/11/2014 23:00:00,0.01
18/11/2014 23:15:00,0.01
18/11/2014 23:30:00,0.01
18/11/2014 23:45:00,0.01
19/11/2014 00:00:00,0.01
19/11/2014 00:15:00,0.01
19/11/2014 00:30:00,0.01
19/11/2014 00:45:00,0.01
19/11/2014 01:00:00,0.01
19/11/2014 01:15:00,0.01
19/11/2014 01:30:00,0.01
19/11/2014 01:45:00,0.01
19/11/2014 02:00:00,0.01
19/11/2014 02:15:00,0.01
19/11/2014 02:30:00,0.01
19/11/2014 02:45:00,0.01
19/11/2014 03:00:00,0.01
19/11/2014 03:15:00,0.01
19/11/2014 03:30:00,0.01
19/11/2014 03:45:00,0.01
19/11/2014 04:00:00,0.0530666666667
19/11/2014 04:15:00,0.223533333333
19/11/2014 04:30:00,0.244866666667
19/11/2014 04:45:00,0.236533333333
19/11/2014 05:00:00,0.01
19/11/2014 05:15:00,0.222466666667
19/11/2014 05:30:00,0.136733333333
19/11/2014 05:45:00,0.423066666667
19/11/2014 06:00:00,0.641666666667
19/11/2014 06:15:00,0.119066666667
19/11/2014 06:30:00,0.449133333333
19/11/2014 06:45:00,0.331933333333
19/11/2014 07:00:00,0.1954
19/11/2014 07:15:00,0.265466666667
19/11/2014 07:30:00,0.377666666667
19/11/2014 07:45:00,0.3286
19/11/2014 08:00:00,0.542533333333
19/11/2014 08:15:00,0.462133333333
19/11/2014 08:30:00,0.219866666667
19/11/2014 08:45:00,0.249866666667
19/11/2014 09:00:00,0.229533333333
19/11/2014 09:15:00,0.2138
19/11/2014 09:30:00,0.174333333333
19/11/2014 09:45:00,0.2592
19/11/2014 10:00:00,0.214666666667
19/11/2014 10:15:00,0.141666666667
19/11/2014 10:30:00,0.0871333333333
19/11/2014 10:45:00,0.0985333333333
19/11/2014 11:00:00,0.147666666667
19/11/2014 11:15:00,0.134333333333
19/11/2014 11:30:00,0.0204666666667
19/11/2014 11:45:00,0.119866666667
19/11/2014 12:00:00,0.01
19/11/2014 12:15:00,0.01
19/11/2014 12:30:00,0.01
19/11/2014 12:45:00,0.01
19/11/2014 13:00:00,0.01
19/11/2014 13:15:00,0.01
19/11/2014 13:30:00,0.01
19/11/2014 13:45:00,0.01
19/11/2014 14:00:00,0.01
19/11/2014 14:15:00,0.01
19/11/2014 14:30:00,0.01
19/11/2014 14:45:00,0.01
19/11/2014 15:00:00,0.01
19/11/2014 15:15:00,0.01
19/11/2014 15:30:00,0.01
19/11/2014 15:45:00,0.01
19/11/2014 16:00:00,0.01
19/11/2014 16:15:00,0.01
19/11/2014 16:30:00,0.01
19/11/2014 16:45:00,0.01
19/11/2014 17:00:00,0.01
19/11/2014 17:15:00,0.01
19/11/2014 17:30:00,0.00953333333333
19/11/2014 17:45:00,0.00926666666667
19/11/2014 18:00:00,0.01
19/11/2014 18:15:00,0.01
19/11/2014 18:30:00,0.01
19/11/2014 18:45:00,0.01
19/11/2014 19:00:00,0.01
19/11/2014 19:15:00,0.01
19/11/2014 19:30:00,0.01
19/11/2014 19:45:00,0.0104
19/11/2014 20:00:00,0.011
19/11/2014 20:15:00,0.0106
19/11/2014 20:30:00,0.01
19/11/2014 20:45:00,0.01
19/11/2014 21:00:00,0.0102
19/11/2014 21:15:00,0.011
19/11/2014 21:30:00,0.011
19/11/2014 21:45:00,0.0108
19/11/2014 22:00:00,0.01
19/11/2014 22:15:00,0.01
19/11/2014 22:30:00,0.01
19/11/2014 22:45:00,0.01
19/11/2014 23:00:00,0.01
19/11/2014 23:15:00,0.01
19/11/2014 23:30:00,0.01
19/11/2014 23:45:00,0.01
20/11/2014 00:00:00,0.01
20/11/2014 00:15:00,0.01
20/11/2014 00:30:00,0.01
20/11/2014 00:45:00,0.01
20/11/2014 01:00:00,0.01
20/11/2014 01:15:00,0.01
20/11/2014 01:30:00,0.01
20/11/2014 01:45:00,0.01
20/11/2014 02:00:00,0.01
20/11/2014 02:15:00,0.01
20/11/2014 02:30:00,0.01
20/11/2014 02:45:00,0.01
20/11/2014 03:00:00,0.01
20/11/2014 03:15:00,0.01
20/11/2014 03:30:00,0.01
20/11/2014 03:45:00,0.01
20/11/2014 04:00:00,0.01
20/11/2014 04:15:00,0.01
20/11/2014 04:30:00,0.01
20/11/2014 04:45:00,0.01
20/11/2014 05:00:00,0.01
20/11/2014 05:15:00,0.01
20/11/2014 05:30:00,0.01
20/11/2014 05:45:00,0.01
20/11/2014 06:00:00,0.473666666667
20/11/2014 06:15:00,0.180533333333
20/11/2014 06:30:00,0.150666666667
20/11/2014 06:45:00,0.172066666667
20/11/2014 07:00:00,0.161533333333
20/11/2014 07:15:00,0.3992
20/11/2014 07:30:00,0.0807333333333
20/11/2014 07:45:00,0.301133333333
20/11/2014 08:00:00,0.3962
20/11/2014 08:15:00,0.200866666667
20/11/2014 08:30:00,0.116666666667
20/11/2014 08:45:00,0.0650666666667
20/11/2014 09:00:00,0.0999333333333
20/11/2014 09:15:00,0.130133333333
20/11/2014 09:30:00,0.092
20/11/2014 09:45:00,0.0422
20/11/2014 10:00:00,0.01
20/11/2014 10:15:00,0.01
20/11/2014 10:30:00,0.107066666667
20/11/2014 10:45:00,0.18
20/11/2014 11:00:00,0.146066666667
20/11/2014 11:15:00,0.146133333333
20/11/2014 11:30:00,0.1394
20/11/2014 11:45:00,0.1384
20/11/2014 12:00:00,0.1424
20/11/2014 12:15:00,0.0139333333333
20/11/2014 12:30:00,0.125
20/11/2014 12:45:00,0.125666666667
20/11/2014 13:00:00,0.01
20/11/2014 13:15:00,0.01
20/11/2014 13:30:00,0.01
20/11/2014 13:45:00,0.01
20/11/2014 14:00:00,0.0100666666667
20/11/2014 14:15:00,0.011
20/11/2014 14:30:00,0.011
20/11/2014 14:45:00,0.011
20/11/2014 15:00:00,0.011
20/11/2014 15:15:00,0.0102666666667
20/11/2014 15:30:00,0.01
20/11/2014 15:45:00,0.01
20/11/2014 16:00:00,0.01
20/11/2014 16:15:00,0.01
20/11/2014 16:30:00,0.01
20/11/2014 16:45:00,0.01
20/11/2014 17:00:00,0.01
20/11/2014 17:15:00,0.01
20/11/2014 17:30:00,0.01
20/11/2014 17:45:00,0.01
20/11/2014 18:00:00,0.01
20/11/2014 18:15:00,0.01
20/11/2014 18:30:00,0.01
20/11/2014 18:45:00,0.01
20/11/2014 19:00:00,0.0103333333333
20/11/2014 19:15:00,0.011
20/11/2014 19:30:00,0.0108
20/11/2014 19:45:00,0.0105333333333
20/11/2014 20:00:00,0.0101333333333
20/11/2014 20:15:00,0.01
20/11/2014 20:30:00,0.0109333333333
20/11/2014 20:45:00,0.0105333333333
20/11/2014 21:00:00,0.0109333333333
20/11/2014 21:15:00,0.011
20/11/2014 21:30:00,0.0104
20/11/2014 21:45:00,0.01
20/11/2014 22:00:00,0.0106666666667
20/11/2014 22:15:00,0.01
20/11/2014 22:30:00,0.01
20/11/2014 22:45:00,0.01
20/11/2014 23:00:00,0.01
20/11/2014 23:15:00,0.01
20/11/2014 23:30:00,0.01
20/11/2014 23:45:00,0.01
21/11/2014 00:00:00,0.01
21/11/2014 00:15:00,0.01
21/11/2014 00:30:00,0.01
21/11/2014 00:45:00,0.01
21/11/2014 01:00:00,0.01
21/11/2014 01:15:00,0.01
21/11/2014 01:30:00,0.01
21/11/2014 01:45:00,0.01
21/11/2014 02:00:00,0.01
21/11/2014 02:15:00,0.01
21/11/2014 02:30:00,0.01
21/11/2014 02:45:00,0.01
21/11/2014 03:00:00,0.01
21/11/2014 03:15:00,0.01
21/11/2014 03:30:00,0.01
21/11/2014 03:45:00,0.01
21/11/2014 04:00:00,0.01
21/11/2014 04:15:00,0.01
21/11/2014 04:30:00,0.01
21/11/2014 04:45:00,0.01
21/11/2014 05:00:00,0.01
21/11/2014 05:15:00,0.01
21/11/2014 05:30:00,0.01
21/11/2014 05:45:00,0.01
21/11/2014 06:00:00,0.01
21/11/2014 06:15:00,0.01
21/11/2014 06:30:00,0.01
21/11/2014 06:45:00,0.01
21/11/2014 07:00:00,0.00993333333333
21/11/2014 07:15:00,0.01
21/11/2014 07:30:00,0.1334
21/11/2014 07:45:00,0.1388
21/11/2014 08:00:00,0.01
21/11/2014 08:15:00,0.1316
21/11/2014 08:30:00,0.128066666667
21/11/2014 08:45:00,0.01
21/11/2014 09:00:00,0.01
21/11/2014 09:15:00,0.01
21/11/2014 09:30:00,0.01
21/11/2014 09:45:00,0.01
21/11/2014 10:00:00,0.01
21/11/2014 10:15:00,0.0096
21/11/2014 10:30:00,0.01
21/11/2014 10:45:00,0.01
21/11/2014 11:00:00,0.01
21/11/2014 11:15:00,0.01
21/11/2014 11:30:00,0.01
21/11/2014 11:45:00,0.01
21/11/2014 12:00:00,0.01
21/11/2014 12:15:00,0.01
21/11/2014 12:30:00,0.01
21/11/2014 12:45:00,0.01
21/11/2014 13:00:00,0.01
21/11/2014 13:15:00,0.01
21/11/2014 13:30:00,0.01
21/11/2014 13:45:00,0.01
21/11/2014 14:00:00,0.01
21/11/2014 14:15:00,0.00973333333333
21/11/2014 14:30:00,0.00966666666667
21/11/2014 14:45:00,0.00946666666667
21/11/2014 15:00:00,0.01
21/11/2014 15:15:00,0.01
21/11/2014 15:30:00,0.01
21/11/2014 15:45:00,0.01
21/11/2014 16:00:00,0.01
21/11/2014 16:15:00,0.01
21/11/2014 16:30:00,0.01
21/11/2014 16:45:00,0.01
21/11/2014 17:00:00,0.01
21/11/2014 17:15:00,0.01
21/11/2014 17:30:00,0.0100666666667
21/11/2014 17:45:00,0.01
21/11/2014 18:00:00,0.01
21/11/2014 18:15:00,0.01
21/11/2014 18:30:00,0.01
21/11/2014 18:45:00,0.01
21/11/2014 19:00:00,0.01
21/11/2014 19:15:00,0.01
21/11/2014 19:30:00,0.01
21/11/2014 19:45:00,0.01
21/11/2014 20:00:00,0.01
21/11/2014 20:15:00,0.01
21/11/2014 20:30:00,0.01
21/11/2014 20:45:00,0.01
21/11/2014 21:00:00,0.01
21/11/2014 21:15:00,0.01
21/11/2014 21:30:00,0.01
21/11/2014 21:45:00,0.01
21/11/2014 22:00:00,0.01
21/11/2014 22:15:00,0.01
21/11/2014 22:30:00,0.01
21/11/2014 22:45:00,0.01
21/11/2014 23:00:00,0.01
21/11/2014 23:15:00,0.01
21/11/2014 23:30:00,0.01
21/11/2014 23:45:00,0.01
22/11/2014 00:00:00,0.01
22/11/2014 00:15:00,0.01
22/11/2014 00:30:00,0.01
22/11/2014 00:45:00,0.01
22/11/2014 01:00:00,0.01
22/11/2014 01:15:00,0.01
22/11/2014 01:30:00,0.01
22/11/2014 01:45:00,0.01
22/11/2014 02:00:00,0.01
22/11/2014 02:15:00,0.01
22/11/2014 02:30:00,0.01
22/11/2014 02:45:00,0.01
22/11/2014 03:00:00,0.0102666666667
22/11/2014 03:15:00,0.0105333333333
22/11/2014 03:30:00,0.01
22/11/2014 03:45:00,0.01
22/11/2014 04:00:00,0.01
22/11/2014 04:15:00,0.01
22/11/2014 04:30:00,0.01
22/11/2014 04:45:00,0.01
22/11/2014 05:00:00,0.01
22/11/2014 05:15:00,0.01
22/11/2014 05:30:00,0.01
22/11/2014 05:45:00,0.01
22/11/2014 06:00:00,0.01
22/11/2014 06:15:00,0.01
22/11/2014 06:30:00,0.01
22/11/2014 06:45:00,0.01
22/11/2014 07:00:00,0.00973333333333
22/11/2014 07:15:00,0.00906666666667
22/11/2014 07:30:00,0.0096
22/11/2014 07:45:00,0.01
22/11/2014 08:00:00,0.01
22/11/2014 08:15:00,0.01
22/11/2014 08:30:00,0.00973333333333
22/11/2014 08:45:00,0.00906666666667
22/11/2014 09:00:00,0.00926666666667
22/11/2014 09:15:00,0.01
22/11/2014 09:30:00,0.01
22/11/2014 09:45:00,0.01
22/11/2014 10:00:00,0.01
22/11/2014 10:15:00,0.0092
22/11/2014 10:30:00,0.00913333333333
22/11/2014 10:45:00,0.0098
22/11/2014 11:00:00,0.01
22/11/2014 11:15:00,0.01
22/11/2014 11:30:00,0.01
22/11/2014 11:45:00,0.00946666666667
22/11/2014 12:00:00,0.00913333333333
22/11/2014 12:15:00,0.00986666666667
22/11/2014 12:30:00,0.01
22/11/2014 12:45:00,0.01
22/11/2014 13:00:00,0.01
22/11/2014 13:15:00,0.0098
22/11/2014 13:30:00,0.00993333333333
22/11/2014 13:45:00,0.00986666666667
22/11/2014 14:00:00,0.01
22/11/2014 14:15:00,0.01
22/11/2014 14:30:00,0.01
22/11/2014 14:45:00,0.01
22/11/2014 15:00:00,0.0094
22/11/2014 15:15:00,0.01
22/11/2014 15:30:00,0.01
22/11/2014 15:45:00,0.01
22/11/2014 16:00:00,0.01
22/11/2014 16:15:00,0.01
22/11/2014 16:30:00,0.00986666666667
22/11/2014 16:45:00,0.01
22/11/2014 17:00:00,0.01
22/11/2014 17:15:00,0.01
22/11/2014 17:30:00,0.01
22/11/2014 17:45:00,0.01
22/11/2014 18:00:00,0.01
22/11/2014 18:15:00,0.00913333333333
22/11/2014 18:30:00,0.009
22/11/2014 18:45:00,0.00973333333333
22/11/2014 19:00:00,0.01
22/11/2014 19:15:00,0.01
22/11/2014 19:30:00,0.01
22/11/2014 19:45:00,0.00973333333333
22/11/2014 20:00:00,0.00993333333333
22/11/2014 20:15:00,0.0102666666667
22/11/2014 20:30:00,0.0104
22/11/2014 20:45:00,0.01
22/11/2014 21:00:00,0.01
22/11/2014 21:15:00,0.0102
22/11/2014 21:30:00,0.0098
22/11/2014 21:45:00,0.00986666666667
22/11/2014 22:00:00,0.01
22/11/2014 22:15:00,0.01
22/11/2014 22:30:00,0.01
22/11/2014 22:45:00,0.01
22/11/2014 23:00:00,0.01
22/11/2014 23:15:00,0.01
22/11/2014 23:30:00,0.01
22/11/2014 23:45:00,0.01
23/11/2014 00:00:00,0.01
23/11/2014 00:15:00,0.01
23/11/2014 00:30:00,0.01
23/11/2014 00:45:00,0.01
23/11/2014 01:00:00,0.01
23/11/2014 01:15:00,0.01
23/11/2014 01:30:00,0.01
23/11/2014 01:45:00,0.01
23/11/2014 02:00:00,0.01
23/11/2014 02:15:00,0.01
23/11/2014 02:30:00,0.01
23/11/2014 02:45:00,0.01
23/11/2014 03:00:00,0.01
23/11/2014 03:15:00,0.01
23/11/2014 03:30:00,0.01
23/11/2014 03:45:00,0.01
23/11/2014 04:00:00,0.01
23/11/2014 04:15:00,0.01
23/11/2014 04:30:00,0.01
23/11/2014 04:45:00,0.01
23/11/2014 05:00:00,0.01
23/11/2014 05:15:00,0.01
23/11/2014 05:30:00,0.01
23/11/2014 05:45:00,0.01
23/11/2014 06:00:00,0.01
23/11/2014 06:15:00,0.01
23/11/2014 06:30:00,0.01
23/11/2014 06:45:00,0.01
23/11/2014 07:00:00,0.01
23/11/2014 07:15:00,0.01
23/11/2014 07:30:00,0.01
23/11/2014 07:45:00,0.01
23/11/2014 08:00:00,0.01
23/11/2014 08:15:00,0.0100666666667
23/11/2014 08:30:00,0.01
23/11/2014 08:45:00,0.01
23/11/2014 09:00:00,0.01
23/11/2014 09:15:00,0.01
23/11/2014 09:30:00,0.01
23/11/2014 09:45:00,0.01
23/11/2014 10:00:00,0.01
23/11/2014 10:15:00,0.01
23/11/2014 10:30:00,0.01
23/11/2014 10:45:00,0.01
23/11/2014 11:00:00,0.01
23/11/2014 11:15:00,0.01
23/11/2014 11:30:00,0.01
23/11/2014 11:45:00,0.0101333333333
23/11/2014 12:00:00,0.01
23/11/2014 12:15:00,0.01
23/11/2014 12:30:00,0.01
23/11/2014 12:45:00,0.01
23/11/2014 13:00:00,0.01
23/11/2014 13:15:00,0.01
23/11/2014 13:30:00,0.01
23/11/2014 13:45:00,0.01
23/11/2014 14:00:00,0.011
23/11/2014 14:15:00,0.011
23/11/2014 14:30:00,0.011
23/11/2014 14:45:00,0.0103333333333
23/11/2014 15:00:00,0.01
23/11/2014 15:15:00,0.01
23/11/2014 15:30:00,0.0104666666667
23/11/2014 15:45:00,0.0101333333333
23/11/2014 16:00:00,0.01
23/11/2014 16:15:00,0.01
23/11/2014 16:30:00,0.00973333333333
23/11/2014 16:45:00,0.00953333333333
23/11/2014 17:00:00,0.01
23/11/2014 17:15:00,0.0098
23/11/2014 17:30:00,0.0098
23/11/2014 17:45:00,0.01
23/11/2014 18:00:00,0.0096
23/11/2014 18:15:00,0.00926666666667
23/11/2014 18:30:00,0.009
23/11/2014 18:45:00,0.009
23/11/2014 19:00:00,0.00953333333333
23/11/2014 19:15:00,0.01
23/11/2014 19:30:00,0.01
23/11/2014 19:45:00,0.01
23/11/2014 20:00:00,0.01
23/11/2014 20:15:00,0.01
23/11/2014 20:30:00,0.0106666666667
23/11/2014 20:45:00,0.0104
23/11/2014 21:00:00,0.0104666666667
23/11/2014 21:15:00,0.01
23/11/2014 21:30:00,0.01
23/11/2014 21:45:00,0.01
23/11/2014 22:00:00,0.01
23/11/2014 22:15:00,0.0100666666667
23/11/2014 22:30:00,0.01
23/11/2014 22:45:00,0.01
23/11/2014 23:00:00,0.01
23/11/2014 23:15:00,0.01
23/11/2014 23:30:00,0.01
23/11/2014 23:45:00,0.01
24/11/2014 00:00:00,0.01
24/11/2014 00:15:00,0.01
24/11/2014 00:30:00,0.01
24/11/2014 00:45:00,0.01
24/11/2014 01:00:00,0.01
24/11/2014 01:15:00,0.01
24/11/2014 01:30:00,0.01
24/11/2014 01:45:00,0.01
24/11/2014 02:00:00,0.01
24/11/2014 02:15:00,0.01
24/11/2014 02:30:00,0.01
24/11/2014 02:45:00,0.01
24/11/2014 03:00:00,0.01
24/11/2014 03:15:00,0.01
24/11/2014 03:30:00,0.01
24/11/2014 03:45:00,0.01
24/11/2014 04:00:00,0.01
24/11/2014 04:15:00,0.01
24/11/2014 04:30:00,0.01
24/11/2014 04:45:00,0.01
24/11/2014 05:00:00,0.01
24/11/2014 05:15:00,0.01
24/11/2014 05:30:00,0.00993333333333
24/11/2014 05:45:00,0.00986666666667
24/11/2014 06:00:00,0.01
24/11/2014 06:15:00,0.128133333333
24/11/2014 06:30:00,0.0096
24/11/2014 06:45:00,0.01
24/11/2014 07:00:00,0.01
24/11/2014 07:15:00,0.01
24/11/2014 07:30:00,0.00986666666667
24/11/2014 07:45:00,0.140666666667
24/11/2014 08:00:00,0.0146
24/11/2014 08:15:00,0.1372
24/11/2014 08:30:00,0.1368
24/11/2014 08:45:00,0.00973333333333
24/11/2014 09:00:00,0.01
24/11/2014 09:15:00,0.01
24/11/2014 09:30:00,0.01
24/11/2014 09:45:00,0.01
24/11/2014 10:00:00,0.01
24/11/2014 10:15:00,0.01
24/11/2014 10:30:00,0.01
24/11/2014 10:45:00,0.01
24/11/2014 11:00:00,0.01
24/11/2014 11:15:00,0.01
24/11/2014 11:30:00,0.01
24/11/2014 11:45:00,0.01
24/11/2014 12:00:00,0.01
24/11/2014 12:15:00,0.01
24/11/2014 12:30:00,0.01
24/11/2014 12:45:00,0.01
24/11/2014 13:00:00,0.01
24/11/2014 13:15:00,0.01
24/11/2014 13:30:00,0.01
24/11/2014 13:45:00,0.01
24/11/2014 14:00:00,0.01
24/11/2014 14:15:00,0.01
24/11/2014 14:30:00,0.01
24/11/2014 14:45:00,0.0100666666667
24/11/2014 15:00:00,0.01
24/11/2014 15:15:00,0.01
24/11/2014 15:30:00,0.01
24/11/2014 15:45:00,0.01
24/11/2014 16:00:00,0.01
24/11/2014 16:15:00,0.01
24/11/2014 16:30:00,0.01
24/11/2014 16:45:00,0.01
24/11/2014 17:00:00,0.01
24/11/2014 17:15:00,0.01
24/11/2014 17:30:00,0.01
24/11/2014 17:45:00,0.01
24/11/2014 18:00:00,0.01
24/11/2014 18:15:00,0.01
24/11/2014 18:30:00,0.01
24/11/2014 18:45:00,0.01
24/11/2014 19:00:00,0.01
24/11/2014 19:15:00,0.0101333333333
24/11/2014 19:30:00,0.01
24/11/2014 19:45:00,0.01
24/11/2014 20:00:00,0.0103333333333
24/11/2014 20:15:00,0.011
24/11/2014 20:30:00,0.011
24/11/2014 20:45:00,0.011
24/11/2014 21:00:00,0.011
24/11/2014 21:15:00,0.011
24/11/2014 21:30:00,0.011
24/11/2014 21:45:00,0.011
24/11/2014 22:00:00,0.011
24/11/2014 22:15:00,0.0100666666667
24/11/2014 22:30:00,0.0106666666667
24/11/2014 22:45:00,0.0102
24/11/2014 23:00:00,0.01
24/11/2014 23:15:00,0.01
24/11/2014 23:30:00,0.01
24/11/2014 23:45:00,0.01
25/11/2014 00:00:00,0.01
25/11/2014 00:15:00,0.01
25/11/2014 00:30:00,0.01
25/11/2014 00:45:00,0.01
25/11/2014 01:00:00,0.01
25/11/2014 01:15:00,0.01
25/11/2014 01:30:00,0.01
25/11/2014 01:45:00,0.01
25/11/2014 02:00:00,0.01
25/11/2014 02:15:00,0.01
25/11/2014 02:30:00,0.01
25/11/2014 02:45:00,0.01
25/11/2014 03:00:00,0.01
25/11/2014 03:15:00,0.01
25/11/2014 03:30:00,0.01
25/11/2014 03:45:00,0.01
25/11/2014 04:00:00,0.01
25/11/2014 04:15:00,0.01
25/11/2014 04:30:00,0.01
25/11/2014 04:45:00,0.01
25/11/2014 05:00:00,0.143
25/11/2014 05:15:00,0.01
25/11/2014 05:30:00,0.01
25/11/2014 05:45:00,0.0115333333333
25/11/2014 06:00:00,0.610733333333
25/11/2014 06:15:00,0.0653333333333
25/11/2014 06:30:00,0.3372
25/11/2014 06:45:00,0.3114
25/11/2014 07:00:00,0.1856
25/11/2014 07:15:00,0.198
25/11/2014 07:30:00,0.201266666667
25/11/2014 07:45:00,0.1982
25/11/2014 08:00:00,0.173533333333
25/11/2014 08:15:00,0.173533333333
25/11/2014 08:30:00,0.1562
25/11/2014 08:45:00,0.279466666667
25/11/2014 09:00:00,0.146933333333
25/11/2014 09:15:00,0.093
25/11/2014 09:30:00,0.109266666667
25/11/2014 09:45:00,0.1342
25/11/2014 10:00:00,0.01
25/11/2014 10:15:00,0.01
25/11/2014 10:30:00,0.01
25/11/2014 10:45:00,0.01
25/11/2014 11:00:00,0.01
25/11/2014 11:15:00,0.01
25/11/2014 11:30:00,0.01
25/11/2014 11:45:00,0.01
25/11/2014 12:00:00,0.01
25/11/2014 12:15:00,0.01
25/11/2014 12:30:00,0.01
25/11/2014 12:45:00,0.01
25/11/2014 13:00:00,0.01
25/11/2014 13:15:00,0.01
25/11/2014 13:30:00,0.01
25/11/2014 13:45:00,0.01
25/11/2014 14:00:00,0.01
25/11/2014 14:15:00,0.01
25/11/2014 14:30:00,0.01
25/11/2014 14:45:00,0.01
25/11/2014 15:00:00,0.01
25/11/2014 15:15:00,0.01
25/11/2014 15:30:00,0.01
25/11/2014 15:45:00,0.01
25/11/2014 16:00:00,0.01
25/11/2014 16:15:00,0.01
25/11/2014 16:30:00,0.01
25/11/2014 16:45:00,0.01
25/11/2014 17:00:00,0.01
25/11/2014 17:15:00,0.01
25/11/2014 17:30:00,0.01
25/11/2014 17:45:00,0.01
25/11/2014 18:00:00,0.01
25/11/2014 18:15:00,0.0108
25/11/2014 18:30:00,0.0101333333333
25/11/2014 18:45:00,0.01
25/11/2014 19:00:00,0.01
25/11/2014 19:15:00,0.01
25/11/2014 19:30:00,0.1282
25/11/2014 19:45:00,0.0103333333333
25/11/2014 20:00:00,0.127533333333
25/11/2014 20:15:00,0.01
25/11/2014 20:30:00,0.0108
25/11/2014 20:45:00,0.011
25/11/2014 21:00:00,0.011
25/11/2014 21:15:00,0.011
25/11/2014 21:30:00,0.0105333333333
25/11/2014 21:45:00,0.01
25/11/2014 22:00:00,0.01
25/11/2014 22:15:00,0.01
25/11/2014 22:30:00,0.01
25/11/2014 22:45:00,0.01
25/11/2014 23:00:00,0.01
25/11/2014 23:15:00,0.01
25/11/2014 23:30:00,0.01
25/11/2014 23:45:00,0.01
26/11/2014 00:00:00,0.01
26/11/2014 00:15:00,0.01
26/11/2014 00:30:00,0.01
26/11/2014 00:45:00,0.01
26/11/2014 01:00:00,0.01
26/11/2014 01:15:00,0.01
26/11/2014 01:30:00,0.01
26/11/2014 01:45:00,0.01
26/11/2014 02:00:00,0.01
26/11/2014 02:15:00,0.01
26/11/2014 02:30:00,0.01
26/11/2014 02:45:00,0.01
26/11/2014 03:00:00,0.01
26/11/2014 03:15:00,0.01
26/11/2014 03:30:00,0.01
26/11/2014 03:45:00,0.01
26/11/2014 04:00:00,0.01
26/11/2014 04:15:00,0.01
26/11/2014 04:30:00,0.01
26/11/2014 04:45:00,0.01
26/11/2014 05:00:00,0.01
26/11/2014 05:15:00,0.01
26/11/2014 05:30:00,0.01
26/11/2014 05:45:00,0.01
26/11/2014 06:00:00,0.586
26/11/2014 06:15:00,0.0761333333333
26/11/2014 06:30:00,0.171133333333
26/11/2014 06:45:00,0.181533333333
26/11/2014 07:00:00,0.215866666667
26/11/2014 07:15:00,0.1922
26/11/2014 07:30:00,0.2546
26/11/2014 07:45:00,0.393333333333
26/11/2014 08:00:00,0.302533333333
26/11/2014 08:15:00,0.232066666667
26/11/2014 08:30:00,0.1684
26/11/2014 08:45:00,0.1844
26/11/2014 09:00:00,0.530266666667
26/11/2014 09:15:00,0.259
26/11/2014 09:30:00,0.2212
26/11/2014 09:45:00,0.233533333333
26/11/2014 10:00:00,0.235133333333
26/11/2014 10:15:00,0.1618
26/11/2014 10:30:00,0.0386666666667
26/11/2014 10:45:00,0.01
26/11/2014 11:00:00,0.01
26/11/2014 11:15:00,0.01
26/11/2014 11:30:00,0.01
26/11/2014 11:45:00,0.01
26/11/2014 12:00:00,0.01
26/11/2014 12:15:00,0.0101333333333
26/11/2014 12:30:00,0.0101333333333
26/11/2014 12:45:00,0.01
26/11/2014 13:00:00,0.01
26/11/2014 13:15:00,0.01
26/11/2014 13:30:00,0.01
26/11/2014 13:45:00,0.01
26/11/2014 14:00:00,0.01
26/11/2014 14:15:00,0.01
26/11/2014 14:30:00,0.01
26/11/2014 14:45:00,0.00873333333333
26/11/2014 15:00:00,0.00973333333333
26/11/2014 15:15:00,0.01
26/11/2014 15:30:00,0.01
26/11/2014 15:45:00,0.01
26/11/2014 16:00:00,0.01
26/11/2014 16:15:00,0.01
26/11/2014 16:30:00,0.01
26/11/2014 16:45:00,0.01
26/11/2014 17:00:00,0.01
26/11/2014 17:15:00,0.01
26/11/2014 17:30:00,0.00926666666667
26/11/2014 17:45:00,0.00946666666667
26/11/2014 18:00:00,0.01
26/11/2014 18:15:00,0.01
26/11/2014 18:30:00,0.0106666666667
26/11/2014 18:45:00,0.0104
26/11/2014 19:00:00,0.0100666666667
26/11/2014 19:15:00,0.01
26/11/2014 19:30:00,0.0108
26/11/2014 19:45:00,0.011
26/11/2014 20:00:00,0.011
26/11/2014 20:15:00,0.011
26/11/2014 20:30:00,0.0104666666667
26/11/2014 20:45:00,0.0106
26/11/2014 21:00:00,0.011
26/11/2014 21:15:00,0.011
26/11/2014 21:30:00,0.011
26/11/2014 21:45:00,0.0107333333333
26/11/2014 22:00:00,0.01
26/11/2014 22:15:00,0.01
26/11/2014 22:30:00,0.01
26/11/2014 22:45:00,0.01
26/11/2014 23:00:00,0.01
26/11/2014 23:15:00,0.01
26/11/2014 23:30:00,0.01
26/11/2014 23:45:00,0.01
27/11/2014 00:00:00,0.01
27/11/2014 00:15:00,0.01
27/11/2014 00:30:00,0.01
27/11/2014 00:45:00,0.01
27/11/2014 01:00:00,0.01
27/11/2014 01:15:00,0.01
27/11/2014 01:30:00,0.01
27/11/2014 01:45:00,0.01
27/11/2014 02:00:00,0.01
27/11/2014 02:15:00,0.01
27/11/2014 02:30:00,0.01
27/11/2014 02:45:00,0.01
27/11/2014 03:00:00,0.01
27/11/2014 03:15:00,0.01
27/11/2014 03:30:00,0.01
27/11/2014 03:45:00,0.01
27/11/2014 04:00:00,0.01
27/11/2014 04:15:00,0.01
27/11/2014 04:30:00,0.01
27/11/2014 04:45:00,0.01
27/11/2014 05:00:00,0.01
27/11/2014 05:15:00,0.01
27/11/2014 05:30:00,0.01
27/11/2014 05:45:00,0.01
27/11/2014 06:00:00,0.0546666666667
27/11/2014 06:15:00,0.2722
27/11/2014 06:30:00,0.166466666667
27/11/2014 06:45:00,0.01
27/11/2014 07:00:00,0.137933333333
27/11/2014 07:15:00,0.1386
27/11/2014 07:30:00,0.149133333333
27/11/2014 07:45:00,0.1384
27/11/2014 08:00:00,0.0958666666667
27/11/2014 08:15:00,0.0530666666667
27/11/2014 08:30:00,0.1318
27/11/2014 08:45:00,0.01
27/11/2014 09:00:00,0.01
27/11/2014 09:15:00,0.01
27/11/2014 09:30:00,0.0100666666667
27/11/2014 09:45:00,0.0100666666667
27/11/2014 10:00:00,0.0108
27/11/2014 10:15:00,0.01
27/11/2014 10:30:00,0.01
27/11/2014 10:45:00,0.01
27/11/2014 11:00:00,0.01
27/11/2014 11:15:00,0.01
27/11/2014 11:30:00,0.01
27/11/2014 11:45:00,0.01
27/11/2014 12:00:00,0.01
27/11/2014 12:15:00,0.01
27/11/2014 12:30:00,0.01
27/11/2014 12:45:00,0.01
27/11/2014 13:00:00,0.01
27/11/2014 13:15:00,0.01
27/11/2014 13:30:00,0.01
27/11/2014 13:45:00,0.01
27/11/2014 14:00:00,0.01
27/11/2014 14:15:00,0.01
27/11/2014 14:30:00,0.01
27/11/2014 14:45:00,0.01
27/11/2014 15:00:00,0.01
27/11/2014 15:15:00,0.01
27/11/2014 15:30:00,0.01
27/11/2014 15:45:00,0.01
27/11/2014 16:00:00,0.01
27/11/2014 16:15:00,0.01
27/11/2014 16:30:00,0.01
27/11/2014 16:45:00,0.01
27/11/2014 17:00:00,0.01
27/11/2014 17:15:00,0.01
27/11/2014 17:30:00,0.01
27/11/2014 17:45:00,0.01
27/11/2014 18:00:00,0.01
27/11/2014 18:15:00,0.01
27/11/2014 18:30:00,0.0100666666667
27/11/2014 18:45:00,0.0108666666667
27/11/2014 19:00:00,0.011
27/11/2014 19:15:00,0.0109333333333
27/11/2014 19:30:00,0.011
27/11/2014 19:45:00,0.0106666666667
27/11/2014 20:00:00,0.01
27/11/2014 20:15:00,0.0104666666667
27/11/2014 20:30:00,0.0107333333333
27/11/2014 20:45:00,0.0108666666667
27/11/2014 21:00:00,0.011
27/11/2014 21:15:00,0.0109333333333
27/11/2014 21:30:00,0.01
27/11/2014 21:45:00,0.0102666666667
27/11/2014 22:00:00,0.0106666666667
27/11/2014 22:15:00,0.01
27/11/2014 22:30:00,0.01
27/11/2014 22:45:00,0.01
27/11/2014 23:00:00,0.01
27/11/2014 23:15:00,0.01
27/11/2014 23:30:00,0.01
27/11/2014 23:45:00,0.01
28/11/2014 00:00:00,0.01
28/11/2014 00:15:00,0.01
28/11/2014 00:30:00,0.01
28/11/2014 00:45:00,0.01
28/11/2014 01:00:00,0.01
28/11/2014 01:15:00,0.01
28/11/2014 01:30:00,0.01
28/11/2014 01:45:00,0.01
28/11/2014 02:00:00,0.01
28/11/2014 02:15:00,0.01
28/11/2014 02:30:00,0.01
28/11/2014 02:45:00,0.01
28/11/2014 03:00:00,0.01
28/11/2014 03:15:00,0.01
28/11/2014 03:30:00,0.01
28/11/2014 03:45:00,0.01
28/11/2014 04:00:00,0.01
28/11/2014 04:15:00,0.01
28/11/2014 04:30:00,0.01
28/11/2014 04:45:00,0.01
28/11/2014 05:00:00,0.01
28/11/2014 05:15:00,0.143733333333
28/11/2014 05:30:00,0.0714666666667
28/11/2014 05:45:00,0.0719333333333
28/11/2014 06:00:00,0.617933333333
28/11/2014 06:15:00,0.0428
28/11/2014 06:30:00,0.158
28/11/2014 06:45:00,0.1652
28/11/2014 07:00:00,0.185333333333
28/11/2014 07:15:00,0.188933333333
28/11/2014 07:30:00,0.178666666667
28/11/2014 07:45:00,0.207133333333
28/11/2014 08:00:00,0.157733333333
28/11/2014 08:15:00,0.1084
28/11/2014 08:30:00,0.144333333333
28/11/2014 08:45:00,0.01
28/11/2014 09:00:00,0.01
28/11/2014 09:15:00,0.01
28/11/2014 09:30:00,0.131466666667
28/11/2014 09:45:00,0.1698
28/11/2014 10:00:00,0.116266666667
28/11/2014 10:15:00,0.156466666667
28/11/2014 10:30:00,0.234
28/11/2014 10:45:00,0.1564
28/11/2014 11:00:00,0.143
28/11/2014 11:15:00,0.1036
28/11/2014 11:30:00,0.044
28/11/2014 11:45:00,0.127066666667
28/11/2014 12:00:00,0.01
28/11/2014 12:15:00,0.01
28/11/2014 12:30:00,0.01
28/11/2014 12:45:00,0.01
28/11/2014 13:00:00,0.01
28/11/2014 13:15:00,0.01
28/11/2014 13:30:00,0.01
28/11/2014 13:45:00,0.01
28/11/2014 14:00:00,0.01
28/11/2014 14:15:00,0.01
28/11/2014 14:30:00,0.01
28/11/2014 14:45:00,0.01
28/11/2014 15:00:00,0.01
28/11/2014 15:15:00,0.01
28/11/2014 15:30:00,0.01
28/11/2014 15:45:00,0.01
28/11/2014 16:00:00,0.01
28/11/2014 16:15:00,0.01
28/11/2014 16:30:00,0.01
28/11/2014 16:45:00,0.01
28/11/2014 17:00:00,0.01
28/11/2014 17:15:00,0.01
28/11/2014 17:30:00,0.01
28/11/2014 17:45:00,0.0098
28/11/2014 18:00:00,0.0098
28/11/2014 18:15:00,0.01
28/11/2014 18:30:00,0.01
28/11/2014 18:45:00,0.01
28/11/2014 19:00:00,0.01
28/11/2014 19:15:00,0.01
28/11/2014 19:30:00,0.0104666666667
28/11/2014 19:45:00,0.0104666666667
28/11/2014 20:00:00,0.011
28/11/2014 20:15:00,0.011
28/11/2014 20:30:00,0.0108
28/11/2014 20:45:00,0.01
28/11/2014 21:00:00,0.0102
28/11/2014 21:15:00,0.011
28/11/2014 21:30:00,0.011
28/11/2014 21:45:00,0.0107333333333
28/11/2014 22:00:00,0.01
28/11/2014 22:15:00,0.01
28/11/2014 22:30:00,0.01
28/11/2014 22:45:00,0.01
28/11/2014 23:00:00,0.01
28/11/2014 23:15:00,0.01
28/11/2014 23:30:00,0.01
28/11/2014 23:45:00,0.01
29/11/2014 00:00:00,0.01
29/11/2014 00:15:00,0.01
29/11/2014 00:30:00,0.01
29/11/2014 00:45:00,0.01
29/11/2014 01:00:00,0.01
29/11/2014 01:15:00,0.01
29/11/2014 01:30:00,0.01
29/11/2014 01:45:00,0.01
29/11/2014 02:00:00,0.01
29/11/2014 02:15:00,0.01
29/11/2014 02:30:00,0.01
29/11/2014 02:45:00,0.01
29/11/2014 03:00:00,0.01
29/11/2014 03:15:00,0.01
29/11/2014 03:30:00,0.01
29/11/2014 03:45:00,0.01
29/11/2014 04:00:00,0.01
29/11/2014 04:15:00,0.01
29/11/2014 04:30:00,0.01
29/11/2014 04:45:00,0.01
29/11/2014 05:00:00,0.01
29/11/2014 05:15:00,0.01
29/11/2014 05:30:00,0.01
29/11/2014 05:45:00,0.01
29/11/2014 06:00:00,0.01
29/11/2014 06:15:00,0.01
29/11/2014 06:30:00,0.152066666667
29/11/2014 06:45:00,0.128533333333
29/11/2014 07:00:00,0.0213333333333
29/11/2014 07:15:00,0.135933333333
29/11/2014 07:30:00,0.136266666667
29/11/2014 07:45:00,0.0092
29/11/2014 08:00:00,0.00913333333333
29/11/2014 08:15:00,0.01
29/11/2014 08:30:00,0.0100666666667
29/11/2014 08:45:00,0.01
29/11/2014 09:00:00,0.01
29/11/2014 09:15:00,0.01
29/11/2014 09:30:00,0.01
29/11/2014 09:45:00,0.01
29/11/2014 10:00:00,0.01
29/11/2014 10:15:00,0.01
29/11/2014 10:30:00,0.01
29/11/2014 10:45:00,0.01
29/11/2014 11:00:00,0.01
29/11/2014 11:15:00,0.01
29/11/2014 11:30:00,0.01
29/11/2014 11:45:00,0.01
29/11/2014 12:00:00,0.01
29/11/2014 12:15:00,0.01
29/11/2014 12:30:00,0.01
29/11/2014 12:45:00,0.01
29/11/2014 13:00:00,0.01
29/11/2014 13:15:00,0.01
29/11/2014 13:30:00,0.01
29/11/2014 13:45:00,0.01
29/11/2014 14:00:00,0.01
29/11/2014 14:15:00,0.01
29/11/2014 14:30:00,0.01
29/11/2014 14:45:00,0.01
29/11/2014 15:00:00,0.01
29/11/2014 15:15:00,0.01
29/11/2014 15:30:00,0.01
29/11/2014 15:45:00,0.01
29/11/2014 16:00:00,0.01
29/11/2014 16:15:00,0.01
29/11/2014 16:30:00,0.01
29/11/2014 16:45:00,0.01
29/11/2014 17:00:00,0.01
29/11/2014 17:15:00,0.00986666666667
29/11/2014 17:30:00,0.00973333333333
29/11/2014 17:45:00,0.01
29/11/2014 18:00:00,0.01
29/11/2014 18:15:00,0.01
29/11/2014 18:30:00,0.00953333333333
29/11/2014 18:45:00,0.009
29/11/2014 19:00:00,0.00926666666667
29/11/2014 19:15:00,0.01
29/11/2014 19:30:00,0.01
29/11/2014 19:45:00,0.0105333333333
29/11/2014 20:00:00,0.01
29/11/2014 20:15:00,0.01
29/11/2014 20:30:00,0.01
29/11/2014 20:45:00,0.01
29/11/2014 21:00:00,0.01
29/11/2014 21:15:00,0.01
29/11/2014 21:30:00,0.01
29/11/2014 21:45:00,0.01
29/11/2014 22:00:00,0.01
29/11/2014 22:15:00,0.01
29/11/2014 22:30:00,0.01
29/11/2014 22:45:00,0.01
29/11/2014 23:00:00,0.01
29/11/2014 23:15:00,0.01
29/11/2014 23:30:00,0.01
29/11/2014 23:45:00,0.01
30/11/2014 00:00:00,0.01
30/11/2014 00:15:00,0.01
30/11/2014 00:30:00,0.01
30/11/2014 00:45:00,0.01
30/11/2014 01:00:00,0.01
30/11/2014 01:15:00,0.01
30/11/2014 01:30:00,0.01
30/11/2014 01:45:00,0.01
30/11/2014 02:00:00,0.01
30/11/2014 02:15:00,0.01
30/11/2014 02:30:00,0.01
30/11/2014 02:45:00,0.01
30/11/2014 03:00:00,0.01
30/11/2014 03:15:00,0.01
30/11/2014 03:30:00,0.01
30/11/2014 03:45:00,0.01
30/11/2014 04:00:00,0.01
30/11/2014 04:15:00,0.01
30/11/2014 04:30:00,0.01
30/11/2014 04:45:00,0.01
30/11/2014 05:00:00,0.01
30/11/2014 05:15:00,0.01
30/11/2014 05:30:00,0.01
30/11/2014 05:45:00,0.01
30/11/2014 06:00:00,0.01
30/11/2014 06:15:00,0.01
30/11/2014 06:30:00,0.01
30/11/2014 06:45:00,0.01
30/11/2014 07:00:00,0.01
30/11/2014 07:15:00,0.01
30/11/2014 07:30:00,0.01
30/11/2014 07:45:00,0.01
30/11/2014 08:00:00,0.01
30/11/2014 08:15:00,0.01
30/11/2014 08:30:00,0.01
30/11/2014 08:45:00,0.00986666666667
30/11/2014 09:00:00,0.0092
30/11/2014 09:15:00,0.01
30/11/2014 09:30:00,0.01
30/11/2014 09:45:00,0.01
30/11/2014 10:00:00,0.01
30/11/2014 10:15:00,0.01
30/11/2014 10:30:00,0.01
30/11/2014 10:45:00,0.01
30/11/2014 11:00:00,0.01
30/11/2014 11:15:00,0.01
30/11/2014 11:30:00,0.01
30/11/2014 11:45:00,0.01
30/11/2014 12:00:00,0.0096
30/11/2014 12:15:00,0.00986666666667
30/11/2014 12:30:00,0.01
30/11/2014 12:45:00,0.01
30/11/2014 13:00:00,0.01
30/11/2014 13:15:00,0.01
30/11/2014 13:30:00,0.01
30/11/2014 13:45:00,0.01
30/11/2014 14:00:00,0.01
30/11/2014 14:15:00,0.01
30/11/2014 14:30:00,0.01
30/11/2014 14:45:00,0.01
30/11/2014 15:00:00,0.01
30/11/2014 15:15:00,0.01
30/11/2014 15:30:00,0.01
30/11/2014 15:45:00,0.01
30/11/2014 16:00:00,0.0108666666667
30/11/2014 16:15:00,0.0102666666667
30/11/2014 16:30:00,0.01
30/11/2014 16:45:00,0.01
30/11/2014 17:00:00,0.01
30/11/2014 17:15:00,0.01
30/11/2014 17:30:00,0.01
30/11/2014 17:45:00,0.01
30/11/2014 18:00:00,0.01
30/11/2014 18:15:00,0.0096
30/11/2014 18:30:00,0.009
30/11/2014 18:45:00,0.00953333333333
30/11/2014 19:00:00,0.01
30/11/2014 19:15:00,0.01
30/11/2014 19:30:00,0.01
30/11/2014 19:45:00,0.01
30/11/2014 20:00:00,0.00993333333333
30/11/2014 20:15:00,0.00946666666667
30/11/2014 20:30:00,0.01
30/11/2014 20:45:00,0.0107333333333
30/11/2014 21:00:00,0.0104666666667
30/11/2014 21:15:00,0.011
30/11/2014 21:30:00,0.0108666666667
30/11/2014 21:45:00,0.0103333333333
30/11/2014 22:00:00,0.0106666666667
30/11/2014 22:15:00,0.01
30/11/2014 22:30:00,0.01
30/11/2014 22:45:00,0.01
30/11/2014 23:00:00,0.01
30/11/2014 23:15:00,0.01
30/11/2014 23:30:00,0.01
30/11/2014 23:45:00,0.01
01/12/2014 00:00:00,0.01
01/12/2014 00:15:00,0.01
01/12/2014 00:30:00,0.01
01/12/2014 00:45:00,0.01
01/12/2014 01:00:00,0.01
01/12/2014 01:15:00,0.01
01/12/2014 01:30:00,0.01
01/12/2014 01:45:00,0.01
01/12/2014 02:00:00,0.01
01/12/2014 02:15:00,0.01
01/12/2014 02:30:00,0.01
01/12/2014 02:45:00,0.01
01/12/2014 03:00:00,0.01
01/12/2014 03:15:00,0.01
01/12/2014 03:30:00,0.01
01/12/2014 03:45:00,0.01
01/12/2014 04:00:00,0.00986666666667
01/12/2014 04:15:00,0.00986666666667
01/12/2014 04:30:00,0.01
01/12/2014 04:45:00,0.01
01/12/2014 05:00:00,0.01
01/12/2014 05:15:00,0.01
01/12/2014 05:30:00,0.01
01/12/2014 05:45:00,0.00986666666667
01/12/2014 06:00:00,0.01
01/12/2014 06:15:00,0.00966666666667
01/12/2014 06:30:00,0.01
01/12/2014 06:45:00,0.01
01/12/2014 07:00:00,0.01
01/12/2014 07:15:00,0.01
01/12/2014 07:30:00,0.01
01/12/2014 07:45:00,0.01
01/12/2014 08:00:00,0.01
01/12/2014 08:15:00,0.01
01/12/2014 08:30:00,0.01
01/12/2014 08:45:00,0.01
01/12/2014 09:00:00,0.01
01/12/2014 09:15:00,0.01
01/12/2014 09:30:00,0.01
01/12/2014 09:45:00,0.01
01/12/2014 10:00:00,0.01
01/12/2014 10:15:00,0.01
01/12/2014 10:30:00,0.01
01/12/2014 10:45:00,0.01
01/12/2014 11:00:00,0.01
01/12/2014 11:15:00,0.01
01/12/2014 11:30:00,0.01
01/12/2014 11:45:00,0.01
01/12/2014 12:00:00,0.01
01/12/2014 12:15:00,0.01
01/12/2014 12:30:00,0.01
01/12/2014 12:45:00,0.01
01/12/2014 13:00:00,0.01
01/12/2014 13:15:00,0.01
01/12/2014 13:30:00,0.01
01/12/2014 13:45:00,0.01
01/12/2014 14:00:00,0.01
01/12/2014 14:15:00,0.148
01/12/2014 14:30:00,0.143466666667
01/12/2014 14:45:00,0.0584666666667
01/12/2014 15:00:00,0.1068
01/12/2014 15:15:00,0.144533333333
01/12/2014 15:30:00,0.148333333333
01/12/2014 15:45:00,0.147466666667
01/12/2014 16:00:00,0.149466666667
01/12/2014 16:15:00,0.159266666667
01/12/2014 16:30:00,0.142266666667
01/12/2014 16:45:00,0.281466666667
01/12/2014 17:00:00,0.3108
01/12/2014 17:15:00,0.248666666667
01/12/2014 17:30:00,0.226133333333
01/12/2014 17:45:00,0.136866666667
01/12/2014 18:00:00,0.151066666667
01/12/2014 18:15:00,0.144133333333
01/12/2014 18:30:00,0.1434
01/12/2014 18:45:00,0.190866666667
01/12/2014 19:00:00,0.274133333333
01/12/2014 19:15:00,0.234666666667
01/12/2014 19:30:00,0.183133333333
01/12/2014 19:45:00,0.133733333333
01/12/2014 20:00:00,0.1578
01/12/2014 20:15:00,0.2194
01/12/2014 20:30:00,0.222733333333
01/12/2014 20:45:00,0.226
01/12/2014 21:00:00,0.219466666667
01/12/2014 21:15:00,0.126333333333
01/12/2014 21:30:00,0.1056
01/12/2014 21:45:00,0.1998
01/12/2014 22:00:00,0.0101333333333
01/12/2014 22:15:00,0.01
01/12/2014 22:30:00,0.01
01/12/2014 22:45:00,0.01
01/12/2014 23:00:00,0.01
01/12/2014 23:15:00,0.01
01/12/2014 23:30:00,0.01
01/12/2014 23:45:00,0.01
02/12/2014 00:00:00,0.01
02/12/2014 00:15:00,0.01
02/12/2014 00:30:00,0.01
02/12/2014 00:45:00,0.01
02/12/2014 01:00:00,0.01
02/12/2014 01:15:00,0.13
02/12/2014 01:30:00,0.0934666666667
02/12/2014 01:45:00,0.0574666666667
02/12/2014 02:00:00,0.143666666667
02/12/2014 02:15:00,0.135466666667
02/12/2014 02:30:00,0.153133333333
02/12/2014 02:45:00,0.148266666667
02/12/2014 03:00:00,0.152666666667
02/12/2014 03:15:00,0.247333333333
02/12/2014 03:30:00,0.205333333333
02/12/2014 03:45:00,0.1744
02/12/2014 04:00:00,0.167466666667
02/12/2014 04:15:00,0.154066666667
02/12/2014 04:30:00,0.168
02/12/2014 04:45:00,0.1738
02/12/2014 05:00:00,0.350933333333
02/12/2014 05:15:00,0.239266666667
02/12/2014 05:30:00,0.2448
02/12/2014 05:45:00,0.242733333333
02/12/2014 06:00:00,0.5394
02/12/2014 06:15:00,0.373933333333
02/12/2014 06:30:00,0.3556
02/12/2014 06:45:00,0.3886
02/12/2014 07:00:00,0.4084
02/12/2014 07:15:00,0.3504
02/12/2014 07:30:00,0.2518
02/12/2014 07:45:00,0.226866666667
02/12/2014 08:00:00,0.212533333333
02/12/2014 08:15:00,0.0818666666667
02/12/2014 08:30:00,0.1506
02/12/2014 08:45:00,0.131866666667
02/12/2014 09:00:00,0.238666666667
02/12/2014 09:15:00,0.232733333333
02/12/2014 09:30:00,0.238266666667
02/12/2014 09:45:00,0.219333333333
02/12/2014 10:00:00,0.236733333333
02/12/2014 10:15:00,0.217466666667
02/12/2014 10:30:00,0.117466666667
02/12/2014 10:45:00,0.0330666666667
02/12/2014 11:00:00,0.360333333333
02/12/2014 11:15:00,0.248466666667
02/12/2014 11:30:00,0.01
02/12/2014 11:45:00,0.2236
02/12/2014 12:00:00,0.2306
02/12/2014 12:15:00,0.01
02/12/2014 12:30:00,0.228133333333
02/12/2014 12:45:00,0.313666666667
02/12/2014 13:00:00,0.243933333333
02/12/2014 13:15:00,0.183066666667
02/12/2014 13:30:00,0.142666666667
02/12/2014 13:45:00,0.226866666667
02/12/2014 14:00:00,0.229
02/12/2014 14:15:00,0.140066666667
02/12/2014 14:30:00,0.133333333333
02/12/2014 14:45:00,0.146066666667
02/12/2014 15:00:00,0.247933333333
02/12/2014 15:15:00,0.218866666667
02/12/2014 15:30:00,0.221333333333
02/12/2014 15:45:00,0.01
02/12/2014 16:00:00,0.2086
02/12/2014 16:15:00,0.01
02/12/2014 16:30:00,0.01
02/12/2014 16:45:00,0.147333333333
02/12/2014 17:00:00,0.136333333333
02/12/2014 17:15:00,0.142133333333
02/12/2014 17:30:00,0.164333333333
02/12/2014 17:45:00,0.331066666667
02/12/2014 18:00:00,0.180266666667
02/12/2014 18:15:00,0.1478
02/12/2014 18:30:00,0.222666666667
02/12/2014 18:45:00,0.221266666667
02/12/2014 19:00:00,0.213
02/12/2014 19:15:00,0.134533333333
02/12/2014 19:30:00,0.167466666667
02/12/2014 19:45:00,0.189266666667
02/12/2014 20:00:00,0.1774
02/12/2014 20:15:00,0.054
02/12/2014 20:30:00,0.0102666666667
02/12/2014 20:45:00,0.0107333333333
02/12/2014 21:00:00,0.152266666667
02/12/2014 21:15:00,0.164733333333
02/12/2014 21:30:00,0.168266666667
02/12/2014 21:45:00,0.157866666667
02/12/2014 22:00:00,0.0100666666667
02/12/2014 22:15:00,0.01
02/12/2014 22:30:00,0.01
02/12/2014 22:45:00,0.01
02/12/2014 23:00:00,0.01
02/12/2014 23:15:00,0.01
02/12/2014 23:30:00,0.01
02/12/2014 23:45:00,0.01
03/12/2014 00:00:00,0.01
03/12/2014 00:15:00,0.01
03/12/2014 00:30:00,0.01
03/12/2014 00:45:00,0.01
03/12/2014 01:00:00,0.01
03/12/2014 01:15:00,0.01
03/12/2014 01:30:00,0.01
03/12/2014 01:45:00,0.01
03/12/2014 02:00:00,0.01
03/12/2014 02:15:00,0.01
03/12/2014 02:30:00,0.01
03/12/2014 02:45:00,0.01
03/12/2014 03:00:00,0.01
03/12/2014 03:15:00,0.01
03/12/2014 03:30:00,0.01
03/12/2014 03:45:00,0.01
03/12/2014 04:00:00,0.01
03/12/2014 04:15:00,0.01
03/12/2014 04:30:00,0.01
03/12/2014 04:45:00,0.01
03/12/2014 05:00:00,0.01
03/12/2014 05:15:00,0.01
03/12/2014 05:30:00,0.01
03/12/2014 05:45:00,0.0096
03/12/2014 06:00:00,0.543133333333
03/12/2014 06:15:00,0.253466666667
03/12/2014 06:30:00,0.209266666667
03/12/2014 06:45:00,0.2356
03/12/2014 07:00:00,0.127133333333
03/12/2014 07:15:00,0.0957333333333
03/12/2014 07:30:00,0.133533333333
03/12/2014 07:45:00,0.2506
03/12/2014 08:00:00,0.217266666667
03/12/2014 08:15:00,0.085
03/12/2014 08:30:00,0.446
03/12/2014 08:45:00,0.108
03/12/2014 09:00:00,0.1678
03/12/2014 09:15:00,0.1832
03/12/2014 09:30:00,0.163866666667
03/12/2014 09:45:00,0.157266666667
03/12/2014 10:00:00,0.146666666667
03/12/2014 10:15:00,0.1466
03/12/2014 10:30:00,0.1466
03/12/2014 10:45:00,0.146466666667
03/12/2014 11:00:00,0.168333333333
03/12/2014 11:15:00,0.163933333333
03/12/2014 11:30:00,0.115133333333
03/12/2014 11:45:00,0.1536
03/12/2014 12:00:00,0.150466666667
03/12/2014 12:15:00,0.1298
03/12/2014 12:30:00,0.0245333333333
03/12/2014 12:45:00,0.1218
03/12/2014 13:00:00,0.1338
03/12/2014 13:15:00,0.132733333333
03/12/2014 13:30:00,0.01
03/12/2014 13:45:00,0.1296
03/12/2014 14:00:00,0.01
03/12/2014 14:15:00,0.01
03/12/2014 14:30:00,0.126933333333
03/12/2014 14:45:00,0.01
03/12/2014 15:00:00,0.0248
03/12/2014 15:15:00,0.109
03/12/2014 15:30:00,0.01
03/12/2014 15:45:00,0.01
03/12/2014 16:00:00,0.01
03/12/2014 16:15:00,0.01
03/12/2014 16:30:00,0.01
03/12/2014 16:45:00,0.01
03/12/2014 17:00:00,0.01
03/12/2014 17:15:00,0.01
03/12/2014 17:30:00,0.01
03/12/2014 17:45:00,0.00986666666667
03/12/2014 18:00:00,0.01
03/12/2014 18:15:00,0.01
03/12/2014 18:30:00,0.01
03/12/2014 18:45:00,0.01
03/12/2014 19:00:00,0.01
03/12/2014 19:15:00,0.01
03/12/2014 19:30:00,0.01
03/12/2014 19:45:00,0.01
03/12/2014 20:00:00,0.0103333333333
03/12/2014 20:15:00,0.0107333333333
03/12/2014 20:30:00,0.0108666666667
03/12/2014 20:45:00,0.0106666666667
03/12/2014 21:00:00,0.0101333333333
03/12/2014 21:15:00,0.01
03/12/2014 21:30:00,0.01
03/12/2014 21:45:00,0.01
03/12/2014 22:00:00,0.01
03/12/2014 22:15:00,0.01
03/12/2014 22:30:00,0.01
03/12/2014 22:45:00,0.01
03/12/2014 23:00:00,0.01
03/12/2014 23:15:00,0.01
03/12/2014 23:30:00,0.01
03/12/2014 23:45:00,0.01
04/12/2014 00:00:00,0.01
04/12/2014 00:15:00,0.01
04/12/2014 00:30:00,0.01
04/12/2014 00:45:00,0.01
04/12/2014 01:00:00,0.01
04/12/2014 01:15:00,0.01
04/12/2014 01:30:00,0.01
04/12/2014 01:45:00,0.01
04/12/2014 02:00:00,0.01
04/12/2014 02:15:00,0.01
04/12/2014 02:30:00,0.01
04/12/2014 02:45:00,0.01
04/12/2014 03:00:00,0.01
04/12/2014 03:15:00,0.01
04/12/2014 03:30:00,0.01
04/12/2014 03:45:00,0.01
04/12/2014 04:00:00,0.01
04/12/2014 04:15:00,0.01
04/12/2014 04:30:00,0.01
04/12/2014 04:45:00,0.01
04/12/2014 05:00:00,0.01
04/12/2014 05:15:00,0.01
04/12/2014 05:30:00,0.0116
04/12/2014 05:45:00,0.139933333333
04/12/2014 06:00:00,0.146066666667
04/12/2014 06:15:00,0.2252
04/12/2014 06:30:00,0.163933333333
04/12/2014 06:45:00,0.0594666666667
04/12/2014 07:00:00,0.01
04/12/2014 07:15:00,0.01
04/12/2014 07:30:00,0.126733333333
04/12/2014 07:45:00,0.01
04/12/2014 08:00:00,0.126666666667
04/12/2014 08:15:00,0.01
04/12/2014 08:30:00,0.01
04/12/2014 08:45:00,0.01
04/12/2014 09:00:00,0.01
04/12/2014 09:15:00,0.01
04/12/2014 09:30:00,0.01
04/12/2014 09:45:00,0.01
04/12/2014 10:00:00,0.01
04/12/2014 10:15:00,0.01
04/12/2014 10:30:00,0.01
04/12/2014 10:45:00,0.01
04/12/2014 11:00:00,0.149133333333
04/12/2014 11:15:00,0.0322666666667
04/12/2014 11:30:00,0.1152
04/12/2014 11:45:00,0.01
04/12/2014 12:00:00,0.0100666666667
04/12/2014 12:15:00,0.01
04/12/2014 12:30:00,0.01
04/12/2014 12:45:00,0.01
04/12/2014 13:00:00,0.01
04/12/2014 13:15:00,0.01
04/12/2014 13:30:00,0.01
04/12/2014 13:45:00,0.0103333333333
04/12/2014 14:00:00,0.01
04/12/2014 14:15:00,0.01
04/12/2014 14:30:00,0.01
04/12/2014 14:45:00,0.01
04/12/2014 15:00:00,0.01
04/12/2014 15:15:00,0.01
04/12/2014 15:30:00,0.01
04/12/2014 15:45:00,0.01
04/12/2014 16:00:00,0.01
04/12/2014 16:15:00,0.01
04/12/2014 16:30:00,0.01
04/12/2014 16:45:00,0.01
04/12/2014 17:00:00,0.01
04/12/2014 17:15:00,0.01
04/12/2014 17:30:00,0.01
04/12/2014 17:45:00,0.01
04/12/2014 18:00:00,0.01
04/12/2014 18:15:00,0.01
04/12/2014 18:30:00,0.01
04/12/2014 18:45:00,0.01
04/12/2014 19:00:00,0.0100666666667
04/12/2014 19:15:00,0.0108666666667
04/12/2014 19:30:00,0.0105333333333
04/12/2014 19:45:00,0.01
04/12/2014 20:00:00,0.01
04/12/2014 20:15:00,0.01
04/12/2014 20:30:00,0.0102
04/12/2014 20:45:00,0.011
04/12/2014 21:00:00,0.0108
04/12/2014 21:15:00,0.0102
04/12/2014 21:30:00,0.01
04/12/2014 21:45:00,0.01
04/12/2014 22:00:00,0.0107333333333
04/12/2014 22:15:00,0.011
04/12/2014 22:30:00,0.011
04/12/2014 22:45:00,0.0102666666667
04/12/2014 23:00:00,0.01
04/12/2014 23:15:00,0.01
04/12/2014 23:30:00,0.01
04/12/2014 23:45:00,0.01
05/12/2014 00:00:00,0.01
05/12/2014 00:15:00,0.01
05/12/2014 00:30:00,0.01
05/12/2014 00:45:00,0.01
05/12/2014 01:00:00,0.01
05/12/2014 01:15:00,0.01
05/12/2014 01:30:00,0.01
05/12/2014 01:45:00,0.01
05/12/2014 02:00:00,0.01
05/12/2014 02:15:00,0.01
05/12/2014 02:30:00,0.01
05/12/2014 02:45:00,0.01
05/12/2014 03:00:00,0.01
05/12/2014 03:15:00,0.01
05/12/2014 03:30:00,0.01
05/12/2014 03:45:00,0.01
05/12/2014 04:00:00,0.01
05/12/2014 04:15:00,0.01
05/12/2014 04:30:00,0.01
05/12/2014 04:45:00,0.01
05/12/2014 05:00:00,0.01
05/12/2014 05:15:00,0.01
05/12/2014 05:30:00,0.01
05/12/2014 05:45:00,0.00953333333333
05/12/2014 06:00:00,0.0098
05/12/2014 06:15:00,0.00926666666667
05/12/2014 06:30:00,0.01
05/12/2014 06:45:00,0.01
05/12/2014 07:00:00,0.0101333333333
05/12/2014 07:15:00,0.01
05/12/2014 07:30:00,0.01
05/12/2014 07:45:00,0.01
05/12/2014 08:00:00,0.01
05/12/2014 08:15:00,0.01
05/12/2014 08:30:00,0.01
05/12/2014 08:45:00,0.01
05/12/2014 09:00:00,0.01
05/12/2014 09:15:00,0.01
05/12/2014 09:30:00,0.01
05/12/2014 09:45:00,0.01
05/12/2014 10:00:00,0.01
05/12/2014 10:15:00,0.01
05/12/2014 10:30:00,0.01
05/12/2014 10:45:00,0.01
05/12/2014 11:00:00,0.01
05/12/2014 11:15:00,0.01
05/12/2014 11:30:00,0.01
05/12/2014 11:45:00,0.01
05/12/2014 12:00:00,0.01
05/12/2014 12:15:00,0.01
05/12/2014 12:30:00,0.01
05/12/2014 12:45:00,0.01
05/12/2014 13:00:00,0.01
05/12/2014 13:15:00,0.01
05/12/2014 13:30:00,0.01
05/12/2014 13:45:00,0.01
05/12/2014 14:00:00,0.01
05/12/2014 14:15:00,0.01
05/12/2014 14:30:00,0.01
05/12/2014 14:45:00,0.01
05/12/2014 15:00:00,0.01
05/12/2014 15:15:00,0.01
05/12/2014 15:30:00,0.01
05/12/2014 15:45:00,0.01
05/12/2014 16:00:00,0.01
05/12/2014 16:15:00,0.01
05/12/2014 16:30:00,0.01
05/12/2014 16:45:00,0.01
05/12/2014 17:00:00,0.01
05/12/2014 17:15:00,0.01
05/12/2014 17:30:00,0.01
05/12/2014 17:45:00,0.01
05/12/2014 18:00:00,0.01
05/12/2014 18:15:00,0.01
05/12/2014 18:30:00,0.01
05/12/2014 18:45:00,0.01
05/12/2014 19:00:00,0.01
05/12/2014 19:15:00,0.01
05/12/2014 19:30:00,0.01
05/12/2014 19:45:00,0.01
05/12/2014 20:00:00,0.01
05/12/2014 20:15:00,0.01
05/12/2014 20:30:00,0.01
05/12/2014 20:45:00,0.01
05/12/2014 21:00:00,0.0104
05/12/2014 21:15:00,0.011
05/12/2014 21:30:00,0.011
05/12/2014 21:45:00,0.011
05/12/2014 22:00:00,0.011
05/12/2014 22:15:00,0.011
05/12/2014 22:30:00,0.0108666666667
05/12/2014 22:45:00,0.0102
05/12/2014 23:00:00,0.01
05/12/2014 23:15:00,0.01
05/12/2014 23:30:00,0.01
05/12/2014 23:45:00,0.01
06/12/2014 00:00:00,0.01
06/12/2014 00:15:00,0.01
06/12/2014 00:30:00,0.01
06/12/2014 00:45:00,0.01
06/12/2014 01:00:00,0.01
06/12/2014 01:15:00,0.01
06/12/2014 01:30:00,0.01
06/12/2014 01:45:00,0.01
06/12/2014 02:00:00,0.01
06/12/2014 02:15:00,0.01
06/12/2014 02:30:00,0.01
06/12/2014 02:45:00,0.01
06/12/2014 03:00:00,0.01
06/12/2014 03:15:00,0.01
06/12/2014 03:30:00,0.01
06/12/2014 03:45:00,0.01
06/12/2014 04:00:00,0.01
06/12/2014 04:15:00,0.01
06/12/2014 04:30:00,0.01
06/12/2014 04:45:00,0.01
06/12/2014 05:00:00,0.01
06/12/2014 05:15:00,0.01
06/12/2014 05:30:00,0.01
06/12/2014 05:45:00,0.01
06/12/2014 06:00:00,0.01
06/12/2014 06:15:00,0.01
06/12/2014 06:30:00,0.01
06/12/2014 06:45:00,0.00973333333333
06/12/2014 07:00:00,0.00993333333333
06/12/2014 07:15:00,0.01
06/12/2014 07:30:00,0.01
06/12/2014 07:45:00,0.01
06/12/2014 08:00:00,0.01
06/12/2014 08:15:00,0.0096
06/12/2014 08:30:00,0.00973333333333
06/12/2014 08:45:00,0.01
06/12/2014 09:00:00,0.01
06/12/2014 09:15:00,0.01
06/12/2014 09:30:00,0.01
06/12/2014 09:45:00,0.00973333333333
06/12/2014 10:00:00,0.00926666666667
06/12/2014 10:15:00,0.0098
06/12/2014 10:30:00,0.01
06/12/2014 10:45:00,0.01
06/12/2014 11:00:00,0.01
06/12/2014 11:15:00,0.01
06/12/2014 11:30:00,0.00986666666667
06/12/2014 11:45:00,0.01
06/12/2014 12:00:00,0.01
06/12/2014 12:15:00,0.01
06/12/2014 12:30:00,0.01
06/12/2014 12:45:00,0.01
06/12/2014 13:00:00,0.01
06/12/2014 13:15:00,0.01
06/12/2014 13:30:00,0.01
06/12/2014 13:45:00,0.01
06/12/2014 14:00:00,0.01
06/12/2014 14:15:00,0.01
06/12/2014 14:30:00,0.01
06/12/2014 14:45:00,0.0098
06/12/2014 15:00:00,0.00986666666667
06/12/2014 15:15:00,0.01
06/12/2014 15:30:00,0.01
06/12/2014 15:45:00,0.01
06/12/2014 16:00:00,0.01
06/12/2014 16:15:00,0.0098
06/12/2014 16:30:00,0.00966666666667
06/12/2014 16:45:00,0.00986666666667
06/12/2014 17:00:00,0.01
06/12/2014 17:15:00,0.01
06/12/2014 17:30:00,0.01
06/12/2014 17:45:00,0.00946666666667
06/12/2014 18:00:00,0.01
06/12/2014 18:15:00,0.00986666666667
06/12/2014 18:30:00,0.01
06/12/2014 18:45:00,0.01
06/12/2014 19:00:00,0.01
06/12/2014 19:15:00,0.01
06/12/2014 19:30:00,0.01
06/12/2014 19:45:00,0.01
06/12/2014 20:00:00,0.01
06/12/2014 20:15:00,0.01
06/12/2014 20:30:00,0.01
06/12/2014 20:45:00,0.01
06/12/2014 21:00:00,0.01
06/12/2014 21:15:00,0.01
06/12/2014 21:30:00,0.01
06/12/2014 21:45:00,0.01
06/12/2014 22:00:00,0.01
06/12/2014 22:15:00,0.01
06/12/2014 22:30:00,0.01
06/12/2014 22:45:00,0.01
06/12/2014 23:00:00,0.01
06/12/2014 23:15:00,0.01
06/12/2014 23:30:00,0.01
06/12/2014 23:45:00,0.01
07/12/2014 00:00:00,0.01
07/12/2014 00:15:00,0.01
07/12/2014 00:30:00,0.01
07/12/2014 00:45:00,0.01
07/12/2014 01:00:00,0.01
07/12/2014 01:15:00,0.01
07/12/2014 01:30:00,0.01
07/12/2014 01:45:00,0.01
07/12/2014 02:00:00,0.01
07/12/2014 02:15:00,0.01
07/12/2014 02:30:00,0.01
07/12/2014 02:45:00,0.01
07/12/2014 03:00:00,0.01
07/12/2014 03:15:00,0.01
07/12/2014 03:30:00,0.01
07/12/2014 03:45:00,0.01
07/12/2014 04:00:00,0.01
07/12/2014 04:15:00,0.01
07/12/2014 04:30:00,0.01
07/12/2014 04:45:00,0.01
07/12/2014 05:00:00,0.01
07/12/2014 05:15:00,0.01
07/12/2014 05:30:00,0.01
07/12/2014 05:45:00,0.01
07/12/2014 06:00:00,0.01
07/12/2014 06:15:00,0.175333333333
07/12/2014 06:30:00,0.159733333333
07/12/2014 06:45:00,0.145466666667
07/12/2014 07:00:00,0.1408
07/12/2014 07:15:00,0.1416
07/12/2014 07:30:00,0.1224
07/12/2014 07:45:00,0.0322666666667
07/12/2014 08:00:00,0.1346
07/12/2014 08:15:00,0.01
07/12/2014 08:30:00,0.134
07/12/2014 08:45:00,0.00986666666667
07/12/2014 09:00:00,0.01
07/12/2014 09:15:00,0.01
07/12/2014 09:30:00,0.01
07/12/2014 09:45:00,0.137933333333
07/12/2014 10:00:00,0.189866666667
07/12/2014 10:15:00,0.235066666667
07/12/2014 10:30:00,0.0736666666667
07/12/2014 10:45:00,0.127333333333
07/12/2014 11:00:00,0.294266666667
07/12/2014 11:15:00,0.169133333333
07/12/2014 11:30:00,0.1556
07/12/2014 11:45:00,0.1518
07/12/2014 12:00:00,0.149133333333
07/12/2014 12:15:00,0.149733333333
07/12/2014 12:30:00,0.15
07/12/2014 12:45:00,0.151
07/12/2014 13:00:00,0.147533333333
07/12/2014 13:15:00,0.135266666667
07/12/2014 13:30:00,0.1454
07/12/2014 13:45:00,0.1356
07/12/2014 14:00:00,0.0134666666667
07/12/2014 14:15:00,0.135733333333
07/12/2014 14:30:00,0.135666666667
07/12/2014 14:45:00,0.0688666666667
07/12/2014 15:00:00,0.0734
07/12/2014 15:15:00,0.1292
07/12/2014 15:30:00,0.0684
07/12/2014 15:45:00,0.0676666666667
07/12/2014 16:00:00,0.126
07/12/2014 16:15:00,0.0293333333333
07/12/2014 16:30:00,0.1068
07/12/2014 16:45:00,0.1262
07/12/2014 17:00:00,0.0126666666667
07/12/2014 17:15:00,0.123666666667
07/12/2014 17:30:00,0.01
07/12/2014 17:45:00,0.123266666667
07/12/2014 18:00:00,0.01
07/12/2014 18:15:00,0.126333333333
07/12/2014 18:30:00,0.01
07/12/2014 18:45:00,0.130666666667
07/12/2014 19:00:00,0.126266666667
07/12/2014 19:15:00,0.01
07/12/2014 19:30:00,0.126066666667
07/12/2014 19:45:00,0.01
07/12/2014 20:00:00,0.126533333333
07/12/2014 20:15:00,0.01
07/12/2014 20:30:00,0.01
07/12/2014 20:45:00,0.01
07/12/2014 21:00:00,0.01
07/12/2014 21:15:00,0.01
07/12/2014 21:30:00,0.01
07/12/2014 21:45:00,0.1468
07/12/2014 22:00:00,0.01
07/12/2014 22:15:00,0.01
07/12/2014 22:30:00,0.01
07/12/2014 22:45:00,0.01
07/12/2014 23:00:00,0.01
07/12/2014 23:15:00,0.01
07/12/2014 23:30:00,0.01
07/12/2014 23:45:00,0.01
08/12/2014 00:00:00,0.01
08/12/2014 00:15:00,0.01
08/12/2014 00:30:00,0.01
08/12/2014 00:45:00,0.01
08/12/2014 01:00:00,0.01
08/12/2014 01:15:00,0.01
08/12/2014 01:30:00,0.01
08/12/2014 01:45:00,0.01
08/12/2014 02:00:00,0.01
08/12/2014 02:15:00,0.01
08/12/2014 02:30:00,0.01
08/12/2014 02:45:00,0.01
08/12/2014 03:00:00,0.01
08/12/2014 03:15:00,0.01
08/12/2014 03:30:00,0.01
08/12/2014 03:45:00,0.01
08/12/2014 04:00:00,0.01
08/12/2014 04:15:00,0.01
08/12/2014 04:30:00,0.01
08/12/2014 04:45:00,0.01
08/12/2014 05:00:00,0.01
08/12/2014 05:15:00,0.241066666667
08/12/2014 05:30:00,0.244266666667
08/12/2014 05:45:00,0.170466666667
08/12/2014 06:00:00,0.401466666667
08/12/2014 06:15:00,0.168866666667
08/12/2014 06:30:00,0.478266666667
08/12/2014 06:45:00,0.289266666667
08/12/2014 07:00:00,0.252333333333
08/12/2014 07:15:00,0.170333333333
08/12/2014 07:30:00,0.152466666667
08/12/2014 07:45:00,0.1534
08/12/2014 08:00:00,0.149866666667
08/12/2014 08:15:00,0.150133333333
08/12/2014 08:30:00,0.155933333333
08/12/2014 08:45:00,0.1452
08/12/2014 09:00:00,0.137333333333
08/12/2014 09:15:00,0.134666666667
08/12/2014 09:30:00,0.144866666667
08/12/2014 09:45:00,0.1342
08/12/2014 10:00:00,0.0172666666667
08/12/2014 10:15:00,0.1378
08/12/2014 10:30:00,0.131133333333
08/12/2014 10:45:00,0.01
08/12/2014 11:00:00,0.1274
08/12/2014 11:15:00,0.0882
08/12/2014 11:30:00,0.0539333333333
08/12/2014 11:45:00,0.01
08/12/2014 12:00:00,0.1248
08/12/2014 12:15:00,0.01
08/12/2014 12:30:00,0.0107333333333
08/12/2014 12:45:00,0.01
08/12/2014 13:00:00,0.1346
08/12/2014 13:15:00,0.137133333333
08/12/2014 13:30:00,0.0262
08/12/2014 13:45:00,0.110666666667
08/12/2014 14:00:00,0.126866666667
08/12/2014 14:15:00,0.126133333333
08/12/2014 14:30:00,0.00926666666667
08/12/2014 14:45:00,0.01
08/12/2014 15:00:00,0.00993333333333
08/12/2014 15:15:00,0.0112666666667
08/12/2014 15:30:00,0.01
08/12/2014 15:45:00,0.01
08/12/2014 16:00:00,0.01
08/12/2014 16:15:00,0.01
08/12/2014 16:30:00,0.147266666667
08/12/2014 16:45:00,0.01
08/12/2014 17:00:00,0.01
08/12/2014 17:15:00,0.01
08/12/2014 17:30:00,0.01
08/12/2014 17:45:00,0.01
08/12/2014 18:00:00,0.01
08/12/2014 18:15:00,0.01
08/12/2014 18:30:00,0.01
08/12/2014 18:45:00,0.01
08/12/2014 19:00:00,0.01
08/12/2014 19:15:00,0.01
08/12/2014 19:30:00,0.01
08/12/2014 19:45:00,0.01
08/12/2014 20:00:00,0.0103333333333
08/12/2014 20:15:00,0.128066666667
08/12/2014 20:30:00,0.01
08/12/2014 20:45:00,0.01
08/12/2014 21:00:00,0.01
08/12/2014 21:15:00,0.01
08/12/2014 21:30:00,0.01
08/12/2014 21:45:00,0.01
08/12/2014 22:00:00,0.01
08/12/2014 22:15:00,0.01
08/12/2014 22:30:00,0.01
08/12/2014 22:45:00,0.01
08/12/2014 23:00:00,0.01
08/12/2014 23:15:00,0.01
08/12/2014 23:30:00,0.01
08/12/2014 23:45:00,0.01
09/12/2014 00:00:00,0.01
09/12/2014 00:15:00,0.01
09/12/2014 00:30:00,0.01
09/12/2014 00:45:00,0.01
09/12/2014 01:00:00,0.01
09/12/2014 01:15:00,0.01
09/12/2014 01:30:00,0.01
09/12/2014 01:45:00,0.01
09/12/2014 02:00:00,0.01
09/12/2014 02:15:00,0.01
09/12/2014 02:30:00,0.01
09/12/2014 02:45:00,0.01
09/12/2014 03:00:00,0.01
09/12/2014 03:15:00,0.01
09/12/2014 03:30:00,0.01
09/12/2014 03:45:00,0.01
09/12/2014 04:00:00,0.01
09/12/2014 04:15:00,0.01
09/12/2014 04:30:00,0.00993333333333
09/12/2014 04:45:00,0.01
09/12/2014 05:00:00,0.01
09/12/2014 05:15:00,0.01
09/12/2014 05:30:00,0.01
09/12/2014 05:45:00,0.01
09/12/2014 06:00:00,0.464266666667
09/12/2014 06:15:00,0.3418
09/12/2014 06:30:00,0.117866666667
09/12/2014 06:45:00,0.241266666667
09/12/2014 07:00:00,0.2482
09/12/2014 07:15:00,0.2326
09/12/2014 07:30:00,0.214866666667
09/12/2014 07:45:00,0.200133333333
09/12/2014 08:00:00,0.0865333333333
09/12/2014 08:15:00,0.145733333333
09/12/2014 08:30:00,0.01
09/12/2014 08:45:00,0.0302666666667
09/12/2014 09:00:00,0.2958
09/12/2014 09:15:00,0.0845333333333
09/12/2014 09:30:00,0.148533333333
09/12/2014 09:45:00,0.146733333333
09/12/2014 10:00:00,0.133733333333
09/12/2014 10:15:00,0.136666666667
09/12/2014 10:30:00,0.136666666667
09/12/2014 10:45:00,0.139933333333
09/12/2014 11:00:00,0.1334
09/12/2014 11:15:00,0.01
09/12/2014 11:30:00,0.123466666667
09/12/2014 11:45:00,0.01
09/12/2014 12:00:00,0.01
09/12/2014 12:15:00,0.126866666667
09/12/2014 12:30:00,0.01
09/12/2014 12:45:00,0.01
09/12/2014 13:00:00,0.01
09/12/2014 13:15:00,0.01
09/12/2014 13:30:00,0.01
09/12/2014 13:45:00,0.01
09/12/2014 14:00:00,0.01
09/12/2014 14:15:00,0.01
09/12/2014 14:30:00,0.01
09/12/2014 14:45:00,0.01
09/12/2014 15:00:00,0.01
09/12/2014 15:15:00,0.01
09/12/2014 15:30:00,0.01
09/12/2014 15:45:00,0.01
09/12/2014 16:00:00,0.01
09/12/2014 16:15:00,0.01
09/12/2014 16:30:00,0.01
09/12/2014 16:45:00,0.00993333333333
09/12/2014 17:00:00,0.01
09/12/2014 17:15:00,0.01
09/12/2014 17:30:00,0.01
09/12/2014 17:45:00,0.01
09/12/2014 18:00:00,0.01
09/12/2014 18:15:00,0.01
09/12/2014 18:30:00,0.00913333333333
09/12/2014 18:45:00,0.009
09/12/2014 19:00:00,0.00986666666667
09/12/2014 19:15:00,0.01
09/12/2014 19:30:00,0.01
09/12/2014 19:45:00,0.01
09/12/2014 20:00:00,0.00953333333333
09/12/2014 20:15:00,0.009
09/12/2014 20:30:00,0.00993333333333
09/12/2014 20:45:00,0.01
09/12/2014 21:00:00,0.01
09/12/2014 21:15:00,0.01
09/12/2014 21:30:00,0.01
09/12/2014 21:45:00,0.01
09/12/2014 22:00:00,0.01
09/12/2014 22:15:00,0.01
09/12/2014 22:30:00,0.01
09/12/2014 22:45:00,0.01
09/12/2014 23:00:00,0.01
09/12/2014 23:15:00,0.01
09/12/2014 23:30:00,0.01
09/12/2014 23:45:00,0.01
10/12/2014 00:00:00,0.01
10/12/2014 00:15:00,0.01
10/12/2014 00:30:00,0.01
10/12/2014 00:45:00,0.01
10/12/2014 01:00:00,0.01
10/12/2014 01:15:00,0.01
10/12/2014 01:30:00,0.01
10/12/2014 01:45:00,0.01
10/12/2014 02:00:00,0.01
10/12/2014 02:15:00,0.01
10/12/2014 02:30:00,0.01
10/12/2014 02:45:00,0.01
10/12/2014 03:00:00,0.01
10/12/2014 03:15:00,0.01
10/12/2014 03:30:00,0.01
10/12/2014 03:45:00,0.01
10/12/2014 04:00:00,0.01
10/12/2014 04:15:00,0.01
10/12/2014 04:30:00,0.01
10/12/2014 04:45:00,0.01
10/12/2014 05:00:00,0.01
10/12/2014 05:15:00,0.142333333333
10/12/2014 05:30:00,0.140533333333
10/12/2014 05:45:00,0.042
10/12/2014 06:00:00,0.211733333333
10/12/2014 06:15:00,0.329
10/12/2014 06:30:00,0.185733333333
10/12/2014 06:45:00,0.038
10/12/2014 07:00:00,0.139866666667
10/12/2014 07:15:00,0.0096
10/12/2014 07:30:00,0.1358
10/12/2014 07:45:00,0.2414
10/12/2014 08:00:00,0.124466666667
10/12/2014 08:15:00,0.0975333333333
10/12/2014 08:30:00,0.208133333333
10/12/2014 08:45:00,0.01
10/12/2014 09:00:00,0.01
10/12/2014 09:15:00,0.01
10/12/2014 09:30:00,0.01
10/12/2014 09:45:00,0.01
10/12/2014 10:00:00,0.01
10/12/2014 10:15:00,0.00986666666667
10/12/2014 10:30:00,0.1086
10/12/2014 10:45:00,0.0328
10/12/2014 11:00:00,0.254066666667
10/12/2014 11:15:00,0.145266666667
10/12/2014 11:30:00,0.135266666667
10/12/2014 11:45:00,0.1324
10/12/2014 12:00:00,0.135266666667
10/12/2014 12:15:00,0.0358666666667
10/12/2014 12:30:00,0.169933333333
10/12/2014 12:45:00,0.1648
10/12/2014 13:00:00,0.155733333333
10/12/2014 13:15:00,0.1674
10/12/2014 13:30:00,0.123733333333
10/12/2014 13:45:00,0.151
10/12/2014 14:00:00,0.144933333333
10/12/2014 14:15:00,0.145666666667
10/12/2014 14:30:00,0.1374
10/12/2014 14:45:00,0.01
10/12/2014 15:00:00,0.0094
10/12/2014 15:15:00,0.126266666667
10/12/2014 15:30:00,0.01
10/12/2014 15:45:00,0.01
10/12/2014 16:00:00,0.122533333333
10/12/2014 16:15:00,0.0630666666667
10/12/2014 16:30:00,0.136466666667
10/12/2014 16:45:00,0.157466666667
10/12/2014 17:00:00,0.179533333333
10/12/2014 17:15:00,0.141933333333
10/12/2014 17:30:00,0.187266666667
10/12/2014 17:45:00,0.0664666666667
10/12/2014 18:00:00,0.131866666667
10/12/2014 18:15:00,0.125533333333
10/12/2014 18:30:00,0.01
10/12/2014 18:45:00,0.1326
10/12/2014 19:00:00,0.126066666667
10/12/2014 19:15:00,0.01
10/12/2014 19:30:00,0.01
10/12/2014 19:45:00,0.123133333333
10/12/2014 20:00:00,0.01
10/12/2014 20:15:00,0.125933333333
10/12/2014 20:30:00,0.0888666666667
10/12/2014 20:45:00,0.0512
10/12/2014 21:00:00,0.126533333333
10/12/2014 21:15:00,0.011
10/12/2014 21:30:00,0.011
10/12/2014 21:45:00,0.011
10/12/2014 22:00:00,0.011
10/12/2014 22:15:00,0.011
10/12/2014 22:30:00,0.0109333333333
10/12/2014 22:45:00,0.01
10/12/2014 23:00:00,0.01
10/12/2014 23:15:00,0.01
10/12/2014 23:30:00,0.01
10/12/2014 23:45:00,0.01
11/12/2014 00:00:00,0.01
11/12/2014 00:15:00,0.01
11/12/2014 00:30:00,0.01
11/12/2014 00:45:00,0.01
11/12/2014 01:00:00,0.01
11/12/2014 01:15:00,0.01
11/12/2014 01:30:00,0.01
11/12/2014 01:45:00,0.01
11/12/2014 02:00:00,0.01
11/12/2014 02:15:00,0.01
11/12/2014 02:30:00,0.01
11/12/2014 02:45:00,0.01
11/12/2014 03:00:00,0.01
11/12/2014 03:15:00,0.01
11/12/2014 03:30:00,0.01
11/12/2014 03:45:00,0.01
11/12/2014 04:00:00,0.01
11/12/2014 04:15:00,0.01
11/12/2014 04:30:00,0.01
11/12/2014 04:45:00,0.01
11/12/2014 05:00:00,0.01
11/12/2014 05:15:00,0.01
11/12/2014 05:30:00,0.01
11/12/2014 05:45:00,0.01
11/12/2014 06:00:00,0.01
11/12/2014 06:15:00,0.01
11/12/2014 06:30:00,0.01
11/12/2014 06:45:00,0.0101333333333
11/12/2014 07:00:00,0.01
11/12/2014 07:15:00,0.01
11/12/2014 07:30:00,0.01
11/12/2014 07:45:00,0.0102
11/12/2014 08:00:00,0.01
11/12/2014 08:15:00,0.0102
11/12/2014 08:30:00,0.01
11/12/2014 08:45:00,0.01
11/12/2014 09:00:00,0.01
11/12/2014 09:15:00,0.01
11/12/2014 09:30:00,0.01
11/12/2014 09:45:00,0.01
11/12/2014 10:00:00,0.01
11/12/2014 10:15:00,0.01
11/12/2014 10:30:00,0.01
11/12/2014 10:45:00,0.01
11/12/2014 11:00:00,0.0104666666667
11/12/2014 11:15:00,0.011
11/12/2014 11:30:00,0.0100666666667
11/12/2014 11:45:00,0.01
11/12/2014 12:00:00,0.01
11/12/2014 12:15:00,0.01
11/12/2014 12:30:00,0.01
11/12/2014 12:45:00,0.01
11/12/2014 13:00:00,0.154266666667
11/12/2014 13:15:00,0.1492
11/12/2014 13:30:00,0.137466666667
11/12/2014 13:45:00,0.0664666666667
11/12/2014 14:00:00,0.1016
11/12/2014 14:15:00,0.1136
11/12/2014 14:30:00,0.1254
11/12/2014 14:45:00,0.01
11/12/2014 15:00:00,0.01
11/12/2014 15:15:00,0.01
11/12/2014 15:30:00,0.01
11/12/2014 15:45:00,0.01
11/12/2014 16:00:00,0.01
11/12/2014 16:15:00,0.00973333333333
11/12/2014 16:30:00,0.01
11/12/2014 16:45:00,0.01
11/12/2014 17:00:00,0.01
11/12/2014 17:15:00,0.01
11/12/2014 17:30:00,0.01
11/12/2014 17:45:00,0.01
11/12/2014 18:00:00,0.0098
11/12/2014 18:15:00,0.00933333333333
11/12/2014 18:30:00,0.00973333333333
11/12/2014 18:45:00,0.01
11/12/2014 19:00:00,0.0100666666667
11/12/2014 19:15:00,0.011
11/12/2014 19:30:00,0.011
11/12/2014 19:45:00,0.0101333333333
11/12/2014 20:00:00,0.0100666666667
11/12/2014 20:15:00,0.0107333333333
11/12/2014 20:30:00,0.011
11/12/2014 20:45:00,0.011
11/12/2014 21:00:00,0.011
11/12/2014 21:15:00,0.011
11/12/2014 21:30:00,0.0104
11/12/2014 21:45:00,0.01
11/12/2014 22:00:00,0.01
11/12/2014 22:15:00,0.01
11/12/2014 22:30:00,0.01
11/12/2014 22:45:00,0.01
11/12/2014 23:00:00,0.01
11/12/2014 23:15:00,0.01
11/12/2014 23:30:00,0.01
11/12/2014 23:45:00,0.01
12/12/2014 00:00:00,0.01
12/12/2014 00:15:00,0.01
12/12/2014 00:30:00,0.01
12/12/2014 00:45:00,0.01
12/12/2014 01:00:00,0.01
12/12/2014 01:15:00,0.01
12/12/2014 01:30:00,0.01
12/12/2014 01:45:00,0.01
12/12/2014 02:00:00,0.01
12/12/2014 02:15:00,0.01
12/12/2014 02:30:00,0.01
12/12/2014 02:45:00,0.01
12/12/2014 03:00:00,0.01
12/12/2014 03:15:00,0.01
12/12/2014 03:30:00,0.01
12/12/2014 03:45:00,0.01
12/12/2014 04:00:00,0.01
12/12/2014 04:15:00,0.01
12/12/2014 04:30:00,0.01
12/12/2014 04:45:00,0.01
12/12/2014 05:00:00,0.01
12/12/2014 05:15:00,0.01
12/12/2014 05:30:00,0.01
12/12/2014 05:45:00,0.01
12/12/2014 06:00:00,0.01
12/12/2014 06:15:00,0.01
12/12/2014 06:30:00,0.01
12/12/2014 06:45:00,0.01
12/12/2014 07:00:00,0.00993333333333
12/12/2014 07:15:00,0.0092
12/12/2014 07:30:00,0.01
12/12/2014 07:45:00,0.01
12/12/2014 08:00:00,0.01
12/12/2014 08:15:00,0.01
12/12/2014 08:30:00,0.01
12/12/2014 08:45:00,0.00973333333333
12/12/2014 09:00:00,0.00973333333333
12/12/2014 09:15:00,0.00953333333333
12/12/2014 09:30:00,0.01
12/12/2014 09:45:00,0.01
12/12/2014 10:00:00,0.01
12/12/2014 10:15:00,0.01
12/12/2014 10:30:00,0.01
12/12/2014 10:45:00,0.01
12/12/2014 11:00:00,0.01
12/12/2014 11:15:00,0.01
12/12/2014 11:30:00,0.01
12/12/2014 11:45:00,0.01
12/12/2014 12:00:00,0.00926666666667
12/12/2014 12:15:00,0.009
12/12/2014 12:30:00,0.009
12/12/2014 12:45:00,0.009
12/12/2014 13:00:00,0.009
12/12/2014 13:15:00,0.00966666666667
12/12/2014 13:30:00,0.01
12/12/2014 13:45:00,0.00993333333333
12/12/2014 14:00:00,0.009
12/12/2014 14:15:00,0.009
12/12/2014 14:30:00,0.009
12/12/2014 14:45:00,0.009
12/12/2014 15:00:00,0.009
12/12/2014 15:15:00,0.009
12/12/2014 15:30:00,0.009
12/12/2014 15:45:00,0.009
12/12/2014 16:00:00,0.009
12/12/2014 16:15:00,0.009
12/12/2014 16:30:00,0.009
12/12/2014 16:45:00,0.009
12/12/2014 17:00:00,0.00893333333333
12/12/2014 17:15:00,0.00893333333333
12/12/2014 17:30:00,0.009
12/12/2014 17:45:00,0.009
12/12/2014 18:00:00,0.009
12/12/2014 18:15:00,0.009
12/12/2014 18:30:00,0.009
12/12/2014 18:45:00,0.009
12/12/2014 19:00:00,0.009
12/12/2014 19:15:00,0.009
12/12/2014 19:30:00,0.009
12/12/2014 19:45:00,0.00906666666667
12/12/2014 20:00:00,0.00906666666667
12/12/2014 20:15:00,0.009
12/12/2014 20:30:00,0.0092
12/12/2014 20:45:00,0.01
12/12/2014 21:00:00,0.01
12/12/2014 21:15:00,0.01
12/12/2014 21:30:00,0.01
12/12/2014 21:45:00,0.01
12/12/2014 22:00:00,0.01
12/12/2014 22:15:00,0.01
12/12/2014 22:30:00,0.01
12/12/2014 22:45:00,0.01
12/12/2014 23:00:00,0.01
12/12/2014 23:15:00,0.01
12/12/2014 23:30:00,0.01
12/12/2014 23:45:00,0.01
13/12/2014 00:00:00,0.01
13/12/2014 00:15:00,0.01
13/12/2014 00:30:00,0.01
13/12/2014 00:45:00,0.00993333333333
13/12/2014 01:00:00,0.01
13/12/2014 01:15:00,0.01
13/12/2014 01:30:00,0.01
13/12/2014 01:45:00,0.01
13/12/2014 02:00:00,0.01
13/12/2014 02:15:00,0.01
13/12/2014 02:30:00,0.01
13/12/2014 02:45:00,0.01
13/12/2014 03:00:00,0.01
13/12/2014 03:15:00,0.01
13/12/2014 03:30:00,0.01
13/12/2014 03:45:00,0.01
13/12/2014 04:00:00,0.01
13/12/2014 04:15:00,0.01
13/12/2014 04:30:00,0.01
13/12/2014 04:45:00,0.01
13/12/2014 05:00:00,0.01
13/12/2014 05:15:00,0.01
13/12/2014 05:30:00,0.00953333333333
13/12/2014 05:45:00,0.00913333333333
13/12/2014 06:00:00,0.009
13/12/2014 06:15:00,0.009
13/12/2014 06:30:00,0.009
13/12/2014 06:45:00,0.009
13/12/2014 07:00:00,0.009
13/12/2014 07:15:00,0.00913333333333
13/12/2014 07:30:00,0.009
13/12/2014 07:45:00,0.009
13/12/2014 08:00:00,0.00906666666667
13/12/2014 08:15:00,0.0092
13/12/2014 08:30:00,0.009
13/12/2014 08:45:00,0.009
13/12/2014 09:00:00,0.009
13/12/2014 09:15:00,0.009
13/12/2014 09:30:00,0.009
13/12/2014 09:45:00,0.009
13/12/2014 10:00:00,0.009
13/12/2014 10:15:00,0.00873333333333
13/12/2014 10:30:00,0.00846666666667
13/12/2014 10:45:00,0.009
13/12/2014 11:00:00,0.009
13/12/2014 11:15:00,0.009
13/12/2014 11:30:00,0.009
13/12/2014 11:45:00,0.009
13/12/2014 12:00:00,0.009
13/12/2014 12:15:00,0.009
13/12/2014 12:30:00,0.009
13/12/2014 12:45:00,0.01
13/12/2014 13:00:00,0.01
13/12/2014 13:15:00,0.01
13/12/2014 13:30:00,0.01
13/12/2014 13:45:00,0.01
13/12/2014 14:00:00,0.01
13/12/2014 14:15:00,0.01
13/12/2014 14:30:00,0.01
13/12/2014 14:45:00,0.01
13/12/2014 15:00:00,0.01
13/12/2014 15:15:00,0.01
13/12/2014 15:30:00,0.01
13/12/2014 15:45:00,0.01
13/12/2014 16:00:00,0.01
13/12/2014 16:15:00,0.01
13/12/2014 16:30:00,0.01
13/12/2014 16:45:00,0.00946666666667
13/12/2014 17:00:00,0.009
13/12/2014 17:15:00,0.00933333333333
13/12/2014 17:30:00,0.01
13/12/2014 17:45:00,0.01
13/12/2014 18:00:00,0.01
13/12/2014 18:15:00,0.00973333333333
13/12/2014 18:30:00,0.009
13/12/2014 18:45:00,0.009
13/12/2014 19:00:00,0.00986666666667
13/12/2014 19:15:00,0.01
13/12/2014 19:30:00,0.01
13/12/2014 19:45:00,0.01
13/12/2014 20:00:00,0.0096
13/12/2014 20:15:00,0.00993333333333
13/12/2014 20:30:00,0.00966666666667
13/12/2014 20:45:00,0.01
13/12/2014 21:00:00,0.01
13/12/2014 21:15:00,0.01
13/12/2014 21:30:00,0.0102666666667
13/12/2014 21:45:00,0.01
13/12/2014 22:00:00,0.01
13/12/2014 22:15:00,0.0108
13/12/2014 22:30:00,0.0102
13/12/2014 22:45:00,0.01
13/12/2014 23:00:00,0.01
13/12/2014 23:15:00,0.01
13/12/2014 23:30:00,0.01
13/12/2014 23:45:00,0.01
14/12/2014 00:00:00,0.01
14/12/2014 00:15:00,0.01
14/12/2014 00:30:00,0.01
14/12/2014 00:45:00,0.01
14/12/2014 01:00:00,0.01
14/12/2014 01:15:00,0.01
14/12/2014 01:30:00,0.01
14/12/2014 01:45:00,0.01
14/12/2014 02:00:00,0.01
14/12/2014 02:15:00,0.01
14/12/2014 02:30:00,0.01
14/12/2014 02:45:00,0.01
14/12/2014 03:00:00,0.01
14/12/2014 03:15:00,0.01
14/12/2014 03:30:00,0.01
14/12/2014 03:45:00,0.01
14/12/2014 04:00:00,0.01
14/12/2014 04:15:00,0.01
14/12/2014 04:30:00,0.01
14/12/2014 04:45:00,0.01
14/12/2014 05:00:00,0.01
14/12/2014 05:15:00,0.01
14/12/2014 05:30:00,0.01
14/12/2014 05:45:00,0.01
14/12/2014 06:00:00,0.01
14/12/2014 06:15:00,0.01
14/12/2014 06:30:00,0.01
14/12/2014 06:45:00,0.01
14/12/2014 07:00:00,0.01
14/12/2014 07:15:00,0.01
14/12/2014 07:30:00,0.01
14/12/2014 07:45:00,0.0096
14/12/2014 08:00:00,0.00906666666667
14/12/2014 08:15:00,0.009
14/12/2014 08:30:00,0.009
14/12/2014 08:45:00,0.009
14/12/2014 09:00:00,0.009
14/12/2014 09:15:00,0.0074
14/12/2014 09:30:00,0.00806666666667
14/12/2014 09:45:00,0.00853333333333
14/12/2014 10:00:00,0.009
14/12/2014 10:15:00,0.009
14/12/2014 10:30:00,0.00846666666667
14/12/2014 10:45:00,0.009
14/12/2014 11:00:00,0.009
14/12/2014 11:15:00,0.009
14/12/2014 11:30:00,0.009
14/12/2014 11:45:00,0.009
14/12/2014 12:00:00,0.009
14/12/2014 12:15:00,0.009
14/12/2014 12:30:00,0.009
14/12/2014 12:45:00,0.009
14/12/2014 13:00:00,0.009
14/12/2014 13:15:00,0.009
14/12/2014 13:30:00,0.009
14/12/2014 13:45:00,0.009
14/12/2014 14:00:00,0.009
14/12/2014 14:15:00,0.009
14/12/2014 14:30:00,0.00873333333333
14/12/2014 14:45:00,0.00833333333333
14/12/2014 15:00:00,0.0088
14/12/2014 15:15:00,0.00866666666667
14/12/2014 15:30:00,0.009
14/12/2014 15:45:00,0.009
14/12/2014 16:00:00,0.009
14/12/2014 16:15:00,0.009
14/12/2014 16:30:00,0.009
14/12/2014 16:45:00,0.00833333333333
14/12/2014 17:00:00,0.00813333333333
14/12/2014 17:15:00,0.009
14/12/2014 17:30:00,0.00886666666667
14/12/2014 17:45:00,0.00893333333333
14/12/2014 18:00:00,0.009
14/12/2014 18:15:00,0.009
14/12/2014 18:30:00,0.0088
14/12/2014 18:45:00,0.008
14/12/2014 19:00:00,0.008
14/12/2014 19:15:00,0.00806666666667
14/12/2014 19:30:00,0.008
14/12/2014 19:45:00,0.0082
14/12/2014 20:00:00,0.0082
14/12/2014 20:15:00,0.008
14/12/2014 20:30:00,0.008
14/12/2014 20:45:00,0.008
14/12/2014 21:00:00,0.008
14/12/2014 21:15:00,0.008
14/12/2014 21:30:00,0.00846666666667
14/12/2014 21:45:00,0.008
14/12/2014 22:00:00,0.00826666666667
14/12/2014 22:15:00,0.008
14/12/2014 22:30:00,0.0088
14/12/2014 22:45:00,0.009
14/12/2014 23:00:00,0.009
14/12/2014 23:15:00,0.009
14/12/2014 23:30:00,0.009
14/12/2014 23:45:00,0.009
15/12/2014 00:00:00,0.009
15/12/2014 00:15:00,0.009
15/12/2014 00:30:00,0.009
15/12/2014 00:45:00,0.009
15/12/2014 01:00:00,0.009
15/12/2014 01:15:00,0.009
15/12/2014 01:30:00,0.009
15/12/2014 01:45:00,0.009
15/12/2014 02:00:00,0.009
15/12/2014 02:15:00,0.009
15/12/2014 02:30:00,0.009
15/12/2014 02:45:00,0.009
15/12/2014 03:00:00,0.009
15/12/2014 03:15:00,0.009
15/12/2014 03:30:00,0.009
15/12/2014 03:45:00,0.009
15/12/2014 04:00:00,0.009
15/12/2014 04:15:00,0.009
15/12/2014 04:30:00,0.009
15/12/2014 04:45:00,0.009
15/12/2014 05:00:00,0.009
15/12/2014 05:15:00,0.009
15/12/2014 05:30:00,0.009
15/12/2014 05:45:00,0.009
15/12/2014 06:00:00,0.009
15/12/2014 06:15:00,0.009
15/12/2014 06:30:00,0.009
15/12/2014 06:45:00,0.009
15/12/2014 07:00:00,0.009
15/12/2014 07:15:00,0.009
15/12/2014 07:30:00,0.009
15/12/2014 07:45:00,0.009
15/12/2014 08:00:00,0.009
15/12/2014 08:15:00,0.00906666666667
15/12/2014 08:30:00,0.009
15/12/2014 08:45:00,0.009
15/12/2014 09:00:00,0.009
15/12/2014 09:15:00,0.00966666666667
15/12/2014 09:30:00,0.01
15/12/2014 09:45:00,0.01
15/12/2014 10:00:00,0.01
15/12/2014 10:15:00,0.01
15/12/2014 10:30:00,0.0102
15/12/2014 10:45:00,0.01
15/12/2014 11:00:00,0.01
15/12/2014 11:15:00,0.01
15/12/2014 11:30:00,0.01
15/12/2014 11:45:00,0.01
15/12/2014 12:00:00,0.01
15/12/2014 12:15:00,0.01
15/12/2014 12:30:00,0.0100666666667
15/12/2014 12:45:00,0.01
15/12/2014 13:00:00,0.01
15/12/2014 13:15:00,0.01
15/12/2014 13:30:00,0.01
15/12/2014 13:45:00,0.01
15/12/2014 14:00:00,0.01
15/12/2014 14:15:00,0.01
15/12/2014 14:30:00,0.01
15/12/2014 14:45:00,0.01
15/12/2014 15:00:00,0.01
15/12/2014 15:15:00,0.01
15/12/2014 15:30:00,0.01
15/12/2014 15:45:00,0.01
15/12/2014 16:00:00,0.01
15/12/2014 16:15:00,0.01
15/12/2014 16:30:00,0.01
15/12/2014 16:45:00,0.01
15/12/2014 17:00:00,0.01
15/12/2014 17:15:00,0.01
15/12/2014 17:30:00,0.01
15/12/2014 17:45:00,0.01
15/12/2014 18:00:00,0.01
15/12/2014 18:15:00,0.01
15/12/2014 18:30:00,0.01
15/12/2014 18:45:00,0.01
15/12/2014 19:00:00,0.01
15/12/2014 19:15:00,0.01
15/12/2014 19:30:00,0.01
15/12/2014 19:45:00,0.01
15/12/2014 20:00:00,0.01
15/12/2014 20:15:00,0.01
15/12/2014 20:30:00,0.01
15/12/2014 20:45:00,0.01
15/12/2014 21:00:00,0.01
15/12/2014 21:15:00,0.01
15/12/2014 21:30:00,0.01
15/12/2014 21:45:00,0.0104
15/12/2014 22:00:00,0.0105333333333
15/12/2014 22:15:00,0.01
15/12/2014 22:30:00,0.01
15/12/2014 22:45:00,0.01
15/12/2014 23:00:00,0.01
15/12/2014 23:15:00,0.01
15/12/2014 23:30:00,0.01
15/12/2014 23:45:00,0.01
16/12/2014 00:00:00,0.01
16/12/2014 00:15:00,0.01
16/12/2014 00:30:00,0.01
16/12/2014 00:45:00,0.01
16/12/2014 01:00:00,0.01
16/12/2014 01:15:00,0.01
16/12/2014 01:30:00,0.01
16/12/2014 01:45:00,0.01
16/12/2014 02:00:00,0.01
16/12/2014 02:15:00,0.01
16/12/2014 02:30:00,0.01
16/12/2014 02:45:00,0.01
16/12/2014 03:00:00,0.01
16/12/2014 03:15:00,0.01
16/12/2014 03:30:00,0.01
16/12/2014 03:45:00,0.01
16/12/2014 04:00:00,0.01
16/12/2014 04:15:00,0.01
16/12/2014 04:30:00,0.01
16/12/2014 04:45:00,0.01
16/12/2014 05:00:00,0.01
16/12/2014 05:15:00,0.01
16/12/2014 05:30:00,0.01
16/12/2014 05:45:00,0.01
16/12/2014 06:00:00,0.01
16/12/2014 06:15:00,0.1386
16/12/2014 06:30:00,0.146466666667
16/12/2014 06:45:00,0.01
16/12/2014 07:00:00,0.01
16/12/2014 07:15:00,0.01
16/12/2014 07:30:00,0.01
16/12/2014 07:45:00,0.01
16/12/2014 08:00:00,0.0101333333333
16/12/2014 08:15:00,0.01
16/12/2014 08:30:00,0.0100666666667
16/12/2014 08:45:00,0.01
16/12/2014 09:00:00,0.01
16/12/2014 09:15:00,0.01
16/12/2014 09:30:00,0.01
16/12/2014 09:45:00,0.0104
16/12/2014 10:00:00,0.0103333333333
16/12/2014 10:15:00,0.01
16/12/2014 10:30:00,0.01
16/12/2014 10:45:00,0.01
16/12/2014 11:00:00,0.0103333333333
16/12/2014 11:15:00,0.0107333333333
16/12/2014 11:30:00,0.0100666666667
16/12/2014 11:45:00,0.011
16/12/2014 12:00:00,0.0102666666667
16/12/2014 12:15:00,0.01
16/12/2014 12:30:00,0.01
16/12/2014 12:45:00,0.0102
16/12/2014 13:00:00,0.0102
16/12/2014 13:15:00,0.0102666666667
16/12/2014 13:30:00,0.0108
16/12/2014 13:45:00,0.0108666666667
16/12/2014 14:00:00,0.0106666666667
16/12/2014 14:15:00,0.01
16/12/2014 14:30:00,0.01
16/12/2014 14:45:00,0.01
16/12/2014 15:00:00,0.01
16/12/2014 15:15:00,0.01
16/12/2014 15:30:00,0.01
16/12/2014 15:45:00,0.01
16/12/2014 16:00:00,0.0100666666667
16/12/2014 16:15:00,0.01
16/12/2014 16:30:00,0.01
16/12/2014 16:45:00,0.01
16/12/2014 17:00:00,0.01
16/12/2014 17:15:00,0.01
16/12/2014 17:30:00,0.01
16/12/2014 17:45:00,0.01
16/12/2014 18:00:00,0.01
16/12/2014 18:15:00,0.01
16/12/2014 18:30:00,0.00966666666667
16/12/2014 18:45:00,0.009
16/12/2014 19:00:00,0.009
16/12/2014 19:15:00,0.009
16/12/2014 19:30:00,0.00966666666667
16/12/2014 19:45:00,0.01
16/12/2014 20:00:00,0.01
16/12/2014 20:15:00,0.01
16/12/2014 20:30:00,0.01
16/12/2014 20:45:00,0.01
16/12/2014 21:00:00,0.01
16/12/2014 21:15:00,0.0103333333333
16/12/2014 21:30:00,0.0108666666667
16/12/2014 21:45:00,0.01
16/12/2014 22:00:00,0.01
16/12/2014 22:15:00,0.01
16/12/2014 22:30:00,0.01
16/12/2014 22:45:00,0.01
16/12/2014 23:00:00,0.01
16/12/2014 23:15:00,0.01
16/12/2014 23:30:00,0.01
16/12/2014 23:45:00,0.01
17/12/2014 00:00:00,0.01
17/12/2014 00:15:00,0.01
17/12/2014 00:30:00,0.01
17/12/2014 00:45:00,0.01
17/12/2014 01:00:00,0.01
17/12/2014 01:15:00,0.01
17/12/2014 01:30:00,0.01
17/12/2014 01:45:00,0.01
17/12/2014 02:00:00,0.01
17/12/2014 02:15:00,0.01
17/12/2014 02:30:00,0.01
17/12/2014 02:45:00,0.01
17/12/2014 03:00:00,0.01
17/12/2014 03:15:00,0.01
17/12/2014 03:30:00,0.01
17/12/2014 03:45:00,0.01
17/12/2014 04:00:00,0.01
17/12/2014 04:15:00,0.01
17/12/2014 04:30:00,0.01
17/12/2014 04:45:00,0.01
17/12/2014 05:00:00,0.01
17/12/2014 05:15:00,0.01
17/12/2014 05:30:00,0.01
17/12/2014 05:45:00,0.01
17/12/2014 06:00:00,0.1654
17/12/2014 06:15:00,0.277066666667
17/12/2014 06:30:00,0.0786666666667
17/12/2014 06:45:00,0.08
17/12/2014 07:00:00,0.1442
17/12/2014 07:15:00,0.1446
17/12/2014 07:30:00,0.151666666667
17/12/2014 07:45:00,0.137733333333
17/12/2014 08:00:00,0.1412
17/12/2014 08:15:00,0.1414
17/12/2014 08:30:00,0.141133333333
17/12/2014 08:45:00,0.1412
17/12/2014 09:00:00,0.141333333333
17/12/2014 09:15:00,0.0747333333333
17/12/2014 09:30:00,0.08
17/12/2014 09:45:00,0.144933333333
17/12/2014 10:00:00,0.138
17/12/2014 10:15:00,0.01
17/12/2014 10:30:00,0.134666666667
17/12/2014 10:45:00,0.131466666667
17/12/2014 11:00:00,0.01
17/12/2014 11:15:00,0.131333333333
17/12/2014 11:30:00,0.134533333333
17/12/2014 11:45:00,0.01
17/12/2014 12:00:00,0.130933333333
17/12/2014 12:15:00,0.126666666667
17/12/2014 12:30:00,0.009
17/12/2014 12:45:00,0.009
17/12/2014 13:00:00,0.009
17/12/2014 13:15:00,0.009
17/12/2014 13:30:00,0.1266
17/12/2014 13:45:00,0.0763333333333
17/12/2014 14:00:00,0.0698
17/12/2014 14:15:00,0.137066666667
17/12/2014 14:30:00,0.009
17/12/2014 14:45:00,0.129933333333
17/12/2014 15:00:00,0.140066666667
17/12/2014 15:15:00,0.009
17/12/2014 15:30:00,0.133266666667
17/12/2014 15:45:00,0.133266666667
17/12/2014 16:00:00,0.009
17/12/2014 16:15:00,0.129266666667
17/12/2014 16:30:00,0.009
17/12/2014 16:45:00,0.132333333333
17/12/2014 17:00:00,0.0102
17/12/2014 17:15:00,0.1244
17/12/2014 17:30:00,0.009
17/12/2014 17:45:00,0.009
17/12/2014 18:00:00,0.009
17/12/2014 18:15:00,0.009
17/12/2014 18:30:00,0.009
17/12/2014 18:45:00,0.009
17/12/2014 19:00:00,0.009
17/12/2014 19:15:00,0.009
17/12/2014 19:30:00,0.009
17/12/2014 19:45:00,0.009
17/12/2014 20:00:00,0.009
17/12/2014 20:15:00,0.009
17/12/2014 20:30:00,0.00986666666667
17/12/2014 20:45:00,0.01
17/12/2014 21:00:00,0.0108666666667
17/12/2014 21:15:00,0.0105333333333
17/12/2014 21:30:00,0.01
17/12/2014 21:45:00,0.01
17/12/2014 22:00:00,0.01
17/12/2014 22:15:00,0.01
17/12/2014 22:30:00,0.01
17/12/2014 22:45:00,0.01
17/12/2014 23:00:00,0.01
17/12/2014 23:15:00,0.01
17/12/2014 23:30:00,0.01
17/12/2014 23:45:00,0.01
18/12/2014 00:00:00,0.01
18/12/2014 00:15:00,0.01
18/12/2014 00:30:00,0.01
18/12/2014 00:45:00,0.01
18/12/2014 01:00:00,0.01
18/12/2014 01:15:00,0.01
18/12/2014 01:30:00,0.01
18/12/2014 01:45:00,0.01
18/12/2014 02:00:00,0.01
18/12/2014 02:15:00,0.01
18/12/2014 02:30:00,0.01
18/12/2014 02:45:00,0.01
18/12/2014 03:00:00,0.01
18/12/2014 03:15:00,0.01
18/12/2014 03:30:00,0.01
18/12/2014 03:45:00,0.01
18/12/2014 04:00:00,0.01
18/12/2014 04:15:00,0.01
18/12/2014 04:30:00,0.01
18/12/2014 04:45:00,0.01
18/12/2014 05:00:00,0.01
18/12/2014 05:15:00,0.01
18/12/2014 05:30:00,0.01
18/12/2014 05:45:00,0.01
18/12/2014 06:00:00,0.534066666667
18/12/2014 06:15:00,0.1068
18/12/2014 06:30:00,0.1508
18/12/2014 06:45:00,0.168866666667
18/12/2014 07:00:00,0.161933333333
18/12/2014 07:15:00,0.172133333333
18/12/2014 07:30:00,0.1656
18/12/2014 07:45:00,0.1516
18/12/2014 08:00:00,0.1544
18/12/2014 08:15:00,0.179133333333
18/12/2014 08:30:00,0.154133333333
18/12/2014 08:45:00,0.132466666667
18/12/2014 09:00:00,0.140266666667
18/12/2014 09:15:00,0.136866666667
18/12/2014 09:30:00,0.146466666667
18/12/2014 09:45:00,0.0679333333333
18/12/2014 10:00:00,0.0742666666667
18/12/2014 10:15:00,0.137533333333
18/12/2014 10:30:00,0.137333333333
18/12/2014 10:45:00,0.009
18/12/2014 11:00:00,0.1066
18/12/2014 11:15:00,0.0367333333333
18/12/2014 11:30:00,0.009
18/12/2014 11:45:00,0.009
18/12/2014 12:00:00,0.127333333333
18/12/2014 12:15:00,0.00973333333333
18/12/2014 12:30:00,0.01
18/12/2014 12:45:00,0.00966666666667
18/12/2014 13:00:00,0.0332666666667
18/12/2014 13:15:00,0.101733333333
18/12/2014 13:30:00,0.009
18/12/2014 13:45:00,0.009
18/12/2014 14:00:00,0.0098
18/12/2014 14:15:00,0.00933333333333
18/12/2014 14:30:00,0.00906666666667
18/12/2014 14:45:00,0.00926666666667
18/12/2014 15:00:00,0.009
18/12/2014 15:15:00,0.009
18/12/2014 15:30:00,0.00886666666667
18/12/2014 15:45:00,0.0086
18/12/2014 16:00:00,0.009
18/12/2014 16:15:00,0.009
18/12/2014 16:30:00,0.009
18/12/2014 16:45:00,0.009
18/12/2014 17:00:00,0.009
18/12/2014 17:15:00,0.009
18/12/2014 17:30:00,0.009
18/12/2014 17:45:00,0.009
18/12/2014 18:00:00,0.009
18/12/2014 18:15:00,0.009
18/12/2014 18:30:00,0.009
18/12/2014 18:45:00,0.009
18/12/2014 19:00:00,0.009
18/12/2014 19:15:00,0.009
18/12/2014 19:30:00,0.00906666666667
18/12/2014 19:45:00,0.00986666666667
18/12/2014 20:00:00,0.00993333333333
18/12/2014 20:15:00,0.01
18/12/2014 20:30:00,0.009
18/12/2014 20:45:00,0.00973333333333
18/12/2014 21:00:00,0.01
18/12/2014 21:15:00,0.01
18/12/2014 21:30:00,0.01
18/12/2014 21:45:00,0.01
18/12/2014 22:00:00,0.01
18/12/2014 22:15:00,0.01
18/12/2014 22:30:00,0.01
18/12/2014 22:45:00,0.01
18/12/2014 23:00:00,0.01
18/12/2014 23:15:00,0.01
18/12/2014 23:30:00,0.01
18/12/2014 23:45:00,0.01
19/12/2014 00:00:00,0.01
19/12/2014 00:15:00,0.01
19/12/2014 00:30:00,0.01
19/12/2014 00:45:00,0.01
19/12/2014 01:00:00,0.01
19/12/2014 01:15:00,0.01
19/12/2014 01:30:00,0.01
19/12/2014 01:45:00,0.01
19/12/2014 02:00:00,0.01
19/12/2014 02:15:00,0.01
19/12/2014 02:30:00,0.01
19/12/2014 02:45:00,0.01
19/12/2014 03:00:00,0.01
19/12/2014 03:15:00,0.01
19/12/2014 03:30:00,0.01
19/12/2014 03:45:00,0.01
19/12/2014 04:00:00,0.01
19/12/2014 04:15:00,0.01
19/12/2014 04:30:00,0.01
19/12/2014 04:45:00,0.01
19/12/2014 05:00:00,0.01
19/12/2014 05:15:00,0.01
19/12/2014 05:30:00,0.01
19/12/2014 05:45:00,0.01
19/12/2014 06:00:00,0.5172
19/12/2014 06:15:00,0.134533333333
19/12/2014 06:30:00,0.154466666667
19/12/2014 06:45:00,0.1684
19/12/2014 07:00:00,0.379266666667
19/12/2014 07:15:00,0.112866666667
19/12/2014 07:30:00,0.3644
19/12/2014 07:45:00,0.382466666667
19/12/2014 08:00:00,0.209333333333
19/12/2014 08:15:00,0.1348
19/12/2014 08:30:00,0.0777333333333
19/12/2014 08:45:00,0.1296
19/12/2014 09:00:00,0.1298
19/12/2014 09:15:00,0.136866666667
19/12/2014 09:30:00,0.0504
19/12/2014 09:45:00,0.194133333333
19/12/2014 10:00:00,0.214466666667
19/12/2014 10:15:00,0.009
19/12/2014 10:30:00,0.009
19/12/2014 10:45:00,0.00953333333333
19/12/2014 11:00:00,0.2082
19/12/2014 11:15:00,0.009
19/12/2014 11:30:00,0.00906666666667
19/12/2014 11:45:00,0.00873333333333
19/12/2014 12:00:00,0.00886666666667
19/12/2014 12:15:00,0.0092
19/12/2014 12:30:00,0.00926666666667
19/12/2014 12:45:00,0.00926666666667
19/12/2014 13:00:00,0.00993333333333
19/12/2014 13:15:00,0.243866666667
19/12/2014 13:30:00,0.150933333333
19/12/2014 13:45:00,0.151
19/12/2014 14:00:00,0.140266666667
19/12/2014 14:15:00,0.136933333333
19/12/2014 14:30:00,0.148866666667
19/12/2014 14:45:00,0.168266666667
19/12/2014 15:00:00,0.1696
19/12/2014 15:15:00,0.1204
19/12/2014 15:30:00,0.0922666666667
19/12/2014 15:45:00,0.143466666667
19/12/2014 16:00:00,0.1402
19/12/2014 16:15:00,0.136933333333
19/12/2014 16:30:00,0.0437333333333
19/12/2014 16:45:00,0.0986
19/12/2014 17:00:00,0.13
19/12/2014 17:15:00,0.126933333333
19/12/2014 17:30:00,0.01
19/12/2014 17:45:00,0.00966666666667
19/12/2014 18:00:00,0.01
19/12/2014 18:15:00,0.01
19/12/2014 18:30:00,0.01
19/12/2014 18:45:00,0.01
19/12/2014 19:00:00,0.01
19/12/2014 19:15:00,0.01
19/12/2014 19:30:00,0.01
19/12/2014 19:45:00,0.01
19/12/2014 20:00:00,0.147266666667
19/12/2014 20:15:00,0.160066666667
19/12/2014 20:30:00,0.0151333333333
19/12/2014 20:45:00,0.147533333333
19/12/2014 21:00:00,0.1384
19/12/2014 21:15:00,0.1382
19/12/2014 21:30:00,0.138133333333
19/12/2014 21:45:00,0.1428
19/12/2014 22:00:00,0.011
19/12/2014 22:15:00,0.011
19/12/2014 22:30:00,0.011
19/12/2014 22:45:00,0.0101333333333
19/12/2014 23:00:00,0.01
19/12/2014 23:15:00,0.01
19/12/2014 23:30:00,0.01
19/12/2014 23:45:00,0.01
20/12/2014 00:00:00,0.01
20/12/2014 00:15:00,0.01
20/12/2014 00:30:00,0.01
20/12/2014 00:45:00,0.01
20/12/2014 01:00:00,0.01
20/12/2014 01:15:00,0.01
20/12/2014 01:30:00,0.01
20/12/2014 01:45:00,0.01
20/12/2014 02:00:00,0.01
20/12/2014 02:15:00,0.147133333333
20/12/2014 02:30:00,0.117866666667
20/12/2014 02:45:00,0.0455333333333
20/12/2014 03:00:00,0.1176
20/12/2014 03:15:00,0.135066666667
20/12/2014 03:30:00,0.1316
20/12/2014 03:45:00,0.01
20/12/2014 04:00:00,0.1284
20/12/2014 04:15:00,0.0893333333333
20/12/2014 04:30:00,0.0525333333333
20/12/2014 04:45:00,0.01
20/12/2014 05:00:00,0.128466666667
20/12/2014 05:15:00,0.0766
20/12/2014 05:30:00,0.0617333333333
20/12/2014 05:45:00,0.128466666667
20/12/2014 06:00:00,0.500466666667
20/12/2014 06:15:00,0.158866666667
20/12/2014 06:30:00,0.2496
20/12/2014 06:45:00,0.234133333333
20/12/2014 07:00:00,0.0772
20/12/2014 07:15:00,0.4602
20/12/2014 07:30:00,0.256
20/12/2014 07:45:00,0.228666666667
20/12/2014 08:00:00,0.1322
20/12/2014 08:15:00,0.0363333333333
20/12/2014 08:30:00,0.102
20/12/2014 08:45:00,0.126
20/12/2014 09:00:00,0.009
20/12/2014 09:15:00,0.00906666666667
20/12/2014 09:30:00,0.0094
20/12/2014 09:45:00,0.0120666666667
20/12/2014 10:00:00,0.248266666667
20/12/2014 10:15:00,0.223066666667
20/12/2014 10:30:00,0.009
20/12/2014 10:45:00,0.009
20/12/2014 11:00:00,0.2174
20/12/2014 11:15:00,0.0399333333333
20/12/2014 11:30:00,0.215933333333
20/12/2014 11:45:00,0.227133333333
20/12/2014 12:00:00,0.009
20/12/2014 12:15:00,0.00906666666667
20/12/2014 12:30:00,0.009
20/12/2014 12:45:00,0.216533333333
20/12/2014 13:00:00,0.009
20/12/2014 13:15:00,0.009
20/12/2014 13:30:00,0.126266666667
20/12/2014 13:45:00,0.009
20/12/2014 14:00:00,0.232266666667
20/12/2014 14:15:00,0.009
20/12/2014 14:30:00,0.009
20/12/2014 14:45:00,0.212533333333
20/12/2014 15:00:00,0.009
20/12/2014 15:15:00,0.176133333333
20/12/2014 15:30:00,0.326733333333
20/12/2014 15:45:00,0.192133333333
20/12/2014 16:00:00,0.1892
20/12/2014 16:15:00,0.165666666667
20/12/2014 16:30:00,0.179733333333
20/12/2014 16:45:00,0.1622
20/12/2014 17:00:00,0.257866666667
20/12/2014 17:15:00,0.206133333333
20/12/2014 17:30:00,0.144866666667
20/12/2014 17:45:00,0.1384
20/12/2014 18:00:00,0.133466666667
20/12/2014 18:15:00,0.0204
20/12/2014 18:30:00,0.009
20/12/2014 18:45:00,0.009
20/12/2014 19:00:00,0.009
20/12/2014 19:15:00,0.009
20/12/2014 19:30:00,0.009
20/12/2014 19:45:00,0.009
20/12/2014 20:00:00,0.128
20/12/2014 20:15:00,0.01
20/12/2014 20:30:00,0.0104
20/12/2014 20:45:00,0.01
20/12/2014 21:00:00,0.01
20/12/2014 21:15:00,0.0103333333333
20/12/2014 21:30:00,0.0109333333333
20/12/2014 21:45:00,0.0108666666667
20/12/2014 22:00:00,0.0108
20/12/2014 22:15:00,0.0106
20/12/2014 22:30:00,0.01
20/12/2014 22:45:00,0.01
20/12/2014 23:00:00,0.01
20/12/2014 23:15:00,0.01
20/12/2014 23:30:00,0.01
20/12/2014 23:45:00,0.01
21/12/2014 00:00:00,0.01
21/12/2014 00:15:00,0.01
21/12/2014 00:30:00,0.01
21/12/2014 00:45:00,0.01
21/12/2014 01:00:00,0.01
21/12/2014 01:15:00,0.01
21/12/2014 01:30:00,0.01
21/12/2014 01:45:00,0.01
21/12/2014 02:00:00,0.01
21/12/2014 02:15:00,0.01
21/12/2014 02:30:00,0.01
21/12/2014 02:45:00,0.01
21/12/2014 03:00:00,0.01
21/12/2014 03:15:00,0.01
21/12/2014 03:30:00,0.01
21/12/2014 03:45:00,0.01
21/12/2014 04:00:00,0.01
21/12/2014 04:15:00,0.01
21/12/2014 04:30:00,0.01
21/12/2014 04:45:00,0.01
21/12/2014 05:00:00,0.01
21/12/2014 05:15:00,0.01
21/12/2014 05:30:00,0.01
21/12/2014 05:45:00,0.01
21/12/2014 06:00:00,0.449
21/12/2014 06:15:00,0.144666666667
21/12/2014 06:30:00,0.150733333333
21/12/2014 06:45:00,0.158
21/12/2014 07:00:00,0.157866666667
21/12/2014 07:15:00,0.168266666667
21/12/2014 07:30:00,0.264533333333
21/12/2014 07:45:00,0.316333333333
21/12/2014 08:00:00,0.242533333333
21/12/2014 08:15:00,0.2354
21/12/2014 08:30:00,0.135066666667
21/12/2014 08:45:00,0.138733333333
21/12/2014 09:00:00,0.1028
21/12/2014 09:15:00,0.0448666666667
21/12/2014 09:30:00,0.236133333333
21/12/2014 09:45:00,0.299266666667
21/12/2014 10:00:00,0.155133333333
21/12/2014 10:15:00,0.176266666667
21/12/2014 10:30:00,0.1754
21/12/2014 10:45:00,0.165533333333
21/12/2014 11:00:00,0.188866666667
21/12/2014 11:15:00,0.195733333333
21/12/2014 11:30:00,0.142333333333
21/12/2014 11:45:00,0.116733333333
21/12/2014 12:00:00,0.157266666667
21/12/2014 12:15:00,0.115733333333
21/12/2014 12:30:00,0.1346
21/12/2014 12:45:00,0.145333333333
21/12/2014 13:00:00,0.1394
21/12/2014 13:15:00,0.138933333333
21/12/2014 13:30:00,0.014
21/12/2014 13:45:00,0.1306
21/12/2014 14:00:00,0.135666666667
21/12/2014 14:15:00,0.0175333333333
21/12/2014 14:30:00,0.1202
21/12/2014 14:45:00,0.1256
21/12/2014 15:00:00,0.0261333333333
21/12/2014 15:15:00,0.108466666667
21/12/2014 15:30:00,0.125333333333
21/12/2014 15:45:00,0.0836
21/12/2014 16:00:00,0.051
21/12/2014 16:15:00,0.122666666667
21/12/2014 16:30:00,0.1254
21/12/2014 16:45:00,0.009
21/12/2014 17:00:00,0.009
21/12/2014 17:15:00,0.009
21/12/2014 17:30:00,0.122
21/12/2014 17:45:00,0.009
21/12/2014 18:00:00,0.009
21/12/2014 18:15:00,0.00953333333333
21/12/2014 18:30:00,0.00953333333333
21/12/2014 18:45:00,0.009
21/12/2014 19:00:00,0.00966666666667
21/12/2014 19:15:00,0.01
21/12/2014 19:30:00,0.01
21/12/2014 19:45:00,0.01
21/12/2014 20:00:00,0.00986666666667
21/12/2014 20:15:00,0.009
21/12/2014 20:30:00,0.01
21/12/2014 20:45:00,0.01
21/12/2014 21:00:00,0.01
21/12/2014 21:15:00,0.01
21/12/2014 21:30:00,0.145466666667
21/12/2014 21:45:00,0.0159333333333
21/12/2014 22:00:00,0.130866666667
21/12/2014 22:15:00,0.01
21/12/2014 22:30:00,0.01
21/12/2014 22:45:00,0.01
21/12/2014 23:00:00,0.01
21/12/2014 23:15:00,0.01
21/12/2014 23:30:00,0.01
21/12/2014 23:45:00,0.01
22/12/2014 00:00:00,0.01
22/12/2014 00:15:00,0.01
22/12/2014 00:30:00,0.01
22/12/2014 00:45:00,0.01
22/12/2014 01:00:00,0.01
22/12/2014 01:15:00,0.01
22/12/2014 01:30:00,0.01
22/12/2014 01:45:00,0.01
22/12/2014 02:00:00,0.01
22/12/2014 02:15:00,0.01
22/12/2014 02:30:00,0.01
22/12/2014 02:45:00,0.01
22/12/2014 03:00:00,0.01
22/12/2014 03:15:00,0.01
22/12/2014 03:30:00,0.01
22/12/2014 03:45:00,0.01
22/12/2014 04:00:00,0.01
22/12/2014 04:15:00,0.01
22/12/2014 04:30:00,0.01
22/12/2014 04:45:00,0.01
22/12/2014 05:00:00,0.01
22/12/2014 05:15:00,0.01
22/12/2014 05:30:00,0.01
22/12/2014 05:45:00,0.01
22/12/2014 06:00:00,0.2086
22/12/2014 06:15:00,0.237066666667
22/12/2014 06:30:00,0.01
22/12/2014 06:45:00,0.132533333333
22/12/2014 07:00:00,0.135866666667
22/12/2014 07:15:00,0.220666666667
22/12/2014 07:30:00,0.227466666667
22/12/2014 07:45:00,0.1412
22/12/2014 08:00:00,0.01
22/12/2014 08:15:00,0.01
22/12/2014 08:30:00,0.01
22/12/2014 08:45:00,0.01
22/12/2014 09:00:00,0.01
22/12/2014 09:15:00,0.01
22/12/2014 09:30:00,0.01
22/12/2014 09:45:00,0.01
22/12/2014 10:00:00,0.01
22/12/2014 10:15:00,0.01
22/12/2014 10:30:00,0.01
22/12/2014 10:45:00,0.01
22/12/2014 11:00:00,0.01
22/12/2014 11:15:00,0.01
22/12/2014 11:30:00,0.01
22/12/2014 11:45:00,0.01
22/12/2014 12:00:00,0.01
22/12/2014 12:15:00,0.01
22/12/2014 12:30:00,0.01
22/12/2014 12:45:00,0.01
22/12/2014 13:00:00,0.01
22/12/2014 13:15:00,0.01
22/12/2014 13:30:00,0.01
22/12/2014 13:45:00,0.01
22/12/2014 14:00:00,0.01
22/12/2014 14:15:00,0.01
22/12/2014 14:30:00,0.01
22/12/2014 14:45:00,0.01
22/12/2014 15:00:00,0.01
22/12/2014 15:15:00,0.01
22/12/2014 15:30:00,0.01
22/12/2014 15:45:00,0.01
22/12/2014 16:00:00,0.01
22/12/2014 16:15:00,0.01
22/12/2014 16:30:00,0.00986666666667
22/12/2014 16:45:00,0.0092
22/12/2014 17:00:00,0.0094
22/12/2014 17:15:00,0.01
22/12/2014 17:30:00,0.00966666666667
22/12/2014 17:45:00,0.00946666666667
22/12/2014 18:00:00,0.00966666666667
22/12/2014 18:15:00,0.009
22/12/2014 18:30:00,0.009
22/12/2014 18:45:00,0.01
22/12/2014 19:00:00,0.01
22/12/2014 19:15:00,0.01
22/12/2014 19:30:00,0.01
22/12/2014 19:45:00,0.0096
22/12/2014 20:00:00,0.01
22/12/2014 20:15:00,0.0094
22/12/2014 20:30:00,0.01
22/12/2014 20:45:00,0.01
22/12/2014 21:00:00,0.01
22/12/2014 21:15:00,0.01
22/12/2014 21:30:00,0.01
22/12/2014 21:45:00,0.01
22/12/2014 22:00:00,0.01
22/12/2014 22:15:00,0.01
22/12/2014 22:30:00,0.01
22/12/2014 22:45:00,0.01
22/12/2014 23:00:00,0.01
22/12/2014 23:15:00,0.01
22/12/2014 23:30:00,0.01
22/12/2014 23:45:00,0.01
23/12/2014 00:00:00,0.01
23/12/2014 00:15:00,0.01
23/12/2014 00:30:00,0.01
23/12/2014 00:45:00,0.01
23/12/2014 01:00:00,0.01
23/12/2014 01:15:00,0.01
23/12/2014 01:30:00,0.01
23/12/2014 01:45:00,0.01
23/12/2014 02:00:00,0.01
23/12/2014 02:15:00,0.01
23/12/2014 02:30:00,0.01
23/12/2014 02:45:00,0.01
23/12/2014 03:00:00,0.01
23/12/2014 03:15:00,0.01
23/12/2014 03:30:00,0.01
23/12/2014 03:45:00,0.01
23/12/2014 04:00:00,0.01
23/12/2014 04:15:00,0.01
23/12/2014 04:30:00,0.01
23/12/2014 04:45:00,0.01
23/12/2014 05:00:00,0.01
23/12/2014 05:15:00,0.01
23/12/2014 05:30:00,0.01
23/12/2014 05:45:00,0.01
23/12/2014 06:00:00,0.01
23/12/2014 06:15:00,0.172733333333
23/12/2014 06:30:00,0.164066666667
23/12/2014 06:45:00,0.149733333333
23/12/2014 07:00:00,0.142866666667
23/12/2014 07:15:00,0.1424
23/12/2014 07:30:00,0.244866666667
23/12/2014 07:45:00,0.287333333333
23/12/2014 08:00:00,0.138
23/12/2014 08:15:00,0.147133333333
23/12/2014 08:30:00,0.1164
23/12/2014 08:45:00,0.152133333333
23/12/2014 09:00:00,0.1436
23/12/2014 09:15:00,0.137666666667
23/12/2014 09:30:00,0.0132
23/12/2014 09:45:00,0.136666666667
23/12/2014 10:00:00,0.137733333333
23/12/2014 10:15:00,0.00933333333333
23/12/2014 10:30:00,0.131333333333
23/12/2014 10:45:00,0.128
23/12/2014 11:00:00,0.127466666667
23/12/2014 11:15:00,0.0647333333333
23/12/2014 11:30:00,0.0726
23/12/2014 11:45:00,0.125
23/12/2014 12:00:00,0.00926666666667
23/12/2014 12:15:00,0.125466666667
23/12/2014 12:30:00,0.126266666667
23/12/2014 12:45:00,0.01
23/12/2014 13:00:00,0.126266666667
23/12/2014 13:15:00,0.0327333333333
23/12/2014 13:30:00,0.1028
23/12/2014 13:45:00,0.1256
23/12/2014 14:00:00,0.0098
23/12/2014 14:15:00,0.1256
23/12/2014 14:30:00,0.136133333333
23/12/2014 14:45:00,0.131933333333
23/12/2014 15:00:00,0.0125333333333
23/12/2014 15:15:00,0.138666666667
23/12/2014 15:30:00,0.142
23/12/2014 15:45:00,0.1206
23/12/2014 16:00:00,0.133733333333
23/12/2014 16:15:00,0.210933333333
23/12/2014 16:30:00,0.00926666666667
23/12/2014 16:45:00,0.121666666667
23/12/2014 17:00:00,0.009
23/12/2014 17:15:00,0.009
23/12/2014 17:30:00,0.009
23/12/2014 17:45:00,0.009
23/12/2014 18:00:00,0.009
23/12/2014 18:15:00,0.009
23/12/2014 18:30:00,0.009
23/12/2014 18:45:00,0.009
23/12/2014 19:00:00,0.00973333333333
23/12/2014 19:15:00,0.01
23/12/2014 19:30:00,0.01
23/12/2014 19:45:00,0.127133333333
23/12/2014 20:00:00,0.0353333333333
23/12/2014 20:15:00,0.103
23/12/2014 20:30:00,0.139466666667
23/12/2014 20:45:00,0.01
23/12/2014 21:00:00,0.126733333333
23/12/2014 21:15:00,0.133266666667
23/12/2014 21:30:00,0.0327333333333
23/12/2014 21:45:00,0.114333333333
23/12/2014 22:00:00,0.011
23/12/2014 22:15:00,0.011
23/12/2014 22:30:00,0.0106
23/12/2014 22:45:00,0.01
23/12/2014 23:00:00,0.01
23/12/2014 23:15:00,0.01
23/12/2014 23:30:00,0.01
23/12/2014 23:45:00,0.01
24/12/2014 00:00:00,0.01
24/12/2014 00:15:00,0.01
24/12/2014 00:30:00,0.01
24/12/2014 00:45:00,0.01
24/12/2014 01:00:00,0.01
24/12/2014 01:15:00,0.01
24/12/2014 01:30:00,0.01
24/12/2014 01:45:00,0.01
24/12/2014 02:00:00,0.01
24/12/2014 02:15:00,0.01
24/12/2014 02:30:00,0.01
24/12/2014 02:45:00,0.01
24/12/2014 03:00:00,0.01
24/12/2014 03:15:00,0.01
24/12/2014 03:30:00,0.01
24/12/2014 03:45:00,0.01
24/12/2014 04:00:00,0.01
24/12/2014 04:15:00,0.01
24/12/2014 04:30:00,0.1296
24/12/2014 04:45:00,0.131133333333
24/12/2014 05:00:00,0.0668
24/12/2014 05:15:00,0.1108
24/12/2014 05:30:00,0.147666666667
24/12/2014 05:45:00,0.266466666667
24/12/2014 06:00:00,0.645
24/12/2014 06:15:00,0.343933333333
24/12/2014 06:30:00,0.173266666667
24/12/2014 06:45:00,0.348533333333
24/12/2014 07:00:00,0.606
24/12/2014 07:15:00,0.203133333333
24/12/2014 07:30:00,0.207533333333
24/12/2014 07:45:00,0.1948
24/12/2014 08:00:00,0.182066666667
24/12/2014 08:15:00,0.1922
24/12/2014 08:30:00,0.2836
24/12/2014 08:45:00,0.346
24/12/2014 09:00:00,0.273533333333
24/12/2014 09:15:00,0.149066666667
24/12/2014 09:30:00,0.145733333333
24/12/2014 09:45:00,0.1554
24/12/2014 10:00:00,0.156333333333
24/12/2014 10:15:00,0.152733333333
24/12/2014 10:30:00,0.152866666667
24/12/2014 10:45:00,0.149733333333
24/12/2014 11:00:00,0.146466666667
24/12/2014 11:15:00,0.147
24/12/2014 11:30:00,0.1428
24/12/2014 11:45:00,0.1434
24/12/2014 12:00:00,0.119933333333
24/12/2014 12:15:00,0.0196
24/12/2014 12:30:00,0.140933333333
24/12/2014 12:45:00,0.133733333333
24/12/2014 13:00:00,0.0896666666667
24/12/2014 13:15:00,0.0490666666667
24/12/2014 13:30:00,0.129866666667
24/12/2014 13:45:00,0.131133333333
24/12/2014 14:00:00,0.130466666667
24/12/2014 14:15:00,0.1062
24/12/2014 14:30:00,0.0349333333333
24/12/2014 14:45:00,0.127666666667
24/12/2014 15:00:00,0.00946666666667
24/12/2014 15:15:00,0.0108
24/12/2014 15:30:00,0.1374
24/12/2014 15:45:00,0.01
24/12/2014 16:00:00,0.00946666666667
24/12/2014 16:15:00,0.009
24/12/2014 16:30:00,0.009
24/12/2014 16:45:00,0.009
24/12/2014 17:00:00,0.009
24/12/2014 17:15:00,0.00926666666667
24/12/2014 17:30:00,0.00906666666667
24/12/2014 17:45:00,0.009
24/12/2014 18:00:00,0.009
24/12/2014 18:15:00,0.009
24/12/2014 18:30:00,0.009
24/12/2014 18:45:00,0.009
24/12/2014 19:00:00,0.0092
24/12/2014 19:15:00,0.0092
24/12/2014 19:30:00,0.0092
24/12/2014 19:45:00,0.009
24/12/2014 20:00:00,0.009
24/12/2014 20:15:00,0.00993333333333
24/12/2014 20:30:00,0.01
24/12/2014 20:45:00,0.01
24/12/2014 21:00:00,0.01
24/12/2014 21:15:00,0.01
24/12/2014 21:30:00,0.0100666666667
24/12/2014 21:45:00,0.01
24/12/2014 22:00:00,0.0104
24/12/2014 22:15:00,0.01
24/12/2014 22:30:00,0.01
24/12/2014 22:45:00,0.01
24/12/2014 23:00:00,0.01
24/12/2014 23:15:00,0.01
24/12/2014 23:30:00,0.01
24/12/2014 23:45:00,0.01
25/12/2014 00:00:00,0.01
25/12/2014 00:15:00,0.01
25/12/2014 00:30:00,0.01
25/12/2014 00:45:00,0.01
25/12/2014 01:00:00,0.133533333333
25/12/2014 01:15:00,0.01
25/12/2014 01:30:00,0.125533333333
25/12/2014 01:45:00,0.1354
25/12/2014 02:00:00,0.01
25/12/2014 02:15:00,0.135
25/12/2014 02:30:00,0.1346
25/12/2014 02:45:00,0.134866666667
25/12/2014 03:00:00,0.137933333333
25/12/2014 03:15:00,0.137866666667
25/12/2014 03:30:00,0.144266666667
25/12/2014 03:45:00,0.147866666667
25/12/2014 04:00:00,0.151
25/12/2014 04:15:00,0.154066666667
25/12/2014 04:30:00,0.1552
25/12/2014 04:45:00,0.157733333333
25/12/2014 05:00:00,0.161
25/12/2014 05:15:00,0.167666666667
25/12/2014 05:30:00,0.167466666667
25/12/2014 05:45:00,0.520066666667
25/12/2014 06:00:00,0.644866666667
25/12/2014 06:15:00,0.385266666667
25/12/2014 06:30:00,0.386466666667
25/12/2014 06:45:00,0.307066666667
25/12/2014 07:00:00,0.3106
25/12/2014 07:15:00,0.411533333333
25/12/2014 07:30:00,0.382133333333
25/12/2014 07:45:00,0.2692
25/12/2014 08:00:00,0.106933333333
25/12/2014 08:15:00,0.171133333333
25/12/2014 08:30:00,0.009
25/12/2014 08:45:00,0.130466666667
25/12/2014 09:00:00,0.0116666666667
25/12/2014 09:15:00,0.127933333333
25/12/2014 09:30:00,0.137266666667
25/12/2014 09:45:00,0.141
25/12/2014 10:00:00,0.140066666667
25/12/2014 10:15:00,0.151333333333
25/12/2014 10:30:00,0.141333333333
25/12/2014 10:45:00,0.457266666667
25/12/2014 11:00:00,0.163266666667
25/12/2014 11:15:00,0.1672
25/12/2014 11:30:00,0.163
25/12/2014 11:45:00,0.174
25/12/2014 12:00:00,0.174066666667
25/12/2014 12:15:00,0.1574
25/12/2014 12:30:00,0.140866666667
25/12/2014 12:45:00,0.141266666667
25/12/2014 13:00:00,0.1362
25/12/2014 13:15:00,0.137466666667
25/12/2014 13:30:00,0.1338
25/12/2014 13:45:00,0.124066666667
25/12/2014 14:00:00,0.01
25/12/2014 14:15:00,0.123533333333
25/12/2014 14:30:00,0.009
25/12/2014 14:45:00,0.00946666666667
25/12/2014 15:00:00,0.0098
25/12/2014 15:15:00,0.01
25/12/2014 15:30:00,0.0096
25/12/2014 15:45:00,0.00966666666667
25/12/2014 16:00:00,0.009
25/12/2014 16:15:00,0.009
25/12/2014 16:30:00,0.009
25/12/2014 16:45:00,0.009
25/12/2014 17:00:00,0.009
25/12/2014 17:15:00,0.009
25/12/2014 17:30:00,0.009
25/12/2014 17:45:00,0.009
25/12/2014 18:00:00,0.009
25/12/2014 18:15:00,0.009
25/12/2014 18:30:00,0.009
25/12/2014 18:45:00,0.009
25/12/2014 19:00:00,0.009
25/12/2014 19:15:00,0.009
25/12/2014 19:30:00,0.127266666667
25/12/2014 19:45:00,0.009
25/12/2014 20:00:00,0.123
25/12/2014 20:15:00,0.009
25/12/2014 20:30:00,0.122866666667
25/12/2014 20:45:00,0.009
25/12/2014 21:00:00,0.123466666667
25/12/2014 21:15:00,0.0745333333333
25/12/2014 21:30:00,0.151666666667
25/12/2014 21:45:00,0.218466666667
25/12/2014 22:00:00,0.0096
25/12/2014 22:15:00,0.1188
25/12/2014 22:30:00,0.009
25/12/2014 22:45:00,0.00966666666667
25/12/2014 23:00:00,0.009
25/12/2014 23:15:00,0.133466666667
25/12/2014 23:30:00,0.009
25/12/2014 23:45:00,0.1332
26/12/2014 00:00:00,0.009
26/12/2014 00:15:00,0.0152
26/12/2014 00:30:00,0.130933333333
26/12/2014 00:45:00,0.0447333333333
26/12/2014 01:00:00,0.0916666666667
26/12/2014 01:15:00,0.098
26/12/2014 01:30:00,0.0414666666667
26/12/2014 01:45:00,0.129866666667
26/12/2014 02:00:00,0.009
26/12/2014 02:15:00,0.136466666667
26/12/2014 02:30:00,0.009
26/12/2014 02:45:00,0.125733333333
26/12/2014 03:00:00,0.126133333333
26/12/2014 03:15:00,0.009
26/12/2014 03:30:00,0.136266666667
26/12/2014 03:45:00,0.125666666667
26/12/2014 04:00:00,0.0228666666667
26/12/2014 04:15:00,0.1292
26/12/2014 04:30:00,0.1392
26/12/2014 04:45:00,0.009
26/12/2014 05:00:00,0.1322
26/12/2014 05:15:00,0.128666666667
26/12/2014 05:30:00,0.228733333333
26/12/2014 05:45:00,0.171333333333
26/12/2014 06:00:00,0.1678
26/12/2014 06:15:00,0.338666666667
26/12/2014 06:30:00,0.2206
26/12/2014 06:45:00,0.140666666667
26/12/2014 07:00:00,0.147666666667
26/12/2014 07:15:00,0.069
26/12/2014 07:30:00,0.065
26/12/2014 07:45:00,0.125266666667
26/12/2014 08:00:00,0.009
26/12/2014 08:15:00,0.009
26/12/2014 08:30:00,0.009
26/12/2014 08:45:00,0.00906666666667
26/12/2014 09:00:00,0.119266666667
26/12/2014 09:15:00,0.009
26/12/2014 09:30:00,0.122533333333
26/12/2014 09:45:00,0.009
26/12/2014 10:00:00,0.1224
26/12/2014 10:15:00,0.00866666666667
26/12/2014 10:30:00,0.119066666667
26/12/2014 10:45:00,0.009
26/12/2014 11:00:00,0.104866666667
26/12/2014 11:15:00,0.0261333333333
26/12/2014 11:30:00,0.009
26/12/2014 11:45:00,0.00906666666667
26/12/2014 12:00:00,0.009
26/12/2014 12:15:00,0.009
26/12/2014 12:30:00,0.00973333333333
26/12/2014 12:45:00,0.01
26/12/2014 13:00:00,0.01
26/12/2014 13:15:00,0.00966666666667
26/12/2014 13:30:00,0.0096
26/12/2014 13:45:00,0.00913333333333
26/12/2014 14:00:00,0.01
26/12/2014 14:15:00,0.00986666666667
26/12/2014 14:30:00,0.00953333333333
26/12/2014 14:45:00,0.0092
26/12/2014 15:00:00,0.00906666666667
26/12/2014 15:15:00,0.009
26/12/2014 15:30:00,0.009
26/12/2014 15:45:00,0.009
26/12/2014 16:00:00,0.009
26/12/2014 16:15:00,0.009
26/12/2014 16:30:00,0.009
26/12/2014 16:45:00,0.009
26/12/2014 17:00:00,0.009
26/12/2014 17:15:00,0.009
26/12/2014 17:30:00,0.009
26/12/2014 17:45:00,0.009
26/12/2014 18:00:00,0.009
26/12/2014 18:15:00,0.009
26/12/2014 18:30:00,0.009
26/12/2014 18:45:00,0.00926666666667
26/12/2014 19:00:00,0.01
26/12/2014 19:15:00,0.01
26/12/2014 19:30:00,0.01
26/12/2014 19:45:00,0.00973333333333
26/12/2014 20:00:00,0.00953333333333
26/12/2014 20:15:00,0.00966666666667
26/12/2014 20:30:00,0.01
26/12/2014 20:45:00,0.01
26/12/2014 21:00:00,0.01
26/12/2014 21:15:00,0.01
26/12/2014 21:30:00,0.0094
26/12/2014 21:45:00,0.009
26/12/2014 22:00:00,0.00966666666667
26/12/2014 22:15:00,0.009
26/12/2014 22:30:00,0.00966666666667
26/12/2014 22:45:00,0.01
26/12/2014 23:00:00,0.00993333333333
26/12/2014 23:15:00,0.01
26/12/2014 23:30:00,0.01
26/12/2014 23:45:00,0.01
27/12/2014 00:00:00,0.01
27/12/2014 00:15:00,0.01
27/12/2014 00:30:00,0.01
27/12/2014 00:45:00,0.01
27/12/2014 01:00:00,0.01
27/12/2014 01:15:00,0.01
27/12/2014 01:30:00,0.01
27/12/2014 01:45:00,0.01
27/12/2014 02:00:00,0.01
27/12/2014 02:15:00,0.01
27/12/2014 02:30:00,0.01
27/12/2014 02:45:00,0.01
27/12/2014 03:00:00,0.01
27/12/2014 03:15:00,0.01
27/12/2014 03:30:00,0.01
27/12/2014 03:45:00,0.01
27/12/2014 04:00:00,0.01
27/12/2014 04:15:00,0.01
27/12/2014 04:30:00,0.01
27/12/2014 04:45:00,0.01
27/12/2014 05:00:00,0.01
27/12/2014 05:15:00,0.01
27/12/2014 05:30:00,0.01
27/12/2014 05:45:00,0.01
27/12/2014 06:00:00,0.01
27/12/2014 06:15:00,0.01
27/12/2014 06:30:00,0.01
27/12/2014 06:45:00,0.01
27/12/2014 07:00:00,0.00993333333333
27/12/2014 07:15:00,0.01
27/12/2014 07:30:00,0.01
27/12/2014 07:45:00,0.01
27/12/2014 08:00:00,0.009
27/12/2014 08:15:00,0.009
27/12/2014 08:30:00,0.009
27/12/2014 08:45:00,0.009
27/12/2014 09:00:00,0.009
27/12/2014 09:15:00,0.009
27/12/2014 09:30:00,0.00926666666667
27/12/2014 09:45:00,0.009
27/12/2014 10:00:00,0.009
27/12/2014 10:15:00,0.009
27/12/2014 10:30:00,0.009
27/12/2014 10:45:00,0.009
27/12/2014 11:00:00,0.009
27/12/2014 11:15:00,0.009
27/12/2014 11:30:00,0.009
27/12/2014 11:45:00,0.009
27/12/2014 12:00:00,0.00986666666667
27/12/2014 12:15:00,0.145733333333
27/12/2014 12:30:00,0.141733333333
27/12/2014 12:45:00,0.137733333333
27/12/2014 13:00:00,0.137733333333
27/12/2014 13:15:00,0.137466666667
27/12/2014 13:30:00,0.0928666666667
27/12/2014 13:45:00,0.057
27/12/2014 14:00:00,0.1336
27/12/2014 14:15:00,0.136666666667
27/12/2014 14:30:00,0.136933333333
27/12/2014 14:45:00,0.136666666667
27/12/2014 15:00:00,0.136866666667
27/12/2014 15:15:00,0.130466666667
27/12/2014 15:30:00,0.0461333333333
27/12/2014 15:45:00,0.105866666667
27/12/2014 16:00:00,0.137066666667
27/12/2014 16:15:00,0.137
27/12/2014 16:30:00,0.136933333333
27/12/2014 16:45:00,0.137
27/12/2014 17:00:00,0.009
27/12/2014 17:15:00,0.009
27/12/2014 17:30:00,0.009
27/12/2014 17:45:00,0.009
27/12/2014 18:00:00,0.009
27/12/2014 18:15:00,0.009
27/12/2014 18:30:00,0.0294666666667
27/12/2014 18:45:00,0.2274
27/12/2014 19:00:00,0.230133333333
27/12/2014 19:15:00,0.175733333333
27/12/2014 19:30:00,0.193066666667
27/12/2014 19:45:00,0.226933333333
27/12/2014 20:00:00,0.2298
27/12/2014 20:15:00,0.247133333333
27/12/2014 20:30:00,0.176933333333
27/12/2014 20:45:00,0.1664
27/12/2014 21:00:00,0.167133333333
27/12/2014 21:15:00,0.01
27/12/2014 21:30:00,0.0624666666667
27/12/2014 21:45:00,0.212266666667
27/12/2014 22:00:00,0.0705333333333
27/12/2014 22:15:00,0.01
27/12/2014 22:30:00,0.01
27/12/2014 22:45:00,0.01
27/12/2014 23:00:00,0.01
27/12/2014 23:15:00,0.01
27/12/2014 23:30:00,0.01
27/12/2014 23:45:00,0.01
28/12/2014 00:00:00,0.01
28/12/2014 00:15:00,0.01
28/12/2014 00:30:00,0.01
28/12/2014 00:45:00,0.01
28/12/2014 01:00:00,0.148066666667
28/12/2014 01:15:00,0.140066666667
28/12/2014 01:30:00,0.1466
28/12/2014 01:45:00,0.0511333333333
28/12/2014 02:00:00,0.108866666667
28/12/2014 02:15:00,0.142733333333
28/12/2014 02:30:00,0.153
28/12/2014 02:45:00,0.153133333333
28/12/2014 03:00:00,0.153133333333
28/12/2014 03:15:00,0.1566
28/12/2014 03:30:00,0.1564
28/12/2014 03:45:00,0.156466666667
28/12/2014 04:00:00,0.159333333333
28/12/2014 04:15:00,0.186333333333
28/12/2014 04:30:00,0.187466666667
28/12/2014 04:45:00,0.207533333333
28/12/2014 05:00:00,0.212266666667
28/12/2014 05:15:00,0.207333333333
28/12/2014 05:30:00,0.2042
28/12/2014 05:45:00,0.3274
28/12/2014 06:00:00,0.665133333333
28/12/2014 06:15:00,0.349133333333
28/12/2014 06:30:00,0.3016
28/12/2014 06:45:00,0.524866666667
28/12/2014 07:00:00,0.4458
28/12/2014 07:15:00,0.329733333333
28/12/2014 07:30:00,0.441066666667
28/12/2014 07:45:00,0.4396
28/12/2014 08:00:00,0.471666666667
28/12/2014 08:15:00,0.2592
28/12/2014 08:30:00,0.2064
28/12/2014 08:45:00,0.211
28/12/2014 09:00:00,0.185
28/12/2014 09:15:00,0.3164
28/12/2014 09:30:00,0.3634
28/12/2014 09:45:00,0.1858
28/12/2014 10:00:00,0.153933333333
28/12/2014 10:15:00,0.147533333333
28/12/2014 10:30:00,0.270133333333
28/12/2014 10:45:00,0.263266666667
28/12/2014 11:00:00,0.255333333333
28/12/2014 11:15:00,0.229066666667
28/12/2014 11:30:00,0.226333333333
28/12/2014 11:45:00,0.223
28/12/2014 12:00:00,0.220133333333
28/12/2014 12:15:00,0.0688666666667
28/12/2014 12:30:00,0.2434
28/12/2014 12:45:00,0.157466666667
28/12/2014 13:00:00,0.252
28/12/2014 13:15:00,0.268466666667
28/12/2014 13:30:00,0.255
28/12/2014 13:45:00,0.234933333333
28/12/2014 14:00:00,0.234733333333
28/12/2014 14:15:00,0.234866666667
28/12/2014 14:30:00,0.2382
28/12/2014 14:45:00,0.225533333333
28/12/2014 15:00:00,0.200866666667
28/12/2014 15:15:00,0.230133333333
28/12/2014 15:30:00,0.2264
28/12/2014 15:45:00,0.133733333333
28/12/2014 16:00:00,0.206866666667
28/12/2014 16:15:00,0.0284
28/12/2014 16:30:00,0.207666666667
28/12/2014 16:45:00,0.0094
28/12/2014 17:00:00,0.00926666666667
28/12/2014 17:15:00,0.009
28/12/2014 17:30:00,0.009
28/12/2014 17:45:00,0.009
28/12/2014 18:00:00,0.009
28/12/2014 18:15:00,0.106666666667
28/12/2014 18:30:00,0.0401333333333
28/12/2014 18:45:00,0.1432
28/12/2014 19:00:00,0.1328
28/12/2014 19:15:00,0.1364
28/12/2014 19:30:00,0.1398
28/12/2014 19:45:00,0.146733333333
28/12/2014 20:00:00,0.150133333333
28/12/2014 20:15:00,0.152933333333
28/12/2014 20:30:00,0.1536
28/12/2014 20:45:00,0.01
28/12/2014 21:00:00,0.0100666666667
28/12/2014 21:15:00,0.156466666667
28/12/2014 21:30:00,0.1558
28/12/2014 21:45:00,0.166266666667
28/12/2014 22:00:00,0.105866666667
28/12/2014 22:15:00,0.0108666666667
28/12/2014 22:30:00,0.01
28/12/2014 22:45:00,0.01
28/12/2014 23:00:00,0.01
28/12/2014 23:15:00,0.01
28/12/2014 23:30:00,0.1544
28/12/2014 23:45:00,0.149866666667
29/12/2014 00:00:00,0.143066666667
29/12/2014 00:15:00,0.149733333333
29/12/2014 00:30:00,0.1562
29/12/2014 00:45:00,0.159533333333
29/12/2014 01:00:00,0.159666666667
29/12/2014 01:15:00,0.158933333333
29/12/2014 01:30:00,0.162666666667
29/12/2014 01:45:00,0.166
29/12/2014 02:00:00,0.169266666667
29/12/2014 02:15:00,0.169466666667
29/12/2014 02:30:00,0.172733333333
29/12/2014 02:45:00,0.175733333333
29/12/2014 03:00:00,0.185333333333
29/12/2014 03:15:00,0.244333333333
29/12/2014 03:30:00,0.229466666667
29/12/2014 03:45:00,0.2316
29/12/2014 04:00:00,0.2198
29/12/2014 04:15:00,0.2146
29/12/2014 04:30:00,0.2096
29/12/2014 04:45:00,0.210866666667
29/12/2014 05:00:00,0.211333333333
29/12/2014 05:15:00,0.220666666667
29/12/2014 05:30:00,0.3202
29/12/2014 05:45:00,0.416666666667
29/12/2014 06:00:00,0.664066666667
29/12/2014 06:15:00,0.594533333333
29/12/2014 06:30:00,0.5026
29/12/2014 06:45:00,0.4826
29/12/2014 07:00:00,0.338533333333
29/12/2014 07:15:00,0.317466666667
29/12/2014 07:30:00,0.3066
29/12/2014 07:45:00,0.302533333333
29/12/2014 08:00:00,0.306133333333
29/12/2014 08:15:00,0.395066666667
29/12/2014 08:30:00,0.381466666667
29/12/2014 08:45:00,0.249
29/12/2014 09:00:00,0.1556
29/12/2014 09:15:00,0.1752
29/12/2014 09:30:00,0.221533333333
29/12/2014 09:45:00,0.1966
29/12/2014 10:00:00,0.151866666667
29/12/2014 10:15:00,0.1548
29/12/2014 10:30:00,0.1636
29/12/2014 10:45:00,0.1538
29/12/2014 11:00:00,0.123733333333
29/12/2014 11:15:00,0.0949333333333
29/12/2014 11:30:00,0.095
29/12/2014 11:45:00,0.242933333333
29/12/2014 12:00:00,0.2264
29/12/2014 12:15:00,0.129
29/12/2014 12:30:00,0.0092
29/12/2014 12:45:00,0.126333333333
29/12/2014 13:00:00,0.0738
29/12/2014 13:15:00,0.0664
29/12/2014 13:30:00,0.00906666666667
29/12/2014 13:45:00,0.132733333333
29/12/2014 14:00:00,0.132533333333
29/12/2014 14:15:00,0.1364
29/12/2014 14:30:00,0.1128
29/12/2014 14:45:00,0.0259333333333
29/12/2014 15:00:00,0.0096
29/12/2014 15:15:00,0.009
29/12/2014 15:30:00,0.00946666666667
29/12/2014 15:45:00,0.122533333333
29/12/2014 16:00:00,0.00933333333333
29/12/2014 16:15:00,0.0094
29/12/2014 16:30:00,0.152533333333
29/12/2014 16:45:00,0.141533333333
29/12/2014 17:00:00,0.1314
29/12/2014 17:15:00,0.131266666667
29/12/2014 17:30:00,0.131
29/12/2014 17:45:00,0.0842
29/12/2014 18:00:00,0.0621333333333
29/12/2014 18:15:00,0.124533333333
29/12/2014 18:30:00,0.130933333333
29/12/2014 18:45:00,0.131133333333
29/12/2014 19:00:00,0.1282
29/12/2014 19:15:00,0.0104666666667
29/12/2014 19:30:00,0.126733333333
29/12/2014 19:45:00,0.1284
29/12/2014 20:00:00,0.1284
29/12/2014 20:15:00,0.0104
29/12/2014 20:30:00,0.128533333333
29/12/2014 20:45:00,0.128866666667
29/12/2014 21:00:00,0.0098
29/12/2014 21:15:00,0.01
29/12/2014 21:30:00,0.01
29/12/2014 21:45:00,0.01
29/12/2014 22:00:00,0.01
29/12/2014 22:15:00,0.01
29/12/2014 22:30:00,0.01
29/12/2014 22:45:00,0.01
29/12/2014 23:00:00,0.01
29/12/2014 23:15:00,0.01
29/12/2014 23:30:00,0.01
29/12/2014 23:45:00,0.01
30/12/2014 00:00:00,0.01
30/12/2014 00:15:00,0.01
30/12/2014 00:30:00,0.01
30/12/2014 00:45:00,0.01
30/12/2014 01:00:00,0.01
30/12/2014 01:15:00,0.01
30/12/2014 01:30:00,0.01
30/12/2014 01:45:00,0.01
30/12/2014 02:00:00,0.01
30/12/2014 02:15:00,0.01
30/12/2014 02:30:00,0.01
30/12/2014 02:45:00,0.01
30/12/2014 03:00:00,0.01
30/12/2014 03:15:00,0.01
30/12/2014 03:30:00,0.01
30/12/2014 03:45:00,0.01
30/12/2014 04:00:00,0.130866666667
30/12/2014 04:15:00,0.1326
30/12/2014 04:30:00,0.135933333333
30/12/2014 04:45:00,0.0909333333333
30/12/2014 05:00:00,0.0580666666667
30/12/2014 05:15:00,0.142133333333
30/12/2014 05:30:00,0.145333333333
30/12/2014 05:45:00,0.422866666667
30/12/2014 06:00:00,0.429266666667
30/12/2014 06:15:00,0.4282
30/12/2014 06:30:00,0.2266
30/12/2014 06:45:00,0.2568
30/12/2014 07:00:00,0.253133333333
30/12/2014 07:15:00,0.2496
30/12/2014 07:30:00,0.288666666667
30/12/2014 07:45:00,0.351733333333
30/12/2014 08:00:00,0.262266666667
30/12/2014 08:15:00,0.148933333333
30/12/2014 08:30:00,0.152933333333
30/12/2014 08:45:00,0.1562
30/12/2014 09:00:00,0.153066666667
30/12/2014 09:15:00,0.156333333333
30/12/2014 09:30:00,0.1498
30/12/2014 09:45:00,0.236
30/12/2014 10:00:00,0.2268
30/12/2014 10:15:00,0.237866666667
30/12/2014 10:30:00,0.289533333333
30/12/2014 10:45:00,0.178266666667
30/12/2014 11:00:00,0.214733333333
30/12/2014 11:15:00,0.2276
30/12/2014 11:30:00,0.177733333333
30/12/2014 11:45:00,0.1726
30/12/2014 12:00:00,0.1762
30/12/2014 12:15:00,0.2848
30/12/2014 12:30:00,0.249333333333
30/12/2014 12:45:00,0.1748
30/12/2014 13:00:00,0.278866666667
30/12/2014 13:15:00,0.2154
30/12/2014 13:30:00,0.183666666667
30/12/2014 13:45:00,0.1726
30/12/2014 14:00:00,0.172466666667
30/12/2014 14:15:00,0.166266666667
30/12/2014 14:30:00,0.169866666667
30/12/2014 14:45:00,0.17
30/12/2014 15:00:00,0.255466666667
30/12/2014 15:15:00,0.243733333333
30/12/2014 15:30:00,0.2468
30/12/2014 15:45:00,0.149066666667
30/12/2014 16:00:00,0.182066666667
30/12/2014 16:15:00,0.173533333333
30/12/2014 16:30:00,0.187866666667
30/12/2014 16:45:00,0.1968
30/12/2014 17:00:00,0.1232
30/12/2014 17:15:00,0.0474
30/12/2014 17:30:00,0.1306
30/12/2014 17:45:00,0.1424
30/12/2014 18:00:00,0.143266666667
30/12/2014 18:15:00,0.136333333333
30/12/2014 18:30:00,0.1364
30/12/2014 18:45:00,0.136533333333
30/12/2014 19:00:00,0.1376
30/12/2014 19:15:00,0.147666666667
30/12/2014 19:30:00,0.266
30/12/2014 19:45:00,0.243866666667
30/12/2014 20:00:00,0.241333333333
30/12/2014 20:15:00,0.2552
30/12/2014 20:30:00,0.150666666667
30/12/2014 20:45:00,0.011
30/12/2014 21:00:00,0.168133333333
30/12/2014 21:15:00,0.181866666667
30/12/2014 21:30:00,0.191466666667
30/12/2014 21:45:00,0.1892
30/12/2014 22:00:00,0.011
30/12/2014 22:15:00,0.0102666666667
30/12/2014 22:30:00,0.01
30/12/2014 22:45:00,0.01
30/12/2014 23:00:00,0.01
30/12/2014 23:15:00,0.01
30/12/2014 23:30:00,0.01
30/12/2014 23:45:00,0.01
31/12/2014 00:00:00,0.01
31/12/2014 00:15:00,0.148533333333
31/12/2014 00:30:00,0.140533333333
31/12/2014 00:45:00,0.146666666667
31/12/2014 01:00:00,0.119533333333
31/12/2014 01:15:00,0.0454
31/12/2014 01:30:00,0.134533333333
31/12/2014 01:45:00,0.149666666667
31/12/2014 02:00:00,0.156533333333
31/12/2014 02:15:00,0.156133333333
31/12/2014 02:30:00,0.159733333333
31/12/2014 02:45:00,0.1564
31/12/2014 03:00:00,0.159733333333
31/12/2014 03:15:00,0.166933333333
31/12/2014 03:30:00,0.170733333333
31/12/2014 03:45:00,0.1696
31/12/2014 04:00:00,0.166333333333
31/12/2014 04:15:00,0.173133333333
31/12/2014 04:30:00,0.169533333333
31/12/2014 04:45:00,0.1798
31/12/2014 05:00:00,0.179666666667
31/12/2014 05:15:00,0.179133333333
31/12/2014 05:30:00,0.179066666667
31/12/2014 05:45:00,0.604
31/12/2014 06:00:00,0.5482
31/12/2014 06:15:00,0.277066666667
31/12/2014 06:30:00,0.4638
31/12/2014 06:45:00,0.4866
31/12/2014 07:00:00,0.447
31/12/2014 07:15:00,0.373933333333
31/12/2014 07:30:00,0.2786
31/12/2014 07:45:00,0.257066666667
31/12/2014 08:00:00,0.2304
31/12/2014 08:15:00,0.320733333333
31/12/2014 08:30:00,0.272066666667
31/12/2014 08:45:00,0.295866666667
31/12/2014 09:00:00,0.3094
31/12/2014 09:15:00,0.3142
31/12/2014 09:30:00,0.310866666667
31/12/2014 09:45:00,0.3102
31/12/2014 10:00:00,0.309933333333
31/12/2014 10:15:00,0.311933333333
31/12/2014 10:30:00,0.298266666667
31/12/2014 10:45:00,0.284066666667
31/12/2014 11:00:00,0.1496
31/12/2014 11:15:00,0.368866666667
31/12/2014 11:30:00,0.230066666667
31/12/2014 11:45:00,0.281066666667
31/12/2014 12:00:00,0.254333333333
31/12/2014 12:15:00,0.271466666667
31/12/2014 12:30:00,0.2832
31/12/2014 12:45:00,0.198066666667
31/12/2014 13:00:00,0.198133333333
31/12/2014 13:15:00,0.235333333333
31/12/2014 13:30:00,0.364533333333
31/12/2014 13:45:00,0.331066666667
31/12/2014 14:00:00,0.234733333333
31/12/2014 14:15:00,0.2044
31/12/2014 14:30:00,0.198666666667
31/12/2014 14:45:00,0.191133333333
31/12/2014 15:00:00,0.187466666667
31/12/2014 15:15:00,0.272066666667
31/12/2014 15:30:00,0.274133333333
31/12/2014 15:45:00,0.293266666667
31/12/2014 16:00:00,0.295333333333
31/12/2014 16:15:00,0.2754
31/12/2014 16:30:00,0.1898
31/12/2014 16:45:00,0.196933333333
31/12/2014 17:00:00,0.170133333333
31/12/2014 17:15:00,0.190066666667
31/12/2014 17:30:00,0.281866666667
31/12/2014 17:45:00,0.281733333333
31/12/2014 18:00:00,0.2408
31/12/2014 18:15:00,0.2026
31/12/2014 18:30:00,0.178333333333
31/12/2014 18:45:00,0.163133333333
31/12/2014 19:00:00,0.168533333333
31/12/2014 19:15:00,0.2756
31/12/2014 19:30:00,0.2028
31/12/2014 19:45:00,0.166933333333
31/12/2014 20:00:00,0.168733333333
31/12/2014 20:15:00,0.268866666667
31/12/2014 20:30:00,0.296466666667
31/12/2014 20:45:00,0.2542
31/12/2014 21:00:00,0.2486
31/12/2014 21:15:00,0.3192
31/12/2014 21:30:00,0.1014
31/12/2014 21:45:00,0.011
31/12/2014 22:00:00,0.0123333333333
31/12/2014 22:15:00,0.01
31/12/2014 22:30:00,0.01
31/12/2014 22:45:00,0.01
31/12/2014 23:00:00,0.01
31/12/2014 23:15:00,0.01
31/12/2014 23:30:00,0.01
31/12/2014 23:45:00,0.01
01/01/2015 00:00:00,0.01
